Produit_Commercial,Société,Fabricant
ALLIANCE TOP SC,AGRI PLUS,JIANGYIN SULI CHEMICALCO
ALLIANCE TOP SC,AGRI PLUS,NANJING AGROCHEMICAL
LITTOVIR,AGRICULTURE,ANDERMATT BIOCONTROL AG
LITTOVIR,AGRICULTURE,BAYER CROPSCIENCE
LITTOVIR,AGRICULTURE,CORTEVA
LITTOVIR,AGRICULTURE ALOHA AGRICULTURE,ANDERMATT BIOCONTROL AG
10DC,AGRIMATCO,OAT AgrioCO.Ltd
AIRONE,AGRIMATCO,ISAGRO
AIRONE,AGRIMATCO,distribute par frarimpex GOWAN CROP
AIRONE,AGRIMATCO,AAKO BV
ALLEGRO,AGRIMATCO,BASF
ALLIAGE DF,AGRIMATCO,BASF
Amanora,AGRIMATCO,UPL
Aroxy 250SC,AGRIMATCO,UPL
BATO,AGRIMATCO,BASF
Benevia,AGRIMATCO,DU PONT
CAPITOL 80 WG,AGRIMATCO,SHARDA
Clip,AGRIMATCO,DU PONT INTERNATIONAL co rteva
DANIRANGER,AGRIMATCO,OAT AgrioCO.Ltd
DANIRANGER 10DC,AGRIMATCO,OAT AgrioCO.Ltd
FLORAMITE 240,AGRIMATCO,CHEMTURA
FLORAMITE 240 SC,AGRIMATCO,CHEMTURA
FLORAMITE 240 SC,AGRIMATCO,AR YSTA CHEMTURA AR YSTA
FOXTON 30 SC,AGRIMATCO,"LoatingYoloo Bio- Technology Co ,Ltd"
GRACIA 100 EC,AGRIMATCO,NISSAN CHEMICAL CORPORATION
GRACIA 100 EC,AGRIMATCO,GLOBACHEM
Glycel,AGRIMATCO,EXCEL CROP CARE
Glycel,AGRIMATCO,excelcrop care Sumitomo chemical
IMIGO 70 WG,AGRIMATCO,Inde
Imigo70 WG,AGRIMATCO,United Phosphorus Limited
M ETRON WG,AGRIMATCO,UNITED PHOSPHORUS
METRON WG,AGRIMATCO,UNITED PHOSPHORUS
OXYTANE,AGRIMATCO,SHARDA CROPCHEM
OXYTANE,AGRIMATCO,LIMITED INDE
Pantera 40,AGRIMATCO,CHEMTURA
REBOOT WG,AGRIMATCO,GOWAN CROP PROTECTION LIMITED
REVYSTAR EC,AGRIMATCO,BASF
STARKEL 20SG,AGRIMATCO,"Mitsui Chemicals Agro,Inc"
STARKLE 20SG,AGRIMATCO,"Mitsui Chemicals Agro,Inc"
Sulpex,AGRIMATCO,Agrostulln GmbH
Sulpex,AGRIMATCO,frarimpe x(D)
Sumipleo50EC,AGRIMATCO,SUMITOMO
SunOIL,AGRIMATCO,PETRONAS LUBRICANTS BELGIUM NV
SunOIL,AGRIMATCO,PETRONAS
TUBERON,AGRIMATCO,UPL
Vydate GR,AGRIMATCO,DUPONT
YAMATO 85 WG,AGRIMATCO,Kumai chemical industry
YAMATO 85 WG,AGRIMATCO,ustry
codacide EO,AGRIMATCO,Mirocide Ltd
palazzo,AGRIMATCO,BASF
AIRONE,AGRIMATCO AGRIPROTEC ATLAS AGRICOLE BIOPROTECTION COTUGRAIN,IQV DEL VALLES NUFARM MANICA Spa NUFARM NORDOX INDUSTRIER A(fabricant) S;COMMerci alquimecamasso(four)
Benfuron,AGRIMED,SHARDA
Benfuron,AGRIMED,ALBAUGH EUROPE SARL
CURATEX,AGRIMED,SHARDA CROPCHEM
G RAZY 70% WDG,AGRIMED,SHARDA CROPCHEM
GRAZY 70% WDG,AGRIMED,UPL
INDIGO WDG,AGRIMED,Sharda
KUISTAR,AGRIMED,SHARDA
Mitraze,AGRIMED,sharda cropchem limited
Mitraze,AGRIMED,SHARDA CROPCHEM
OXYCUIVRE 50,AGRIMED,Shyham chemical
PROXER,AGRIMED,SHARDA CROPCHEM
THIOPHANATE,AGRIMED,MEGHMANI INDUSTRIES
TRYBERON 75 WG,AGRIMED,Sharda Cropchem
VEGA EC,AGRIMED,Sharda cropchem
WINTER 41 EC,AGRIMED,SHARDA
shanon,AGRIMED,shardacropchem
KUISTAR,AGRIMED DISTRIBUTION,SHARDA
MACCANI,AGRIMED DISTRIBUTION,BASF
Mitraze,AGRIMED DISTRIBUTION,sharda cropchem limited
OXYCUIVRE 50,AGRIMED DISTRIBUTION,Shyham chemical FITOGAL
Radikal SC,AGRIMED DISTRIBUTION,SHARDA
THIOPHANATEM,AGRIMED DISTRIBUTION,MEGHMANI INDUSTRIES
VEGA EC,AGRIMED DISTRIBUTION,Sharda cropchem
WINTER 41 EC,AGRIMED DISTRIBUTION,SHARDA
08WDG,AGRINOVA,AGROW ALLIED
80WDG,AGRINOVA,AGROW ALLIED
CYPERNOVA,AGRINOVA,SHARDA WORLDWIDE
CYPERNOVA,AGRINOVA,SHARDA
CYPERNOVA,AGRINOVA,WORLDWIDE
CYPERNOVA,AGRINOVA,CROPSAVE PESTICIDES INDIAN PVT.LTD
FLOPY DUO,AGRINOVA,Sharda cropchem
INDOXAL XTRA W DG,AGRINOVA,AGROBEATS
INDOXAL XTRA W DG,AGRINOVA,TECH CHINE
INDOXAL XTRA WDG,AGRINOVA,AGROBEATS
INDOXAL XTRA WDG,AGRINOVA,TECH CHINE
KAPI-TOP 48 EC,AGRINOVA,SHARDA CROPCHEM
KAPI-TOP 48 EC,AGRINOVA,LIMITED INDE
MITADOR WG,AGRINOVA,Sharda Cropchem INDE
N OVAMET WP,AGRINOVA,AGROW ALLIED
NOV-UP,AGRINOVA,Sharda Cropchem Limited
NOV-UP,AGRINOVA,SHARDA CROPCHEM
NOV-UP,AGRINOVA,LIMITED INDE
NOVAMET WP,AGRINOVA,AGROW ALLIED
NOVAMET WP,AGRINOVA,AGROW
NOVAMET WP,AGRINOVA,ALLIED
PROMY,AGRINOVA,Sharda Cropchem
PROMY,AGRINOVA,SHARDA CROPCHEM LIMITED INDE
SHARMINA 720 SL,AGRINOVA,SHARDA
SHARMINA 720 SL,AGRINOVA,SHARDA CROPCHEM
SHARMINA 720 SL,AGRINOVA,LIMITED INDE
SULFINOVA,AGRINOVA,AGROW ALLIED
TEBUNOVA SC,AGRINOVA,SHARDA
TEBUNOVA SC,AGRINOVA,BAYER CROPSCIENCE
TEBUSHA 6 FS,AGRINOVA,Sharda World wide
TEBUSHA 6 FS,AGRINOVA,SHARDA CROPCHEM
TEBUSHA 6 FS,AGRINOVA,LIMITED INDE
BANNER EC,AGRIPLUS,HEBEI VEYONG BIO- CHEMICAL CO.LTD
BASASTAR SL,AGRIPLUS,"NANJING FENGSHAN CHEMICAL GROUP CO,LTD"
BASASTAR SL,AGRIPLUS,Dow Agrosciences
BASASTAR SL,AGRIPLUS,Dow Agrosciences COR TEVA
BOZAR,AGRIPLUS,"JIANGSU FENGSHAN GROUP CO,LTD"
BOZAR,AGRIPLUS,JIANGSU
BOZAR,AGRIPLUS,"FENGSHAN GROUP CO,LTD (FAB) NANJING FENGSHAN CHEMICAL(F)"
HERBASTAREC,AGRIPLUS,"JIANGSU FENGSHAN GROUP CO,LTD"
HERBASTAREC,AGRIPLUS,AAKO
MATADOR PLUS EC,AGRIPLUS,NINGBO SUNJOY AGROSCIENCE INDUSTRY
METROSTAR SC,AGRIPLUS,NINGBO SUNJOY AGROSCIENCE INDUSTRY Cropidea
RUBAH,AGRIPLUS,PARIJAT
RUBAH,AGRIPLUS,PARIJAT SYNGENTA
SYMBA EC,AGRIPLUS,"JIANGSU FENGSHAN GROUP CO,LTD"
TREZAK EC,AGRIPROTC,Dow agroscience
16SC,AGRIPROTEC,PROBLETE
A lial,AGRIPROTEC,PROPLAN
ACTELIC EC,AGRIPROTEC,SYNGENTA
AGRI-FLEX 185 SC,AGRIPROTEC,SYNGENTA
AGRIKAR EC,AGRIPROTEC,SIPCAM INAGRA
ALTACOR 35 WG,AGRIPROTEC,FMC
Actellic,AGRIPROTEC,SYNGENTA
Agral 90,AGRIPROTEC,Syngenta
Agriphanate,AGRIPROTEC,MEGHMANI INDUSTRIES
Alial,AGRIPROTEC,PROPLAN
Alial,AGRIPROTEC,ALBAUGH EUROPE SARL
Alial,AGRIPROTEC,INDUSTRIAS AFRAZA ALBAUGH EUROPE SARL
Amistar Top,AGRIPROTEC,SYNGENTA
Amistar Xtra,AGRIPROTEC,SYNGENTA
Ampligo 150 ZC,AGRIPROTEC,SYNGENTA
Applaud 25 SC,AGRIPROTEC,SIPCAM INAGRA
Atemi 10 WG,AGRIPROTEC,SYNGENTA CROP PROTECTION
Atemi 10 WG,AGRIPROTEC,GOWAN CROP PROTECTION LIMITED
B ravo SC,AGRIPROTEC,SYNGENTA
BANTER WG,AGRIPROTEC,UPL limited
BELTHIRUL,AGRIPROTEC,PROBLETE
BELTHIRUL 16SC,AGRIPROTEC,PROBLETE
BETASANA TRIO,AGRIPROTEC,UPL Limited
BION 50 WG,AGRIPROTEC,SYNGENTA
BLINDAR,AGRIPROTEC,ISAGRO SPA
BOLTON EC,AGRIPROTEC,CHEMINOVA
BOLTON EC,AGRIPROTEC,FMC
BUGUIS EC,AGRIPROTEC,PROPLAN
BUGUIS EC,AGRIPROTEC,TOPAGRO BIOSCIENCE SYNGENTA
BUTTRESS SC,AGRIPROTEC,NUFARM
Beltanol-L,AGRIPROTEC,PROBELTE
Beltanol-L,AGRIPROTEC,LIMITED INDE
Broadway,AGRIPROTEC,DOW AGROSCIENCE S
Broadway,AGRIPROTEC,CORTEVA
CARMINA MAX SC,AGRIPROTEC,NUFARM
CEREIAX,AGRIPROTEC,BASF
CERIAX,AGRIPROTEC,BASF
CETUS,AGRIPROTEC,FMC
CHALLENGER SC,AGRIPROTEC,BASF
CIDELY TOP 140 DC,AGRIPROTEC,SYNGENTA
CIDIAL,AGRIPROTEC,TAGROS CHEMICALS
COMET PLUS EC,AGRIPROTEC,BASF
COPSIP,AGRIPROTEC,SIPCAM INAGRA
CORUM SL,AGRIPROTEC,BASF
COSAVET-DF,AGRIPROTEC,Sulphur Mills Limited
COSSACK OD,AGRIPROTEC,BAYER CROPSCIENCE
CYTHRINE 10 EC,AGRIPROTEC,ARYSTA LIFESCIENCE
CYTHRINE 10 EC,AGRIPROTEC,IP L
Cabrio Duo,AGRIPROTEC,BASF
Captan 83 WP,AGRIPROTEC,LIMITED INDE
Cible,AGRIPROTEC,NUFARM
Clyde SG,AGRIPROTEC,ALBAUGH EUROPE SARL
Comac,AGRIPROTEC,NUFARM
Cymbush 10,AGRIPROTEC,PROBELTE
DESPERADO,AGRIPROTEC,Nufarm
DUETT ULTRA EC,AGRIPROTEC,BASF
Dicopur 720 SL,AGRIPROTEC,NUFARM
Dual gold 960 EC,AGRIPROTEC,SYNGENTA
Engeo 247,AGRIPROTEC,SYNGENTA
Everest70WG,AGRIPROTEC,ARYSTA LIFESCIENCE
FAMOXATE,AGRIPROTEC,DUPONT(Taiwan) AGRISCIENCE
FAMOXATE,AGRIPROTEC,CORTEV A
Folio Gold,AGRIPROTEC,SYNGENTA
Force,AGRIPROTEC,SYNGENTA
Fosbel extra,AGRIPROTEC,PROBELTE
Fusilade Max,AGRIPROTEC,SYNGENTA
GALLUP SUPER SL,AGRIPROTEC,Braclay chemicals
GIZMO SUPER FS,AGRIPROTEC,NUFARM
GLYFAST 450 SL,AGRIPROTEC,Braclay chemicals
GRANSTAR MAX,AGRIPROTEC,chenminova
GRANSTAR MAX WG,AGRIPROTEC,FMC chenminova FMC
GRANSTAR MAX WG,AGRIPROTEC,chenminova
GREEN STAR,AGRIPROTEC,BAYER CROPSCIENCE
HUSSAR EVOLUTION,AGRIPROTEC,BAYER CROPSCIENCE
Heat,AGRIPROTEC,BASF CORPORATION
Heat,AGRIPROTEC,SPICAM INAGRA SA
Imidan 50 A,AGRIPROTEC,GOWA&N
Imidan 50 A,AGRIPROTEC,Espagn e
Impact S,AGRIPROTEC,CHEMINOVA
Impact S,AGRIPROTEC,FMC
Impact SC,AGRIPROTEC,CHEMINOVA
Impact SC,AGRIPROTEC,FMC
Impact max SC,AGRIPROTEC,BASF SE
Impact max SC,AGRIPROTEC,Cheminova
Impact max SC,AGRIPROTEC,FMC
Isomexx,AGRIPROTEC,NUFARM
Jalisco,AGRIPROTEC,PROPLANT
Jalisco,AGRIPROTEC,QUME TICA AGRICULTURAL SOLUTIONS SPAIN SLU
Jalisco,AGRIPROTEC,QUME
K ocide 2000,AGRIPROTEC,MITSUI & Co Ltd
K ocide 2000,AGRIPROTEC,kocide LLC
K ocide 2000,AGRIPROTEC,cosaco LLC(japon)
KATANGA MAN,AGRIPROTEC,PROPLAN
KINVARAME,AGRIPROTEC,BRACLAY
KUSABI SC,AGRIPROTEC,ISK Biosciences Europe N.V UPL
Karaté 5 EC,AGRIPROTEC,SYNGENTA
Karaté10CSZeon,AGRIPROTEC,SYNGENTA
Kenja SC,AGRIPROTEC,ISK Biosciences Europe N.V(fabricant) upl(fou rnisseur)
Kenja SC,AGRIPROTEC,ISK Biosciences Europe N.V(fabricant)
Kenja SC,AGRIPROTEC,upl(fourniss eur)
Klerat,AGRIPROTEC,SYNGENTA
Klérat,AGRIPROTEC,SYNGENTA
Kocide 2000,AGRIPROTEC,MITSUI & Co Ltd
Kocide2000,AGRIPROTEC,MITSUI & Co Ltd kocide LLC cosaco LLC(japon)
LAMBDATROL,AGRIPROTEC,SIPCAM INAGRA
LUTIRAM WG,AGRIPROTEC,BASF
LUTIRAM WP,AGRIPROTEC,BASF
MASAI,AGRIPROTEC,BASF
MASAI,AGRIPROTEC,belchim
MASAI,AGRIPROTEC,Cer atisBelchimN.V
MASAI,AGRIPROTEC,orteva
MULIGAN,AGRIPROTEC,PROPLAN
MULIGAN,AGRIPROTEC,HANGZHOU TOPAGRO BIOSCIENCE
MULIGAN,AGRIPROTEC,QUME TICA AGRICULTURAL SOLUTIONS SPAIN SLU
Match 50 EC,AGRIPROTEC,SYNGENTA
Matecor,AGRIPROTEC,PROPLAN
Menara 410 EC,AGRIPROTEC,SYNGENTA
Milbeknock,AGRIPROTEC,"Mitsui Chemicals Agro,Inc"
Milbeknock,AGRIPROTEC,summit agro
Mystic Pro,AGRIPROTEC,NUFARM SAS
NANOK,AGRIPROTEC,FMC
NEXTER 10 SC,AGRIPROTEC,NISSAN CHEMICAL CORPORATION
NEXTER 10 SC,AGRIPROTEC,BASF
NUFOSATESL,AGRIPROTEC,NUFARM
Natramat 240SC,AGRIPROTEC,Jiangsu United Agrochemical
Natramat 240SC,AGRIPROTEC,nanj ing
Numectin,AGRIPROTEC,NUFARM
OPTIMO DUO EC,AGRIPROTEC,BASF
OSIRIS,AGRIPROTEC,BASF
Orvego,AGRIPROTEC,BASF
Otria Plus,AGRIPROTEC,PROBELTE INDUST. QUIMICAKEY IQV DEL VALLES ALCOTAN
PENNFLUID SC,AGRIPROTEC,UPL LIMITED
PERIMETER SL,AGRIPROTEC,GOWAN CROP PROTECTION LIMITED
POINTER GEO GR,AGRIPROTEC,SIPCAM INAGRA
PROPYZ,AGRIPROTEC,BARCLAY CHEMICALS Ltd
PROPYZ,AGRIPROTEC,SHARDA CROPCHEM LIMITED INDE
Pergado MZ 65 WG,AGRIPROTEC,SYNGENTA
Preza OD,AGRIPROTEC,DU PONT
Preza OD,AGRIPROTEC,FMC
Pristine WG,AGRIPROTEC,BASF
RAMPART FS,AGRIPROTEC,UPL LIMITED
RANMAN TOP SC,AGRIPROTEC,ISK Biosciences Europe N.V
REAL SUPER,AGRIPROTEC,BASF
REVYCARE EC,AGRIPROTEC,BASF
RIVAL 607 SL,AGRIPROTEC,AGRIA
ROCINANTE,AGRIPROTEC,PROPLAN PLANT PROTECTION COMPANY
ROCINANTE,AGRIPROTEC,PROPLAN
ROCINANTE,AGRIPROTEC,QUME TICA AGRICULTURAL SOLUTIONS SPAIN SLU
Radikal SC,AGRIPROTEC,SHARDA
Radikal SC,AGRIPROTEC,CHEMINOVA FMC
Regalis,AGRIPROTEC,BASF
Round Up Pro,AGRIPROTEC,Braclaychemicals
SABUESO,AGRIPROTEC,PROPLAN
SALIBRO 500 SC,AGRIPROTEC,CORTEVA
SERCADIS PLUS SC,AGRIPROTEC,BASF
SIP-OIL,AGRIPROTEC,SIPCAM INAGRA
SOREXA PELLETS,AGRIPROTEC,BASF
STALLION,AGRIPROTEC,FMC
SULFOSTAR DF,AGRIPROTEC,BASF
SUPER PLAZMA SC,AGRIPROTEC,NUFARM
Stabilan750,AGRIPROTEC,NUFARM
TEBUZOL 25 EW,AGRIPROTEC,UPL LIMITED
TEPPEKI WG,AGRIPROTEC,ISK Biosciences Europe N.V(fabricant) upl(fournis seur)
TEPPEKI WG,AGRIPROTEC,ISK Biosciences Europe N.V(fabricant)
TEPPEKI WG,AGRIPROTEC,upl( fournisseur)
TOSCANA,AGRIPROTEC,PROPLAN
TOSCANA,AGRIPROTEC,JSC(AVGUST)
TRONSFORM SC,AGRIPROTEC,orteva
TROY480SL,AGRIPROTEC,UPL LIMITED
Tachigaren,AGRIPROTEC,"Mitsui Chemicals Agro,Inc"
Tachigaren,AGRIPROTEC,summit agro
Thiolux jet,AGRIPROTEC,SUISSE
Thiovit,AGRIPROTEC,SUISSE
Triziman 80,AGRIPROTEC,MCA UPL Phosphorus ARYSTA LIFESCIENCE INDUST. QUIMICA KEY AGRIA SA AGRIA SA CEREXAGRI BV SIPCAM INAGRA SIPCAM INAGRA INDOFIL INDE DOW AGROSCIENCES COROMANDEL Ltd. United Phosphorus Ltd ZENITH CROPSCIENCES
VERSIMO 240 SC,AGRIPROTEC,BASF
VERSYS DC,AGRIPROTEC,BASF
VIVANDO,AGRIPROTEC,BASF
VIVANDO,AGRIPROTEC,SBM FORMULATION
Vincit F,AGRIPROTEC,CHEMINOVA
Vincit F,AGRIPROTEC,FMC
Virago,AGRIPROTEC,SIPCAM INAGRA
Vivando,AGRIPROTEC,BASF
Vivando,AGRIPROTEC,SBM FORMULATION
Vulcano,AGRIPROTEC,ARYSTA LIFESCIENCE
Vydate 10 L,AGRIPROTEC,DU PONT
Vydate 10 L,AGRIPROTEC,"Mitsui Chemicals Agro,Inc"
Vydate 10 L,AGRIPROTEC,SPEISA SA ESPAGNE
Vydate 10 L,AGRIPROTEC,DU PONT cortevaagris cience
Weedone,AGRIPROTEC,NUFARM
ceriazole SC,AGRIPROTEC,NUFARM
certrol DS EC,AGRIPROTEC,AHMARKS
certrol DS EC,AGRIPROTEC,NUFARM
certrolDSEC,AGRIPROTEC,AHMARKS NUFARM
certrolDSEC,AGRIPROTEC,AHMARKS
certrolDSEC,AGRIPROTEC,NUFARM
manoxyde WP,AGRIPROTEC,NUFARM
polymer WG,AGRIPROTEC,NUFARM S.A
rachetWP,AGRIPROTEC,Nufarm
stratos ultra EC,AGRIPROTEC,BASF
BLINDAR SC,AGRIPROTEC ALOHA STIMA ALOHA AGRICULTURE ATLAS AGRICOLE PROMOCHIMIE PROTAGRI AGROSYSTEMES F.053-22,"GOWAN Plant Health Products (phy) Sud d'afrique Andermatt PHP(Pty) Ltd ANDERMATT BIOCONTROL GROUP AG BiocontrolTechnologies,S. L Plant Health Products (phy) Sud d'afriquePlant Health Products (phy) BAYER CROPSCIENCE NANJING AGROCHEMICAL TAMINCO EASTMAN STEC"
polymer WG SC,AGRIPROTEC BIOPROTECTIO N,NUFARM S.A UPL
BUGUIS EC,AGRIPROTEC BIOPROTECTION,PROPLAN SYNGENTA
BUGUIS EC,AGRIPROTEC BIOPROTECTION,SYNGENTA
polymer WG SC,AGRIPROTEC BIOPROTECTION,NUFARM S.A UPL
Thiomil,AGRIPROTEC PROTAGRI,MEGHMANI INDUSTRIES
BION 50 WG,AGRIPROTEC SEPCM,SYNGENTA
Captan 83 WP Akotan 830 WP,AGRIPROTEC SEPCM,ARYSTA LIFESCIENCE AAKO
Vivando,AGRIPROTEC SEPCM SOCOOPEC SANABEL AGRO RAYEN PHYTAGRI SANABEL AGRO,SBM FORMULATION BASF SBM FORMULATION
Applaud 25 SC,AGRIPROTEC SHARDA CROPCHEM LIMITED TUNISIA,SIPCAM INAGRA SHARDA CROPCHEM LIMITED INDE
Tamifume,AGRO-SYSTEMES,TAMINCO
Tamifume,AGRO-SYSTEMES,eastman chmical europ sarl
DRASSEN,AGRONOMIC,jiangsukuaida
ROMECTIN EC,AGRONOMIC,"ROTAM CHEMISTRY CO.,Ltd"
SKYLLA WDG,AGRONOMIC,PROPLAN
SKYLLA WDG,AGRONOMIC,JSC(AVGUST)
SKYLLA WDG,AGRONOMIC,ROTAM
Sekator OD,AGRONOMIC,BAYER
ALDEM 3% GR,AGRONOMIC LAND,SHARDA
CAPITOL 80 WG,AGRONOMIC LAND,SHARDA
CASTEL 48 EC,AGRONOMIC LAND,SHARDA
Cello,AGRONOMIC LAND,BAYER CROPSCIENCE
DEFAN 20 SL,AGRONOMIC LAND,SHARDA
FORTUNA GLOBE,AGRONOMIC LAND,Agria
Falcon 460 SC,AGRONOMIC LAND,BAYER CROPSCIENCE
HERBOL,AGRONOMIC LAND,SHARDA
ROMECTIN EC,AGRONOMIC LAND,"ROTAM CHEMISTRY CO.,Ltd"
Rival duo 450 SC,AGRONOMIC LAND,Agria
SKYLLA WDG,AGRONOMIC LAND,ROTAM AGROCHEMICAL CO.LTD
Sekator OD,AGRONOMIC LAND,BAYER CROPSCIENCES
Sekator OD,AGRONOMIC LAND,DOW AGROSCIENCE S CORTEVA
Sekator OD,AGRONOMIC LAND,BAYER
Sekator OD,AGRONOMIC LAND,CROPSCIENCES
TAZOLE 410 EC,AGRONOMIC LAND,SHARDA
VERDIS 36 SL,AGRONOMIC LAND,Inde
Foxtrot,AGROSYSTEME,FMC
TRIPSOL EW,AGROSYSTEME,cheminova
TRIPSOL EW,AGROSYSTEME,fmc
Agriatech,AGROSYSTEME S,AGRIASA
GLOPYR 100 SL,AGROSYSTEME S,Globachem
PROPER FLO SC,AGROSYSTEME S,Globachem
RAPSAN 500 SC,AGROSYSTEME S,Globachem
RAPSAN TDI SC,AGROSYSTEME S,Globachem
ACRUX SC,AGROSYSTEMES,Ascenza Agro
Agriatech,AGROSYSTEMES,AGRIA SA
AgroHuile,AGROSYSTEMES,PETRONAS LUBRICANTS BELGIUM NV
Agrocuivre,AGROSYSTEMES,SPEISS URANIA
Agrocuivre,AGROSYSTEMES,SPEISS URANIA COSACO GmbH
Agrocuivre,AGROSYSTEMES,COSACO GmbH
Agrosoufre,AGROSYSTEMES,Agrostulln GmbH
BELKAP EXTRA,AGROSYSTEMES,PROBELTE
Bazooka,AGROSYSTEMES,GLOBACHEM
CIMOXATE C W G,AGROSYSTEMES,ASCENZA GRO
CIMOXATE C W G,AGROSYSTEMES,S.APORTUGAL
CIMOXATE C WG,AGROSYSTEMES,ASCENZA GRO
CIMOXATE C WG,AGROSYSTEMES,S.APORTUGAL
CUPROSATE GOLD,AGROSYSTEMES,AGRIA
CUPROSATE GOLD M72 WP,AGROSYSTEMES,AGRIA
Cabridust,AGROSYSTEMES,The national company for agrochemicals(AGRO CHEM)
Cabridust,AGROSYSTEMES,The national company for
Cabridust,AGROSYSTEMES,agrochemicals(AGROCHE M)
Copper Progress,AGROSYSTEMES,SPEISS URANIA COSACO GmbH
Copper Progress,AGROSYSTEMES,SPEISS URANIA
Copper Progress,AGROSYSTEMES,COSACO GmbH
DECIBEL MAX WG,AGROSYSTEMES,ASCENZA GRO
DECIBEL MAX WG,AGROSYSTEMES,S.APORTUGAL
DIFEND EXTRA FS,AGROSYSTEMES,Globachem
Delfin WG,AGROSYSTEMES,CERTIS
Difcor,AGROSYSTEMES,GLOBACHEM
Difender 30 FS,AGROSYSTEMES,GLOBACHEM
Diflanil,AGROSYSTEMES,GLOBACHEM
Fluostar 200,AGROSYSTEMES,GLOBACHEM
Flurostar 200,AGROSYSTEMES,GLOBACHEM
GLOPYR 100 SL,AGROSYSTEMES,Globachem
Gibb 3,AGROSYSTEMES,Espagne CHYPRE CHYPRE INDE USA
Gibb 3,AGROSYSTEMES,GLOBACHEM
Globaztar 250 SC,AGROSYSTEMES,Globachem
Glyphos,AGROSYSTEMES,Espagne INDE INDE BULGARIE
Glyphos,AGROSYSTEMES,Cheminova
Hagar,AGROSYSTEMES,GLOBACHEM
JOYSTICK WG,AGROSYSTEMES,ASCENZA AGRO
Leader,AGROSYSTEMES,SUMITOMO
M72 WP,AGROSYSTEMES,AGRIA
Mancothine,AGROSYSTEMES,MCA UPL Phosphorus ARYSTA LIFESCIENCE INDUST. QUIMICA KEY AGRIA SA AGRIA SA CEREXAGRI BV SIPCAM INAGRA SIPCAM INAGRA INDOFIL INDE DOW AGROSCIENCES COROMANDEL Ltd. United Phosphorus Ltd ZENITH CROPSCIENCES
Mancothine,AGROSYSTEMES,AGRIA SA
Nuance,AGROSYSTEMES,CHEMINOVA
PROPER FLO SC,AGROSYSTEMES,Globachem
Piri,AGROSYSTEMES,GLOBACHEM
Pointer Duo,AGROSYSTEMES,CHEMINOVA
Pointer Duo,AGROSYSTEMES,FMC
Qatar,AGROSYSTEMES,GLOBACHEM
RAPSAN 500 SC,AGROSYSTEMES,Globachem
RAPSAN TDI SC,AGROSYSTEMES,Globachem
Ravane,AGROSYSTEMES,GLOBACHEM
Roxy,AGROSYSTEMES,GLOBACHEM
Rubric,AGROSYSTEMES,Cheminova
Spike,AGROSYSTEMES,GLOBACHEM
Tebucur,AGROSYSTEMES,GLOBACHEM
Thionicautodispers,AGROSYSTEMES,TAMINCO
Thionicautodispersible,AGROSYSTEMES,Espagne
Topenco 100 EC,AGROSYSTEMES,GLOBACHEM
Topenco100EC,AGROSYSTEMES,GLOBACHEM
V-NOL,AGROSYSTEMES,PROBELTE
V-NOL,AGROSYSTEMES,LIMITED INDE
Vantex,AGROSYSTEMES,FMC
ible,AGROSYSTEMES,EASTMAN
FRUGICO SC,AGROSYTEME,GLOBACHEM
Puma Evolution,AGROTEC,BAYER CROPSCIENCE
ARMOREX,ALOHA,SOILTECHNOLO GIE AMERIQUE
LITTOVIR,ALOHA,ANDERMATT BIOCONTROL AG
LITTOVIR,ALOHA,BAYER CROPSCIENCE
LITTOVIR,ALOHA,CORTEVA
LITTOVIR,ALOHA,ANDERMATT
N omu-Protec,ALOHA,ANDERMATT
N omu-Protec,ALOHA,PHP (Pty)
N omu-Protec,ALOHA,AFRIQUE DE
N omu-Protec,ALOHA,SUD
Nomu-Protec,ALOHA,ANDERMATT
Nomu-Protec,ALOHA,PHP (Pty)
Nomu-Protec,ALOHA,AFRIQUE DE
Nomu-Protec,ALOHA,SUD
T-protec,ALOHA,Plant Health Products (phy)
T-protec,ALOHA,Sud d'afrique
T-protec,ALOHA,Andermatt PHP(Pty) Ltd
VITISAN WP,ALOHA,BIOFA
BOLLDEX SC,ALOHA AGRICULTURE,ANDERMATT BIOCONTROL
BOLLDEX SC,ALOHA AGRICULTURE,NISSAN CHEMICAL CORPORATION
Bb-Protec WP,ALOHA AGRICULTURE,Plant Health Products (phy) Sud d'afrique Andermatt PHP(Pty) Ltd ANDERMATT BIOCONTROL GROUP AG
Bb-Protec WP,ALOHA AGRICULTURE,CBC europe
Bb-Protec WP,ALOHA AGRICULTURE,CBC europe italie
Bb-Protec WP,ALOHA AGRICULTURE,Plant Health Products (phy)
Bb-Protec WP,ALOHA AGRICULTURE,Sud d'afrique
Bb-Protec WP,ALOHA AGRICULTURE,Andermat t PHP(Pty) Ltd
Bb-Protec WP,ALOHA AGRICULTURE,ANDERMAT T BIOCONTROL GROUP AG
T-protec T-77 WP,ALOHA ALOHA AGRICULTURE,ANDERMATT BIOCONTROL GROUP AG Plant Health Products (phy) Sud d'afriquePlant Health Products (phy)
Aminogibb,AMINCO,Espagne CHYPRE CHYPRE INDE USA
Aminogibb,AMINCO,GLOBACHEM
Boxer,AMINCO,SYNGENTA
BuckleR,AMINCO,GLOBACHEM
Buckler,AMINCO,GLOBACHEM
COOPOX WP,AMINCO,Shyham chemical
Cuprumax 50 WP,AMINCO,SPEISS URANIA
Cuprumax 50 WP,AMINCO,SPEISS URANIA COSACO GmbH
Cuprumax 50 WP,AMINCO,COSACO GmbH
Eponeo,AMINCO,Cheminova
Erazer,AMINCO,GLOBACHEM
Fidox 800 EC,AMINCO,GLOBACHEM
Markate,AMINCO,GLOBACHEM
Maynozate,AMINCO,AGRIA SA
Maynozebe,AMINCO,MCA UPL Phosphorus ARYSTA LIFESCIENCE INDUST. QUIMICA KEY AGRIA SA AGRIA SA CEREXAGRI BV SIPCAM INAGRA SIPCAM INAGRA INDOFIL INDE DOW AGROSCIENCES COROMANDEL Ltd. United Phosphorus Ltd ZENITH CROPSCIENCES
Maynozebe,AMINCO,AGRIA SA
Patrol 50 WP,AMINCO,SPEISS URANIA
Patrol 50 WP,AMINCO,SPEISS URANIA COSACO GmbH
Patrol 50 WP,AMINCO,COSACO GmbH
Protector,AMINCO,GLOBACHEM
Scooby doo,AMINCO,GLOBACHEM
Soufrustulln,AMINCO,Agrostulln GmbH
Teson,AMINCO,GLOBACHEM
Tornado,AMINCO,GLOBACHEM
Zaftra SC,AMINCO,Globachem
AVATAR EC,ATLAS,DU PONT
AVATAR EC,ATLAS,FMC
(Ecosurf EH-9,ATLAS AGRICOLE,Dow Agrosciences
(Ecosurf EH-9 Surfactant 73 %(p/p)),ATLAS AGRICOLE,Agrosciences
200 SL,ATLAS AGRICOLE,Bayer A.G
400 SC,ATLAS AGRICOLE,-
400 SC,ATLAS AGRICOLE,BAYER AG
AGRIKAR STAR,ATLAS AGRICOLE,DOW AGROSCIENCES
AVADEX FACTOR CS,ATLAS AGRICOLE,GOWAN CROP PROTECTION LIMITED
AVATAR EC,ATLAS AGRICOLE,DU PONT
AVATAR EC,ATLAS AGRICOLE,FMC
AZIMUT XPERT SC,ATLAS AGRICOLE,NUFARM
Anteor Flash,ATLAS AGRICOLE,BAYER AG
Anteor flash,ATLAS AGRICOLE,BAYER AG
Atlantis,ATLAS AGRICOLE,BAYER CROPSCIENCE
Atlantis OD,ATLAS AGRICOLE,BAYER CROPSCIENCE
BREAK THRU SL,ATLAS AGRICOLE,EVONIC
Benfuron,ATLAS AGRICOLE,SHARDA
Biopower SL,ATLAS AGRICOLE,BAYER AG
Biopower SL,ATLAS AGRICOLE,BAYER AG KOPPERT BIOLOGICAL SYSTEMS
Broadway,ATLAS AGRICOLE,DOW AGROSCIENCES
CLORTOSIP 500 SC,ATLAS AGRICOLE,SIPCAM INAGRA
CLORTOSIP 500 SC,ATLAS AGRICOLE,SIPCAM
CLORTOSIP 500 SC,ATLAS AGRICOLE,INAGRA
COMMercial,ATLAS AGRICOLE,INDE
CORAG DUO SC,ATLAS AGRICOLE,NANJING(HEBEI GUAMLONG AGROCHEMICA LS)
Consento 450,ATLAS AGRICOLE,BAYER CROPSCIENCE
Consento 450,ATLAS AGRICOLE,BAYER CROPSCIENCE Gowan Crop Protection
Curame 25 WG,ATLAS AGRICOLE,Manica SPA
DELARO DUO SC,ATLAS AGRICOLE,BAYER CROPSCIENCE
Decis Expert,ATLAS AGRICOLE,BAYER CROPSCIENCE
EPIDOR,ATLAS AGRICOLE,SYNGENTA
EPIDOR,ATLAS AGRICOLE,DOW AGROSCIENCES EXPORTS
EXAQ EC,ATLAS AGRICOLE,DOW AGROSCIENCES
EXAQ EC,ATLAS AGRICOLE,DOW
Energyc M,ATLAS AGRICOLE,BAYER CROPSCIENCE
FAME 480 SC,ATLAS AGRICOLE,BAYER
FENFEN EC,ATLAS AGRICOLE,LAINCO
FLEXIDOR,ATLAS AGRICOLE,Dow Agrosciences
FLEXIDOR,ATLAS AGRICOLE,Dow Agrosciences corteva
FLEXIDOR,ATLAS AGRICOLE,AAKO
Filex Energy,ATLAS AGRICOLE,BAYER CROPSCIENCE
Fungisei SL,ATLAS AGRICOLE,SEIPASA S A SEIPASASA
Fungisei SL,ATLAS AGRICOLE,SEIPASA S A
GENERAL,ATLAS AGRICOLE,GHARDA HOUSE
LAMBDAFAST EC,ATLAS AGRICOLE,Nanjing(shandong caoda chemicals
LAOTTA,ATLAS AGRICOLE,LAINCO
LASER 240 SC,ATLAS AGRICOLE,DOW AGROSCIENCE
LASER 240 SC,ATLAS AGRICOLE,c orteva agriscience
LORGARD,ATLAS AGRICOLE,GHARDA CHEMICALS
LORGARD,ATLAS AGRICOLE,arist eas
Lorvek 480 EC,ATLAS AGRICOLE,DOW AGROSCIENCES
Lorvek 480 EC,ATLAS AGRICOLE,DOW
Lorvek5G,ATLAS AGRICOLE,Dow Agroscience
Luna Previlege,ATLAS AGRICOLE,BAYER CROPSCIENCE
Luna Sensation,ATLAS AGRICOLE,BAYER CROPSCIENCE
Luna sensation,ATLAS AGRICOLE,BAYER CROPSCIENCE
MANICA,ATLAS AGRICOLE,MANICA Spa
Mesurol 200 SC,ATLAS AGRICOLE,BAYER CROPSCIENCE
Mesurol 50 WP,ATLAS AGRICOLE,BAYER CROPSCIENCE
Moon Experience SC,ATLAS AGRICOLE,BAYER CROPSCIENCE
Movento 150 OD,ATLAS AGRICOLE,BAYER CROPSCIENCE
Nikos 306 SE,ATLAS AGRICOLE,DOW AGROSCIENCES
Nikos 306 SE,ATLAS AGRICOLE,DOW AGROSCIENCES cort eva
Nikos 306 SE,ATLAS AGRICOLE,NUFARM
Nikos 306 SE,ATLAS AGRICOLE,corteva
Nikos forte,ATLAS AGRICOLE,DOW AGROSCIENCE S
Nikos forte,ATLAS AGRICOLE,CORTEVA
Nom,ATLAS AGRICOLE,INDE
OLYMPUS FLEX WG,ATLAS AGRICOLE,BAYER AG
OSSICLOR 50 PB,ATLAS AGRICOLE,MANICA Spa
Oberon 240 SC,ATLAS AGRICOLE,BAYER CROPSCIENCE
Orytis,ATLAS AGRICOLE,CHEMINOVA
PIRECRIS,ATLAS AGRICOLE,Seipasa S.A
POLTIGLIA 20 PB,ATLAS AGRICOLE,MANICA S.P.A
PRIORITY,ATLAS AGRICOLE,DOW AGROSCIENCE S
PRIORITY,ATLAS AGRICOLE,corteva
PROSPER 300 CS,ATLAS AGRICOLE,BAYER CROPSCIENCE
Pelt 500 SC,ATLAS AGRICOLE,BAYER AG.
Pelt500SC,ATLAS AGRICOLE,BAYER AG.
Positron 49,ATLAS AGRICOLE,BAYER CROPSCIENCE
Profiler,ATLAS AGRICOLE,BAYER AG
Profilux,ATLAS AGRICOLE,BELCHIM CROP PROTECTION
Prosper 500 EC,ATLAS AGRICOLE,BAYER CROPSCIENCE
RALLY,ATLAS AGRICOLE,DOW AGROSCIENCES
Radiant 120 SC,ATLAS AGRICOLE,DOW AGROSCIENCE
Round Up Pro,ATLAS AGRICOLE,MONSANTO
Round Up Pro,ATLAS AGRICOLE,Braclay chemicals
Round up innov,ATLAS AGRICOLE,MONSANTO
RoundupPlus,ATLAS AGRICOLE,MONSANTO
S EICAN EC,ATLAS AGRICOLE,S EIPASA S.A
S cala 300 SC,ATLAS AGRICOLE,BAYER CROPSCIENCE
SEICAN EC,ATLAS AGRICOLE,SEIPASA S.A
SIVANTO PRIME,ATLAS AGRICOLE,Bayer A.G
SIVANTO PRIME 200 SL,ATLAS AGRICOLE,Bayer A.G
SIVANTO PRIME 200 SL,ATLAS AGRICOLE,GLOBACHEM
SKIPPER 120 EC,ATLAS AGRICOLE,AAKO
SONG EC,ATLAS AGRICOLE,SIPCAM INAGRA
SR/Changement,ATLAS AGRICOLE,INDE
STINGER,ATLAS AGRICOLE,DU PONT INTERNATIONAL CORTEVA
STINGER SC,ATLAS AGRICOLE,DU PONT INTERNATIONAL
Sabero M 45,ATLAS AGRICOLE,MCA UPL Phosphorus ARYSTA LIFESCIENCE INDUST. QUIMICA KEY AGRIA SA AGRIA SA CEREXAGRI BV SIPCAM INAGRA SIPCAM INAGRA INDOFIL INDE DOW AGROSCIENCES COROMANDEL Ltd. United Phosphorus Ltd ZENITH CROPSCIENCES
Sabero M 45,ATLAS AGRICOLE,COROMANDEL Ltd.
Sagaie,ATLAS AGRICOLE,BAYER CROPSCIENCE
Sanaphen D 720 SL,ATLAS AGRICOLE,DOW AGROSCIENCES
Sanaphen D 720 SL,ATLAS AGRICOLE,NUFARM
Sanaphen D 720 SL,ATLAS AGRICOLE,DOW
Scala 300 SC,ATLAS AGRICOLE,BAYER CROPSCIENCE
Scala300SC,ATLAS AGRICOLE,BAYER CROPSCIENCE
Solfol,ATLAS AGRICOLE,BELCHIM CROP PROTECTION
Solfol,ATLAS AGRICOLE,BASF
Soligor 425,ATLAS AGRICOLE,BAYER CROPSCIENCE
Spector SL,ATLAS AGRICOLE,BAYER CROPSCIENCE
Spector70WG,ATLAS AGRICOLE,ANGLETERRE
Spintor,ATLAS AGRICOLE,DOW AGROSCIENCE
Spintor,ATLAS AGRICOLE,DOW AGROSCIENCE c orteva agriscience
Spintor,ATLAS AGRICOLE,CORTEVA
Stopa F1,ATLAS AGRICOLE,BAYER CROPSCIENCE
Surfactant 73 %(p/p)),ATLAS AGRICOLE,Dow Agrosciences
TARZEK +,ATLAS AGRICOLE,Dow Agrosciences
TARZEK + UPTAKE SL,ATLAS AGRICOLE,Dow
TIMOREX GOLD E C,ATLAS AGRICOLE,SIPCAM INAGRA
TIMOREX GOLD EC,ATLAS AGRICOLE,SIPCAM INAGRA
TIOSOL 80,ATLAS AGRICOLE,SIPCAM
TREBON EC,ATLAS AGRICOLE,SIPCAM INAGRA S.S
TREBON EC,ATLAS AGRICOLE,CHNINE
TRECATOL,ATLAS AGRICOLE,FMC
TRI-BASE FLOW SC,ATLAS AGRICOLE,NUFARM
TRIBASE -FLOW SC,ATLAS AGRICOLE,NUFARM
TWIST SUPER EC,ATLAS AGRICOLE,SHARDA
Tacco 100 SC,ATLAS AGRICOLE,BAYER CROPSCIENCE
Triflex,ATLAS AGRICOLE,AAKO
U PHOLD SC,ATLAS AGRICOLE,CORTIVA
UPHOLD SC,ATLAS AGRICOLE,CORTIVA
UPTAKE SL,ATLAS AGRICOLE,Dow Agrosciences
VELUM PRIME,ATLAS AGRICOLE,-
VELUM PRIME,ATLAS AGRICOLE,BAYER AG
VELUM PRIME 400 SC,ATLAS AGRICOLE,BAYER AG
VERPIXO,ATLAS AGRICOLE,CORTEVA
VERPIXO,ATLAS AGRICOLE,AGRISCIENCE
VERSATILL,ATLAS AGRICOLE,DOW AGROSCIENCE corte va
VERSATILL,ATLAS AGRICOLE,DOW AGROSCIENCE
VERSATILL,ATLAS AGRICOLE,c orteva
VERSATILL EC,ATLAS AGRICOLE,DOW AGROSCIENCE
VOLCAN EC,ATLAS AGRICOLE,SPICAM INAGRA SA
VOLCAN EC,ATLAS AGRICOLE,SPICAM
VOLCAN EC,ATLAS AGRICOLE,INAGRA SA
Verdict,ATLAS AGRICOLE,DOW AGROSCIENCES
Zato 50 WG,ATLAS AGRICOLE,BAYER CROPSCIENCE
ZorvecVinabel SE,ATLAS AGRICOLE,CORTEVA
azimut SC,ATLAS AGRICOLE,NUFARM
azimutSC,ATLAS AGRICOLE,NUFARM
Zato 50 WG,ATLAS AGRICOLE AGROSYSTEMES,BAYER CROPSCIENCE TAMINCO
Biopower SL b 40 SG,ATLAS AGRICOLE BIOPROTECTION,BAYER AG VALENTBioscience SUMITOMO
Glyweed,ATLAS INDUSTRIE,COROMANDEL Ltd.
HERBOXONE SL,ATLAS INDUSTRIE,NUFARM
Oviphyt,ATLAS INDUSTRIE,COMPTOIR COMMERCIAL DES LUBRIFIANTS SANGOS SE
Oviphyt,ATLAS INDUSTRIE,S ANGOSSE
Robust 480 EC,ATLAS INDUSTRIE,DOW AGROSCIENCES
Robust 480 EC,ATLAS INDUSTRIE,COROMANDEL
SR/Changement de,ATLAS INDUSTRIE,NUFARM
TRISTAR SL,ATLAS INDUSTRIE,NUFARM
nom,ATLAS INDUSTRIE,NUFARM
InacopPM,ATLASAGRICOLE,SIPCAM INAGRA
Glyweed,ATLASINDUSTRI E,COROMANDEL Ltd.
Glyweed,ATLASINDUSTRIE,COROMANDEL Ltd.
SALIBRO 500 SC,BARAKA AGRICOLE,CORTEVA
Select Super,BIOPRO,UPL
Dialen Super,BIOPROTECTIO N,SYNGENTA
KYLEO,BIOPROTECTIO N,NUFARM
Kalach 360,BIOPROTECTIO N,UPL
Kalach 360,BIOPROTECTIO N,ARYSTA LIFESCIENCE
Kalach Extra,BIOPROTECTIO N,ARYSTA LIFESCIENCE
Karal,BIOPROTECTIO N,NUFARM
KleenUp,BIOPROTECTIO N,NUFARM
Maestro 75 WG,BIOPROTECTIO N,AAKO
Navigator,BIOPROTECTIO N,SYNGENTA
RoundupPlus,BIOPROTECTIO N,UPL ARYSTA LIFESCIENCE
TWIGA,BIOPROTECTIO N,AAKO BV
Traxospratic,BIOPROTECTIO N,Syngenta
UMBRA 590 SC,BIOPROTECTIO N,SYNGENTA
XANADU,BIOPROTECTIO N,UPL limited
+(pheromone),BIOPROTECTION,international
115 FS,BIOPROTECTION,SYNGENTA
ARPEGE,BIOPROTECTION,orteva
AVOXA MAXX OD,BIOPROTECTION,SYNGENTA
Adress,BIOPROTECTION,SYNGENTA
Agrimec Gold 084 SC,BIOPROTECTION,SYNGENTA
Alion 500 SC,BIOPROTECTION,BAYER
Alliance,BIOPROTECTION,NUFARM S.A
Alto super,BIOPROTECTION,SYNGENTA
Amaline Flow,BIOPROTECTION,NUFARM
Ampexio WG,BIOPROTECTION,SYNGENTA
Axial 045 EC,BIOPROTECTION,SYNGENTA
Axial pratic,BIOPROTECTION,Syngenta
BIOBAC,BIOPROTECTION,BION TECH INC AAKO
BIOBAC,BIOPROTECTION,AAKO
BIOBAIT,BIOPROTECTION,BIOIBIRICA
BOSCOTT SC,BIOPROTECTION,ALBAUGH
Banko 720 SC,BIOPROTECTION,ARYSTA LIFESCIENCE
Banko 720 SC,BIOPROTECTION,UPL
Banko720SC,BIOPROTECTION,UPL
Banko720SC,BIOPROTECTION,ARYSTA LIFESCIENCE
Bell Extra,BIOPROTECTION,BASF
Biomat,BIOPROTECTION,ARYSTA LIFESCIENCE BASF CHEMINOVA
Borneo 10 SC,BIOPROTECTION,SUMITOMO CHEMICHAL AGRO EUROPE S.A.S
Borneo 10 SC,BIOPROTECTION,SIPCAM INAGRA S.S
Boxer,BIOPROTECTION,SYNGENTA
C ombi WG,BIOPROTECTION,SYNGENTA
CAIMAN FLUID SC,BIOPROTECTION,UPL LIMITED
CARIAL TOP,BIOPROTECTION,SYNGENTA
CERATAVO,BIOPROTECTION,SYNGENTA
CERATAVO E RA,BIOPROTECTION,SYNGENTA
CERATAVO ERA,BIOPROTECTION,SYNGENTA
COMITE 240 SC,BIOPROTECTION,CHEMTURA
Caiman 80 WP,BIOPROTECTION,MCA UPL Phosphorus ARYSTA LIFESCIENCE INDUST. QUIMICA KEY AGRIA SA AGRIA SA CEREXAGRI BV SIPCAM INAGRA SIPCAM INAGRA INDOFIL INDE DOW AGROSCIENCES COROMANDEL Ltd. United Phosphorus Ltd ZENITH CROPSCIENCES
Calin Flo,BIOPROTECTION,Arysta Lifescience
CalinFlo,BIOPROTECTION,ArystaLifescience
Carial Opti,BIOPROTECTION,SYNGENTA
Cekwat 750,BIOPROTECTION,NUFARM
Celest Extra 50 FS,BIOPROTECTION,SYNGENTA
CelestTop 312.5,BIOPROTECTION,SYNGENTA
Ceratrap (en,BIOPROTECTION,BIOEBERICA S.A
Ceratrap (en bouteilles,BIOPROTECTION,BIO EBERICA S.A
Chardol 720 SL,BIOPROTECTION,NUFARM
Chorus Double,BIOPROTECTION,SYNGENTA
Combi WG,BIOPROTECTION,SYNGENTA
Cruiser 350 FS,BIOPROTECTION,SYNGENTA
Cypercal250EC,BIOPROTECTION,QUIMICA KEY
DELAN 500 SC,BIOPROTECTION,BASF
DENIM,BIOPROTECTION,Sharda cropchem
Dazitol,BIOPROTECTION,Protection AG
Deltacal,BIOPROTECTION,United Phosphorus Ltd
Dialen Super,BIOPROTECTION,SYNGENTA
Dipel PM,BIOPROTECTION,VALENT BIOSCIENCE CORPORATION
DipelP.M,BIOPROTECTION,VALENT BIOSCIENCE CORPORATION
Dormex,BIOPROTECTION,DEGUSSA AG
Dormex,BIOPROTECTION,DEGUSSA AG ARYSTA LifeScience ALZ- CHEM
ELESTAL300 SC,BIOPROTECTION,SYNGENTA
ERA,BIOPROTECTION,SYNGENTA
Eperon Mix Pepite,BIOPROTECTION,SYNGENTA
Escort 20 SL,BIOPROTECTION,(NIPPON SODA) ARYSTA LIFESCIENCE
Evisect,BIOPROTECTION,NIPPON KAYAKU
Evisect,BIOPROTECTION,JAPON
Ferrolure,BIOPROTECTION,Chemitica
Fitogib,BIOPROTECTION,NUFARM
Fumical,BIOPROTECTION,ARYSTA LIFESCIENCE
Fumical,BIOPROTECTION,UPL
GIB GRO,BIOPROTECTION,NUFARM
Heliocuivre,BIOPROTECTION,Action Pin
Heliocuivre,BIOPROTECTION,AAKO
Heliosoufre S,BIOPROTECTION,Action Pin
Heliosoufre S,BIOPROTECTION,AAKO
Hydro Flo,BIOPROTECTION,NUFARM
Hydro Flo,BIOPROTECTION,LIMITED INDE
INSPIRE PLUS EW,BIOPROTECTION,SYNGENTA
Ipromise,BIOPROTECTION,Arysta Lifescience
KAISO 5%,BIOPROTECTION,NUFARM
Kalach 360,BIOPROTECTION,UPL
Kalach 360,BIOPROTECTION,ARYSTA LIFESCIENCE
Kalach Extra,BIOPROTECTION,ARYSTA LIFESCIENCE
Kalach360,BIOPROTECTION,ARYSTALIFESCIENCE
Karal,BIOPROTECTION,NUFARM
Kempo EG,BIOPROTECTION,NUFARM
Killmite,BIOPROTECTION,ARYSTA LIFESCIENCE
Kilter,BIOPROTECTION,NUFARM
Kleen Up,BIOPROTECTION,Espagne INDE INDE BULGARIE
KleenUp,BIOPROTECTION,NUFARM
Lufox 105 EC,BIOPROTECTION,SYNGENTA
M axim 100 FS,BIOPROTECTION,SYNGENTA
MAXIMUS SC,BIOPROTECTION,AAKO
MAXX FS,BIOPROTECTION,SYNGENTA
MINECTO PRO SC,BIOPROTECTION,SYNGENTA
MORPHEE 71.3 WG,BIOPROTECTION,AAKO
Maestro 75 WG,BIOPROTECTION,AAKO
Malvin80 WG,BIOPROTECTION,ARYSTA LIFESCIENCE
Malvin80 WG,BIOPROTECTION,UPL
Matric,BIOPROTECTION,ARYSTA LIFESCIENCE
Matric,BIOPROTECTION,UPL
Maxim 100 FS,BIOPROTECTION,SYNGENTA
Maxim100FS,BIOPROTECTION,SYNGENTA
Methyl-T,BIOPROTECTION,ARYSTA LIFESCIENCE CEQUISA
Minarix,BIOPROTECTION,SYNGENTA
Miravis duo Sc,BIOPROTECTION,ARYSTA LIFESCIENCES
Miravis duo Sc,BIOPROTECTION,LIFESCIENCES
Miravis duo Sc,BIOPROTECTION,SYNGENTA
Mistral,BIOPROTECTION,ESSECO sarl
Mistral,BIOPROTECTION,AAKO
Moltovin,BIOPROTECTION,NUFARM
Nando,BIOPROTECTION,NUFARM
Navigator,BIOPROTECTION,SYNGENTA
Nuprid,BIOPROTECTION,NUFARM
OLEORA EC,BIOPROTECTION,UPL
ORKESTRA SC,BIOPROTECTION,BASF
OVIPRON TOP,BIOPROTECTION,UPL
Optix R WG,BIOPROTECTION,UPL
PLESIVA ALPHA SC,BIOPROTECTION,SYNGENTA
PROSPIRO,BIOPROTECTION,AAKO
Pegasus 500 SC,BIOPROTECTION,SYNGENTA
Pegasus500SC,BIOPROTECTION,SYNGENTA
Plenum 50 WG,BIOPROTECTION,SYNGENTA
Priori Opti,BIOPROTECTION,SYNGENTA
ProGibb 40 SG,BIOPROTECTION,FRANCE
Proclaim 05 SG,BIOPROTECTION,SYNGENTA
Progibb,BIOPROTECTION,Espagne CHYPRE CHYPRE INDE USA
Pyrical 480 EC,BIOPROTECTION,(NIPPON SODA)ARYSTA LIFESCIENCE
Pyrical480EC,BIOPROTECTION,ARYSTA LIFESCIENCE
QUILT XCEL,BIOPROTECTION,SYNGENTA
RAYGARD,BIOPROTECTION,AAKO
RELIANCE SC,BIOPROTECTION,UPL
REVUS C,BIOPROTECTION,SYNGENTA
REVUSC,BIOPROTECTION,SYNGENTA
REVYTREX EC,BIOPROTECTION,BASF
REYSANA SC,BIOPROTECTION,BIOPREPARATY
Reglone200SL,BIOPROTECTION,SYNGENTA
Ridomil Gold,BIOPROTECTION,SYNGENTA
Ridomil Gold Combi WG,BIOPROTECTION,SYNGENTA
Ridomil Gold MZ 68 W G,BIOPROTECTION,SYNGENTA
RidomilGoldMZ68WG,BIOPROTECTION,SYNGENTA
Réhomologation sous,BIOPROTECTION,ARYSTA LIFESCIENCE
S pectro 30 FS,BIOPROTECTION,SYNGENTA
SCHOLAR 230 SC,BIOPROTECTION,SYNGENTA
SPIROMAX OD,BIOPROTECTION,ALBAUGH
SPIROX D EC,BIOPROTECTION,arysta lifescience
SPIROX D EC,BIOPROTECTION,UPL
START-UP,BIOPROTECTION,AAKO
Score 250 EC,BIOPROTECTION,SYNGENTA
Select Super,BIOPROTECTION,ARYSTA LIFESCIENCE
Spectro 30 FS,BIOPROTECTION,SYNGENTA
Spectro Extreme 115 FS,BIOPROTECTION,SYNGENTA
SpectroExtreme,BIOPROTECTION,SYNGENTA
SpectroExtreme 115 FS,BIOPROTECTION,SYNGENTA
Super Bordeaux,BIOPROTECTION,NUFARM
Synara 25 WG,BIOPROTECTION,SYNGENTA
T ilt 250,BIOPROTECTION,SYNGENTA
TERVIGO 020 SC,BIOPROTECTION,Syngenta Crop Protection AG
TWIGA,BIOPROTECTION,AAKO BV
Thiopron SC,BIOPROTECTION,UPL
Tilt250,BIOPROTECTION,SYNGENTA
Top 312.5,BIOPROTECTION,SYNGENTA
Topaze100,BIOPROTECTION,SYNGENTA
Topik 100,BIOPROTECTION,SYNGENTA
Topik80,BIOPROTECTION,SYNGENTA
Traxos 45 EC,BIOPROTECTION,SYNGENTA
Traxos pratic,BIOPROTECTION,Syngenta
Traxospratic,BIOPROTECTION,Syngenta
Trigard,BIOPROTECTION,SYNGENTA
UMBRA 590 SC,BIOPROTECTION,SYNGENTA
UNIFORM 446,BIOPROTECTION,SYNGENTA
VIBRANCE,BIOPROTECTION,SYNGENTA
VIBRANCE DUO FS,BIOPROTECTION,SYNGENTA
VIBRANCE DUO FS,BIOPROTECTION,SYNGENTA AGRO AG
VIBRANCE MAXX FS,BIOPROTECTION,SYNGENTA
Vertimec,BIOPROTECTION,SYNGENTA
Vibrance Gold,BIOPROTECTION,SYNGENTA
Voliam Targo 063 SC,BIOPROTECTION,SYNGENTA
VoliamTargo 063 SC,BIOPROTECTION,SYNGENTA
Weedone,BIOPROTECTION,NUFARM
Weedone Plus,BIOPROTECTION,NUFARM
Weevil,BIOPROTECTION,Chemtica
Winner,BIOPROTECTION,NUFARM SAS
XANADU,BIOPROTECTION,UPL limited
Ziracal,BIOPROTECTION,TAMINCO NV(Espagne)
Zoom,BIOPROTECTION,SYNGENTA
Zoom,BIOPROTECTION,IPT- PERGANDE GmbH(Allemagne)(fab riquant)
bouteilles ou/et en,BIOPROTECTION,BIOEBERICA S.A
bouteilles ou/et en pièges jaunes),BIOPROTECTION,"CHEM INDUS QUIMICAKEY United Phosphorus CEQUISA PHOSPH ONIA, SL) UPL"
dépôt du dossier,BIOPROTECTION,ARYSTA LIFESCIENCE
d’homologation est bien,BIOPROTECTION,ARYSTA LIFESCIENCE
fabricant mentionné lors du,BIOPROTECTION,ARYSTA LIFESCIENCE
gesagard 500 FW,BIOPROTECTION,syngenta crop protection
magnet(keromone),BIOPROTECTION,international
ou/et en pièges jaunes),BIOPROTECTION,BIO EBERICA S.A
pièges jaunes),BIOPROTECTION,BIOEBERICA S.A
pièges jaunes),BIOPROTECTION,BIOEBERICA S.A SHARDA CROPCHEM LIMITED INDE SHARDA CROPCHEM LIMITED INDE SIPCAM INAGRA
proxanil 450 SC,BIOPROTECTION,arysta lifescience
réserve de montrer que le,BIOPROTECTION,ARYSTA LIFESCIENCE
"switch 62,5 WG",BIOPROTECTION,SYNGENTA
«TAMINCO»,BIOPROTECTION,ARYSTA LIFESCIENCE
DENIM,BIOPROTECTION AGRINOVA EL KHADRA ATLAS AGRICOLE BIOPROTECTION SANABEL AGRO AGRIMED DISTRIBUTION,AAKO SHARDA CROPCHEM LIMITED INDE HANGZOU TOPAGRO BIOSCIENCE DOW AGROSCIENCES BASF SHARDA CROPCHEM LIMITED INDE SHARDA CROPCHEM LIMITED INDE
Vibrance Gold,BIOPROTECTION AGRIPROTEC,SYNGENTA
Proclaim 05 SG,BIOPROTECTION FERTIPLANT,SYNGENTA Krishi rasayam
Weedone Plus,BIOPROTECTION NBTA SEPCM AGRO-SYSTEMES,NUFARM
Aurige 70,BIOPROTECTION STEC EL KHADRHA EL MOUSSEM AGRICOLE,"ARYSTA LIFESCIENCE CEQUISA PHOSPHONIA UPL, SIPCAM INAGRA Nufarm"
Lagrophanate 70,BIOPROTECTION STEC EL KHADRHA EL MOUSSEM AGRICOLE,"ARYSTA LIFESCIENCE CEQUISA PHOSPHONIA UPL, SIPCAM INAGRA Nufarm"
Prolatop,BIOPROTECTION STEC EL KHADRHA EL MOUSSEM AGRICOLE,"ARYSTA LIFESCIENCE CEQUISA PHOSPHONIA UPL, SIPCAM INAGRA Nufarm"
Axial pratic,BIOPROTECTON,Syngenta
Swipe,BIOPROTECTON,Syngenta
(Ecosurf EH-9 Surfactant 73 %(p/p)),COTUGRAIN,Dow Agrosciences
APRON STAR WS,COTUGRAIN,SYNGENTA
ARIS GOLD,COTUGRAIN,SYNGENTA
ARIS GOLD R WG,COTUGRAIN,SYNGENTA
Affinex,COTUGRAIN,FMC
BESIEGE 150 ZC,COTUGRAIN,SYNGENTA
BONSOL,COTUGRAIN,SHARDA
BUTISAN AVANT SE,COTUGRAIN,BASF
Blanca,COTUGRAIN,ShardaWorld Wide
Blanca,COTUGRAIN,SHARDA CROPCHEM
Bonbard,COTUGRAIN,BASF
CANVION310 DC,COTUGRAIN,Syngenta Crop Protection
CIGNA 50 EC,COTUGRAIN,SYNGENTA
COBRE,COTUGRAIN,NORDOX INDUSTRIER A(fabricant)
COBRE NORDOX,COTUGRAIN,NORDOX INDUSTRIER A
COBRE NORDOX,COTUGRAIN,NORDOX INDUSTRIER A(fabricant) S;Comme rcial quimecamasso(fourniss eur)
Cynam EC,COTUGRAIN,LIDA
D IAMEX SL,COTUGRAIN,UPL
DELTOP EC,COTUGRAIN,SHANDONG
DIAMEX SL,COTUGRAIN,UPL
EPIC TOP SE,COTUGRAIN,BASF
FURY 10,COTUGRAIN,FMC Chemical
Fostan,COTUGRAIN,DOW AGROSCIENCES
Fury Geo,COTUGRAIN,FMC
HELIX,COTUGRAIN,SHARDA
LEPINOX PLUS WP,COTUGRAIN,CBC (EUROPE)
LEPINOX PLUS WP,COTUGRAIN,BIOG ARD
LIMASTOP,COTUGRAIN,SHARDA
LUMIERE EC,COTUGRAIN,TotalEnergies Fluides A travers KOPPERT
LUMIEREEC,COTUGRAIN,TotalEnergies Fluides
LUMIEREEC,COTUGRAIN,A travers
LUMIEREEC,COTUGRAIN,KOPPERT
MELCAR TOP,COTUGRAIN,SYNGENTA
Midash 350 SC,COTUGRAIN,SHARDA
NORDOX,COTUGRAIN,S;Commercial quimecamasso(four)
Naturalis,COTUGRAIN,CBC europe
Naturalis SC,COTUGRAIN,CBC europe
Nopasaran,COTUGRAIN,BASF
ORONDIS,COTUGRAIN,Syngenta Crop
ORONDIS,COTUGRAIN,Syngenta Crop Protection
P ULSEI EC,COTUGRAIN,SPEISA SA
PRIAXOR SE,COTUGRAIN,BASF
PULSEI EC,COTUGRAIN,SPEISA SA
PYROS SC,COTUGRAIN,SHANDONG WEIFANG
QUELEX,COTUGRAIN,Dow Agrosciences
ROXANE EC,COTUGRAIN,SHARDA CROPCHEM
ROXANE EC,COTUGRAIN,LIMITED INDE
Roxy,COTUGRAIN,GLOBACHEM
SHIN –ETSU MD,COTUGRAIN,Shin ETSU chemical
SHIN –ETSU MD,COTUGRAIN,CBC (EUROPE)
SHIN –ETSU MD T,COTUGRAIN,Shin ETSU chemical
SHIN –ETSU MD T,COTUGRAIN,CBC (EUROPE)
SHIN –ETSU MD T,COTUGRAIN,BIOG ARD Shin ETSU chemical CBC (EUROPE) BIOG ARD
SHIN —-ETSU MD T,COTUGRAIN,Shin ETSU chemical
SHIN —-ETSU MD T,COTUGRAIN,CBC (EUROPE)
SL (Ecosurf EH-9,COTUGRAIN,Dow Agrosciences
SOLVIGO 185 SC,COTUGRAIN,SYNGENTA
SPOZINE SC,COTUGRAIN,SHANDONG
SUPREME 25 EW,COTUGRAIN,UPL LIMITED
Signum WG,COTUGRAIN,BASF
Surfactant 73 %(p/p)),COTUGRAIN,Dow Agrosciences
TARZEK + UPTAKE,COTUGRAIN,Dow Agrosciences
TARZEK + UPTAKE SL,COTUGRAIN,Dow Agrosciences
THIO50SC,COTUGRAIN,sharda cropchem
THIOMAX JET,COTUGRAIN,SYNGENTA
TINAMOL,COTUGRAIN,LIMITED INDE
Taegro,COTUGRAIN,Novozymesbiologicals inc syngenta
Taegro,COTUGRAIN,syngenta
ULTRA280 SC,COTUGRAIN,Syngenta Crop Protection
VELAR 20 SC,COTUGRAIN,OAT agrio(fab) Japo(LIDA PLANT RESEARCH Fournisseur)
VELAR 20 SC,COTUGRAIN,OAT agrio(fab)
VELAR 20 SC,COTUGRAIN,Japo(LI DA PLANT RESEARCH
VELAR 20 SC,COTUGRAIN,Four nisseur)
VELAR 20 SC,COTUGRAIN,OAT AgrioCO.Ltd
VELIFER OD,COTUGRAIN,BASF
VERYDOR,COTUGRAIN,BASF
VIGILANT 480,COTUGRAIN,CHEMTURA
VOLTRA 0.5 G,COTUGRAIN,SYNGENTA
XAMIN –UP EC,COTUGRAIN,UPL
fighter,COTUGRAIN,BASF
hexagon SC,COTUGRAIN,BASF
lovit SC,COTUGRAIN,BASF
prowl aqua EC,COTUGRAIN,BASF
NORDOX,COTUGRAIN ATLAS AGRICOLE,S;COMMerci alquimecamasso(four) MANICA S.P.A
LIMASTOP,COTUGRAIN ATLAS AGRICOLE NUTRIPLANT,SHARDA BAYER AG
ALIKA 247 ZC,COTUGRAIN IMPEX,SYNGENTA
ARIS GOLD,COTUGRAIN IMPEX,SYNGENTA
Acrobat MZ WG,COTUGRAIN IMPEX,BASF
Affinex,COTUGRAIN IMPEX,FMC
Aramo 50 EC,COTUGRAIN IMPEX,BASF
BESIEGE 150 ZC,COTUGRAIN IMPEX,SYNGENTA
Blanca,COTUGRAIN IMPEX,Espagne INDE INDE BULGARIE
Blanca,COTUGRAIN IMPEX,ShardaWorldWide
Bonbard,COTUGRAIN IMPEX,BASF
CIGNA 50 EC,COTUGRAIN IMPEX,SYNGENTA
Cirtan EC,COTUGRAIN IMPEX,ALCOTAN
EPIC TOP SE,COTUGRAIN IMPEX,BASF
FURY 10,COTUGRAIN IMPEX,FMC Chemical
Favia Max,COTUGRAIN IMPEX,BASF
Fury Geo,COTUGRAIN IMPEX,FMC
Glitan,COTUGRAIN IMPEX,ALCOTAN
MACCANI,COTUGRAIN IMPEX,BASF
MELCAR TOP 140 DC,COTUGRAIN IMPEX,SYNGENTA
Midash 350 SC,COTUGRAIN IMPEX,INDE
PRIAXOR SE,COTUGRAIN IMPEX,BASF
Rovral Aquaflo,COTUGRAIN IMPEX,FMC
RovralAquaflo,COTUGRAIN IMPEX,FMC
SILVZOLE EW,COTUGRAIN IMPEX,UPL LIMITED
SOLVIGO 185 SC,COTUGRAIN IMPEX,SYNGENTA
Signum WG,COTUGRAIN IMPEX,BASF
Timectin,COTUGRAIN IMPEX,Tide Ningbo Ltd.
Maxitan WP,COTUGRAINIMPEX,I.Q.V AGRO UNITED PHOSPHORUS NUFARM IQV DEL VALLES
OXYTANE,CROPCHEMTUNISIA,INDE
lalione EC,DELTA AGICOLE PLUS,SHARDA WORLDWIDE
lalione EC,DELTA AGICOLE PLUS,SHARDA
lalione EC,DELTA AGICOLE PLUS,WORLDWIDE
DIQUASH,DELTA AGRICOLE,SHARDA
METAX,DELTA AGRICOLE,SHARDA
Mil Top,DELTA AGRICOLE,MEGHMANI INDUSTRIES
PROTHANE,DELTA AGRICOLE,SHARDA
Penda,DELTA AGRICOLE,SHARDA
Penda,DELTA AGRICOLE,LAINCO
DIQUASH,DELTA AGRICOLE PLUS,SHARDA
Hoprole Xtra,DELTA AGRICOLE PLUS,Shandong weifang rainbow chemical
METAX,DELTA AGRICOLE PLUS,SHARDA
MilTop,DELTA AGRICOLE PLUS,MEGHMANI INDUSTRIES
PROTHANE,DELTA AGRICOLE PLUS,SHARDA
Penda,DELTA AGRICOLE PLUS,SHARDA
QUICK EC,DELTA AGRICOLE PLUS,SHARDA
Timerole plus,DELTA AGRICOLE PLUS,Shandong weifang rainbow chemical
VALEO 25 EC,DELTA AGRICOLE PLUS,Sharda cropchem
buzzin,DELTA AGRICOLE PLUS,sharda cropchem limited
buzzin,DELTA AGRICOLE PLUS,mited
lalione EC,DELTAAGICOLE PLUS,SHARDA
lalione EC,DELTAAGICOLE PLUS,WORLDWIDE
lalione EC,DELTAAGICOLE PLUS,GLOBACHEM
Benfuron,DISTRIBUTION,SHARDA
Benfuron,DISTRIBUTION,ALBAUGH EUROPE SARL
EXTRA SC,DISTRIBUTION,SHARDA CROPCHEM
EXTRA SC,DISTRIBUTION,LIMITED INDE
G RAZY 70% WDG,DISTRIBUTION,SHARDA CROPCHEM
GRAZY 70% WDG,DISTRIBUTION,UPL
INDIGO WDG,DISTRIBUTION,Sharda
KUISTAR,DISTRIBUTION,SHARDA
Mitraze,DISTRIBUTION,sharda cropchem limited
Mitraze,DISTRIBUTION,mited
Mitraze,DISTRIBUTION,LIMITED INDE
OXYCUIVRE 50,DISTRIBUTION,FITOGAL
PROXER,DISTRIBUTION,shardacrochem
PROXER,DISTRIBUTION,LIMITED INDE
THIOPHANATE,DISTRIBUTION,MEGHMANI INDUSTRIES
TRYBERON 75 WG,DISTRIBUTION,Sharda Cropchem
TRYBERON 75 WG,DISTRIBUTION,LIMITED INDE
VEGA EC,DISTRIBUTION,Sharda cropchem
VEGA EC,DISTRIBUTION,LIMITED INDE
WINTER 41 EC,DISTRIBUTION,SHARDA
shanon,DISTRIBUTION,shardacropchem
AGRIKAR EC,EL BARAKA,SIPCAM INAGRA
TRANSFORM SC,EL BARAKA,DOW AGROSCIENCE
TRANSFORM SC,EL BARAKA,c orteva
Zorvec encantia SE,EL BARAKA,CORTEVA
Zorvecencantia SE,EL BARAKA,CORTEVA
BROADSTRIKE WG,EL BARAKA AGRICOLE,DOW AGROSCIENCE
FLAME 50 SG,EL BARAKA AGRICOLE,ALBAUGH EUROPE
TREZAK EC,EL BARAKA AGRICOLE,Dow agroscience
Diablo,EL KHADHRA,INDUSTRIAS AFRAZA
Diablo,EL KHADHRA,ALBAU GH EUROPE SARL
Foslete 50,EL KHADHRA,SIPCAM INAGRA
Foslete 50,EL KHADHRA,GOWAN Espagne
360 SL,EL KHADRA,AFRASA S.A
ABANTO 40 EC,EL KHADRA,AFRASA INDUSTRIAS S.A
ABANTO 40 EC,EL KHADRA,INDUSTRIAS AFRAZA
ABANTO 40 EC,EL KHADRA,ALBAU GH EUROPE SARL
AFROSAN DUPLO,EL KHADRA,AFRASA
Alfil Duplo,EL KHADRA,AFRASA
AzufreMicronizad o,EL KHADRA,AFEPASA S.A
AzufreMicronizado,EL KHADRA,AFEPASA S.A
Azumo,EL KHADRA,AFEPASA S.A
BENTA SL,EL KHADRA,"NANJING FENGSHAN CHEMICAL GROUP CO,LTD NANGING FENGSHAN"
BENTA SL,EL KHADRA,Dow Agrosciences
BENTA SL,EL KHADRA,Dow Agrosciences COR TEVA
BIO-AZA EC,EL KHADRA,CROPSAFE PESTICIDES INDIA PRIVATE LIMITED
BIO-AZA EC,EL KHADRA,INDE
BIOSOUFRE WG,EL KHADRA,CROPSAFE PESTICIDES INDIA
BIOSOUFRE WG,EL KHADRA,PRIVATE LIMITED
BLITZ 720 SL,EL KHADRA,"JIANGSU FENGSHAN GROUP CO,LTD (FAB)"
BLITZ 720 SL,EL KHADRA,NANJING FENGSHAN CHEMICAL(FR)
BOMBA WG,EL KHADRA,JSC(AUGUST)
BREAK ME SC,EL KHADRA,AUGUST inc
Borey SC,EL KHADRA,RUSSIE
Borey SC,EL KHADRA,AveustCrop Protection
C YCLO MAX SC,EL KHADRA,AFRASA INDUSTRIALS
C YCLO MAX SC,EL KHADRA,ESPAGN E
C YCLO MAX SC,EL KHADRA,ALBAUGH EUROPE SARL ALBAUGH EUROPE SARL
CICLOPE,EL KHADRA,INDRUSTRIAS AFRASA
CICLOPE EC,EL KHADRA,INDRUSTRIAS AFRASA
CICLOPE EC,EL KHADRA,INDRUSTRIAS
CICLOPE EC,EL KHADRA,AFRASA
CICLOPE EC,EL KHADRA,ALBAU GH EUROPE SARL
CIFOXIL,EL KHADRA,SIPCAM INAGRA
COMMBreak,EL KHADRA,CORPORATE
CURYGEN EC,EL KHADRA,JSC AUGUST INC
CYCLO MAX SC,EL KHADRA,AFRASA INDUSTRIALS
CYCLO MAX SC,EL KHADRA,ESPAGN E
CYCLO MAX SC,EL KHADRA,ALBAUGH EUROPE SARL ALBAUGH EUROPE SARL
CYCLO-R-,EL KHADRA,INDUSTRIAS AFRASA
CYCLO-R-LIQUIDE,EL KHADRA,INDUSTRIAS AFRASA
Collosal Pro,EL KHADRA,AUGUST JSC
Colossal Pro,EL KHADRA,AUGUST CROPROTECTION
Cyclo WP,EL KHADRA,AFRASA
D IMANYL WG,EL KHADRA,HANGZOU TOPAGRO
D IMANYL WG,EL KHADRA,BIOSCIENCE
DIABLO MAX SC,EL KHADRA,AFRASA INDUSTRIAS S.A
DIABLO MAX SC,EL KHADRA,INDUSTRIAS AFRAZA
DIABLO MAX SC,EL KHADRA,ALBAU GH EUROPE SARL
Dauphin,EL KHADRA,MCA UPL Phosphorus ARYSTA LIFESCIENCE INDUST. QUIMICA KEY AGRIA SA AGRIA SA CEREXAGRI BV SIPCAM INAGRA SIPCAM INAGRA INDOFIL INDE DOW AGROSCIENCES COROMANDEL Ltd. United Phosphorus Ltd ZENITH CROPSCIENCES
Dauphin,EL KHADRA,SIPCAM INAGRA
Dazitol,EL KHADRA,CHAMPION MILLENIUM CHEMICALS
Dazitol,EL KHADRA,CHAMPION
Dazitol,EL KHADRA,MILLENIUM CHEMICALS
Dipiril Plus,EL KHADRA,INDUSTRIALS AFRASA SA
Dipiril Plus,EL KHADRA,AAKOBV
DrizaWG,EL KHADRA,INDSUTRIAS AFRASA
F ilal,EL KHADRA,AFRASA
FENGIB MAX EC,EL KHADRA,Espagne
FILAL PLUS WG,EL KHADRA,AFRASA
FILAL PLUS WG,EL KHADRA,INDUSTRIAS AFRAZA
FILAL PLUS WG,EL KHADRA,ALBAUGH EUROPE SARL
FLASH EVO,EL KHADRA,GOWAN Espagne
FLASH EVO,EL KHADRA,SHARDA CROPCHEM INDE
FLASH EVO,EL KHADRA,SIPCAM INAGRA
FLASH EVO,EL KHADRA,(ancientfabricant:
FLASH EVO,EL KHADRA,NIHON
FLASH EVO,EL KHADRA,NOHYAKU Co. Ltd)
FLASHEVO,EL KHADRA,SIPCAM INAGRA (ancientfabricant: NIHON NOHYAKU Co. Ltd)
FUGIX SC,EL KHADRA,SIPCAM INAGRA
Filal,EL KHADRA,AFRASA
Filal,EL KHADRA,INDUSTRIAS AFRAZA
Filal,EL KHADRA,ALBAUGH EUROPE SARL
Finito WG,EL KHADRA,INDE
Finito WG,EL KHADRA,SHARDA
Fortune AZA,EL KHADRA,AFRASA
Fouir,EL KHADRA,SHARDA
Fouir,EL KHADRA,SHARDA CROPCHEM
Fouir,EL KHADRA,LIMITED INDE
GLISO 360,EL KHADRA,SIPCAM INGARA
HACHI-HACHI EC,EL KHADRA,SIPCAM INAGRA
JAGUAR 100 EC,EL KHADRA,"JIANGSU FENGSHAN GROUP CO,LTD NANJING FENGSHAN CHEMICAL"
KEYZOL SC,EL KHADRA,AVGUST CROP CORPORATION
LEGADO 250 SC,EL KHADRA,AFRASA INDUSTRIAS
LEGADO 250 SC,EL KHADRA,AFRASA S.A
LEGADO 250 SC,EL KHADRA,AFRASA INDUSTRIAS AFRASA S.A
LEGADO 250 SC,EL KHADRA,INDUSTRIAS AFRAZA
LEGADO 250 SC,EL KHADRA,ALBAUGH EUROPE SARL
LEMBAR,EL KHADRA,SIPCAM INAGRA
LEMBAR,EL KHADRA,SIPCAM
LEMBAR,EL KHADRA,INAGRA
LIMAGRAM,EL KHADRA,SIPCAM INAGRA
LIQUIDE,EL KHADRA,INDUSTRIAS AFRASA
LIQUIDE,EL KHADRA,ALBAUGH EUROPE SARL
LORET 300 SL,EL KHADRA,Sharda Cropchem Limited
Magma Triple,EL KHADRA,AFRASA
Magma Triple,EL KHADRA,INDUSTRIAS AFRAZA
Magma Triple,EL KHADRA,ALBAUGH EUROPE SARL
Micene Triple,EL KHADRA,SIPCAM INAGRA
Mycoseeds FS 60,EL KHADRA,Sharda World wide
Mycoseeds FS 60,EL KHADRA,SHARDA CROPCHEM
Mycoseeds FS 60,EL KHADRA,LIMITED INDE
Nom,EL KHADRA,CORPORATE
OIKOS MAX,EL KHADRA,SIPCAM INAGRA
PRETIL SC,EL KHADRA,INDUSTRIAS AFRASA S.A
PRETIL SC,EL KHADRA,ALBAUGH EUROPE SARL
PROXIMO EC,EL KHADRA,Indsutrias AFRASA S.A
PROXIMO EC,EL KHADRA,Indsutrias
PROXIMO EC,EL KHADRA,AFRASA S.A
PROXIMO EC,EL KHADRA,HANGZHOU TOPAGRO BIOSCIENCE
PROXIMO EC,EL KHADRA,INDUSTRIAS AFRAZA
PROXIMO EC,EL KHADRA,ALBAU GH EUROPE SARL
PUGIL CX,EL KHADRA,SIPCAM INAGRA
PUGIL CX,EL KHADRA,SIPCAM
PUGIL CX,EL KHADRA,INAGRA
QUIMERA WG,EL KHADRA,AFRASA
QUIMERA WG,EL KHADRA,JEBAGRO(distr ibuteur)
QUIMERA WG,EL KHADRA,INDUSTRIAS AFRAZA
QUIMERA WG,EL KHADRA,ALBAUGH EUROPE SARL
RALINE480EC,EL KHADRA,"JIANGSU FENGSHAN GROUP CO,LTD NANJING FENGSHAN CHEMICAL"
RALINE480EC,EL KHADRA,AAKO
RYCAR SC,EL KHADRA,SIPCAM INAGRAS
RYCAR SC,EL KHADRA,SIPCAM
RYCAR SC,EL KHADRA,INAGRAS
S ERISS 25 EC,EL KHADRA,INDUSTRIAS AFRASA S.A
S ERISS 25 EC,EL KHADRA,ALBAUGH EUROPE SARL
S INOCYPER,EL KHADRA,CROPSAVE PESTICIDES
S INOCYPER,EL KHADRA,INDIAN
S INOCYPER,EL KHADRA,PVT.LTD
SATELITE,EL KHADRA,AFRASA INDUSTRIAS
SATELITE360 SL,EL KHADRA,AFRASA INDUSTRIAS AFRASA S.A
SATELITE360 SL,EL KHADRA,AFRASA INDUSTRIAS
SATELITE360 SL,EL KHADRA,AFRASA S.A
SATELITE360 SL,EL KHADRA,INDUSTRIAS AFRAZA
SATELITE360 SL,EL KHADRA,ALBAU GH EUROPE SARL
SERISS 25 EC,EL KHADRA,INDUSTRIAS AFRASA S.A
SERISS 25 EC,EL KHADRA,ALBAUGH EUROPE SARL
SINOCYPER,EL KHADRA,CROPSAVE PESTICIDES
SINOCYPER,EL KHADRA,INDIAN
SINOCYPER,EL KHADRA,PVT.LTD
SPEEDY SC,EL KHADRA,NINGBO SUNJOY AGROSCIENCE INDUSTRY Cropidea
SPEEDY SC,EL KHADRA,Cropidea
SPINO 480 SC,EL KHADRA,"BAICO BIOTECH CO,LTD"
SR/ Changement,EL KHADRA,CORPORATE
SYNCHRO,EL KHADRA,SHARDA WORLDWIDE
SYNCHRO,EL KHADRA,SHARDA
SYNCHRO,EL KHADRA,WORLDWIDE
TERBYNE 75 WG,EL KHADRA,SIPCAM INAGRA
TERBYNE 75 WG,EL KHADRA,SIPCAM
TERBYNE 75 WG,EL KHADRA,INAGRA
Topol,EL KHADRA,SHARDA
Topol,EL KHADRA,SHARDA CROPCHEM
Topol,EL KHADRA,LIMITED INDE
VALMEC EC,EL KHADRA,INDUSTRIAS AFRASA S.A
VALMEC EC,EL KHADRA,AFRASA S.A
VALMEC EC,EL KHADRA,ALBAU GH EUROPE SARL
VANGUARD SC,EL KHADRA,HANGHZOU TOPAGRO
VANGUARD SC,EL KHADRA,BIOSCIENCE
VEGA,EL KHADRA,Sharda Cropchem Limited
Volteo 75 WG,EL KHADRA,AFRASA
Volteo 75 WG,EL KHADRA,JSC(AVGUST)
Weed Killer,EL KHADRA,Espagne INDE INDE BULGARIE
Xpert WG,EL KHADRA,Sharda
Xpert WG,EL KHADRA,GOWAN CROP PROTECTION LIMITED
thru,EL KHADRA,CORPORATE
RYCAR SC y,EL KHADRA AGROSYSTEMES,INAGRAS GLOBACHEM
HACHI-HACHI E C T.F.,EL KHADRA N°.H.,SIPCAM INAGRA SOCIETE
Aurige70,EL KHADRHA,SIPCAM INAGRA
Methyl-T,EL KHADRHA,"UPL, SIPCAM INAGRA Nufarm"
SOLFOLIQUID 80 SC,EL KHARDA,AFEPASA
SULFOMAX,EL KHARDA,AFEPASA
Agroxyl-M,EL MOUSSEM,I.Q.V AGRO UNITED PHOSPHORUS NUFARM IQV DEL VALLES
Atrium,EL MOUSSEM,TAGROS CHEMICALS
BRINKA SC,EL MOUSSEM,UPL
CONFIRM 5 EW,EL MOUSSEM,NIPPON SODA
CONFIRM 5 EW,EL MOUSSEM,Nisso Chemical Europe GmbH
CYPGOLD 500 EC,EL MOUSSEM,ARYSTA LIFESCIENCE
CYPGOLD 500 EC,EL MOUSSEM,UPL
CeraBait,EL MOUSSEM,EVIE MICHAAILIDES
Corasil Super,EL MOUSSEM,NUFARM
Cuprofix C WG,EL MOUSSEM,LIMITED INDE
EVITO P,EL MOUSSEM,ARYSTA LIFESCIENCE UPL
EVITO P,EL MOUSSEM,UPL
FILDER,EL MOUSSEM,LIMITED INDE
Gipsy,EL MOUSSEM,ROTAM
Gipsy,EL MOUSSEM,AGROCHEMICA L
Hurricaine,EL MOUSSEM,SOCIETE OCCITANE DE FABRICATIONS ET DE TECHNOLOGIES
Hurricaine,EL MOUSSEM,SDP
Insegar 25 WG,EL MOUSSEM,SYNGENTA
KABUTO,EL MOUSSEM,"Mitsui Chemicals Agro,Inc"
KABUTO,EL MOUSSEM,"Mitsui Chemicals crop&life solutions,Inc(fab)"
KABUTO,EL MOUSSEM,Summit Agro International Ltd(fournisseur)
METEOR,EL MOUSSEM,NUFARM
OSSETIA WG,EL MOUSSEM,RotamAgrochemic al
OSSETIA WG,EL MOUSSEM,ALBAUGH
PRIME,EL MOUSSEM,Bayer AG
Prev-am,EL MOUSSEM,ORO AGRI
SERENADE,EL MOUSSEM,Bayer AG
SERENADE PRIME,EL MOUSSEM,Bayer AG
Super Chlorpy,EL MOUSSEM,DOW AGROSCIENCES
Super Chlorpy,EL MOUSSEM,GHARDA CHEMICALS
Super Chlorpy,EL MOUSSEM,arist eas
TAZER XPERT SC,EL MOUSSEM,NUFARM
VACCIPLANT,EL MOUSSEM,GOEMAR SAS
Ecotech-Bio,EL MOUSSEM AG,YPSILON S.A
Gibelex,EL MOUSSEM AGRI,Espagne CHYPRE CHYPRE INDE USA
Tayara,EL MOUSSEM AGRI,USA Espagne DANEMARK Espagne
Maton,EL MOUSSEM AGRI.,A H MARKS
Maton,EL MOUSSEM AGRI.,NUFARM
ADVANCE WG,EL MOUSSEM AGRICOLE,Agro
ADVANCE WG,EL MOUSSEM AGRICOLE,PORTUGAL
ALLUM WG,EL MOUSSEM AGRICOLE,NUFARM
Allum MZ,EL MOUSSEM AGRICOLE,NUFARM
Amaline Flow,EL MOUSSEM AGRICOLE,NUFARM
Amiral,EL MOUSSEM AGRICOLE,PARIJAT INDUSTR.
Amiral,EL MOUSSEM AGRICOLE,ariestas
Attribut 70 SG,EL MOUSSEM AGRICOLE,BAYER CROPSCIENCE
BastaF1,EL MOUSSEM AGRICOLE,BAYER CROPSCIENCE
Cesar,EL MOUSSEM AGRICOLE,JAPON
Cesar,EL MOUSSEM AGRICOLE,"NIPPON SODA CO., LTD"
Challenge 600SC,EL MOUSSEM AGRICOLE,Bayer AG
Citrole,EL MOUSSEM AGRICOLE,TotalEnergies Fluides
Cuproxat,EL MOUSSEM AGRICOLE,NUFARM
Cuproxat SC,EL MOUSSEM AGRICOLE,NUFARM
DUO Flash WG,EL MOUSSEM AGRICOLE,BAYER CROPSCIENCE
Decis EC 25,EL MOUSSEM AGRICOLE,BAYER CROPSCIENCE ARYSTA LIFESCIENCE
Decis EC 25,EL MOUSSEM AGRICOLE,BAYER CROPSCIENCE
DecisEC25,EL MOUSSEM AGRICOLE,BAYER CROPSCIENCE
Diva1.8EW,EL MOUSSEM AGRICOLE,CHEMINOVA
ELIOS,EL MOUSSEM AGRICOLE,BAYER CROPSCIENCE
EVITO 480 SC,EL MOUSSEM AGRICOLE,LIFESCIENCES
Ecotech-BIO,EL MOUSSEM AGRICOLE,YPSILON S.A
Evito T,EL MOUSSEM AGRICOLE,ARYSTA LIFESCIENCE
Evito T,EL MOUSSEM AGRICOLE,UPL
FLUANCE 125 E C,EL MOUSSEM AGRICOLE,Indofil Industries Limited
FLUANCE 125 EC,EL MOUSSEM AGRICOLE,Indofil Industries Limited
G ENERAL SC,EL MOUSSEM AGRICOLE,PARIJAT INDUSTR. ariestas
GLADIUS 10 SC,EL MOUSSEM AGRICOLE,"Nippon kayaku Co.,Ltd"
GLADIUS 10 SC,EL MOUSSEM AGRICOLE,Summit Agro international Ltd
H I BIO WG,EL MOUSSEM AGRICOLE,ALBAUGH EUROPE SARL
HI BIO WG,EL MOUSSEM AGRICOLE,ALBAUGH EUROPE SARL
Illicos Flexi 300 SC,EL MOUSSEM AGRICOLE,SYNGENTA
KAISO 5%,EL MOUSSEM AGRICOLE,NUFARM
KYLEO,EL MOUSSEM AGRICOLE,NUFARM
LEIMAY 20 SC,EL MOUSSEM AGRICOLE,NISSAN CHEMICAL EUROPE SAS ARYSTA LIFESCIENCES
LEIMAY 20 SC,EL MOUSSEM AGRICOLE,NISSAN CHEMICAL EUROPE SAS
LEIMAY 20 SC,EL MOUSSEM AGRICOLE,ARYSTA LIFESCIENCES
Laincobre-M,EL MOUSSEM AGRICOLE,LAINCO
METEOR,EL MOUSSEM AGRICOLE,NUFARM
METEOR,EL MOUSSEM AGRICOLE,arist NUFARM arist
MEXIRAM TRI,EL MOUSSEM AGRICOLE,ALBAUGH EUROPE SARL
MIMIC 240 SC,EL MOUSSEM AGRICOLE,orteva
Methyl-T,EL MOUSSEM AGRICOLE,"UPL, SIPCAM INAGRA Nufarm"
Mythos300 SC,EL MOUSSEM AGRICOLE,BAYER CROPSCIENCE
Mythos300SC,EL MOUSSEM AGRICOLE,BAYER CROPSCIENCE
Nupoxyn,EL MOUSSEM AGRICOLE,NUFARM
Prev-am,EL MOUSSEM AGRICOLE,ORO AGRI
Previcur Energy,EL MOUSSEM AGRICOLE,BAYER CROPSCIENCE
Revus 250 SC,EL MOUSSEM AGRICOLE,SYNGENTA
"Rufast 7,5 EW",EL MOUSSEM AGRICOLE,CHEMINOVA
SYNERGY WP,EL MOUSSEM AGRICOLE,ARISTEAS Agro(fournisseur) INDOFI L INDUSTRIES LIMITED(fabricant)
Sereno,EL MOUSSEM AGRICOLE,BAYER CROPSCIENCE
Takumi 20 WG,EL MOUSSEM AGRICOLE,JAPON
Takumi 20 WG,EL MOUSSEM AGRICOLE,NIHON NOHYAKU NICHINO EUROPE
Takumi 20 WG,EL MOUSSEM AGRICOLE,BAYER
Takumi 20 WG,EL MOUSSEM AGRICOLE,"EASTCHEM CO,Ltd CHINE"
Takumi 20 WG,EL MOUSSEM AGRICOLE,NIHON NOHYAKU
Takumi 20 WG,EL MOUSSEM AGRICOLE,NICHINO EUROPE
Tazer 250 SC,EL MOUSSEM AGRICOLE,NUFARM
Tiger,EL MOUSSEM AGRICOLE,PARIJAT INDUSTRIES
Timpani,EL MOUSSEM AGRICOLE,NUFARM
Unix 50 WG,EL MOUSSEM AGRICOLE,SYNGENTA
VITIPEC,EL MOUSSEM AGRICOLE,ASCENZA
Volare,EL MOUSSEM AGRICOLE,BAYER AG
Tiger,EL MOUSSEM AGRICOLE RAYEN PHYTAGRI,PARIJAT INDUSTRIES
Previcur607,EL MOUSSEM ATLAS AGRICOLE,BAYER CROPSCIENCE BAYER CROPSCIENCE ASTRACHEM
Clinic,EL MOUSSEMAGRI.,NUFARM
Copezine50,ELKHADRA,SIPCAM QUIMAGRO
GLISO360,ELKHADRA,SIPCAMINGARA
GLISO360,ELKHADRA,SIPCAM
GLISO360,ELKHADRA,INGARA
WeedKiller,ELKHADRA,ShardaWorld Wide
WeedKiller,ELKHADRA,SHARDA CROPCHEM
WeedKiller,ELKHADRA,LIMITED INDE
ELIOS,ELMOUSSEM AGRICOLE,BAYERCROPSCIENCE
Dicozeb 80,ELMOUSSEM.,MCA UPL Phosphorus ARYSTA LIFESCIENCE INDUST. QUIMICA KEY AGRIA SA AGRIA SA CEREXAGRI BV SIPCAM INAGRA SIPCAM INAGRA INDOFIL INDE DOW AGROSCIENCES COROMANDEL Ltd. United Phosphorus Ltd ZENITH CROPSCIENCES
Dicozeb 80,ELMOUSSEM.,INDOFIL INDE
ACTROSE 18 EC,ETS MEZGHANI,ASTRACHEM
ACTROSE18EC,ETS MEZGHANI,ASTRACHEM
Azar,ETS MEZGHANI,IND.QUIMICA KEY
BENTAKEY SL,ETS MEZGHANI,SHANDONG BIONNONG TECHNOLOGY CO.LTD I.Q.Key
BENTAKEY SL,ETS MEZGHANI,Distribué par I.Q.Key
BENTAKEY SL,ETS MEZGHANI,Dow Agrosciences
BENTAKEY SL,ETS MEZGHANI,Dow Agrosciences COR TEVA
Broditop,ETS MEZGHANI,ZAPI SPA
Broditop wax block,ETS MEZGHANI,ZAPI SPA
COBRE KEY,ETS MEZGHANI,KEY
DELFOS 5G,ETS MEZGHANI,INDUSTRIAL QUIMICA KEY
DELFOS 5G,ETS MEZGHANI,QUIMICA KEY
DOUBLE WP,ETS MEZGHANI,KEY
Delfos,ETS MEZGHANI,INDUSTRIAL QUIMICA KEY DOW AGROSCIENCES ALCOTAN DOW AGROSCIENCES COROMANDEL AAKO
Delfos,ETS MEZGHANI,INDUSTRIAL QUIMICA KEY
Delfos,ETS MEZGHANI,QUIMICA KEY
Dimethon,ETS MEZGHANI,INDUST. QUIMICA KEY
Exitox,ETS MEZGHANI,INDUSTRIAL QUIMICA KEY
Exitox,ETS MEZGHANI,|
Exitox,ETS MEZGHANI,QUIMICA KEY
FOUZILE EC,ETS MEZGHANI,INDUST. QUIMICA KEY
FOUZILE EC,ETS MEZGHANI,QUIMICA KEY
Flural,ETS MEZGHANI,INDUSTRIAL Q. KEY
Flural,ETS MEZGHANI,Q. KEY
Flural,ETS MEZGHANI,AAKO
Fortin,ETS MEZGHANI,INDUSTRLQUIMICAKEY
Hersan-I,ETS MEZGHANI,INDUSTRIAL QUIMICA KEY S.A
IMIDAPUM WG,ETS MEZGHANI,JIANGSU KESHENG GROUP
Insecticida KEY,ETS MEZGHANI,Industrial Quimica Key
Insecticida KEY,ETS MEZGHANI,Key
InsecticidaKEY,ETS MEZGHANI,Industrial Quimica Key
KEY,ETS MEZGHANI,Key
KEY Azufre,ETS MEZGHANI,INDUSTRIAL QUIMICA KEY
KEY Azufre,ETS MEZGHANI,AFEPASA S.A
KEYFOL 80 WP,ETS MEZGHANI,LIMIN CHEMICAL CO.LTD
Keythion,ETS MEZGHANI,INDUSTRIAL QUIMICA KEY
Konan EW,ETS MEZGHANI,INDUSTRIAL QUIMICA KEY
Konan EW,ETS MEZGHANI,KEY
KonanEW,ETS MEZGHANI,INDUSTRIAL QUIMICA KEY
Kresoxystar 350SC,ETS MEZGHANI,ANHUI HUAXING CHEMICAL INDUSTRY CO.Ltd CHINE(Nanjin gagrochem
Kresoxystar 350SC,ETS MEZGHANI,BASF Nanjing agrochemical
Kresoxystar 350SC,ETS MEZGHANI,BASF
MERCERATITE,ETS MEZGHANI,Key
MERCERATITE KEY,ETS MEZGHANI,Key
PRISMA SL,ETS MEZGHANI,INDUSTRIAL QUIMICA KEY
PROMORE 722 SL,ETS MEZGHANI,ASTRACHEM
PROMORE722SL,ETS MEZGHANI,ASTRACHEM
PROZOLE 250 EC,ETS MEZGHANI,A STRACHEM
Ridaline,ETS MEZGHANI,DOW AGROSCIENCES
SIMAKEY,ETS MEZGHANI,INDUSTRIAL QUIMICA KEY Espagne
SIMAKEY,ETS MEZGHANI,SPICAM INAGRA SA
SIMAKEY,ETS MEZGHANI,DOW AGROSCIENCES CORTEVA
Sharbenta,ETS MEZGHANI,Dow Agrosciences
TALENT 150 SC,ETS MEZGHANI,ASTRACHEM
TALENT 150 SC,ETS MEZGHANI,ASTRAN
TALENT 150 SC,ETS MEZGHANI,ASTRAN OVA
TALENT 150 SC,ETS MEZGHANI,Shandong weifang rainbow chemical0
TALENT 150 SC,ETS MEZGHANI,AAKO
TERAPUR,ETS MEZGHANI,Industrial Quimica Key
TERAPUR,ETS MEZGHANI,a Key
TERAPUR,ETS MEZGHANI,Key
TINA EC,ETS MEZGHANI,INDUSTRIAL QUIMICA KEY
TINAEC,ETS MEZGHANI,INDUSTRIAL QUIMICA KEY
TINAEC,ETS MEZGHANI,QUIMICA KEY
TIOKEY WP,ETS MEZGHANI,HAILI GUIXI CHEMICAL PESTICIDE CO.LTD
claveWP,ETS MEZGHANI,industrial quimica key
keynyl herbicide EC,ETS MEZGHANI,industrial quimicakey
keynyl herbicide EC,ETS MEZGHANI,DOW AGROSCIENCE
syterna EC,ETS MEZGHANI,fengdeng
touta stop WP,ETS MEZGHANI,industrial quimica key
touta stop WP,ETS MEZGHANI,key
A7zox SC,ETS MEZGHANNI,"JIANGYIN SULI CHEMICAL CO.LTDi,Q,Key"
AZox SC,ETS MEZGHANNI,"JIANGYIN SULI CHEMICAL CO.LTDi,Q,Key"
Azox SC,ETS MEZGHANNI,"JIANGYIN SULI CHEMICAL CO.LTDi,Q,Key"
Azox SC,ETS MEZGHANNI,JIANGYIN SULI CHEMICAL
Azox SC,ETS MEZGHANNI,"CO.LTDi,Q,Key"
D66,ETS MEZGHANNI,INDUSTRIAL QUIMICA KEY
D66,ETS MEZGHANNI,KEY
D66,ETS MEZGHANNI,QUIMICA KEY
Giberkey,ETS MEZGHANNI,Industrial Quimica Key
KEYLAM EC,ETS MEZGHANNI,ZHEJIANG WELL-DONE CHEMICAL CO.LTD
KEYLAM EC,ETS MEZGHANNI,Industrial quimica Key
STV (Soufre,ETS MEZGHANNI,Sté CHERIFIENNE
STV (Soufre Trituré,ETS MEZGHANNI,Sté CHERIFIENNE
Trituré Ventilé),ETS MEZGHANNI,d’ENGRAIS
Ventilé),ETS MEZGHANNI,d’ENGRAIS
Maxil,ETS. MEZGHANI,I.Q.V AGRO UNITED PHOSPHORUS NUFARM IQV DEL VALLES
Maxil,ETS. MEZGHANI,INDUST. QUIMICAKEY
Selene,ETS. MEZGHANI,INDUSTRIAL QUIMICA KEY
Selene,ETS. MEZGHANI,QUIMICA KEY
Zatest,ETS. MEZGHANI,MCA UPL Phosphorus ARYSTA LIFESCIENCE INDUST. QUIMICA KEY AGRIA SA AGRIA SA CEREXAGRI BV SIPCAM INAGRA SIPCAM INAGRA INDOFIL INDE DOW AGROSCIENCES COROMANDEL Ltd. United Phosphorus Ltd ZENITH CROPSCIENCES
Zatest,ETS. MEZGHANI,Agria
Zatest,ETS. MEZGHANI,INDUST. QUIMICA KEY
Mankey,ETS.MEZGHANI,INDUST. QUIMICA KEY CEREXAGRI BV CEREXAGRI
Metakey,ETS.MEZGHANI,"PHOSPHONI A, SL) SIPCAM INAGRA CEQUISA S.A INDUS QUIMICAKEY United Phosphorus"
Metakey,ETS.MEZGHANI,INDUS QUIMICAKEY
Metakey,ETS.MEZGHANI,"INDUS QUIMICAKEY CEQUISA PHOSPH ONIA, SL) UPL SHARDA CROPCHEM LIMITED INDE"
Proteinkey,ETS.MEZGHANI,QUIMICA KEY
CobraKey,ETSMEZGHANI,INDUSTRI. QUIMICAKEY
Cobre,ETSMEZGHANI,INDUSTRI.
CobreKey,ETSMEZGHANI,INDUSTRI.
CobreKey,ETSMEZGHANI,QUIMICAKEY
Flurostar 200,ETSMEZGHANI,GLOBACHEM
Fortin,ETSMEZGHANI,INDUSTRLQUIMICA KEY
Fortin,ETSMEZGHANI,INDUSTRLQUIM
Fortin,ETSMEZGHANI,MICAKEY
Key,ETSMEZGHANI,QUIMICAKEY
OXIFENEC,ETSMEZGHANI,INDUST.QUIMICA KEY
OXIFENEC,ETSMEZGHANI,umittimo
OXIFENEC,ETSMEZGHANI,BELCHIM CROP PROTECTION CE RITIS BELCHIM NV
PRISMASL,ETSMEZGHANI,ESPAGNE
keynyl herbicide EC,ETSMEZGHANI,DOW AGROSCIENCE
touta stop WP,ETSMEZGHANI,|
touta stop WP,ETSMEZGHANI,VALENT BIOSCIENCE CORPORATION s umitomo chemical
KEYLAM EC,ETSMEZGHANNI,Industrial quimica Key
KEYLAM EC,ETSMEZGHANNI,Key
ALDEM 3% GR,EXCEL AGRI,SHARDA
AXYTOP 50WG,EXCEL AGRI,SHARDA
AXYTOP 50WG,EXCEL AGRI,|
BENAZOLE,EXCEL AGRI,SHARDA CROPCHEM
BENAZOLE,EXCEL AGRI,LIMITED INDE
CAPITOL 80 WG,EXCEL AGRI,SHARDA
CASTEL 48 EC,EXCEL AGRI,SHARDA
Cayen 500 WG,EXCEL AGRI,SHARDA
HERBOL,EXCEL AGRI,SHARDA
HERBOL,EXCEL AGRI,LAINCO
IMIDOR SC,EXCEL AGRI,SHARDA
PROTECT PLUS EC,EXCEL AGRI,SHARDA CROPCHEM
PROTECT PLUS EC,EXCEL AGRI,LIMITED INDE
PYRAMIDE,EXCEL AGRI,SHARDA CROPCHEM
PYRAMIDE,EXCEL AGRI,LIMITED INDE
Penda,EXCEL AGRI,SHARDA
TAZOLE 410 EC,EXCEL AGRI,SHARDA
VERDIS 36 SL,EXCEL AGRI,Sharda Cropchem Limited
VERDIS 36 SL,EXCEL AGRI,AFRASA S.A
VERDIS 36 SL,EXCEL AGRI,INDUSTRIAS AFRAZA ALBAU GH EUROPE SARL
CUPERTINE,F ERTITECH,ALINTRA ESPAGNE
SUPER WP,F ERTITECH,ALINTRA ESPAGNE
CAPLANT EC,FERTIPLANT,SHARDA CROPCHEM LIMITED INDE
CYPERFAN 25 EC,FERTIPLANT,SHARDA WORLDWIDE
DESSICASH 20 SL,FERTIPLANT,SHARDA
EKKA SP,FERTIPLANT,KR Lifesciences
EKKA SP,FERTIPLANT,Pvt Ltd
Emamectin SG,FERTIPLANT,Krishi rasayam
GLYPHOPLANT 36 SL,FERTIPLANT,INDE
JEMSTAR,FERTIPLANT,Krishlifescience
PHYDEAL SL,FERTIPLANT,SDP
POLYVERSUM,FERTIPLANT,BIOPREPARATY
SHARMINA 720 SL,FERTIPLANT,SHARDA
SULPHUR 55 SC,FERTIPLANT,KR Lifesciences inde
SUPER,FERTIPLANT,KR Lifesciences
SUPER,FERTIPLANT,inde
TEBUSHA 6 FS,FERTIPLANT,Sharda World wide
TIFO 25 EC,FERTIPLANT,Sharda cropchem
ARIANE WG,FERTITECH,HANGZHOU TOPAGRO BIOSCIENCE
BOOSTER SE,FERTITECH,TOPAGRO BIOSCIENCE
BOOSTER SE,FERTITECH,TOPAGRO
BOOSTER SE,FERTITECH,BIOSCIENCE
Black panther SC,FERTITECH,HANGZHOU TOPAGRO BIOSCIENCE
Black panther SC,FERTITECH,HANGZHOU TOPAGRO
Black panther SC,FERTITECH,BIOSCIENCE
Bordocure WG,FERTITECH,ALINTRA
CHARISMA,FERTITECH,Sharda Cropchen
CLEANER WP,FERTITECH,HANGZHOU TOPAGRO BIOSCIENCE
CLEANER WP,FERTITECH,HANGZHOU TOPAGRO
CLEANER WP,FERTITECH,BIOSCIENCE
CUPERTINE,FERTITECH,ALINTRA ESPAGNE
CURATEX,FERTITECH,SHARDA CROPCHEM
CURATEX EXTRA SC,FERTITECH,SHARDA CROPCHEM
Crystal SC,FERTITECH,HANGZHOU TOPAGRO BIOSCIENCE
Crystal SC,FERTITECH,HANGZHOU TOPAGRO
Crystal SC,FERTITECH,BIOSCIENCE
DOREMY,FERTITECH,TAGROS CHEMICALS
DRAGON,FERTITECH,INDE
DRAGON,FERTITECH,SHARDA CROPCHEM Lt
DRAGON,FERTITECH,LIMITED INDE
EMERAUDE WP,FERTITECH,HANGZHOU TOPAGRO BIOSCIENCE
EXTRA SC,FERTITECH,SHARDA CROPCHEM
FLOZAME EC,FERTITECH,SHARDA CROPCHEM
FLOZAME EC,FERTITECH,LIMITED INDE
FYTODIM EC,FERTITECH,TOPAGRO BIOSCIENCE
FYTODIM EC,FERTITECH,TOPAGRO
FYTODIM EC,FERTITECH,BIOSCIENCE
GALAXY,FERTITECH,sharda cropchem
HERBISTAR WDG,FERTITECH,SHARDA CROPCHEM
Hidrocure WG,FERTITECH,ALINTRA
LAINCOIL EC,FERTITECH,LAINCO
LAINSECT EC,FERTITECH,LAINCO
MAGIC EC,FERTITECH,HANGZHOU TOPAGRO BIOSCIENCE
MAGIC EC,FERTITECH,HANGZHOU
MAGIC EC,FERTITECH,TOPAGRO
MAGIC EC,FERTITECH,BIOSCIENCE
PIXEL SC,FERTITECH,TOPAGRO BIOSCIENCE
PIXEL SC,FERTITECH,TOPAGRO
PIXEL SC,FERTITECH,BIOSCIENCE
PRODIGE,FERTITECH,SHARDA CROPCHEM
PRODIGE,FERTITECH,LIMITED INDE
PYRAMIDE,FERTITECH,SHARDA CROPCHEM
PYRIFOS,FERTITECH,SHARDA
R EMAX EC,FERTITECH,SHARDA CROPCHEM
R EMAX EC,FERTITECH,INDE
REMAX EC,FERTITECH,SHARDA CROPCHEM
REMAX EC,FERTITECH,LIMITED INDE
RIVAGE,FERTITECH,SHARDA CROPCHEM
RIVAGE,FERTITECH,LIMITED INDE
SPYRITE SC,FERTITECH,SHARDA CROPCHEM
SPYRITE SC,FERTITECH,LIMITED INDE
SUPER WP,FERTITECH,ALINTRA ESPAGNE
VALTOSAN WP,FERTITECH,ALINTRA-ESPAGNE
power WDG,FERTITECH,Sharda
LAINCOIL EC,FERTITECH NEGANOR,LAINCO
COLOSSAL,HALAB TUNISIE,JSC AUGUST INC
COLOSSALSous,HALAB TUNISIE,AVGUST CROP
COLOSSALSous,HALAB TUNISIE,AVGUST CROP CORPORATION
RAYOK,HALAB TUNISIE,JSC AUGUST INC
changement de DC,HALAB TUNISIE,AVGUST CROP CORPORATION
réserve de,HALAB TUNISIE,AVGUST CROP CORPORATION
réserve de changement de DC,HALAB TUNISIE,CORPORATION
LastFly Ceratitis,HORTIMED,"QUIMICAS MERISTEM S,L"
140 DC,IMPEX,SYNGENTA
ARIS GOLD,IMPEX,SYNGENTA
ARIS GOLD R WG,IMPEX,SYNGENTA
Affinex,IMPEX,FMC
BESIEGE 150 ZC,IMPEX,SYNGENTA
Blanca,IMPEX,ShardaWorld Wide
Blanca,IMPEX,LIMITED INDE
Bonbard,IMPEX,BASF
CIGNA 50 EC,IMPEX,SYNGENTA
DELTOP EC,IMPEX,CHEMICAL CO.LTD
PRIAXOR SE,IMPEX,BASF
PYROS SC,IMPEX,RAINBOW CHEMICAL CO.LTD
QUELEX,IMPEX,COR TEVA
SOLVIGO 185 SC,IMPEX,SYNGENTA
SUPREME 25 EW,IMPEX,UPL LIMITED
Signum WG,IMPEX,BASF
VELIFER OD,IMPEX,BASF
DELTOP EC,IMPEX COTUGRAIN IMPEX,SHANDONG WEIFANG RAINBOW CHEMICAL CO.LTD
SPOZINE SC,IMPEX COTUGRAIN IMPEX,SHANDONG WEIFANG RAINBOW CHEMICAL CO.LTD CHINE
VIGILANT 480 SC,IMPEX COTUGRAIN IMPEX,UPL CHEMTURA UPL
(NouvelleD.C de,INNOVA,Dow Agrosciences
/,INNOVA,SIPCAM INAGRA
Buggy,INNOVA,SIPCAM INGARA
Champ Flo,INNOVA,NUFARM
DURSBAN 5G,INNOVA,Dow Agrosciences
Derby,INNOVA,DOW AGROSCIENCES
Dursban4E,INNOVA,DOW AGROSCIENCES
FENGIB EC,INNOVA,Espagne
FOBECI,INNOVA,SIPCAM INAGRA
Galben M,INNOVA,FMC
Gallant Super,INNOVA,DOW AGROSCIENCES
Gastrotox,INNOVA,"PHOSPHONI A, SL) SIPCAM INAGRA CEQUISA S.A INDUS QUIMICAKEY United Phosphorus"
Goal,INNOVA,DOW AGROSCIENCES
Icaro,INNOVA,SIPCAM INAGRA
LORSBAN 5G),INNOVA,Dow Agrosciences
Lontrel,INNOVA,DOW AGROSCIENCE
Mamba 360 SL,INNOVA,DOW AGROSCIENCES
Mamba Max,INNOVA,USA
Microsol,INNOVA,Espagne
Micène MZ,INNOVA,MCA UPL Phosphorus ARYSTA LIFESCIENCE INDUST. QUIMICA KEY AGRIA SA AGRIA SA CEREXAGRI BV SIPCAM INAGRA SIPCAM INAGRA INDOFIL INDE DOW AGROSCIENCES COROMANDEL Ltd. United Phosphorus Ltd ZENITH CROPSCIENCES
Mitacid,INNOVA,SIPCAM INAGRA (ancient
Mitacid,INNOVA,SIPCAM INAGRA (ancientfabricant: NIHON NOHYAKU Co. Ltd)
Mitacid,INNOVA,GOWAN Espagne
Mitacid,INNOVA,SHARDA CROPCHEM INDE
Mustang 306 SE,INNOVA,DOW AGROSCIENCES
Oïkos EC,INNOVA,NUFARM
POINTER100 CS,INNOVA,SIPCAM INAGRA
PUGIL LA,INNOVA,SIPCAM INAGRA
PUGIL LA,INNOVA,SIPCAM
PUGIL LA,INNOVA,INAGRA
Pharon,INNOVA,Espagne INDE INDE BULGARIE
Pharon,INNOVA,NUFARMS.A
Pride 200,INNOVA,GOWAN Espagne
Reldan 40 EC,INNOVA,DOW AGROSCIENCES
Runner,INNOVA,DOW AGROSCIENCES
SABITHANE GOLD,INNOVA,DOW AGROSCIENCES
Sancozeb 80 WP,INNOVA,MCA UPL Phosphorus ARYSTA LIFESCIENCE INDUST. QUIMICA KEY AGRIA SA AGRIA SA CEREXAGRI BV SIPCAM INAGRA SIPCAM INAGRA INDOFIL INDE DOW AGROSCIENCES COROMANDEL Ltd. United Phosphorus Ltd ZENITH CROPSCIENCES
Sanhormone,INNOVA,DOW AGROSCIENCES
Terbuzine 75 WG,INNOVA,SIPCAM INAGRA
Tracer240SC,INNOVA,DOW AGROSCIENCE
cess APPAT,INNOVA,DOW AGROSCIENCE
Mitacid F L A SH UM,INNOVA EL KHADRA,fabricant: NIHON NOHYAKU Co. Ltd) Espagne
Puma Evolution,JADWA,BAYER CROPSCIENCE
Electis 75 WG,JADWA AGROTEC,GOWAN CIS
Kestrel 240 EC,JADWA AGROTEC,BAYER CROPSCIENCE
Kestrel 240 SC,JADWA AGROTEC,BAYER CROPSCIENCE
MECTINEPRO,JADWA AGROTEC,AAKO BV
Promess,JADWA AGROTEC,ARYSTA Life Science Benelux Belgique arystalifescie nce
Promess,JADWA AGROTEC,ARYSTA Life Science Benelux
Promess,JADWA AGROTEC,arystalifescience
Proplant Promess,JADWA AGROTEC,AGRIPHAR AGRIPHAR
Puma Evolution,JADWA AGROTEC,BAYER CROPSCIENCE
Sherpa,JADWA AGROTEC,CMPA
Sherpa,JADWA AGROTEC,QUIMICA KEY
Tilmor 240 EC,JADWA AGROTEC,BAYER CROPSCIENCE
Akopride,JADWAAGROTEC,AAKO BV
EL,L,AFRAZA
EL,L,ALBAU GH EUROPE SARL
DRASSEN,LAND,shan ghai shengnong pesticide
ROMECTIN EC,LAND,"ROTAM CHEMISTRY CO.,Ltd"
SKYLLA WDG,LAND,PROPLAN
SKYLLA WDG,LAND,JSC(AVGUST)
SKYLLA WDG,LAND,AGROCHEMICA L CO.LTD
Sekator OD,LAND,CROPSCIENCES
APRODONE,LIEN AGRICOLE,SHARDA
BENTAPROTEKT SL,LIEN AGRICOLE,ANHUI ZHONGSHAN CHEMICAL(fabriqué) chine(protektingphyto sanitary Espagne(dist)
BENTAPROTEKT SL,LIEN AGRICOLE,BASF
CLETOPROTEKT,LIEN AGRICOLE,Rotam Agrochemical riv al
CUPROCAFFAR,LIEN AGRICOLE,ISAGRO SPA
CUPROCAFFAR O WP,LIEN AGRICOLE,ISAGRO SPA
CUPROCAFFAR O WP,LIEN AGRICOLE,GOWAN
CUPROCAFFAR O WP,LIEN AGRICOLE,GOWAN ISAGRO SPA GOWAN
DELTAPROTEKT EC,LIEN AGRICOLE,Protekting
LAMDA MAX EC,LIEN AGRICOLE,UNITED CHEMICALS
Glyphomax,LIENAGRICOLE,INDE
Glyphomax,LIENAGRICOLE,ShardaWorld Wide
Glyphomax,LIENAGRICOLE,SHARDA CROPCHEM
Glyphomax,LIENAGRICOLE,LIMITED INDE
Vapormate,LINDE GAS TUNISIE,Linde Group
BIOPROTECTION,MARRONE BIO INNOVATION(FAB) ELEPHANT VERT EUROPE SA(DIS),BIOPREPARATY
GLYFAST 450 SL,MULTAGRI,Braclay chemicals
Numectin,MULTAGRI,NUFARM
CAP-TOP,NEGANOR,NANJIG(JIANGSU LANFENG BIOCHEMICAL(fabri cant))
CAP-VAUNT SC,NEGANOR,Jingbo agrochemicals technologie
CAP-VAUNT SC,NEGANOR,Jingbo agrochemicals
CAP-VAUNT SC,NEGANOR,technologie
CAPILAN SL,NEGANOR,AGROW ALLIED
Cymbal 45,NEGANOR,BELCHIM CROP PROTECTION
Cymbal 45,NEGANOR,CERITIS BELCHIM NV
FUDAN GOLD 44 WDG,NEGANOR,AGRIA
FULL TOP SC,NEGANOR,JIANGYIN SULI CHEMICALCO
FULL TOP SC,NEGANOR,NANJING Agrochemical
HALT WP,NEGANOR,BIOSTADT INDE
HALT WP PLUS WP,NEGANOR,BIOSTADT INDE (EUROPE) BIOG ARD
Katanga Triple WP,NEGANOR,PROPLAN
Katanga Triple WP,NEGANOR,QUMETICA AGRICULTURAL SOLUTIONS SPAIN SLU
LIBERO,NEGANOR,Jingbo agrochemicals technologie
MYCLO EC,NEGANOR,indofil industries limited
Mevaxil Cuivre WP,NEGANOR,IQV DEL VALLES
Micro-cap,NEGANOR,AGROW ALLIED
OLEO CA P EC,NEGANOR,LAINCO
OMIX DUO 450 S C,NEGANOR,Agria
OMIX DUO 450 SC,NEGANOR,Agria
OXAL SC,NEGANOR,Jingboagrochemica
OXAL SC,NEGANOR,ls technologie
PLANT OLEO EC,NEGANOR,LAINCO
POMCORE WP,NEGANOR,AGROW ALLIED
POMOCORE WP,NEGANOR,AGROW ALLIED
POMOCORE WP,NEGANOR,AGROW
POMOCORE WP,NEGANOR,ALLIED
PROMAN,NEGANOR,belchim crop protection
PROMAN,NEGANOR,CE RITIS BELCHIM NV
PROXYG OLD EC,NEGANOR,LAINCO SA
PROXYGOLD EC,NEGANOR,LAINCO SA
Tanrek 500 SC,NEGANOR,AUGUST JSC
V IRTUOZ WG,NEGANOR,NINGBO SUNJOY AGROSCIENCE CO .LTD cropidea
VALIS M,NEGANOR,BELCHIM CROP PROTECTION
VERIN EC,NEGANOR,LAINCO
VIRTUOZ WG,NEGANOR,NINGBO SUNJOY AGROSCIENCE CO .LTD cropidea
Valtonex flow SC,NEGANOR,IQV
Valtonexflow SC,NEGANOR,IQV
ZENER75 WDG,NEGANOR,Agria
omix 607 SL,NEGANOR,Agria
|,NEGANOR,LAINCO
Katanga Triple WP,NEGANOR EL KHADRA,QUMETICA AGRICULTURAL SOLUTIONS SPAIN SLU INDUSTRIAS AFRAZA ALBAUGH EUROPE SARL
ACEGOALXTRA WG,NEGANOR FFT,SHANDONG
ACEGOALXTRA WG,NEGANOR FFT,WEIFANG
ACEGOALXTRA WG,NEGANOR FFT,RAINBOW CHEMICAL CO.LTD CHINE
BOSPEL PLUS SC,NEGANOR FFT,SHANDONG WEIFANG
FLEXINE SC,NEGANOR FFT,HEBEI VEYONG BIO HEMICAL(fab N ANJING dis)
FLOPUS WG,NEGANOR FFT,NANJING(D)SHA
FLOPUS WG,NEGANOR FFT,ANXI
FLOPUS WG,NEGANOR FFT,HENGTIAN
FLOPUS WG,NEGANOR FFT,BIOLOGICAL
FLOPUS WG,NEGANOR FFT,Agriculture(fab)
FLOWPRID WG,NEGANOR FFT,SHANDONG
FLOWPRID WG,NEGANOR FFT,WEIFANG
FLOWPRID WG,NEGANOR FFT,RAINBOW CHEMICAL CO.LTD
GLYPHO-CAP,NEGANOR FFT,UNITED KINGDOM
GLYPHO-CAP,NEGANOR FFT,HOCKLEY INTERNATIONAL LIMITED
GLYPHO-CAP,NEGANOR FFT,HOCKLEY
GLYPHO-CAP,NEGANOR FFT,SHARDA CROPCHEM LIMITED INDE
KORTEX,NEGANOR FFT,FMC
MEVAXIL F,NEGANOR FFT,IQV
MITOVER SC,NEGANOR FFT,SHANDONG
MITOVER SC,NEGANOR FFT,WEIFANG
MITOVER SC,NEGANOR FFT,RAINBOW CHEMICAL CO.LTD CHINE
PLATINUM SC,NEGANOR FFT,HEBEI VEYONG BIO HEMICAL(fab N ANJING dis)
PLIGO ZC,NEGANOR FFT,"EASTCHEM CO,Ltd CHINE"
RAINZONE EC,NEGANOR FFT,SHANDONG
RAINZONE EC,NEGANOR FFT,WEIFANG
RAINZONE EC,NEGANOR FFT,RAINBOW CHEMICAL CO.LTD CHINE
ROMERAL,NEGANOR FFT,ALBAUGH EUROPE SARL
ROMERAL,NEGANOR FFT,INDUSTRIAS AFRAZA ALBAUGH EUROPE SARL
SMECTO SC,NEGANOR FFT,HANGZHOU TOPAGRO BIOSCIENCE CHNINE
TRIFLOS,NEGANOR FFT,JSC(AVGUST)
ULTIMA SC,NEGANOR FFT,SHANDONG WEIFANG
ULTIMA SC,NEGANOR FFT,RAINBOW CHEMICAL CO.LTD
(PIEGES) « KILLDISC,NUTRIPLANT,KOPPERT
+BIOLURE»,NUTRIPLANT,KOPPERT
CAROB MOTH,NUTRIPLANT,TECHNOLOGIES
Cekwat 750,NUTRIPLANT,ESPAGNE
Etaldyne 95,NUTRIPLANT,ESPAGNE
FENGIB EC,NUTRIPLANT,ESPAGNE
FENGIB MAX EC,NUTRIPLANT,ESPAGNE
ISCA LURE,NUTRIPLANT,ISCA
ISCA LURE CAROB,NUTRIPLANT,ISCA
MOSKISAN TRAP,NUTRIPLANT,KOPPERT
MOTH,NUTRIPLANT,TECHNOLOGIES
MYCOTAL WG,NUTRIPLANT,KOPPERT BIOLOGICAL SYSTEM
MYCOTAL WG,NUTRIPLANT,SYSTEM
MYCOTAL WG,NUTRIPLANT,BAYER CROPSCIENCE
MYCOTAL WG,NUTRIPLANT,CORTEVA
Magnet Med,NUTRIPLANT,KOPPERT
NOPATH EW,NUTRIPLANT,KOPPERT BIOLOGICAL SYSTEM
NOPATH EW,NUTRIPLANT,SYSTEM
PHERODIS,NUTRIPLANT,KOPPERT
PHERODIS Tuta,NUTRIPLANT,KOPPERT
Pherosan Ceratitis,NUTRIPLANT,SANSAN PRODESING
SPLAT-EC-O,NUTRIPLANT,ISCA
SPLAT-EC-O,NUTRIPLANT,TECHNOLOGIES
SPLAT-EC-O;sous,NUTRIPLANT,ISCA
Stabilan750,NUTRIPLANT,ESPAGNE
Tonifruit ST,NUTRIPLANT,ESPAGNE
Trianum –P,NUTRIPLANT,KOPPERT
Trianum –P,NUTRIPLANT,BIOLOGICAL
Trianum –P,NUTRIPLANT,SYSTEMS
Trianum –P,NUTRIPLANT,KOPPERT BIOLOGICAL SYSTEMS
Tuta absoluta,NUTRIPLANT,KOPPERT
Tutaabsoluta,NUTRIPLANT,KOPPERT
X-PAND SL,NUTRIPLANT,STOLLER EUROPE ESPAGNE
absoluta,NUTRIPLANT,KOPPERT
pied (arbre),NUTRIPLANT,TECHNOLOGIES
préciser la dose par,NUTRIPLANT,TECHNOLOGIES
réserve de bien,NUTRIPLANT,TECHNOLOGIES
AKTIV SL,PHYTAGRI,chemicals(R&D) Ltd.
BRAI EC,PHYTAGRI,LAINCO SA
CADDY SC,PHYTAGRI,BARCLAY CHEMICALS Ltd
CU MAX,PHYTAGRI,DIACHEM S.P.A
D EXTRA 100 EC,PHYTAGRI,INDE
DEXTRA 100 EC,PHYTAGRI,INDE
DIASTAR MAXI GR,PHYTAGRI,DIACHEM
Dextra 25 EC,PHYTAGRI,TAGROS CHEMICALS
EQUALIZER WG,PHYTAGRI,hangzhouTopagro Bioscience
Flutri 125 SC,PHYTAGRI,SHARDA
Flutri 125 SC,PHYTAGRI,LIMITED INDE
GALLUP HI-AKTIV SL,PHYTAGRI,Barclay chemicals(R&D) Ltd.
GENERAL SC,PHYTAGRI,PARIJAT INDUSTR.
KING DOXA 15 SC,PHYTAGRI,INDE
L AITANE SC,PHYTAGRI,ESPAGNE
LAITANE SC,PHYTAGRI,ESPAGNE
Orotun,PHYTAGRI,ORO AGRI
P ILARTEP SC,PHYTAGRI,PILARQUIIM (jiangsu) CO.LTD CHINE
PILARTEP SC,PHYTAGRI,PILARQUIIM (jiangsu) CO.LTD CHINE
S UGOBY WG,PHYTAGRI,ESPAGNE
SHOSHI 25 SC,PHYTAGRI,LAINCO-Espagne
SUGOBY WG,PHYTAGRI,ESPAGNE
ULTRA ME,PHYTAGRI,VIVAGRO
BRAI EC,PHYTAGRI NEGANOR,LAINCO SA
FESTIVAL WP S/R de,PHYTAGRI RAYEN PHYTAGRI,"ESPAGNE LAINCO, S, A ESPAGNE"
ABAROLE SC,PLANETE VERTE,ASTRACHEM
ABAROLE SC,PLANETE VERTE,SHANDONG
ABAROLE SC,PLANETE VERTE,WEIFANG
ABAROLE SC,PLANETE VERTE,RAINBOW CHEMICAL CO.LTD
GERLIDA SC,PLANETE VERTE,SHANDONG WEIFANG
GERLIDA SC,PLANETE VERTE,RAINBOW CHEMICAL CO.LTD CHINE
LATHRIN EC,PLANETE VERTE,GHARDA HOUSE INDE
P Otegon 20 SP,PLANETE VERTE,ASTRANOVA
POtegon 20 SP,PLANETE VERTE,ASTRANOVA
PROFAST EC,PLANETE VERTE,ASTRACHEM
PROFAST EC,PLANETE VERTE,|
PROXYSAFE EC,PLANETE VERTE,HANGZHOU TOPAGRO BIOSCIENCE CHNINE
PROXYSAFE EC,PLANETE VERTE,SHANDONG WEIFANG RAINBOW CHEMICAL CO.LTD
R HAMSES 20 WP,PLANETE VERTE,ASTRANOVA
RHAMSES 20 WP,PLANETE VERTE,ASTRANOVA
S TIN 80 WP,PLANETE VERTE,ASTRANOVA
SHAOLIN XTRA WG,PLANETE VERTE,SHANDONG WEIFANG
SHAOLIN XTRA WG,PLANETE VERTE,RAINBOW CHEMICAL CO.LTD CHINE
SPINOR 480 SC,PLANETE VERTE,"BAICO BIOTECH CO,LTD"
SPINOZAR 480 SC,PLANETE VERTE,"BAICO BIOTECH CO,LTD"
STIN 80 WP,PLANETE VERTE,ASTRANOVA
Agriphanate,PLUS,MEGHMANI INDUSTRIES
DIQUASH,PLUS,SHARDA
METAX,PLUS,SHARDA
PROTHANE,PLUS,SHARDA
Penda,PLUS,SHARDA
Penda,PLUS,LAINCO
A ntracol,PROMOCHIMIE,BAYER CROPSCIENCE
AGROIL BLEU EC,PROMOCHIMIE,SIPCAM INAGRA
Alion 500 SC,PROMOCHIMIE,BAYER
Alliance,PROMOCHIMIE,NUFARM S.A
Alsystin 480 SC,PROMOCHIMIE,BAYER CROPSCIENCE
Antracol,PROMOCHIMIE,BAYER CROPSCIENCE
AntracolCombi,PROMOCHIMIE,BAYER CROPSCIENCE
BROADSTRIKE WG,PROMOCHIMIE,DOW AGROSCIENCE
Bayfidan312SC,PROMOCHIMIE,BAYER AG.
Bolido 240 SC,PROMOCHIMIE,BAYER CROPSCIENCE GOWA N
Bolido 240 SC,PROMOCHIMIE,G OWAN
Buggy,PROMOCHIMIE,SIPCAMINGARA
Buggy,PROMOCHIMIE,SIPCAM
Buggy,PROMOCHIMIE,INGARA
CASSIOPEE WG,PROMOCHIMIE,BAYER AG
CIFOXIL WP,PROMOCHIMIE,SIPCAM INAGRA
COREGIS SC,PROMOCHIMIE,DU PONT
COREGIS SC,PROMOCHIMIE,FMC
Calypso,PROMOCHIMIE,BAYER CROPSCIENCE
Camaro430SC,PROMOCHIMIE,SHARDA
Camaro430SC,PROMOCHIMIE,BAYER CROPSCIENCE
Confidor,PROMOCHIMIE,BAYER CROPSCIENCE
Confidor 200 OD,PROMOCHIMIE,BAYER CROPSCIENCE
Corail,PROMOCHIMIE,BAYER CROPSCIENCE
Cuprene,PROMOCHIMIE,SIPCAM QUIMAGRO
DRABANT,PROMOCHIMIE,FMC
Derby,PROMOCHIMIE,DOW AGROSCIENCES cort eva
Derby,PROMOCHIMIE,DOW AGROSCIENCE S
Derby,PROMOCHIMIE,corteva
Derby,PROMOCHIMIE,BAYER CROPSCIENCE
Derby,PROMOCHIMIE,ALBAUGH EUROPE SARL
FENGIB MAX EC,PROMOCHIMIE,SIPCAM INAGRA S.A
Flint,PROMOCHIMIE,BAYER CROPSCIENCE
Galben M,PROMOCHIMIE,FMC
Gallant Super,PROMOCHIMIE,DOW AGROSCIENCES
Goal,PROMOCHIMIE,HANGZHOU NUTRICHEM sumitti mo
Goal,PROMOCHIMIE,HANGZHOU NUTRICHEM
Goal,PROMOCHIMIE,s umittimo
Goal,PROMOCHIMIE,BELCHIM CROP PROTECTION CE RITIS BELCHIM NV
H orizon 250 EW,PROMOCHIMIE,BAYER CROPSCIENCE
Horizon 250 EW,PROMOCHIMIE,BAYER CROPSCIENCE
Horizon250EW,PROMOCHIMIE,BAYER CROPSCIENCE
K RISANT EC,PROMOCHIMIE,SIPCAM INGRA
KRISANT EC,PROMOCHIMIE,SIPCAM INGRA
MATENO STAR 570 SC,PROMOCHIMIE,BAYER CROPSCIENCE
"Melody Duo 66,8 WP",PROMOCHIMIE,BAYER CROPSCIENCE
Microsol,PROMOCHIMIE,SIPCAM QUIMAGRO
Monceren,PROMOCHIMIE,BAYER CROPSCIENCE
Monceren,PROMOCHIMIE,BAYER CROPSCIENCE Gowa n Crop Protection
Monceren,PROMOCHIMIE,SYNGENTA
N e macur 10 G,PROMOCHIMIE,AMVAC Chemical Corporation)
Nemacur10G,PROMOCHIMIE,AMVAC Chemical Corporation
POINTER100 CS,PROMOCHIMIE,SIPCAM INAGRA
Prosaro 250 EC,PROMOCHIMIE,BAYER CROPSCIENCE
Proteus 170 OD,PROMOCHIMIE,BAYER CROPSCIENCE
REVINTY 5 EW,PROMOCHIMIE,JIANGXI
REVINTY 5 EW,PROMOCHIMIE,ZHENGBANG CHINE
REVINTY 5 EW,PROMOCHIMIE,JIANGXI ZHENGBANG CHINE
REVINTY 5 EW,PROMOCHIMIE,NANJING
Runner,PROMOCHIMIE,DOW AGROSCIENCES
Runner,PROMOCHIMIE,DOW
Runner,PROMOCHIMIE,ANDERMATT PHP (Pty) AFRIQUE DE SUD
SABITHANE GOLD,PROMOCHIMIE,DOW AGROSCIENCES
SKYWAY XPRO EC,PROMOCHIMIE,BAYER AG
Sencor 600SC,PROMOCHIMIE,BAYER CROPSCIENCE
Sencor 600SC,PROMOCHIMIE,AAKO
Sencor 70,PROMOCHIMIE,BAYER CROPSCIENCE
Starnet70WG,PROMOCHIMIE,BAYER CROPSCIENCE
TRIKA EXPERT GR,PROMOCHIMIE,SIPCAM INAGRA
Teldor,PROMOCHIMIE,BAYER CROPSCIENCE
Terbuzine 75 WG,PROMOCHIMIE,SIPCAM INAGRA
Terbuzine 75 WG,PROMOCHIMIE,SIPCAM
Terbuzine 75 WG,PROMOCHIMIE,INAGRA
ULTOR 33 SC,PROMOCHIMIE,Shaanxi hengtian biological agriculture
Vigon 420 SC,PROMOCHIMIE,BAYER CROPSCIENCE
Nemacur10G,PROMOCHIMIE AGRIPROTEC ETS MEZGHANI,AMVAC Chemical Corporation)
AMISCORE SC,PROTAGRI,NANJING AGROCHEMICAL
ARAW CS,PROTAGRI,SIPCAM
Affix 250SC,PROTAGRI,UPL
Agrizeb,PROTAGRI,MCA UPL Phosphorus ARYSTA LIFESCIENCE INDUST. QUIMICA KEY AGRIA SA AGRIA SA CEREXAGRI BV SIPCAM INAGRA SIPCAM INAGRA INDOFIL INDE DOW AGROSCIENCES COROMANDEL Ltd. United Phosphorus Ltd ZENITH CROPSCIENCES
Agrizeb,PROTAGRI,United Phosphorus Ltd
BENHUR SL,PROTAGRI,NANJING
BENHUR SL,PROTAGRI,AGROCHEMICA L
CHLORPIRATE,PROTAGRI,NANAJING AGROCHEMICAL
COUGAR SC,PROTAGRI,UPL LIMITED
CYMOFLEX WG,PROTAGRI,NANJING AGROCHEMICAL
CYRUX,PROTAGRI,UPL
DANCOR 70,PROTAGRI,UPL
DEPOT SL,PROTAGRI,MODERN INSECTICIDES LIMITED
DEPOT SL,PROTAGRI,MODERN
Diss,PROTAGRI,UNITED PHOSPHORUS
Dormex,PROTAGRI,AGRIPHAR
Efluzin 400 SC,PROTAGRI,ARYSTA Life Science Benelux
Fruithrine,PROTAGRI,United Phosphorus Ltd
Insuf,PROTAGRI,INDE
Insuf,PROTAGRI,UNITED PHOSPHORUS
L YNO EC,PROTAGRI,NANJING CHINE(dis)
L YNO EC,PROTAGRI,jiangs u (fab)
LIFELINE SL,PROTAGRI,UPL
LYNO EC,PROTAGRI,NANJING CHINE(dis)
LYNO EC,PROTAGRI,jiangs u (fab)
MISKY SC,PROTAGRI,NANJING CHINE
Magnaphos,PROTAGRI,UNITED PHOSPHORUS LTD
Metapro,PROTAGRI,"PHOSPHONI A, SL) SIPCAM INAGRA CEQUISA S.A INDUS QUIMICAKEY United Phosphorus"
Metapro,PROTAGRI,United Phosphorus
Metsy WG,PROTAGRI,UNITED PHOSPHORUS
Metsy WG,PROTAGRI,NUFARM
NEO STOP,PROTAGRI,AGRIPHAR
Neostop 500 HN,PROTAGRI,AGRIPHAR
Novicure,PROTAGRI,UPL
P OTER,PROTAGRI,NANJING
P OTER,PROTAGRI,AGROCHEMICA L
PERIMETER SL,PROTAGRI,GOWAN CROP PROTECTION LIMITED
POTER,PROTAGRI,NANJING
POTER,PROTAGRI,AGROCHEMICA L
PROGREEN,PROTAGRI,UPL
PROPLANT,PROTAGRI,ARYSTA Life Science Benelux
Promobest,PROTAGRI,AGRIPHAR AGRIPHAR
Proplant,PROTAGRI,ARYSTA Life Science Benelux Belgique
Protador,PROTAGRI,United Phosphous Ltd
Protagibb,PROTAGRI,Espagne CHYPRE CHYPRE INDE USA
Protagibb,PROTAGRI,United Phosphorus
Pulsar,PROTAGRI,United Phosphous Ltd
Quickphlo-R,PROTAGRI,UNITED PHOSPHORUS LTD
Quickphlo-R,PROTAGRI,GOWAN Espagne
Quickphos,PROTAGRI,UNITED PHOSPHORUS LTD
Renova,PROTAGRI,United Phosphorus Ltd
SUCCESS SC,PROTAGRI,NANJING
SUCCESS SC,PROTAGRI,AGROHEMICAL CHINE
Syllit 400 SC,PROTAGRI,AGRIPHAR
Syllit 400 SC,PROTAGRI,ARYSTA Life Science Benelux Belgique UPL
Syllit 400 SC,PROTAGRI,ARYSTA Life Science Benelux
TITONIC SC,PROTAGRI,NANJING AGROCHEMICA L
Thiomil,PROTAGRI,MEGHMANI INDUSTRIES
Unilax,PROTAGRI,I.Q.V AGRO UNITED PHOSPHORUS NUFARM IQV DEL VALLES
Unilax,PROTAGRI,UNITED PHOSPHORUS
BRAI EC,RA2YEN PHYTAGRI,LAINCO SA
BRAI EC,RAYEN,LAINCO SA
CADDY SC,RAYEN,BARCLAY CHEMICALS Ltd
CU MAX,RAYEN,DIACHEM S.P.A
D EXTRA 100 EC,RAYEN,TRAGOS CHEMICOLS
DEXTRA 100 EC,RAYEN,TRAGOS CHEMICOLS
DIASTAR MAXI GR,RAYEN,DIACHEM
Dextra 25 EC,RAYEN,TAGROS CHEMICALS
EQUALIZER WG,RAYEN,"Shengnong Pesticide, Co. Ltd"
FESTIVAL WP,RAYEN,"LAINCO, S, A"
Flutri 125 SC,RAYEN,SHARDA
Flutri 125 SC,RAYEN,SHARDA CROPCHEM
GALLUP HI-,RAYEN,Barclay
GALLUP HI-AKTIV SL,RAYEN,Barclay chemicals(R&D) Ltd.
GENERAL SC,RAYEN,PARIJAT INDUSTR.
KING DOXA 15 SC,RAYEN,GHARDA HOUSE
L AITANE SC,RAYEN,"LAINCO ,S,A"
LAITANE SC,RAYEN,"LAINCO ,S,A"
LIMOCIDE,RAYEN,VIVAGRO
Orotun,RAYEN,ORO AGRI
P ILARTEP SC,RAYEN,PILARQUIIM (jiangsu) CO.LTD CHINE
PILARTEP SC,RAYEN,PILARQUIIM (jiangsu) CO.LTD CHINE
S UGOBY WG,RAYEN,"LAINCO ,S,A"
SHOSHI 25 SC,RAYEN,LAINCO-Espagne
SUGOBY WG,RAYEN,"LAINCO ,S,A"
AVOCA,RAYEN AGRICOLE,Barclay chemicals(R&D) Ltd.
AVOCA,RAYEN PHYTAGRI,Barclay chemoicals Ltd
BRAI EC,RAYEN PHYTAGRI,LAINCO SA
CADDY SC,RAYEN PHYTAGRI,BARCLAY CHEMICALS Ltd
CAMARO COMBI SC,RAYEN PHYTAGRI,PARIJAT INDUSTRIES
CLUSTER,RAYEN PHYTAGRI,DIACHEM S.P.A
CU MAX,RAYEN PHYTAGRI,DIACHEM S.P.A
Camaro430SC,RAYEN PHYTAGRI,SHARDA
Cayen 500 WG,RAYEN PHYTAGRI,SHARDA
DENIM,RAYEN PHYTAGRI,Sharda cropchem
Dextra 25 EC,RAYEN PHYTAGRI,TAGROS CHEMICALS
Flutri 125 SC,RAYEN PHYTAGRI,SHARDA
GALLUP HI-AKTIV,RAYEN PHYTAGRI,Barclay chemoicals(R&D) Ltd.
GENERAL SC,RAYEN PHYTAGRI,PARIJAT INDUSTR.
KATALON,RAYEN PHYTAGRI,INDOFIL
LIMOCIDE ULTRA ME,RAYEN PHYTAGRI,VIVAGRO
MANCOFLASH,RAYEN PHYTAGRI,INDOFIL
MASTOR WG,RAYEN PHYTAGRI,BASF
MASTORWG,RAYEN PHYTAGRI,BASF
MAXIMUS 80WP,RAYEN PHYTAGRI,INDOFIL
Orotun,RAYEN PHYTAGRI,ORO AGRI
RETENGO PLUS EC,RAYEN PHYTAGRI,BASF
Round up innov,RAYEN PHYTAGRI,MONSANTO
changement de,RAYEN PHYTAGRI,"LAINCO, S, A ESPAGNE"
nom,RAYEN PHYTAGRI,"LAINCO, S, A ESPAGNE"
MASTOR WG,RAYENPHYTAGRI,BASF
MYCLONE 24 EC,RAYENPHYTAGRI,Sharda Cropchem
MYCLONE 24 EC,RAYENPHYTAGRI,SHARDA CROPCHEM LIMITED INDE
240SC,SANABEL AGRO,AAKO
ACETADE FORT,SANABEL AGRO,SHARDA CROPCHEM
ACETADE FORT,SANABEL AGRO,LIMITED INDE
ASTRONE,SANABEL AGRO,SHARDA CROPCHEM
AVANTAGE CT,SANABEL AGRO,ROTAM AGROCHEMICALS
AVANTAGE CT,SANABEL AGRO,ROTAM
AVANTAGE CT,SANABEL AGRO,AGROCHEMIC ALS
Altitud Gold,SANABEL AGRO,AAKO
Altitud Gold 240SC,SANABEL AGRO,ROTAM AGROCHEMICALS r ivale
Asset,SANABEL AGRO,AGRIGUARD SA
Atrium,SANABEL AGRO,ROTAM AGROCHEMICALS
Atrium,SANABEL AGRO,TAGROS CHEMICALS
CHLORAMAX,SANABEL AGRO,SINON CORPORATION
CIGAL PLUS SC,SANABEL AGRO,Rotam Agrochemical Co.Ltd
CIGAL PLUS SC,SANABEL AGRO,RotamAgrochemi
CIGAL PLUS SC,SANABEL AGRO,calCo.Ltd
COSTA SC,SANABEL AGRO,SHARDA CROPCHEM limited
COSTA SC,SANABEL AGRO,SHARDA CROPCHEM
COSTA SC,SANABEL AGRO,LIMITED INDE
CYCLONE,SANABEL AGRO,SHARDA CROPCHEM
CYCLONE,SANABEL AGRO,SYNGENTA
Charter,SANABEL AGRO,SINON CORPORATION
Clenofen 240,SANABEL AGRO,ZHEJIANG E-TONG CHEMICAL CO LTD
Clenofen 240,SANABEL AGRO,umittimo
Clenofen 240,SANABEL AGRO,BELCHIM CROP PROTECTION CE RITIS BELCHIM NV
Cuperval WG,SANABEL AGRO,I.Q.V. DELVALLES
DOUBLE FORCE,SANABEL AGRO,SHARDA
DOUBLE FORCE,SANABEL AGRO,|
Delmitox,SANABEL AGRO,SHARDA CROPCHEM
Delmitox,SANABEL AGRO,TAGROS CHEMICALS
Diflanil,SANABEL AGRO,GLOBACHEM
Expert,SANABEL AGRO,SHARDA WORLDWIDE
Expert,SANABEL AGRO,GLOBACHEM
Expert,SANABEL AGRO,United Phosphous Ltd
FLOUKAN SC,SANABEL AGRO,sharda cropchem
FLOUKAN SC,SANABEL AGRO,LIMITED INDE
Festival 250 EC,SANABEL AGRO,Sharda World Wide
GHLALA,SANABEL AGRO,UPL
Gipsy,SANABEL AGRO,ROTAM AGROCHEMICAL
Gipsy,SANABEL AGRO,ROTAM
Gipsy,SANABEL AGRO,AGROCHEMIC AL
Glyster,SANABEL AGRO,SINON CORPORATION
HYDRO 40 WG,SANABEL AGRO,Industrias Quimicas Del Vallés (IQV)
HYDRO 40 WG,SANABEL AGRO,IndustriasQuimicas Del
HYDRO 40 WG,SANABEL AGRO,Vallés (IQV)
ICASSO 240 SC,SANABEL AGRO,Rotam Agrochemical
ICASSO 240 SC,SANABEL AGRO,riv al
JUDOKA GOLD,SANABEL AGRO,ROTAM AGOCHEMICALS
Jackpot,SANABEL AGRO,ROTAM AGROCHEMICALS
Jackpot,SANABEL AGRO,ROTAM AGROCHEMICALS(rival e)
Jackpot,SANABEL AGRO,WORLDWIDE
Jackpot,SANABEL AGRO,SHARDA WORLDWIDE
Jackpot,SANABEL AGRO,GLOBACHEM
KIFEN EC,SANABEL AGRO,SHARDA CROPCHEM limited
KIFEN EC,SANABEL AGRO,SHARDA CROPCHEM
KIFEN EC,SANABEL AGRO,LIMITED INDE
KIPRIDE WG,SANABEL AGRO,AFEPASA S.A
Kuik 400 SP,SANABEL AGRO,ROTAM AGROCHEMICAL
LUXOR,SANABEL AGRO,SHARDA CROPCHEM
LUXOR,SANABEL AGRO,LIMITED INDE
MACOTAPE 80 WP,SANABEL AGRO,INDOFIL
MYCLAS,SANABEL AGRO,SHARDA CROPCHEM Ltd
MYCLAS,SANABEL AGRO,LIMITED INDE
Mandarin,SANABEL AGRO,SINON CORPORATION TAIWAN
Matiz,SANABEL AGRO,ROTAM AGROCHEMICAL
Matiz,SANABEL AGRO,ROTAM AGROCHEMICAL(ri val)
Matiz,SANABEL AGRO,ROTAM
Milor M,SANABEL AGRO,I.Q.V AGRO UNITED PHOSPHORUS NUFARM IQV DEL VALLES
Milor M,SANABEL AGRO,IQV DEL VALLES
Mirage EC,SANABEL AGRO,SHARDA CROPCHEM
Mirage EC,SANABEL AGRO,LIMITED INDE
Morfus 720 SC,SANABEL AGRO,ROTAM AGROCHEMICAL
Morfus 720 SC,SANABEL AGRO,ROTAM AGROCHEMICAL(ri vale)
Morfus 720 SC,SANABEL AGRO,ROTAM
Morfus 720 SC,SANABEL AGRO,AGROCHEMIC
Morfus 720 SC,SANABEL AGRO,AL(rivale)
NUFOSATESL,SANABEL AGRO,NUFARM
OSSETIA WG,SANABEL AGRO,Rotam Agrochemical
OSSETIA WG,SANABEL AGRO,ical
Orage,SANABEL AGRO,SINON CORPORATION
PLANTINEB 80WP,SANABEL AGRO,UPL
PROPICE SC,SANABEL AGRO,SIPCAM INAGRA
PROPICE SC,SANABEL AGRO,SHARDA CROPCHEM LIMITED INDE
PROTEZOLE EC,SANABEL AGRO,SHARDA CROPCHEM
PROTEZOLE EC,SANABEL AGRO,LIMITED INDE
PRYSTAR SL,SANABEL AGRO,Sharda cropchem
PRYSTAR SL,SANABEL AGRO,LIMITED INDE
Potenza 1.8,SANABEL AGRO,SINON CORPORATION
Potenza1.8,SANABEL AGRO,SINON CORPORATION
Prodax,SANABEL AGRO,SINON CORPORATION
RETURN 24 SL,SANABEL AGRO,ROTAM
RETURN 24 SL,SANABEL AGRO,AGROCHEMICAL(rivale)
SEGNOR 70 WP,SANABEL AGRO,UPL
SEGNOR70WP,SANABEL AGRO,UPL
SINPRO SC,SANABEL AGRO,SINON CORPORATION
SINSTAR SC,SANABEL AGRO,SINON CORPORATION
SITARA FS,SANABEL AGRO,SHARDA CROPCHEM
SPIDER EXTRA,SANABEL AGRO,SHARDA CROPCHEM
SPIDER EXTRA SC,SANABEL AGRO,SHARDA CROPCHEM
SPIDER EXTRA SC,SANABEL AGRO,LIMITED INDE SHARDA CROPCHEM LIMITED INDE
SYNTAX,SANABEL AGRO,SHARDA
Sharbenta,SANABEL AGRO,SHARDA WORLD WIDE
Sharbenta,SANABEL AGRO,Dow Agrosciences
Sharbenta,SANABEL AGRO,Dow Agrosciences COR TEVA
Stopweeds,SANABEL AGRO,SHARDA
Stopweeds,SANABEL AGRO,SHARDA CROPCHEM
Stopweeds,SANABEL AGRO,LIMITED INDE
TOPOGAN,SANABEL AGRO,SHARDA Cropchem
TOPOGAN,SANABEL AGRO,LIMITED INDE
TRISTAR WG,SANABEL AGRO,Sharda Cropchem
V EROX WDG,SANABEL AGRO,AGROBEATS
V EROX WDG,SANABEL AGRO,TECH CHINE
VEROX WDG,SANABEL AGRO,AGROBEATS
VEROX WDG,SANABEL AGRO,TECH CHINE
VERTIGO,SANABEL AGRO,NUFARM
clementgros,SANABEL AGRO,NUFARM
lotus,SANABEL AGRO,NUFARM
lotus pro,SANABEL AGRO,NUFARM
milor 25 WP,SANABEL AGRO,IQV
HYDRO 40 WG 50,SANABEL AGRO AGRIMED DISTRIBUTION,Vallés (IQV) Shyhamchemical FITOGAL
KIPRIDE WG,SANABEL AGRO SEPCM,AFEPASA S.A
KIPRIDE WG DP,SANABEL AGRO SEPCM,AFEPASA S.A
Cuperval WG,SANABEL AGRO SEPCM SOCOOPEC AGRIPROTEC,I.Q.V. DELVALLES Cerexagri UPL Ltd I.Q.V. DELVALLES MITSUI & Co Ltd kocide LLC cosacoLLC(japon)
Glyster,SANABELAGRO,SINON CORPORATION
Glyster,SANABELAGRO,UNITED PHOSPHORUS
Roxon50,SANABELAGRO,I.Q.V. – Espagne
274EC,SEPCM,CROPSCIENCE
400 SC,SEPCM,BAYER CROPSCIENCE
50WG,SEPCM,SUMITOMO CHEMICAL AGRO Europe
ACTILANDE TM EC,SEPCM,Action PIN
ASKARI 240 SC,SEPCM,AAKO
Acanto plus,SEPCM,DU PONT INTERNATIONAL
Acramite 480 SC,SEPCM,CHEMTURA
Afalon 50 L SC,SEPCM,AAKO BV
Afalon 50 WP,SEPCM,AAKO
Afalon 50 WP,SEPCM,PAYS BAS
Afalon50LSC,SEPCM,AAKO BV
Akodim 120 EC,SEPCM,AAKO
Akofos 480 EC,SEPCM,DOW AGROSCIENCES
Akofos 480 EC,SEPCM,AAKO
Akotan 830 WP,SEPCM,AAKO
Akotan 830 WP,SEPCM,LIMITED INDE
Akotan830WP,SEPCM,AAKO
Aliette express,SEPCM,BAYER CROPSCIENCE
Antilimace granule,SEPCM,"PHOSPHONI A, SL) SIPCAM INAGRA CEQUISA S.A INDUS QUIMICAKEY United Phosphorus"
Antilimace granule,SEPCM,CEQUISA S.A
Aubaine,SEPCM,Dow Agrosciences
Aubaine,SEPCM,AAKO
Avaunt,SEPCM,DU PONT
Avaunt,SEPCM,FMC
BACTOSPEINE DF,SEPCM,VALENT BIOSCIENCE CORPORATION
BACTOSPEINE DF,SEPCM,s umitomo chemical
BACTOSPINE DF,SEPCM,VALENT BIOSCIENCE CORPORATION
BACTOSPINE DF,SEPCM,VALENT BIOSCIENCE CORPORATION sumito mo chemical
BACTOSPINE DF,SEPCM,s umitomo chemical
BELAGIO WG,SEPCM,AAKO
Bactospeine 16000,SEPCM,VALENT BIOSCIENCE CORPORATION
Belem 0.8 MG,SEPCM,SBM FORMULATION CMPA
Berelex,SEPCM,USA
Berelex 40 SG,SEPCM,FRANCE
Berelex 40 SG,SEPCM,CHEMICAL Agro Europe
Bestox,SEPCM,FMC
Betanal Expert,SEPCM,BAYER
Betanal Expert 274EC,SEPCM,BAYER CROPSCIENCE
Bouillie Bordelaise,SEPCM,Cerexagri
Brout,SEPCM,AAKO
CLASSICO WG,SEPCM,Dow Agrosciences
CLASSICO WG,SEPCM,Dow
Closer 240 SC,SEPCM,DOW AGROSCIENCE
Closer 240 SC,SEPCM,c orteva
Closer 240 SC,SEPCM,DOW AGROSCIENCE c orteva
Coragen 20 SC,SEPCM,DU PONT
Coragen 20 SC,SEPCM,FMC
Cuprocuivre,SEPCM,I.Q.V. – Espagne
Curvax M,SEPCM,CMPA
DESORMONE PRO EC,SEPCM,NUFARM
Daphene fort,SEPCM,FMC CHEMINOVA
Daphenefort,SEPCM,CHEMINOVA
Daphenefort,SEPCM,FMC
Desormone lourd,SEPCM,NUFARM
Dithane M 45,SEPCM,DOWAGROSCIENCE MCA
Duracid 5G,SEPCM,Dow Agrscience
Efluzin 400 SC,SEPCM,AGRIPHAR
Efluzin 400 SC,SEPCM,ARYSTA Life Science Benelux Belgique ARYSTA
Efluzin 400 SC,SEPCM,ARYSTA Life Science Benelux
Equation Pro,SEPCM,DU PONT
Equation Pro,SEPCM,DU PONT (Taiwan) AGRISCIENCE
EquationPro,SEPCM,DUPONT(Taiwan)
EquationPro,SEPCM,AGRISCIENCE
EquationPro,SEPCM,DUPONT(Taiwan) AGRISCIENCE
EquationPro,SEPCM,CORTEV A
Etaldyne 95,SEPCM,CMPA
Exuberone,SEPCM,UPL
FIDELITY WG,SEPCM,CORTEVA
FOLY,SEPCM,AAKO
FOLY STAR 400 SC,SEPCM,AAKO
Faudel,SEPCM,AAKO
Floramix,SEPCM,DOW AGROSCIENCE S
Fyfanon50,SEPCM,CHEMINOVA
Granstar,SEPCM,DU PONT
Herbaline,SEPCM,AAKO
Herbolex,SEPCM,DOW AGROSCIENCES
Herbolex Max,SEPCM,DOW AGROSCIENCE
J OKARI 30WG,SEPCM,AAKO
JOKARI 30WG,SEPCM,AAKO
KYLEO,SEPCM,NUFARM
Karathane 350 EC,SEPCM,DOW AGROSCIENCES
Karathane 350 EC,SEPCM,DOW AGROSCIENCES CO RTEVA
Karathane 350 EC,SEPCM,BASF
Karathane 350 EC,SEPCM,SIPCAM INAGRA
Lamardor 400 FS,SEPCM,BAYER CROPSCIENCE
Lancelot NEO 450 WG,SEPCM,DOW AGROSCIENCES
Lancelot NEO 450 WG,SEPCM,DOW AGROSCIENCE S CORTEVA
Lancelot NEO 450 WG,SEPCM,DOW
Lannate 20 L,SEPCM,DU PONT
Lannate 25,SEPCM,DU PONT
Lannate 25,SEPCM,DU PONT (Taiwan) AGRISCIENCE corteva
Leopard 10,SEPCM,AAKO
Luna Experience,SEPCM,BAYER CROPSCIENCE
Luna Experience 400 SC,SEPCM,BAYER CROPSCIENCE
Lysatex,SEPCM,SYNTHRON SAS INDUSTRIAL
MAGISTER,SEPCM,GOWAN Espagne
MICROCROPS WG,SEPCM,AFEPASA S.A
Madison 263 SC,SEPCM,BAYER CROPSCIENCE
Malathion 96,SEPCM,CHEMINOVA
Malathion 96,SEPCM,FMC
Mikal Flash,SEPCM,BAYER CROPSCIENCE
Mocap,SEPCM,AMVAC Chemical Corporation)
Mospilan 20 SL,SEPCM,(NIPPON SODA) ARYSTA LIFESCIENCE JUPL
N imrod,SEPCM,AAKO BV
NOVAZUFRE DP,SEPCM,AFEPASA S.A
Nimrod,SEPCM,AAKO BV
PROLECTUS,SEPCM,SUMITOMO CHEMICAL AGRO Europe
PROLECTUS 50WG,SEPCM,SUMITOMO CHEMICAL AGRO Europe
Pallas 45 OD,SEPCM,DOW AGROSCIENCES
Pallas 45 OD,SEPCM,DOW AGROSCIENCE S corteva
Pallas 45 OD,SEPCM,DOW
Pallas45OD,SEPCM,DOW AGROSCIENCES
Procarpil,SEPCM,CMPA
Procuivre MZ,SEPCM,IQV DEL VALLES
Ridaline,SEPCM,DOW AGROSCIENCES
Ridaline,SEPCM,INDUSTRIAL Q. KEY
Ridaline,SEPCM,DOW
Ridanèbe,SEPCM,CEREXAGRI
Rovral,SEPCM,FMC
SAFARI 50 WG,SEPCM,FMC
SOLFOXIDANTE,SEPCM,AFEPASA
SOLFOXIDANTE 80 DP,SEPCM,Espagne AFEPASA Espagne
Serial 150 EC,SEPCM,AAKO
Siscop 60 SC,SEPCM,AAKO BV
Siscop 60 SC,SEPCM,LIMITED INDE
Soprano,SEPCM,AAKO
Stop germe S,SEPCM,Espagne
Suspray,SEPCM,COMPTOIR
Suspray,SEPCM,COMMERCIAL DES
Suspray,SEPCM,LUBRIFIANTS
Systhane 240 EC,SEPCM,DOW AGROSCIENCES
Systhane 240 EC,SEPCM,corteva
T alendo,SEPCM,DU PONT
Talendo,SEPCM,DU PONT
Tolurex 50,SEPCM,AAKO
Triflurex,SEPCM,AAKO
V ERIMARK SC,SEPCM,FMC
VENZAR,SEPCM,FMC
VERIMARK SC,SEPCM,FMC
Talendo,SEPCM ATLAS AGRICOLE,Corteva DU PONT Corteva
FOLY STAR 400 SC,SEPCM BIOPROTECTION,AAKO
Talendo,SEPCM EL BARAKA,DU PONT
Akodim 120 EC,SEPCM FERTITECH,AAKO TOPAGRO BIOSCIENCE
OXYTANE,SHARDA,SHARDA CROPCHEM
GlufosamSL,SHARDA CROCHEM TUNISIE,sharda cropchem
PROXER,SHARDA CROCHEM TUNISIE,sharda crochem
ACTION 60 SC,SHARDA CROPCHEM LIMITED TUNISIA,SHARDA CROPCHEM
ACTION 60 SC,SHARDA CROPCHEM LIMITED TUNISIA,LIMITED INDE
QUEEN PRO SC,SHARDA CROPCHEM LIMITED TUNISIA,SHARDA CROPCHEM
QUEEN PRO SC,SHARDA CROPCHEM LIMITED TUNISIA,LIMITED INDE
QUEEN SC,SHARDA CROPCHEM LIMITED TUNISIA,SHARDA CROPCHEM
QUEEN SC,SHARDA CROPCHEM LIMITED TUNISIA,LIMITED INDE
CURAX EXTRA SC,SHARDA CROPCHEM LIMITED TUNISIE,SHARDA CROPCHEM
CURAX EXTRA SC,SHARDA CROPCHEM LIMITED TUNISIE,LIMITED INDE
MIRACLE WDG,SHARDA CROPCHEM LIMITED TUNISIE,SHARDA CROPCHEM
MIRACLE WDG,SHARDA CROPCHEM LIMITED TUNISIE,LIMITED INDE
Perfecto EC,SHARDA CROPCHEM LIMITED TUNISIE,SHARDA CROPCHEM
Perfecto EC,SHARDA CROPCHEM LIMITED TUNISIE,LIMITED INDE
SPIRIDOR 240 SC,SHARDA CROPCHEM LIMITED TUNISIE,SHARDA CROPCHEM
SPIRIDOR 240 SC,SHARDA CROPCHEM LIMITED TUNISIE,LIMITED INDE
TENAZOLE,SHARDA CROPCHEM LIMITED TUNISIE,SHARDA CROPCHEM
TENAZOLE,SHARDA CROPCHEM LIMITED TUNISIE,LIMITED INDE
pyrma SC,SHARDA CROPCHEM LIMITED TUNISIE,SHARDA CROPCHEM
pyrma SC,SHARDA CROPCHEM LIMITED TUNISIE,LIMITED INDE
ACTION 60 SC,SHARDA CROPCHEM TUNISIA,SHARDA CROPCHEM limited
PRODIGE,SHARDA CROPCHEM TUNISIA,SHARDA CROPCHEM limited
QUEEN PRO SC,SHARDA CROPCHEM TUNISIA,SHARDA CROPCHEM INDE
QUEEN SC,SHARDA CROPCHEM TUNISIA,SHARDA CROPCHEM INDE
Virago,SHARDA CROPCHEM TUNISIA,SHARDA CROPCHEM limited
CURAX EXTRA,SHARDA CROPCHEM TUNISIE,Sharda Cropchem limited
CURAX EXTRA SC,SHARDA CROPCHEM TUNISIE,SHARDA CROPCHEM
Clotril SC,SHARDA CROPCHEM TUNISIE,Sharda Cropchen
MACCANI,SHARDA CROPCHEM TUNISIE,BASF
MIRACLE WDG,SHARDA CROPCHEM TUNISIE,SHARDA CROPCHEM LIMITED
Mirage EC,SHARDA CROPCHEM TUNISIE,SHARDA CROPCHEM
Perfecto EC,SHARDA CROPCHEM TUNISIE,Sharda Cropchem
SPIRIDOR 240 SC,SHARDA CROPCHEM TUNISIE,SHARDA CROPCHEM
TENAZOLE,SHARDA CROPCHEM TUNISIE,SHARDA CROPCHEM
pyrma SC,SHARDA CROPCHEM TUNISIE,SHARDA CROPCHEM
pyrmaSC,SHARDA CROPCHEM TUNISIE,SHARDA CROPCHEM
shanon,SHARDA CROPCHEM TUNISIE,sharda cropchem
thiophyl50SC,SHARDA CROPCHEM TUNISIE,sharda cropchem
A LPHATOP EC,SLDA,SHARDA CROPCHEM
A LPHATOP EC,SLDA,INDE
ALPHATOP EC,SLDA,SHARDA CROPCHEM
ALPHATOP EC,SLDA,LIMITED INDE
AZ-TOP,SLDA,Sharda cropchem limited
AZ-TOP SC,SLDA,Sharda cropchem limited
AZ-TOP SC,SLDA,SHARDA CROPCHEM
AZ-TOP SC,SLDA,LIMITED INDE
AZUROS,SLDA,SHARDA CROPCHEM Ltd
AZUROS,SLDA,LIMITED INDE
COTRAN 20-30,SLDA,TRAGUSSA
GLYFOSTAR,SLDA,SHARDA CROPCHEM Ltd
MAYA,SLDA,UPL
ORACLE 33 WG W DG,SLDA,SHARDA CROPCHEM LIMITED
ORACLE 33 WG WDG,SLDA,SHARDA CROPCHEM LIMITED
ORACLE 33 WG WDG,SLDA,SHARDA CROPCHEM
ORACLE 33 WG WDG,SLDA,LIMITED INDE
THIAMEX 25 WG,SLDA,United Phosphorus Ltd
clopryd 30 SL,SLDA,Sharda cropchem
clopryd 30 SL,SLDA,LIMITED INDE
GLYFOSTAR,SLDA MULTAGRI,GLOBACHEM Braclay chemicals
Ortiva TOP,SLOGRI,SYNGENTA
Rexame,SOCCOPEC,SHARDA
AGREZATE PLUS WP,SOCOOPEC,AGRIA
ARMETIL,SOCOOPEC,IQV
ARMETIL COMBI,SOCOOPEC,IQV
Agrezate 80 WP,SOCOOPEC,MCA UPL Phosphorus ARYSTA LIFESCIENCE INDUST. QUIMICA KEY AGRIA SA AGRIA SA CEREXAGRI BV SIPCAM INAGRA SIPCAM INAGRA INDOFIL INDE DOW AGROSCIENCES COROMANDEL Ltd. United Phosphorus Ltd ZENITH CROPSCIENCES
Agrezate 80 WP,SOCOOPEC,ZENITH CROPSCIENCES agri a
Armetil M,SOCOOPEC,I.Q.V AGRO UNITED PHOSPHORUS NUFARM IQV DEL VALLES
Armetil M,SOCOOPEC,IQV DEL VALLES
Armetil cuivre,SOCOOPEC,IQV DEL VALLES
Bordo valles WG,SOCOOPEC,I.Q.V. DELVALLES
CHAMPION,SOCOOPEC,SHARDA CROPCHEM
CHAMPION,SOCOOPEC,SYNGENTA
COMBI,SOCOOPEC,IQV
COSAMIL-DF,SOCOOPEC,Sulphur Mills Limited
Corida 75 WG,SOCOOPEC,ZENITH CROPSCIENCE
Corida 75 WG,SOCOOPEC,AGRIA
Cureman,SOCOOPEC,IQV DEL VALLES
Curenox,SOCOOPEC,I.Q.V. – Espagne
DAMEX FORTE,SOCOOPEC,NUFARM
DAMEX FORTE SUPER,SOCOOPEC,NUFARM
DAYZER,SOCOOPEC,SHARDA
DAYZER,SOCOOPEC,DOW AGROSCIENCES corteva
ESCARGOCHE,SOCOOPEC,SHARDA
Glyphogan,SOCOOPEC,AAKO
Hidrocobre50,SOCOOPEC,IQV DEL VALLES
Hidrocobre50valles,SOCOOPEC,IQV DEL VALLES
King 250 EW,SOCOOPEC,SHARDA
MITANE,SOCOOPEC,SHARDA
MITANE,SOCOOPEC,SHARDA CROPCHEM LIMITED INDE
Nasa 36 SL,SOCOOPEC,Espagne INDE INDE BULGARIE
Nasa36SL,SOCOOPEC,ZENITH CROPSCIENCES agri a
Nasa36SL,SOCOOPEC,UNITED PHOSPHORUS
Nasa36SL,SOCOOPEC,SINON CORPORATION
Oxistar 24%,SOCOOPEC,ZHEJIANG E-TONG CHEMICAL CO LTD
Oxistar 24%,SOCOOPEC,ZHEJIANG E-TONG CHEMICALCO LTD shandong qiaochang modern agriculture
Oxistar 24%,SOCOOPEC,umittimo
Oxistar 24%,SOCOOPEC,BELCHIM CROP PROTECTION CE RITIS BELCHIM NV
PetrOil,SOCOOPEC,PETRONAS LUBRICANTS
PetrOil,SOCOOPEC,PETRONAS
PetrOil,SOCOOPEC,LUBRICANTS
Polysect,SOCOOPEC,SHARDA
Polysect,SOCOOPEC,SHARDA CROPCHEM
Polysect,SOCOOPEC,LIMITED INDE
SHARCARB,SOCOOPEC,SHARDA
SORBISTAR,SOCOOPEC,AGROW
SORBISTAR,SOCOOPEC,ZHEJIANG E-TONG CHEMICAL
SUPER,SOCOOPEC,NUFARM
Sergent,SOCOOPEC,SHARDA WORLDWIDE
Sergent,SOCOOPEC,TAGROS CHEMICALS
Starphos,SOCOOPEC,SHARDA
Tallis 240 EC,SOCOOPEC,AAKO
TopPlus,SOCOOPEC,AGRIA S.A
de Changement de D C,SOCOOPEC,"PHOSPHONIA, SL)"
valles,SOCOOPEC,IQV DEL VALLES
Armetil cuivre,SOCOOPEC NEGANOR,IQV DEL VALLES
115 FS,SOLAGRI,SYNGENTA
250 SC,SOLAGRI,SYNGENTA Crop Protection
ADAGE 350FS,SOLAGRI,SYNGENTA
BAGIERA EC,SOLAGRI,SYNGENTA
BLUE SHIELD 25 WG,SOLAGRI,Albaugh.LLC
CASPER 55,SOLAGRI,Syngenta Agro AG
CASPER 55 WG,SOLAGRI,Syngenta
CLEANSPRAY SL,SOLAGRI,SHANDONG
CLEANSPRAY SL,SOLAGRI,WEIFANG
CLEANSPRAY SL,SOLAGRI,RAINBOW CHEMICAL CO.LTD CHINE
CLODIM FORTE 240 EC,SOLAGRI,SYNGENTA
"Cherokee 487,5 SE",SOLAGRI,SYNGENTA
DIVIDEND,SOLAGRI,SYNGENTA
DIVIDEND EXTREME,SOLAGRI,SYNGENTA
DOWNMID SC,SOLAGRI,SHANDONG WEIFANG RAINBOW CHEMICAL CO.LTD CHINE
DURIVO,SOLAGRI,SYNGENTA
DYNALI DC,SOLAGRI,SYNGENTA
ELATUS Arc,SOLAGRI,SYNGENTA AGRO AG
ELATUSTM Arc SE,SOLAGRI,SYNGENTA AGRO AG
EXTREME 115 FS,SOLAGRI,SYNGENTA
FLAME DUO SG,SOLAGRI,ALBAUGH
GARAL EC,SOLAGRI,Syngenta
K ung Fu,SOLAGRI,SYNGENTA
Kung Fu,SOLAGRI,SYNGENTA
KungFu,SOLAGRI,SYNGENTA
MIRACO SC,SOLAGRI,SHANDONG
MIRACO SC,SOLAGRI,WEIFANG
MIRACO SC,SOLAGRI,RAINBOW CHEMICAL
OPTIMUM PRO SC,SOLAGRI,Sharda Cropchem
OPTIMUM PRO SC,SOLAGRI,INDE
Ortiva TOP,SOLAGRI,SYNGENTA
PLUS SC,SOLAGRI,SHANDONG WEIFANG RAINBOW CHEMICAL CO.LTD CHINE
PRIORI GOLD,SOLAGRI,SYNGENTA Crop Protection
PRIORI GOLD 250 SC,SOLAGRI,SYNGENTA Crop Protection
Priori Xtra,SOLAGRI,SYNGENTA
SPERAMET,SOLAGRI,SHANDONG
SPERAMET,SOLAGRI,WEIFANG
SPERAMET,SOLAGRI,RAINBOW CHEMICAL CO.LTD CHINE
TENDER 960 EC,SOLAGRI,SYNGENTA
TERRAVO,SOLAGRI,SYNGENTA
TERRAVO 720 SC,SOLAGRI,Syngenta
TRAMICS DC,SOLAGRI,SYNGENTA
Trivko,SOLAGRI,SYNGENTA
ULTRA EC,SOLAGRI,ALBAUG H
VARGAS,SOLAGRI,"ROTAM CHEMISTRY CO.,Ltd"
Zenith 575 EC,SOLAGRI,SYNGENTA
amphore SC,SOLAGRI,SYNGENTA
amphore gold WG,SOLAGRI,SYNGENTA
arnatin WG,SOLAGRI,SYNGENTA
CLODIM FORTE 240 EC,SOLAGRI FERTITECH,SYNGENTA TOPAGRO BIOSCIENCE
AFFINITY WG,SSCC,FMC
ALLIG ATOR,SSCC,SHARDA CROPCHEM INDE
ALLIGATOR,SSCC,SHARDA CROPCHEM LIMITED INDE
FLUROSTAR XL SE,SSCC,GLOBACHEM
MUSTER 75 WG,SSCC,FMC
O KINA SC,SSCC,FMC
OKINA SC,SSCC,FMC
POMAX SC,SSCC,GLOBACHEM
PROPAMINE 722 SL,SSCC,AGRIA
PYRIBAN EC,SSCC,Gharda chemicals ltd
PYRIBAN EC,SSCC,CHEMINOVA FMC
STARCARB,SSCC,GARDA CHEMICAL
STARCARB,SSCC,DU PONT FMC
TRIBUNEO 75 G,SSCC,ZENITH CROPSCIENCE
TRIBUNEO 75 G,SSCC,AGRIA
ZORO,SSCC,CHEMINOVA
ZORO,SSCC,FMC
procamba,SSCC,gharda chemical
C OBRA EC,SSCCOKINA,BAYER CROPSCIENCE
COBRA EC,SSCCOKINA,BAYER CROPSCIENCE
Plant oil,STE EL KHADRA,INDUSTRIAS AFRASA
Plant oil,STE EL KHADRA,ALBAU GH EUROPE SARL
Plantoil,STE EL KHADRA,INDUSTRIAS AFRASA
SPIROFEN,STE ELKHADRA,EASTCHEM CO.Ltd
A BSOLUT SC,STEC,NANJING
A BSOLUT SC,STEC,AGROCHEMICA L CHINE
ABSOLUT SC,STEC,NANJING
ABSOLUT SC,STEC,AGROCHEMICA L CHINE
ACAROS SC,STEC,Shandong Kangqiao NANJING Agrochemical
ACAROS SC,STEC,Shandong
ACAROS SC,STEC,Kangqiao
ACAROS SC,STEC,NANJING Agrochemical
Aakomectine,STEC,AAKO BV
Akocid 480 EC,STEC,AAKO
Amilcar,STEC,BAYER CROPSCIENCE
Amilcar OD,STEC,BAYER CROPSCIENCE
Apollo 50,STEC,AAKO BV
Bellis WG,STEC,BASF
CURZATE M,STEC,DUPONT
CURZATE M,STEC,DU PONT (Taiwan) AGRISCIENCE
Cuivox,STEC,I.Q.V. – Espagne
Delta,STEC,BAYER CROPSCIENCE
Dimilin,STEC,CHEMTURA AGRO
Dimilin,STEC,SOLUTIONS
Duracid,STEC,PAYS BAS GHARDA CHEMICALS
Duracid,STEC,DOW AGROSCIENCES
Duracid,STEC,DOW
Envidor,STEC,BAYER CROPSCIENCE gowan
Envidor,STEC,g owan
Flural Triflex,STEC,INDUSTRIAL Q. KEY AAKO
Glyphotec,STEC,AAKO BV
HYDO 250 SC,STEC,nanjing agrochemical
HYDO 250 SC,STEC,JIANGYIN SULI CHEMICAL
Hydrolysat-Prot,STEC,QUIMICA KEY
Lagrophanate70,STEC,"CEQUISA PHOSPHONIA UPL,"
M AGNUS SC,STEC,AAKO
MAGNUS SC,STEC,AAKO
Mavrik2F,STEC,AAKO
Mavrik2F,STEC,PAYS BAS
Mavrik2F,STEC,orteva
Methyl-T,STEC,PHOSPHONIA
Microthiol Special,STEC,Espagne
MicrothiolSpecial,STEC,CEREXAGRI
NANJI 250 EC,STEC,JIANGSU FENGDENG(fab) NANJING AGROCHEMICA L (DIS)
NANJI PLUS EC,STEC,JIANGYIN FENGDENG CROP SCIENCE CO (Fabriquant) NANJIN G Arochemical (distributeur) chine
Nativo 300 SC,STEC,BAYER CROPSCIENCE
PYRUS 400 SC,STEC,UPL
Penncozebe 80 WP,STEC,MCA UPL Phosphorus ARYSTA LIFESCIENCE INDUST. QUIMICA KEY AGRIA SA AGRIA SA CEREXAGRI BV SIPCAM INAGRA SIPCAM INAGRA INDOFIL INDE DOW AGROSCIENCES COROMANDEL Ltd. United Phosphorus Ltd ZENITH CROPSCIENCES
Penncozebe 80 WP,STEC,CEREXAGRI BV UPL
Peyron Mz,STEC,CMPA
PharoMz (sous réserve,STEC,CMPA
Phytoate,STEC,FMC CHEMINOVA
Phytoate,STEC,CHEMINOVA
Phytoate,STEC,FMC
Presidium SC,STEC,Gowan
Super meta,STEC,CEQUISA
Super meta,STEC,"PHOSPH ONIA, SL)"
Timer FS 060,STEC,BAYER CROPSCIENCE
Triflex,STEC,AAKO
Trifluraline / Sous/R,STEC,CEQUISA S.A ((filiale :
Trimangol,STEC,CEREXAGRI BV UPL
VENDETTA SC,STEC,FMC
Vectra 10 SC,STEC,SUMITOMO
Verita,STEC,BAYER CROPSCIENCE
Vigon 420 SC,STEC,BAYER CROPSCIENCE
Weedone Plus,STEC,NUFARM
de changement de,STEC,CMPA
nom)peyron MZ,STEC,CMPA
ventaro,STEC,NUFARM
ADEXAR XTRA,STIMA,BASF
ADEXAR XTRA EC,STIMA,BASF
ALLEYA ME,STIMA,AUGUST inc
ALLEYA ME,STIMA,CORPORATE
Alverde 240 SC,STIMA,BASF
Aviso DF,STIMA,BASF
BAUXIT,STIMA,BASF
BIOCONTROL,STIMA,"BiocontrolTechnologies,S. L"
BOTECTOR WG,STIMA,BIOFERM
BOTECTOR WG,STIMA,SAN AGROW
Basagran,STIMA,BASF
Blossom protect,STIMA,BIO FERM
C antus WG,STIMA,BASF
CABRIO TOP,STIMA,BASF
Cantus WG,STIMA,BASF
CantusWG,STIMA,BASF
Capalo,STIMA,BASF
Collis 300SC,STIMA,BASF
Dart,STIMA,BASF
Deguech plate,STIMA,DETIA DEGUECH
Deguech plate,STIMA,DETIA
Deguech plate,STIMA,DEGUECH
Detia Gas,STIMA,DETIA DEGUECH
Detia Gas,STIMA,DETIA
Detia Gas,STIMA,DEGUECH
Focus Ultra,STIMA,BASF
INDIGO WDG,STIMA,SHARDA CROPCHEM LIMITED INDE
JUDO,STIMA,Sharda
JUDO,STIMA,SHARDA CROPCHEM
JUDO,STIMA,LIMITED INDE
KEYLAM EC,STIMA,Industrialquimica
KEYLAM EC,STIMA,Key
Kinto Duo,STIMA,BASF
Kumulus DF,STIMA,BASF
LASTING EC,STIMA,SHARDA CROPCHEM LIMITED INDE
LATHRIN EC,STIMA,SHARDA CROPCHEM LIMITED INDE
MATRIX WDG,STIMA,SHARDA CROPCHEM
NEM guard SC,STIMA,Ecospray limited
Ogam,STIMA,BASF-ESPAGNOLA
Ogam,STIMA,BASF
Opus,STIMA,BASF
PHERONORM-TUTA,STIMA,ANDERMATT
PHERONORM-TUTA,STIMA,BIOCONTROL AG
POINTER GEO GR,STIMA,SIPCAM INAGRA
Perfecthion,STIMA,FMC CHEMINOVA
Piretro Verde,STIMA,COPYR S.p.A
Polyram DF,STIMA,BASF
RAMCU 35 WG,STIMA,Manica S.P.A
REMEDIER WP,STIMA,ISAGRO SPA
REMEDIER WP,STIMA,ISAGRO SPA GOWAN
REMEDIER WP,STIMA,GOWAN
Raticide detia,STIMA,DETIA
Rex Duo,STIMA,BASF
SCATTO EC,STIMA,ISAGRO SPA
SCATTO EC,STIMA,GOWAN
SCATTO EC,STIMA,TAGROS CHEMICALS
SIAL ME,STIMA,AUGUST inc
SIAL ME,STIMA,CORPORATE
SNOOKER SC,STIMA,BASF
Stomp Aqua,STIMA,BASF
StompAqua,STIMA,BASF
Stroby DF,STIMA,BASF
Swing Gold,STIMA,BASF
T34,STIMA,"BiocontrolTechnologies,S. L"
VENUS WG,STIMA,"Shengnong Pesticide, Co. Ltd"
VENUS WG,STIMA,hangzhou Topagro Bioscience
T34 BIOCONTROL T-77 WP,STIMA ALOHA AGRICULTURE,"BiocontrolTechnologie s,S.L Espagne"
BIOCONTROL T-77 WP,STIMA ALOHA AGRICULTURE AGROSYSTEMES,"BiocontrolTechnologies,S. L Plant Health Products (phy) Sud d'afriquePlant Health Products (phy) TAMINCO EASTMAN"
EMATOP,STÉ EL KHADRA,HANGZHOU TOPAGRO BIOSCIENCE CHNINE
POLYVALENT S C,STÉ EL KHADRA,"EASTCHEM CO,Ltd CHINE"
POLYVALENT SC,STÉ EL KHADRA,"EASTCHEM CO,Ltd CHINE"
T AKITOP WG,STÉ EL KHADRA,"EASTCHEM CO,Ltd CHINE"
TAKITOP WG,STÉ EL KHADRA,"EASTCHEM CO,Ltd CHINE"
Hoprole Xtra,STÉ ELKHADRA,Shandong weifang
Hoprole Xtra,STÉ ELKHADRA,rainbow chemical0
INDO SUPER SC,STÉ ELKHADRA,NINGBO SUNJOY AGROSCIENCE CO .LTD
INDO SUPER SC,STÉ ELKHADRA,Jingbo agrochemicals technologie
INDO SUPER SC,STÉ ELKHADRA,cropidea
BIOPROTECTION,SYNGENTA,BIOPREPARATY
AGRIMATCO,SYNGENTA AGRO AG,BIOPREPARATY
AGRIPROTEC,SYNGENTA AGRO AG,BIOPREPARATY
BIOPROTECTION,SYNGENTA AGRO AG,BIOPREPARATY
SOCOOPEC,SYNGENTA AGRO AG,BIOPREPARATY
ACTAMID WG,TASMID,NANJING
ACTAMID WG,TASMID,"AGROCHEMICA L Co., Ltd."
ALU-VITE WP,TASMID,LIMIN CHEMICAL CO.LTD
ASTRO EC,TASMID,ZHEJIANG E-TONG CHEMICAL
CLETHODIM EC,TASMID,PSYCHE M CHEMICALS LIMITED
CYPRINE,TASMID,CROPSAVE PESTICIDES
CYPRINE,TASMID,INDIAN
CYPRINE,TASMID,PVT.LTD
Divisole,TASMID,ASTRACHEM
Filex 607 SL,TASMID,AGRIPHAR AGRIPHAR
KAISO 5%,TASMID,NUFARM
Nimbicidine,TASMID,T. STANES & Co.Ltd.
PHENATYL,TASMID,MEGHMANI INDUSTRIES
Proact 50 EC,TASMID,ASTRACHEM
SPINOBEST,TASMID,"BAICO BIOTECH CO,LTD"
Sous reserve de,TASMID,PSYCHE M CHEMICALS LIMITED
Transact 18 EC,TASMID,ASTRACHEM
Transact18EC,TASMID,ASTRACHEM
Vaulent,TASMID,ASTRACHEM
changement de nom,TASMID,PSYCHE M CHEMICALS LIMITED
soufravit,TASMID,AGROSTULLN
Proact 50 EC,TASMID PLANETE VERTE,ASTRACHEM
PROPAMIX SL,TASMID SANABEL AGRO,AGRIA SHARDA CROPCHEM LIMITED INDE SHARDA CROPCHEM LIMITED INDE
Select Super,TECTION,ARYSTA LIFESCIENCE
ABAMET EC,UNIAGRO,SHANDONG WEIFANG RAINBOW CHEMICAL CO.LTD CHINE
BUTIKEW,UNIAGRO,LAINCO-Espagne
CISTHRIN EC,UNIAGRO,SYNGENTA CHEMICAL CO.LTD
CISTHRIN EC,UNIAGRO,SHANDONG WEIFANG RAINBOW CHEMICAL CO.LTD
CLEVEROLE SC,UNIAGRO,FMC
CLOWIT EC,UNIAGRO,SHANDONG
CLOWIT EC,UNIAGRO,WEIFANG
CLOWIT EC,UNIAGRO,RAINBOW CHEMICAL CO.LTD CHINE
Cleverole plus SC,UNIAGRO,ASTRACHEM
Cleverole plus SC,UNIAGRO,SHANDONG
Cleverole plus SC,UNIAGRO,WEIFANG
Cleverole plus SC,UNIAGRO,RAINBOW CHEMICAL CO.LTD
ETHPYRI SC,UNIAGRO,SHANDONG WEIFANG
ETHPYRI SC,UNIAGRO,RAINBOW CHEMICAL CO.LTD
EXPELER SC,UNIAGRO,SHANDONG WEIFANG RAINBOW CHEMICAL CO.LTD CHINE
HoproleXtra,UNIAGRO,Shandong weifang
HoproleXtra,UNIAGRO,rainbow chemical0
LASTING EC,UNIAGRO,GHARDA HOUSE INDE
LASTROLE EC,UNIAGRO,"EASTCHEM CO,Ltd CHINE"
PICOCARB SC,UNIAGRO,SHANDONG WEIFANG
PICOCARB SC,UNIAGRO,RAINBOW CHEMICAL CO.LTD
Prifenup EC,UNIAGRO,HANGZHOU TOPAGRO BIOSCIENCE CHNINE
Prifenup EC,UNIAGRO,SHANDONG WEIFANG RAINBOW CHEMICAL CO.LTD
SPANVIC PLUS SC,UNIAGRO,HANGZHOU TOPAGRO BIOSCIENCE CHNINE
Spanvic,UNIAGRO,"BAICO BIOTECH CO,LTD"
TEAMSPRAY PLUS SE,UNIAGRO,SHANDONG WEIFANG RAINBOW CHEMICAL CO.LTD CHINE
Cayen 500 WG,|,SHARDA
Cayen 500 WG,|,|
|,|,FMC
