Produit_Commercial,Société,Fabricant
G l y c e l,A G R I M A T C O,e x c e l c r o p
G l y c e l,A G R I M A T C O,nan
C O P S I P,A G R I P R O T E C,SIPCAM INAGRA
C i b l e,A G R I P R O T E C,N U F A R M
CETUS,A G R I P R O T E C,F M C
K I N V A R A M E,A G R I P R O T E C,B R A C L A Y
C O P S I P,A G R I P R O TEC,SIPCAM INAGRA
A g r i a t e c h,A G R O S Y S T E M E S,A G R I A S A
B a z o o k a,A G R O S Y S T E M E S,GLOBACHEM
G l y p h o s,A G R O S Y S T E M E S,C h e m i n o v a
T o p e n c o 1 0 0 E C,A G R O S Y S T E M ES,GLOBACHEM
T o p e n c o 1 0 0 E C,A G R O S Y STEMES,GLOBACHEM
B u c k l e R,A M I N C O,GLOBACHEM
E r a z e r,A M I N C O,GLOBACHEM
M a y n o z a t e,A M I N C O,A G R I A S A
I n a c o p P M,A T L A S A G R I C O L E,SIPCAM INAGRA
S p e c t o r S L,A T L A S A G R I C O L E,BAYER CROPSCIENCE
I n a c o p P M,A T L A S A G R I COLE,SIPCAM INAGRA
G l y w e e d,A T L A S I N D U S T R I E,C O R O M A N D E L L t d .
G l y w e e d,A T L A S I N D U S T R I E,C O R O M A NDEL Ltd.
G l y w e e d,A T L A S I N D U S T R I E,C O R O M A N DEL Ltd.
G l y w e e d,A T L A S INDUSTRIE,C O R O M A N DEL Ltd.
ALLIANCE TOP SC,AGRI PLUS,JIANGYIN SULI
ALLIANCE TOP SC,AGRI PLUS,NANJING AGROCHEMICAL
WG,AGRICOLE,AGROSCIENCE
nan,AGRICOLE,LTD
nan,AGRICOLE,nan
nan,AGRICOLE,INDUSTRIES
nan,AGRICOLE,LIFESCIENCE
nan,AGRICOLE,CROPSCIENCE
nan,AGRICULTURE,BIOCONTROL AG
A r o x y 2 5 0 S C,AGRIMATCO,UPL
AIRONE,AGRIMATCO,ISAGRO
AIRONE,AGRIMATCO,ISAGRO/distribute par
ALLEGRO,AGRIMATCO,BASF
ALLIAGE DF,AGRIMATCO,BASF
Amanora,AGRIMATCO,UPL
BATO,AGRIMATCO,BASF
Benevia,AGRIMATCO,DU PONT
CAPITOL 80 WG,AGRIMATCO,SHARDA
Clip,AGRIMATCO,DU PONT INTERNATIONAL
Clip,AGRIMATCO,DU PONT
DANIRANGER 10DC,AGRIMATCO,OAT AgrioCO.Ltd
FLORAMITE 240,AGRIMATCO,CHEMTURA/AR YSTA
FLORAMITE 240 SC,AGRIMATCO,CHEMTURA/ARYSTA
FLORAMITE 240 SC,AGRIMATCO,CHEMTURA/AR YSTA
FOXTON 30 SC,AGRIMATCO,"LoatingYoloo Bio- Technology Co ,Ltd/chine"
GRACIA 100 EC,AGRIMATCO,NISSAN CHEMICAL CORPORATION
IMIGO 70 WG,AGRIMATCO,United Phosphorus Limited
Imigo70 WG,AGRIMATCO,United Phosphorus
M ETRON WG,AGRIMATCO,UNITED PHOSPHORUS
METRON WG,AGRIMATCO,UNITED
METRON WG,AGRIMATCO,UNITED PHOSPHORUS
Pantera 40,AGRIMATCO,CHEMTURA
REBOOT WG,AGRIMATCO,GOWAN CROP
REBOOT WG,AGRIMATCO,GOWAN CROP PROTECTION LIMITED
REVYSTAR EC,AGRIMATCO,BASF
S u n O I L,AGRIMATCO,PETRONAS
STARKEL 20SG,AGRIMATCO,Mitsui Chemicals
STARKLE 20SG,AGRIMATCO,"Mitsui Chemicals Agro,Inc"
Sulpex,AGRIMATCO,Agrostulln GmbH
Sulpex,AGRIMATCO,Agrostulln GmbH/frarimpex(D)
Sulpex,AGRIMATCO,AgrostullnGmbH/frarimpe x(D)
Sumipleo50EC,AGRIMATCO,SUMITOMO
SunOIL,AGRIMATCO,PETRONAS LUBRICANTS BELGIUM NV
TUBERON,AGRIMATCO,UPL
Vydate GR,AGRIMATCO,DUPONT
YAMATO 85,AGRIMATCO,Kumai chemical
YAMATO 85 WG,AGRIMATCO,Kumai chemical industry
YAMATO 85 WG,AGRIMATCO,Kumaichemicalind ustry
codacide EO,AGRIMATCO,Mirocide Ltd
codacide EO,AGRIMATCO,Courgette :Adjuvant : 1 l/ha Par pulvérisation(comm09/02/21)
KUISTAR,AGRIMED,SHARDA
Mitraze,AGRIMED,sharda cropchem
OXYCUIVRE 50,AGRIMED,Shyham chemical
Radikal SC,AGRIMED,SHARDA
T H I O P H ANATE M,AGRIMED,MEGHMANI
VEGA EC,AGRIMED,Sharda cropchem
WINTER 41 EC,AGRIMED,SHARDA
50,AGRIMED DISTRIBUTION,Shyhamchemical /FITOGAL
Benfuron,AGRIMED DISTRIBUTION,SHARDA
Benfuron,AGRIMED DISTRIBUTION,nan
CURATEX EXTRA SC,AGRIMED DISTRIBUTION,SHARDA CROPCHEM
CURATEX EXTRA SC,AGRIMED DISTRIBUTION,SHARDA CROPCHEM LIMITED INDE
G RAZY 70% WDG,AGRIMED DISTRIBUTION,SHARDA CROPCHEM
GRAZY 70% WDG,AGRIMED DISTRIBUTION,nan
INDIGO WDG,AGRIMED DISTRIBUTION,Sharda
KUISTAR,AGRIMED DISTRIBUTION,SHARDA
Mitraze,AGRIMED DISTRIBUTION,sharda cropchem limited
Mitraze,AGRIMED DISTRIBUTION,shardacropchemli mited
Mitraze,AGRIMED DISTRIBUTION,SHARDA CROPCHEM LIMITED INDE
OXYCUIVRE 50,AGRIMED DISTRIBUTION,Shyham chemical /FITOGAL
PROXER,AGRIMED DISTRIBUTION,shardacrochem
PROXER,AGRIMED DISTRIBUTION,SHARDA CROPCHEM LIMITED INDE
T H IOPHANATE,AGRIMED DISTRIBUTION,MEGHMANI INDUSTRIES
TRYBERON 75 WG,AGRIMED DISTRIBUTION,Sharda Cropchem
TRYBERON 75 WG,AGRIMED DISTRIBUTION,SHARDA CROPCHEM LIMITED INDE
VEGA EC,AGRIMED DISTRIBUTION,Sharda cropchem
VEGA EC,AGRIMED DISTRIBUTION,SHARDA CROPCHEM LIMITED INDE
WINTER 41 EC,AGRIMED DISTRIBUTION,SHARDA
shanon,AGRIMED DISTRIBUTION,shardacropchem
CYPERNOVA,AGRINOVA,SHARDA WORLDWIDE
CYPERNOVA,AGRINOVA,nan
FLOPY DUO,AGRINOVA,Sharda cropchem
INDOXAL XTRA W DG,AGRINOVA,AGROBEATS TECH CHINE
INDOXAL XTRA WDG,AGRINOVA,AGROBEATS TECH CHINE
MITADOR WG,AGRINOVA,/Sharda Cropchem INDE
N OVAMET WP,AGRINOVA,AGROW ALLIED
NOV-UP,AGRINOVA,Sharda Cropchem
NOV-UP,AGRINOVA,Sharda Cropchem Limited
NOV-UP,AGRINOVA,SHARDA CROPCHEM LIMITED INDE
NOVAMET WP,AGRINOVA,AGROW ALLIED
PROMY,AGRINOVA,Sharda Cropchem
SHARMINA 720,AGRINOVA,SHARDA
SHARMINA 720 SL,AGRINOVA,SHARDA
SHARMINA 720 SL,AGRINOVA,SHARDA CROPCHEM LIMITED INDE
SULFINOVA,AGRINOVA,AGROW ALLIED
SULFINOVA 80WDG,AGRINOVA,AGROW ALLIED
TEBUNOVA SC,AGRINOVA,SHARDA
TEBUNOVA SC,AGRINOVA,nan
TEBUSHA 6 FS,AGRINOVA,Sharda World wide
BANNER EC,AGRIPLUS,HEBEI VEYONG BIO- CHEMICAL CO.LTD
BANNER EC,AGRIPLUS,HEBEI VEYONG
BASASTAR SL,AGRIPLUS,"NANJING FENGSHAN CHEMICAL GROUP CO,LTD"
BASASTAR SL,AGRIPLUS,NANJING
BOZAR,AGRIPLUS,"JIANGSU FENGSHAN GROUP CO,LTD"
BOZAR,AGRIPLUS,JIANGSU
H E R B A S T A R E C,AGRIPLUS,"JIANGSU FENGSHAN GROUP CO,LTD"
H E R B A S T A R E C,AGRIPLUS,JIANGSU
H E R B A S T AR EC,AGRIPLUS,nan
MATADOR PLUS EC,AGRIPLUS,NINGBO SUNJOY AGROSCIENCE INDUSTRY
MATADOR PLUS EC,AGRIPLUS,NINGBO SUNJOY
METROSTAR SC,AGRIPLUS,NINGBO SUNJOY AGROSCIENCE INDUSTRY
METROSTAR SC,AGRIPLUS,NINGBO SUNJOY
METROSTAR SC,AGRIPLUS,nan
RUBAH,AGRIPLUS,PARIJAT
SYMBA EC,AGRIPLUS,"JIANGSU FENGSHAN GROUP CO,LTD"
SYMBA EC,AGRIPLUS,JIANGSU
TREZAK EC,AGRIPROTC,Dow agroscience
A c t e l l i c,AGRIPROTEC,SYNGENTA
A g r i p h a nate,AGRIPROTEC,MEGHMANI
A lial,AGRIPROTEC,PROPLAN
ACTELIC EC,AGRIPROTEC,SYNGENTA
AGRI-FLEX 185 SC,AGRIPROTEC,SYNGENTA
ALTACOR 35 WG,AGRIPROTEC,FMC
Agral 90,AGRIPROTEC,Syngenta
Alial,AGRIPROTEC,PROPLAN
Alial,AGRIPROTEC,PROPLAN/QUMETICA
Amistar Xtra,AGRIPROTEC,SYNGENTA
Ampligo 150 ZC,AGRIPROTEC,SYNGENTA/
Applaud 25 SC,AGRIPROTEC,SIPCAM INAGRA
Atemi 10 WG,AGRIPROTEC,SYNGENTA CROP PROTECTION
Atemi 10 WG,AGRIPROTEC,SYNGENTA CROP
B ravo SC,AGRIPROTEC,SYNGENTA
BANTER WG,AGRIPROTEC,UPL limited
BELTHIRUL 16SC,AGRIPROTEC,PROBLETE
BETASANA TRIO,AGRIPROTEC,UPL Limited
BION 50 WG,AGRIPROTEC,SYNGENTA
BLINDAR,AGRIPROTEC,ISAGRO SPA/GOWAN
BOLTON EC,AGRIPROTEC,CHEMINOVA
BOLTON EC,AGRIPROTEC,CHEMINOVA /FMC
BUGUIS EC,AGRIPROTEC,PROPLAN
BUGUIS EC,AGRIPROTEC,PROPLAN/QUME
BUTTRESS SC,AGRIPROTEC,NUFARM
Beltanol-L,AGRIPROTEC,PROBELTE
C a p t a n 83 WP,AGRIPROTEC,ARYSTA LIFESCIENCE/UPL
CARMINA MAX SC,AGRIPROTEC,NUFARM
CEREIAX,AGRIPROTEC,BASF
CERIAX,AGRIPROTEC,BASF
CETUS,AGRIPROTEC,FMC
CHALLENGER SC,AGRIPROTEC,BASF
CIDELY TOP 140 DC,AGRIPROTEC,SYNGENTA
CORUM SL,AGRIPROTEC,BASF
COSAVET-DF,AGRIPROTEC,Sulphur Mills Limited
COSSACK OD,AGRIPROTEC,BAYER CROPSCIENCE
CYTHRINE 10 EC,AGRIPROTEC,ARYSTA LIFESCIENCE/IP L
Cabrio Duo,AGRIPROTEC,BASF
Captan 83 WP,AGRIPROTEC,ARYSTA LIFESCIENCE/UPL
Clyde SG,AGRIPROTEC,ALBAUGH EUROPE SARL
Comac,AGRIPROTEC,NUFARM
DESPERADO,AGRIPROTEC,Nufarm
DUETT ULTRA EC,AGRIPROTEC,BASF
Dicopur 720 SL,AGRIPROTEC,NUFARM
Dual gold 960 EC,AGRIPROTEC,SYNGENTA
E v e r e s t 7 0 W G,AGRIPROTEC,ARYSTA LIFESCIENCE
E v e r e s t 7 0 W G,AGRIPROTEC,ARYSTA
E v e r e s t 7 0 WG,AGRIPROTEC,ARYSTA LIFESCIENCE
Engeo 247,AGRIPROTEC,SYNGENTA
FLYRAL,AGRIPROTEC,BIOIBIRICA
Folio Gold,AGRIPROTEC,SYNGENTA
Force,AGRIPROTEC,SYNGENTA
Fosbel extra,AGRIPROTEC,PROBELTE
GALLUP SUPER,AGRIPROTEC,Braclay chemicals
GALLUP SUPER SL,AGRIPROTEC,Braclay chemicals
GALLUP SUPER SL,AGRIPROTEC,Braclaychemicals
GIZMO SUPER FS,AGRIPROTEC,NUFARM
GLYFAST 450 SL,AGRIPROTEC,Braclay chemicals
GLYFAST 450 SL,AGRIPROTEC,Braclaychemicals
GRANSTAR MAX,AGRIPROTEC,chenminova/FMC
GRANSTAR MAX WG,AGRIPROTEC,chenminova/FM C
GRANSTAR MAX WG,AGRIPROTEC,chenminova/FMC
GREEN STAR,AGRIPROTEC,BAYER CROPSCIENCE
HUSSAR EVOLUTION,AGRIPROTEC,BAYER CROPSCIENCE
Heat,AGRIPROTEC,BASF CORPORATION
Heat,AGRIPROTEC,BASF
Imidan 50 A,AGRIPROTEC,GOWAN/Espagne
Imidan 50 A,AGRIPROTEC,GOWA&N/Espagn e
Impact S,AGRIPROTEC,CHEMINOVA
Impact S,AGRIPROTEC,CHEMINOVA/FMC
Impact SC,AGRIPROTEC,CHEMINOVA/FMC
Impact max SC,AGRIPROTEC,BASF SE
Impact max SC,AGRIPROTEC,Cheminova/FMC
Isomexx,AGRIPROTEC,NUFARM
Jalisco,AGRIPROTEC,PROPLANT
Jalisco,AGRIPROTEC,PROPLAN/QUME TICA AGRICULTURAL SOLUTIONS SPAIN SLU
K o c i d e 2 0 00,AGRIPROTEC,MITSUI & Co
K o c i d e 2000,AGRIPROTEC,MITSUI & Co Ltd
K ocide 2000,AGRIPROTEC,MITSUI & Co Ltd/kocide LLC/cosaco LLC(japon)
K ocide 2000,AGRIPROTEC,MITSUI & Co Ltd/kocide LLC/cosacoLLC(japon)
KATANGA MAN,AGRIPROTEC,PROPLAN
KUSABI SC,AGRIPROTEC,ISK Biosciences
KUSABI SC,AGRIPROTEC,ISK Biosciences Europe N.V/UPL
Karaté 5 EC,AGRIPROTEC,SYNGENTA
Klerat,AGRIPROTEC,SYNGENTA
Klérat,AGRIPROTEC,SYNGENTA
LAMBDATROL,AGRIPROTEC,SIPCAM INAGRA
LAMBDATROL,AGRIPROTEC,nan
LUTIRAM WG,AGRIPROTEC,BASF
LUTIRAM WP,AGRIPROTEC,BASF
MASAI,AGRIPROTEC,BASF
MASAI,AGRIPROTEC,BASF/belchim
MASAI,AGRIPROTEC,BASF/belchim/Cer atis BELCHIM
MASAI,AGRIPROTEC,BASF/belchim/Cer atisBelchimN.V
MULIGAN,AGRIPROTEC,PROPLAN
MULIGAN,AGRIPROTEC,PROPLAN/QUME
MULIGAN,AGRIPROTEC,PROPLAN/QUME TICA AGRICULTURAL SOLUTIONS SPAIN SLU
Match 50 EC,AGRIPROTEC,SYNGENTA
Menara 410 EC,AGRIPROTEC,SYNGENTA
Milbeknock,AGRIPROTEC,MITSUI CHEMICALS AGRO
Milbeknock,AGRIPROTEC,Mitsui Chemicals
Milbeknock,AGRIPROTEC,"Mitsui Chemicals Agro,Inc"
Milbeknock,AGRIPROTEC,"Mitsui Chemicals Agro,Inc/summit agro"
Mystic Pro,AGRIPROTEC,NUFARM SAS
NANOK,AGRIPROTEC,FMC
NEXTER 10 SC,AGRIPROTEC,NISSAN CHEMICAL CORPORATION/ BASF
NUFOSATESL,AGRIPROTEC,NUFARM
Natramat 240SC,AGRIPROTEC,Jiangsu United Agrochemical
Natramat 240SC,AGRIPROTEC,Jiangsu United Agrochemical/nanj ing
Numectin,AGRIPROTEC,NUFARM
OPTIMO DUO EC,AGRIPROTEC,BASF
OSIRIS,AGRIPROTEC,BASF
Orvego,AGRIPROTEC,BASF
PENNFLUID SC,AGRIPROTEC,UPL LIMITED
PERIMETER SL,AGRIPROTEC,GOWAN CROP PROTECTION LIMITED
POINTER GEO GR,AGRIPROTEC,SIPCAM INAGRA
PROPYZ,AGRIPROTEC,BARCLAY CHEMICALS Ltd
PROPYZ,AGRIPROTEC,BARCLAY
Pergado MZ 65 WG,AGRIPROTEC,SYNGENTA
Pristine WG,AGRIPROTEC,BASF
RAMPART FS,AGRIPROTEC,UPL LIMITED
RANMAN TOP SC,AGRIPROTEC,ISK Biosciences
RANMAN TOP SC,AGRIPROTEC,ISK Biosciences Europe N.V
REAL SUPER,AGRIPROTEC,BASF
REVYCARE EC,AGRIPROTEC,BASF
RIVAL 607 SL,AGRIPROTEC,AGRIA
ROCINANTE,AGRIPROTEC,PROPLAN PLANT
ROCINANTE,AGRIPROTEC,PROPLAN PLANT PROTECTION COMPANY
ROCINANTE,AGRIPROTEC,PROPLAN/QUME TICA AGRICULTURAL SOLUTIONS SPAIN SLU
ROCINANTE,AGRIPROTEC,PROPLAN/QUME
Regalis,AGRIPROTEC,BASF
SABUESO,AGRIPROTEC,PROPLAN
SALIBRO 500 SC,AGRIPROTEC,CORTEVA
SIP-OIL,AGRIPROTEC,SIPCAM INAGRA
SOREXA PELLETS,AGRIPROTEC,BASF
STALLION,AGRIPROTEC,FMC
SULFOSTAR DF,AGRIPROTEC,BASF
SUPER PLAZMA SC,AGRIPROTEC,NUFARM
Stabilan750,AGRIPROTEC,NUFARM
Stabilan750,AGRIPROTEC,nan
T R O Y 4 8 0 S L,AGRIPROTEC,UPL LIMITED
TEPPEKI WG,AGRIPROTEC,ISK Biosciences Europe
TEPPEKI WG,AGRIPROTEC,ISK Biosciences Europe N.V(fabricant)/upl( fournisseur)
TOSCANA,AGRIPROTEC,PROPLAN
TOSCANA,AGRIPROTEC,PROPLAN/QUME
TOSCANA,AGRIPROTEC,nan
Tachigaren,AGRIPROTEC,MITSUI CHEMICALS AGRO
Tachigaren,AGRIPROTEC,Mitsui Chemicals
Tachigaren,AGRIPROTEC,"Mitsui Chemicals Agro,Inc"
Tachigaren,AGRIPROTEC,"Mitsui Chemicals Agro,Inc/summit agro"
Triziman 80,AGRIPROTEC,UPL
V u l c a n o,AGRIPROTEC,ARYSTA LIFESCIENCE
V u l c a n o,AGRIPROTEC,ARYSTA
VERSIMO 240 SC,AGRIPROTEC,BASF
VERSYS DC,AGRIPROTEC,BASF
VIVANDO,AGRIPROTEC,BASF / SBM FORMULATION
Vincit F,AGRIPROTEC,CHEMINOVA
Vincit F,AGRIPROTEC,CHEMINOVA/FMC
Vivando,AGRIPROTEC,BASF / SBM FORMULATION
Vivando,AGRIPROTEC,BASF / SBM
Vydate 10 L,AGRIPROTEC,DU PONT
Vydate 10 L,AGRIPROTEC,DU PONT/corteva
Vydate 10 L,AGRIPROTEC,nan
nan,AGRIPROTEC,SYNGENTA
polymer WG,AGRIPROTEC,NUFARM S.A
A m i s t a r Ortiva,AGRIPROTEC AGRIPROTEC,SYNGENTA SYNGENTA
Mystic Pro Winner,AGRIPROTEC BIOPROTECTION,NUFARM SAS NUFARM SAS
Klérat Broditop wax block Broditop Raticide detia,AGRIPROTEC ETS MEZGHANI ETS MEZGHANI STIMA,SYNGENTA ZAPI SPA ZAPI SPA DETIA
Cymbush 10 Selene Cirtan EC Sherpa,AGRIPROTEC ETS. MEZGHANI COTUGRAIN IMPEX JADWA AGROTEC,PROBELTE INDUSTRIAL QUIMICA KEY ALCOTAN CMPA
Otria Plus Maxil Armetil M Maxitan WP Unilax Agroxyl-M Milor M,AGRIPROTEC ETS. MEZGHANI SOCOOPEC COTUGRAINIMPEX PROTAGRI EL MOUSSEM SANABEL AGRO,PROBELTE INDUST. QUIMICAKEY IQV DEL VALLES ALCOTAN/I.Q.V AGRO UNITED PHOSPHORUS NUFARM IQV DEL VALLES
C aptan 83 WP Akotan 830 WP,AGRIPROTEC SEPCM,ARYSTA LIFESCIENCE AAKO
Amistar Top Ortiva TOP,AGRIPROTEC SLOGRI,SYNGENTA SYNGENTA
Fusilade Max Trivko,AGRIPROTEC SOLAGRI,SYNGENTA SYNGENTA
K a r a t é 1 0 C S Zeon Kung Fu,AGRIPROTEC SOLAGRI,SYNGENTA SYNGENTA
Tamifume,AGRO-SYSTEMES,TAMINCO
Tamifume,AGRO-SYSTEMES,TAMINCO/eastman
CAPITOL 80 WG,AGRONOMIC,SHARDA
ROMECTIN EC,AGRONOMIC,ROTAM CHEMISTRY
SKYLLA WDG,AGRONOMIC,ROTAM
DRASSEN,AGRONOMIC LAND,jiangsukuaida/shan ghai shengnong pesticide
ROMECTIN EC,AGRONOMIC LAND,"ROTAM CHEMISTRY CO.,Ltd"
SKYLLA WDG,AGRONOMIC LAND,ROTAM AGROCHEMICAL CO.LTD
SKYLLA WDG,AGRONOMIC LAND,ROTAM
SKYLLA WDG,AGRONOMIC LAND,ROTAM AGROCHEMICA
ALDEM 3% GR,AGRONOMIC Land,SHARDA
CAPITOL 80 WG,AGRONOMIC Land,SHARDA
CASTEL 48 EC,AGRONOMIC Land,SHARDA
Cello,AGRONOMIC Land,BAYER CROPSCIENCE
Cello,AGRONOMIC Land,BAYER
DEFAN 20 SL,AGRONOMIC Land,SHARDA
FORTUNA GLOBE,AGRONOMIC Land,Agria
Falcon 460 SC,AGRONOMIC Land,BAYER CROPSCIENCE
HERBOL,AGRONOMIC Land,SHARDA
Rival duo 450 SC,AGRONOMIC Land,Agria
Sekator OD,AGRONOMIC Land,BAYER CROPSCIENCES
Sekator OD,AGRONOMIC Land,BAYER
Sekator OD,AGRONOMIC Land,nan
TAZOLE 410 EC,AGRONOMIC Land,SHARDA
VERDIS 36 SL,AGRONOMIC Land,Sharda Cropchem Limited
Diflanil,AGROSYSTEME,GLOBACHEM
Foxtrot,AGROSYSTEME,FMC
TRIPSOL EW,AGROSYSTEME,cheminova
TRIPSOL EW,AGROSYSTEME,Cheminova/fmc
GLOPYR 100 SL,AGROSYSTEME S,Globachem
PROPER FLO SC,AGROSYSTEME S,Globachem
RAPSAN 500 SC,AGROSYSTEME S,Globachem
RAPSAN TDI SC,AGROSYSTEME S,Globachem
A g r o H u i l e,AGROSYSTEMES,PETRONAS
ACRUX SC,AGROSYSTEMES,Ascenza Agro
Agrocuivre,AGROSYSTEMES,SPEISS
Agrocuivre,AGROSYSTEMES,SPEISS URANIA/COSACO GmbH
Agrosoufre,AGROSYSTEMES,Agrostulln GmbH
Agrosoufre,AGROSYSTEMES,AgrostullnGmbH
BELKAP EXTRA,AGROSYSTEMES,PROBELTE
CIMOXATE C W G,AGROSYSTEMES,ASCENZA GRO S.APORTUGAL
CUPROSATE GOLD,AGROSYSTEMES,AGRIA
CUPROSATE GOLD M72 WP,AGROSYSTEMES,AGRIA
Cabridust,AGROSYSTEMES,The national company
Cabridust,AGROSYSTEMES,The national company for agrochemicals(AGROCHE M)
Copper Progress,AGROSYSTEMES,SPEISS
Copper Progress,AGROSYSTEMES,SPEISS URANIA/COSACO GmbH
DECIBEL MAX WG,AGROSYSTEMES,ASCENZA GRO S.APORTUGAL
DIFEND EXTRA FS,AGROSYSTEMES,Globachem
Delfin WG,AGROSYSTEMES,CERTIS
Delfin WG,AGROSYSTEMES,nan
Difcor,AGROSYSTEMES,GLOBACHEM
Difender 30 FS,AGROSYSTEMES,GLOBACHEM
Diflanil,AGROSYSTEMES,GLOBACHEM
Fluostar 200,AGROSYSTEMES,GLOBACHEM
Flurostar 200,AGROSYSTEMES,GLOBACHEM
G l o b a z t a r 2 5 0 S C,AGROSYSTEMES,Globachem
GLOPYR 100 SL,AGROSYSTEMES,Globachem
Gibb 3,AGROSYSTEMES,GLOBACHEM
JOYSTICK WG,AGROSYSTEMES,ASCENZA AGRO
Leader,AGROSYSTEMES,SUMITOMO
Mancothine,AGROSYSTEMES,AGRIA SA
Nuance,AGROSYSTEMES,CHEMINOVA
PROPER FLO SC,AGROSYSTEMES,Globachem
Piri,AGROSYSTEMES,GLOBACHEM
Pointer Duo,AGROSYSTEMES,CHEMINOVA
Pointer Duo,AGROSYSTEMES,CHEMINOVA/FMC
Qatar,AGROSYSTEMES,GLOBACHEM
RAPSAN 500 SC,AGROSYSTEMES,Globachem
RAPSAN TDI SC,AGROSYSTEMES,Globachem
Ravane,AGROSYSTEMES,GLOBACHEM
Ravane,AGROSYSTEMES,nan
Roxy,AGROSYSTEMES,GLOBACHEM
Rubric,AGROSYSTEMES,Cheminova
Spike,AGROSYSTEMES,GLOBACHEM
T e b u cur,AGROSYSTEMES,GLOBACHEM
Tebucur,AGROSYSTEMES,GLOBACHEM
Thionic autodispersible,AGROSYSTEMES,TAMINCO
Thionicautodispers,AGROSYSTEMES,TAMINCO/EASTMAN
Thionicautodispers ible,AGROSYSTEMES,TAMINCO/EASTMAN
Thionicautodispersible,AGROSYSTEMES,TAMINCO/EASTMA
V-NOL,AGROSYSTEMES,PROBELTE
Vantex,AGROSYSTEMES,FMC
Vantex,AGROSYSTEMES,nan
y,AGROSYSTEMES,GLOBACHEM
Agrocuivre Cuprumax 50 WP,AGROSYSTEMES AMINCO,SPEISS URANIA SPEISS URANIA
G lo b a z t a r 2 5 0 S C Zaftra SC,AGROSYSTEMES AMINCO,Globachem Globachem
Piri Tornado,AGROSYSTEMES AMINCO,GLOBACHEM GLOBACHEM
Difcor Protector Divisole,AGROSYSTEMES AMINCO TASMID,GLOBACHEM GLOBACHEM ASTRACHEM
Ravane Expert Markate,AGROSYSTEMES SANABEL AGRO AMINCO,GLOBACHEM SHARDA WORLDWIDE GLOBACHEM
FRUGICO SC,AGROSYTEME,GLOBACHEM
ARMOREX,ALOHA,SOILTECHNOLO
LITTOVIR,ALOHA,ANDERMATT
N omu-Protec,ALOHA,ANDERMATT PHP (Pty) AFRIQUE DE SUD
T-protec,ALOHA,Plant Health Products (phy)/Sud d'afrique/Andermatt PHP(Pty) Ltd/ANDERMATT BIOCONTROL GROUP AG
LITTOVIR,ALOHA AGRICULTURE,ANDERMATT BIOCONTROL AG
LITTOVIR,ALOHA AGRICULTURE,nan
BOLLDEX SC,ALOHA Agriculture,ANDERMATT BIOCONTROL
BOLLDEX SC,ALOHA Agriculture,ANDERMATT
BOLLDEX SC,ALOHA Agriculture,nan
Bb-Protec WP,ALOHA Agriculture,Plant Health Products
Bb-Protec WP,ALOHA Agriculture,nan
Bb-Protec WP,ALOHA Agriculture,Plant Health Products (phy)/Sud d'afrique/Andermat t PHP(Pty) Ltd/ANDERMAT T BIOCONTROL GROUP AG
Aminogibb,AMINCO,GLOBACHEM
COOPOX WP,AMINCO,Shyham chemical
COOPOX WP,AMINCO,Shyhamchemical
Cuprumax 50 WP,AMINCO,SPEISS
Cuprumax 50 WP,AMINCO,SPEISS URANIA/COSACO GmbH
Eponeo,AMINCO,Cheminova
Fidox 800 EC,AMINCO,GLOBACHEM
Markate,AMINCO,GLOBACHEM
Markate,AMINCO,nan
Maynozebe,AMINCO,AGRIA SA
Patrol 50 WP,AMINCO,SPEISS URANIA
Patrol 50 WP,AMINCO,SPEISS
Patrol 50 WP,AMINCO,SPEISS URANIA/COSACO GmbH
Protector,AMINCO,GLOBACHEM
Scooby doo,AMINCO,GLOBACHEM
Soufrustulln,AMINCO,Agrostulln GmbH
Soufrustulln,AMINCO,AgrostullnGmbH
T e s o n,AMINCO,GLOBACHEM
Teson,AMINCO,GLOBACHEM
Tornado,AMINCO,GLOBACHEM
Z a f t r a S C,AMINCO,Globachem
Eponeo Orage Nupoxyn,AMINCO SANABEL AGRO EL MOUSSEM AGRICOLE,Cheminova SINON CORPORATION NUFARM
AVATAR EC,ATLAS,DU PONT/FMC
Biopower SL,ATLAS,BAYER AG
FAME 480 SC,ATLAS,BAYER
FLEXIDOR,ATLAS,Dow
Fungisei SL,ATLAS,SEIPASA S A/
O v i p h y t,ATLAS,COMPTOIR
PIRECRIS,ATLAS,Seipasa S.A
Radiant 120 SC,ATLAS,DOW AGROSCIENCE
Robust 480 EC,ATLAS,COROMANDEL
Round Up Pro,ATLAS,nan
Verdict,ATLAS,DOW
AGRIKAR STAR,ATLAS AGRICOLE,DOW
AGRIKAR STAR,ATLAS AGRICOLE,DOW AGROSCIENCES
ASSOCIATE EC,ATLAS AGRICOLE,DU PONT/Corteva
AVADEX FACTOR,ATLAS AGRICOLE,GOWAN CROP
AVADEX FACTOR CS,ATLAS AGRICOLE,GOWAN CROP PROTECTION LIMITED
AVATAR EC,ATLAS AGRICOLE,DU PONT/FMC
AZIMUT XPERT SC,ATLAS AGRICOLE,NUFARM
Anteor Flash,ATLAS AGRICOLE,BAYER AG
Anteor flash,ATLAS AGRICOLE,BAYER AG
Atlantis,ATLAS AGRICOLE,BAYER CROPSCIENCE
Atlantis,ATLAS AGRICOLE,BAYER
Atlantis OD,ATLAS AGRICOLE,BAYER CROPSCIENCE
Atlantis OD,ATLAS AGRICOLE,BAYER
BREAK THRU SL,ATLAS AGRICOLE,EVONIC
BREAK THRU SL,ATLAS AGRICOLE,nan
Benfuron,ATLAS AGRICOLE,SHARDA
Biopower SL,ATLAS AGRICOLE,BAYER AG
Broadway,ATLAS AGRICOLE,DOW AGROSCIENCES
CLORTOSIP 500 SC,ATLAS AGRICOLE,SIPCAM INAGRA
CORAG DUO SC,ATLAS AGRICOLE,NANJING(HEBEI
Consento 450,ATLAS AGRICOLE,BAYER CROPSCIENCE
Consento 450,ATLAS AGRICOLE,BAYER
Curame 25 WG,ATLAS AGRICOLE,Manica SPA
DELARO DUO SC,ATLAS AGRICOLE,BAYER CROPSCIENCE
Decis Expert,ATLAS AGRICOLE,BAYER CROPSCIENCE
EPIDOR,ATLAS AGRICOLE,SYNGENTA / DOW AGROSCIENCES EXPORTS
EPIDOR,ATLAS AGRICOLE,SYNGENTA / DOW
EXAQ EC,ATLAS AGRICOLE,DOW AGROSCIENCES
Energyc M,ATLAS AGRICOLE,BAYER CROPSCIENCE
FAME 480 SC,ATLAS AGRICOLE,BAYER
FENFEN EC,ATLAS AGRICOLE,LAINCO
FLEXIDOR,ATLAS AGRICOLE,Dow Agrosciences
FLEXIDOR,ATLAS AGRICOLE,Dow
Filex Energy,ATLAS AGRICOLE,BAYER
Filex Energy,ATLAS AGRICOLE,BAYER CROPSCIENCE
Fungisei SL,ATLAS AGRICOLE,SEIPASA S A/
GENERAL SR/Changement Nom COMMercial,ATLAS AGRICOLE,GHARDA HOUSE INDE
LAOTTA,ATLAS AGRICOLE,LAINCO
LASER 240 SC,ATLAS AGRICOLE,DOW
LASER 240 SC,ATLAS AGRICOLE,DOW AGROSCIENCE/c orteva agriscience
LASER 240 SC,ATLAS AGRICOLE,DOW AGROSCIENCE/c ortevaagriscience
LORGARD,ATLAS AGRICOLE,GHARDA
LORGARD,ATLAS AGRICOLE,GHARDA CHEMICALS/arist eas
Lorvek 480 EC,ATLAS AGRICOLE,DOW AGROSCIENCES
Lorvek 5 G,ATLAS AGRICOLE,Dow Agroscience
Luna Previlege,ATLAS AGRICOLE,BAYER CROPSCIENCE
Luna Sensation,ATLAS AGRICOLE,BAYER CROPSCIENCE
Luna Sensation,ATLAS AGRICOLE,BAYER
Luna sensation,ATLAS AGRICOLE,BAYER CROPSCIENCE
Mesurol 200 SC,ATLAS AGRICOLE,BAYER CROPSCIENCE
Mesurol 50 WP,ATLAS AGRICOLE,BAYER CROPSCIENCE
Moon Experience SC,ATLAS AGRICOLE,BAYER CROPSCIENCE
Movento 150 OD,ATLAS AGRICOLE,BAYER CROPSCIENCE
Nikos 306 SE,ATLAS AGRICOLE,DOW
Nikos 306 SE,ATLAS AGRICOLE,nan
Nikos 306 SE,ATLAS AGRICOLE,DOW AGROSCIENCES/ corteva
Nikos forte,ATLAS AGRICOLE,DOW AGROSCIENCES
Nikos forte,ATLAS AGRICOLE,DOW
Nikos forte,ATLAS AGRICOLE,DOW AGROSCIENCE S/CORTEVA
Nikos forte,ATLAS AGRICOLE,DOW AGROSCIENCES/ CORTEVA
OLYMPUS FLEX,ATLAS AGRICOLE,BAYER AG
OLYMPUS FLEX WG,ATLAS AGRICOLE,BAYER AG
OSSICLOR 50 PB,ATLAS AGRICOLE,MANICA Spa
OSSICLOR 50 PB MANICA,ATLAS AGRICOLE,MANICA Spa
Oberon 240 SC,ATLAS AGRICOLE,BAYER CROPSCIENCE
Orytis,ATLAS AGRICOLE,CHEMINOVA
P R I O R I T Y,ATLAS AGRICOLE,DOW AGROSCIENCES
P e l t 500 SC,ATLAS AGRICOLE,BAYER AG.
P r o f i l e r,ATLAS AGRICOLE,BAYER AG
PIRECRIS,ATLAS AGRICOLE,Seipasa S.A
PIRECRIS,ATLAS AGRICOLE,SeipasaS.A
POLTIGLIA 20,ATLAS AGRICOLE,MANICA S.P.A
POLTIGLIA 20 PB,ATLAS AGRICOLE,MANICA S.P.A
PRIORITY,ATLAS AGRICOLE,DOW
PRIORITY,ATLAS AGRICOLE,DOW AGROSCIENCE S/corteva
PRIORITY,ATLAS AGRICOLE,DOW AGROSCIENCES/ corteva
Pelt 500 SC,ATLAS AGRICOLE,BAYER AG.
Positron 49,ATLAS AGRICOLE,BAYER CROPSCIENCE
Positron 49,ATLAS AGRICOLE,BAYER
Profiler,ATLAS AGRICOLE,BAYER AG
Profilux,ATLAS AGRICOLE,BELCHIM CROP PROTECTION
Profilux,ATLAS AGRICOLE,BELCHIM CROP
Prosper 500 EC,ATLAS AGRICOLE,BAYER CROPSCIENCE
Prosper 500 EC,ATLAS AGRICOLE,BAYER
R o u n d u p P l u s,ATLAS AGRICOLE,MONSANTO
R o u n d u p P l u s,ATLAS AGRICOLE,MONSANTO/BAYER
R o u n d u p P l u s,ATLAS AGRICOLE,MONSANTO/BA YER
R o u n d u p P lu s,ATLAS AGRICOLE,nan
RALLY,ATLAS AGRICOLE,DOW AGROSCIENCES
Radiant 120 SC,ATLAS AGRICOLE,DOW AGROSCIENCE
Round Up Pro,ATLAS AGRICOLE,MONSANTO
Round Up Pro,ATLAS AGRICOLE,MONSANTO/BAYER
Round Up Pro,ATLAS AGRICOLE,nan
Round Up Pro,ATLAS AGRICOLE,MONSANTO/BA YER
Round up innov,ATLAS AGRICOLE,MONSANTO
S EICAN EC,ATLAS AGRICOLE,S EIPASA S.A
S c a l a 300 SC,ATLAS AGRICOLE,BAYER
S p e c t o r 70 WG,ATLAS AGRICOLE,BAYER CROPSCIENCE
SEICAN EC,ATLAS AGRICOLE,SEIPASA S.A
SIVANTO PRIME 200,ATLAS AGRICOLE,Bayer A.G
SIVANTO PRIME 200 SL,ATLAS AGRICOLE,Bayer A.G
SKIPPER 120 EC,ATLAS AGRICOLE,AAKO
SONG EC,ATLAS AGRICOLE,SIPCAM INAGRA
STINGER,ATLAS AGRICOLE,DU PONT
STINGER SC,ATLAS AGRICOLE,DU PONT INTERNATIONAL
Sabero M 45,ATLAS AGRICOLE,COROMANDEL Ltd.
Sanaphen D 720 SL,ATLAS AGRICOLE,DOW
Sanaphen D 720 SL,ATLAS AGRICOLE,DOW AGROSCIENCES
Scala 300 SC,ATLAS AGRICOLE,BAYER CROPSCIENCE
Solfol,ATLAS AGRICOLE,BELCHIM CROP PROTECTION
Solfol,ATLAS AGRICOLE,BELCHIM CROP
Soligor 425,ATLAS AGRICOLE,BAYER CROPSCIENCE
Spintor,ATLAS AGRICOLE,DOW
Spintor,ATLAS AGRICOLE,nan
Spintor,ATLAS AGRICOLE,DOW AGROSCIENCE
Spintor,ATLAS AGRICOLE,DOW AGROSCIENCE/ CORTEVA
T r i f l e x,ATLAS AGRICOLE,AAKO
TARZEK +,ATLAS AGRICOLE,Dow Agrosciences
TARZEK + UPTAKE SL (Ecosurf EH-9 Surfactant 73 %(p/p)),ATLAS AGRICOLE,Dow Agrosciences
TARZEK WG (Utilisation en mélange avec UPTAKE SL (Ecosurf EH-9 Surfactant 73 %(p/p)),ATLAS AGRICOLE,Dow Agrosciences
TIMOREX GOLD E C,ATLAS AGRICOLE,SIPCAM INAGRA
TIOSOL 80,ATLAS AGRICOLE,SIPCAM
TREBON EC,ATLAS AGRICOLE,SIPCAM INAGRA S.S
TRECATOL,ATLAS AGRICOLE,FMC
TWIST SUPER EC,ATLAS AGRICOLE,SHARDA
Tacco 100 SC,ATLAS AGRICOLE,BAYER CROPSCIENCE
U PHOLD SC,ATLAS AGRICOLE,CORTIVA
UPHOLD SC,ATLAS AGRICOLE,CORTIVA
VELUM PRIME 400,ATLAS AGRICOLE,BAYER AG
VELUM PRIME 400 SC,ATLAS AGRICOLE,BAYER AG
VERSATILL,ATLAS AGRICOLE,DOW
VERSATILL,ATLAS AGRICOLE,DOW AGROSCIENCE /corteva
VERSATILL,ATLAS AGRICOLE,DOW AGROSCIENCE/c orteva
VERSATILL EC,ATLAS AGRICOLE,DOW AGROSCIENCE
VOLCAN EC,ATLAS AGRICOLE,SPICAM INAGRA SA
Zato 50 WG,ATLAS AGRICOLE,BAYER CROPSCIENCE
ZorvecVinabel SE,ATLAS AGRICOLE,CORTEVA
a z i m u t S C,ATLAS AGRICOLE,NUFARM
Filex Energy Previcur Energy,ATLAS AGRICOLE EL MOUSSEM AGRICOLE,BAYER CROPSCIENCE BAYER CROPSCIENCE
S cala 300 SC Mythos300 SC,ATLAS AGRICOLE EL MOUSSEM AGRICOLE,BAYER CROPSCIENCE
HERBOXONE SL,ATLAS INDUSTRIE,NUFARM
O v i p h y t,ATLAS INDUSTRIE,COMPTOIR COMMERCIAL DES LUBRIFIANTS
Oviphyt,ATLAS INDUSTRIE,COMPTOIR COMMERCIAL DES LUBRIFIANTS/S ANGOSSE
Robust 480 EC,ATLAS INDUSTRIE,COROMANDEL
TRISTAR SL SR/Changement de nom,ATLAS INDUSTRIE,NUFARM
KAPI-TOP 48 EC,Agrinova,SHARDA
KAPI-TOP 48 EC,Agrinova,SHARDA CROPCHEM
COMET PLUS EC,Agriprotec,BASF
Kenja SC,Agriprotec,ISK Biosciences
Kenja SC,Agriprotec,ISK Biosciences Europe N.V(fabricant)/upl(fourniss eur)
Preza OD,Agriprotec,DU PONT/FMC
T E B U ZOL 25 EW,Agriprotec,UPL LIMITED
TEBUZOL 25 EW,Agriprotec,UPL LIMITED
T-77 WP,Aloha agriculture,nan
T-77 WP,Aloha agriculture,Plant Health Products (phy)/Sud d'afriquePlant Health Products (phy)
TRI-BASE FLOW SC,Atlas Agricole,NUFARM
TRIBASE -FLOW SC,Atlas Agricole,NUFARM
PROSPER 300 CS,Atlas agricole,BAYER
PROSPER 300 CS,Atlas agricole,BAYER CROPSCIENCE
nan,B I O P R O T E C T I O,S Y N G E N T A
ELESTAL300 SC,B I O P R O T E C T I O N,S Y N G E N T A
K l e e n U p,B I O P R O T E C T I O N,N U F A R M
N u p r i d,B I O P R O T E C T I O N,NUFARM
nan,B I O P R O T E C T I O N,S Y N G E N T A
K a l a c h 3 6 0 Herbolex Clinic Fortin Glyphotec Cible Glyster Agriatech Maynozate Glycel Glyphogan Glitan Buggy GLISO 360 Mamba 360 SL Glyweed Diss,B I O P R O T E C T I O N SEPCM EL MOUSSEMAGRI. ETS MEZGHANI STEC AGRIPROTEC SANABEL AGRO AGROSYSTEMES AMINCO AGRIMATCO SOCOOPEC COTUGRAIN IMPEX INNOVA EL KHADRA INNOVA ATLAS INDUSTRIE PROTAGRI,A R Y S T A L I F E S CIENCE DOW AGROSCIENCES NUFARM INDUSTRLQUIMICAKEY AAKO BV NUFARM SINON CORPORATION AGRIA SA AGRIA SA EXCEL CROP CARE AAKO ALCOTAN SIPCAM INGARA SIPCAM INGARA DOW AGROSCIENCES COROMANDEL Ltd. UNITED PHOSPHORUS
T o p a z e 1 0 0,B I O P R O T E C T ION,SYNGENTA
T o p a z e 1 0 0,B I O P R O TECTION,SYNGENTA
T o p a z e 1 0 0 Buckler Topenco 100 EC,B I OPROTECTION AMINCO AGROSYSTEMES,SYNGENTA GLOBACHEM GLOBACHEM
SALIBRO 500 SC,BARAKA Agricole,CORTEVA
Select Super,BIOPRO,U P L / A R Y S T A
Select Super,BIOPRO TECTION,U P L / A R Y S T A LIFESCIENCE
Alliance,BIOPROTECTIO,NUFARM S.A
Axial pratic,BIOPROTECTIO,Syngenta
Maestro 75 WG,BIOPROTECTIO,AAKO
Uniform,BIOPROTECTIO,SYNGENTA
Weedone,BIOPROTECTIO,NUFARM
Weedone Plus,BIOPROTECTIO,NUFARM
Dialen Super,BIOPROTECTIO N,SYNGENTA
Kalach 360,BIOPROTECTIO N,UPL/ARYSTA LIFESCIENCE
Kalach Extra,BIOPROTECTIO N,ARYSTA LIFESCIENCE
Karal,BIOPROTECTIO N,NUFARM
Navigator,BIOPROTECTIO N,SYNGENTA
SC,BIOPROTECTIO N,UPL
TWIGA,BIOPROTECTIO N,AAKO BV
Traxospratic,BIOPROTECTIO N,Syngenta
UMBRA 590 SC,BIOPROTECTIO N,SYNGENTA
XANADU,BIOPROTECTIO N,UPL limited
AVOXA MAXX OD,BIOPROTECTION,SYNGENTA
Adress,BIOPROTECTION,SYNGENTA
Agrimec Gold 084 SC,BIOPROTECTION,SYNGENTA
Alion 500 SC,BIOPROTECTION,BAYER
Alliance,BIOPROTECTION,NUFARM S.A
Alto super,BIOPROTECTION,SYNGENTA
Ampexio WG,BIOPROTECTION,SYNGENTA
Axial 045 EC,BIOPROTECTION,SYNGENTA
Axial pratic,BIOPROTECTION,Syngenta
B a n k o 720 SC,BIOPROTECTION,UPL/ARYSTA
B i o m a t,BIOPROTECTION,UPL/ARYSTA
BIOBAC,BIOPROTECTION,BION TECH INC/ AAKO
BIOBAC,BIOPROTECTION,BION TECH INC/
BIOBAIT,BIOPROTECTION,BIOIBIRICA
BOSCOTT SC,BIOPROTECTION,ALBAUGH
Banko 720 SC,BIOPROTECTION,ARYSTA LIFESCIENCE
Banko 720 SC,BIOPROTECTION,UPL/ARYSTA LIFESCIENCE
Bell Extra,BIOPROTECTION,BASF
Borneo 10 SC,BIOPROTECTION,SUMITOMO CHEMICHAL AGRO EUROPE S.A.S
Borneo 10 SC,BIOPROTECTION,SUMITOMO
Borneo 10 SC,BIOPROTECTION,nan
Boxer,BIOPROTECTION,SYNGENTA
C y p e r c a l 2 5 0 E C,BIOPROTECTION,ARYSTA LIFESCIENCE
C y p e r c a l 2 5 0 E C,BIOPROTECTION,UPL/ARYSTA
C y p e r cal 250 EC,BIOPROTECTION,UPL/ARYSTA LIFESCIENCE
CAIMAN FLUID SC,BIOPROTECTION,UPL LIMITED
CARIAL TOP,BIOPROTECTION,SYNGENTA
CERATAVO E RA,BIOPROTECTION,SYNGENTA
CERATAVO ERA,BIOPROTECTION,SYNGENTA
COMITE 240 SC,BIOPROTECTION,CHEMTURA/ARYSTA
COMITE 240 SC,BIOPROTECTION,CHEMTURA/AR YSTA
Caiman 80 WP,BIOPROTECTION,UPL/ARYSTA
Calin Flo,BIOPROTECTION,Arysta Lifescience
CalinFlo,BIOPROTECTION,ArystaLifescience
Carial Opti,BIOPROTECTION,SYNGENTA
Cekwat 750,BIOPROTECTION,NUFARM
Cekwat 750,BIOPROTECTION,nan
Celest Extra 50 FS,BIOPROTECTION,SYNGENTA
CelestTop 312.5,BIOPROTECTION,SYNGENTA
Ceratrap (en,BIOPROTECTION,BIOEBERICA S.A
Ceratrap (en,BIOPROTECTION,nan
Ceratrap (en bouteilles ou/et en pièges jaunes),BIOPROTECTION,BIO EBERICA S.A
Chardol 720 SL,BIOPROTECTION,NUFARM
Chorus Double,BIOPROTECTION,SYNGENTA
Cruiser 350 FS,BIOPROTECTION,SYNGENTA
D e l t a c a l,BIOPROTECTION,UPL/ARYSTA
DACUS TRAP SL,BIOPROTECTION,BIOIBERICA S.A.U/ESPAGNE
DELAN 500 SC,BIOPROTECTION,BASF
Deltacal,BIOPROTECTION,UPL/ARYSTA LIFESCIENCE
Dialen Super,BIOPROTECTION,SYNGENTA
Dormex,BIOPROTECTION,DEGUSSA AG/ ARYSTA LifeScience
Dormex,BIOPROTECTION,DEGUSSA AG/
Dormex,BIOPROTECTION,nan
Eperon Mix Pepite,BIOPROTECTION,SYNGENTA
Escort 20 SL,BIOPROTECTION,UPL/(NIPPON
Escort 20 SL,BIOPROTECTION,UPL/(NIPPON SODA)ARYSTA LIFESCIENCE
Evisect,BIOPROTECTION,NIPPON KAYAKU/ ARYSTA/JAPON/Espagne
F u m i c a l,BIOPROTECTION,ARYSTA LIFESCIENCE
F u m i c a l,BIOPROTECTION,UPL/ARYSTA
F u m ical,BIOPROTECTION,UPL/ARYSTA
Fitogib,BIOPROTECTION,NUFARM
Fumical,BIOPROTECTION,UPL/ARYSTA LIFESCIENCE
GIB GRO,BIOPROTECTION,NUFARM
Heliocuivre,BIOPROTECTION,Action Pin
Heliocuivre,BIOPROTECTION,Action Pin/AAKO
Heliosoufre S,BIOPROTECTION,Action Pin
Heliosoufre S,BIOPROTECTION,Action Pin/AAKO
Hydro Flo,BIOPROTECTION,NUFARM
INSPIRE PLUS EW,BIOPROTECTION,SYNGENTA
Ipromise,BIOPROTECTION,Arysta Lifescience
Ipromise,BIOPROTECTION,ArystaLifescience
Kalach 360,BIOPROTECTION,UPL/ARYSTA
Kalach 360,BIOPROTECTION,UPL/ARYSTA LIFESCIENCE
Kalach Extra,BIOPROTECTION,ARYSTA LIFESCIENCE
Kalach Extra,BIOPROTECTION,ARYSTA
Karal,BIOPROTECTION,NUFARM
Kempo EG,BIOPROTECTION,NUFARM
Kempo EG,BIOPROTECTION,nan
Killmite,BIOPROTECTION,ARYSTA LIFESCIENCE
Kilter,BIOPROTECTION,NUFARM
Lufox 105 EC,BIOPROTECTION,SYNGENTA
M a x i m 100 FS,BIOPROTECTION,SYNGENTA
M axim 100 FS,BIOPROTECTION,SYNGENTA
M e t h y l - T,BIOPROTECTION,UPL/ARYSTA
MAXIMUS SC,BIOPROTECTION,AAKO
MINECTO PRO SC,BIOPROTECTION,SYNGENTA
MORPHEE 71.3 WG,BIOPROTECTION,AAKO
Maestro 75 WG,BIOPROTECTION,AAKO
Malvin80 WG,BIOPROTECTION,ARYSTA LIFESCIENCE
Malvin80 WG,BIOPROTECTION,UPL/ARYSTA
Malvin80 WG,BIOPROTECTION,UPL/ARYSTA LIFESCIENCE
Matric,BIOPROTECTION,ARYSTA LIFESCIENCE
Matric,BIOPROTECTION,UPL/ARYSTA
Matric,BIOPROTECTION,UPL/ARYSTA LIFESCIENCE
Maxim 100 FS,BIOPROTECTION,SYNGENTA
Minarix,BIOPROTECTION,SYNGENTA
Miravis duo Sc,BIOPROTECTION,ARYSTA
Miravis duo Sc,BIOPROTECTION,ARYSTA LIFESCIENCES
Miravis duo Sc,BIOPROTECTION,SYNGENTA
Mistral,BIOPROTECTION,ZOLFINDUSTRIA
Mistral,BIOPROTECTION,ESSECO sarl/AAKO
Moltovin,BIOPROTECTION,NUFARM
Nando,BIOPROTECTION,NUFARM
Navigator,BIOPROTECTION,SYNGENTA
OLEORA EC,BIOPROTECTION,UPL
ORKESTRA SC,BIOPROTECTION,BASF
OVIPRON TOP,BIOPROTECTION,UPL
Optix R WG,BIOPROTECTION,UPL
P e g a s u s 500 SC,BIOPROTECTION,SYNGENTA
P y r i c a l 4 8 0 EC,BIOPROTECTION,ARYSTA LIFESCIENCE
PLESIVA ALPHA SC,BIOPROTECTION,SYNGENTA
PROSPIRO,BIOPROTECTION,AAKO
Pegasus 500 SC,BIOPROTECTION,SYNGENTA
Plenum 50 WG,BIOPROTECTION,SYNGENTA
Priori Opti,BIOPROTECTION,SYNGENTA
Proclaim 05 SG,BIOPROTECTION,SYNGENTA
Pyrical 480 EC,BIOPROTECTION,UPL/(NIPPON
Pyrical 480 EC,BIOPROTECTION,UPL/(NIPPON SODA)ARYSTA LIFESCIENCE
QUILT XCEL,BIOPROTECTION,SYNGENTA
R e g l o n e 2 0 0 S L,BIOPROTECTION,SYNGENTA
R i d o m i l G o l d M Z 68 WG,BIOPROTECTION,SYNGENTA
RAYGARD,BIOPROTECTION,AAKO
RELIANCE SC,BIOPROTECTION,UPL
REVUS C,BIOPROTECTION,SYNGENTA
REVYTREX EC,BIOPROTECTION,BASF
REYSANA SC,BIOPROTECTION,Syngenta/ Marrone Bio Innovation/ ELEPHANT VERT EUROPE SA
REYSANA SC,BIOPROTECTION,Syngenta/ Marrone Bio
Ridomil Gold,BIOPROTECTION,SYNGENTA
Ridomil Gold C ombi WG,BIOPROTECTION,SYNGENTA
Ridomil Gold Combi,BIOPROTECTION,SYNGENTA
Ridomil Gold MZ 68,BIOPROTECTION,SYNGENTA
S pectro 30 FS,BIOPROTECTION,SYNGENTA
SC,BIOPROTECTION,UPL
SCHOLAR 230 SC,BIOPROTECTION,SYNGENTA
SPIROMAX OD,BIOPROTECTION,ALBAUGH
SPIROX D EC,BIOPROTECTION,arysta lifescience
SPIROX D EC,BIOPROTECTION,arystalifescience/UPL
START-UP,BIOPROTECTION,AAKO
Score 250 EC,BIOPROTECTION,SYNGENTA
Select Super,BIOPROTECTION,ARYSTA LIFESCIENCE
Spectro 30 FS,BIOPROTECTION,SYNGENTA
Spectro Extreme 115 FS,BIOPROTECTION,SYNGENTA
SpectroExtreme 115,BIOPROTECTION,SYNGENTA
SpectroExtreme 115 FS,BIOPROTECTION,SYNGENTA
Super Bordeaux,BIOPROTECTION,NUFARM
Synara 25 WG,BIOPROTECTION,SYNGENTA
T i l t 2 50,BIOPROTECTION,SYNGENTA
T ilt 250,BIOPROTECTION,SYNGENTA
T o p i k 8 0,BIOPROTECTION,SYNGENTA
T r i g a r d,BIOPROTECTION,SYNGENTA
TERVIGO 020 SC,BIOPROTECTION,Syngenta Crop Protection AG
TERVIGO 020 SC,BIOPROTECTION,Syngenta Crop Protection
TERVIGO 020 SC,BIOPROTECTION,Syngenta Crop
TOPIK,BIOPROTECTION,SYNGENTA
TWIGA,BIOPROTECTION,AAKO BV
Thiopron SC,BIOPROTECTION,UPL
Top 312.5,BIOPROTECTION,SYNGENTA
Topik 100,BIOPROTECTION,SYNGENTA
Traxos 45 EC,BIOPROTECTION,SYNGENTA
Traxos pratic,BIOPROTECTION,Syngenta
Traxospratic,BIOPROTECTION,Syngenta
UMBRA 590 SC,BIOPROTECTION,SYNGENTA
UNIFORM 446,BIOPROTECTION,SYNGENTA
V e r t i m e c,BIOPROTECTION,SYNGENTA
VIBRANCE DUO FS,BIOPROTECTION,SYNGENTA
VIBRANCE DUO FS,BIOPROTECTION,SYNGENTA AGRO
VIBRANCE DUO FS,BIOPROTECTION,SYNGENTA AGRO AG
VIBRANCE MAXX,BIOPROTECTION,SYNGENTA
VIBRANCE MAXX FS,BIOPROTECTION,SYNGENTA
Vibrance Gold,BIOPROTECTION,SYNGENTA
Voliam Targo 063 SC,BIOPROTECTION,SYNGENTA
VoliamTargo 063,BIOPROTECTION,SYNGENTA
VoliamTargo 063 SC,BIOPROTECTION,SYNGENTA
Weedazol,BIOPROTECTION,NUFARM
Weedone,BIOPROTECTION,NUFARM
Weedone Plus,BIOPROTECTION,NUFARM
Weevil magnet(keromone),BIOPROTECTION,Chemtica international
Winner,BIOPROTECTION,NUFARM SAS
XANADU,BIOPROTECTION,UPL limited
Z o o m,BIOPROTECTION,SYNGENTA/IPT-PERGANDE GmbH(Allemagne)(fabriquant)
Z o o m,BIOPROTECTION,SYNGENTA/IPT-
Ziracal,BIOPROTECTION,TAMINCO NV(Espagne)/ Arysta(Espagne)
b 40 SG,BIOPROTECTION,VALENTBioscience
nan,BIOPROTECTION,AAKO
nan,BIOPROTECTION,Chemitica international
nan,BIOPROTECTION,SYNGENTA
nan,BIOPROTECTION,Chemtica international
progibb 40 SG,BIOPROTECTION,VALENTBioscience / SUMITOMO
proxanil 450 SC,BIOPROTECTION,arysta lifescience
proxanil 450 SC,BIOPROTECTION,arystalifescience
"switch 62,5 WG",BIOPROTECTION,SYNGENTA
Boxer Fidox 800 EC Roxy,BIOPROTECTION AMINCO AGROSYSTEMES,SYNGENTA GLOBACHEM GLOBACHEM
Dipel PM Ecotech-Bio Bactospeine 16000,BIOPROTECTION EL MOUSSEM AG SEPCM,VALENT BIOSCIENCE CORPORATION YPSILON S.A VALENT BIOSCIENCE CORPORATION
D i p e l P . M Ecotech-BIO,BIOPROTECTION EL MOUSSEM AGRICOLE,VALENT BIOSCIENCE CORPORATION YPSILON S.A
Vertimec Potenza 1.8 Transact 18 EC Aakomectine,BIOPROTECTION SANABEL AGRO TASMID STEC,SYNGENTA SINON CORPORATION ASTRACHEM AAKO BV
ProGibb 40 SG Berelex 40 SG,BIOPROTECTION SEPCM,VALENTBioscience / SUMITOMO CHEMICAL Agro Europe
M e t hyl-T,BIOPROTECTION STEC EL KHADRHA EL MOUSSEM AGRICOLE,"ARYSTA LIFESCIENCE CEQUISA / PHOSPHONIA/UPL, SIPCAM INAGRA Nufarm"
B i o m a t Perfecthion Daphene fort Phytoate,BIOPROTECTION STIMA SEPCM STEC,ARYSTA LIFESCIENCE BASF CHEMINOVA /FMC CHEMINOVA
Swipe,BIOPROTECTON,Syngenta
B l a n c a,C O T U G R A I N,S h a r d a W o r l d W i d e
B l a n c a,C O T U G R A I N IMPEX,S h a r d a W o rld Wide
B l a n c a,C O T U G R A I N IMPEX,S h a r d a W o r l d Wide
B l a n c a,C O T U G R A I N IMPEX,S H A R D A CROPCHEM LIMITED INDE
ALIKA 247 ZC,COTUGRAIN,SYNGENTA
APRON STAR WS,COTUGRAIN,SYNGENTA
ARIS GOLD,COTUGRAIN,SYNGENTA
Acrobat MZ WG,COTUGRAIN,BASF
Affinex,COTUGRAIN,FMC
Aramo 50 EC,COTUGRAIN,BASF
B o n b a rd,COTUGRAIN,BASF
BESIEGE 150 ZC,COTUGRAIN,SYNGENTA
BONSOL,COTUGRAIN,SHARDA
BUTISAN AVANT,COTUGRAIN,BASF
BUTISAN AVANT SE,COTUGRAIN,BASF
CANVION310 DC,COTUGRAIN,Syngenta Crop Protection
CIGNA 50 EC,COTUGRAIN,SYNGENTA
COBRE NORDOX,COTUGRAIN,NORDOX INDUSTRIER A/S
COBRE NORDOX,COTUGRAIN,NORDOX
COBRE NORDOX,COTUGRAIN,NORDOX INDUSTRIER A(fabricant)/S;Commercial quimecamasso(four)
COBRE NORDOX,COTUGRAIN,NORDOX INDUSTRIER A(fabricant)/S;COMMerci alquimecamasso(four)
Cynam EC,COTUGRAIN,LIDA
D IAMEX SL,COTUGRAIN,UPL
DIAMEX SL,COTUGRAIN,UPL
EPIC TOP SE,COTUGRAIN,BASF
Favia Max,COTUGRAIN,BASF
HELIX,COTUGRAIN,SHARDA
L U M I E R E E C,COTUGRAIN,TotalEnergies Fluides A travers KOPPERT
LEPINOX PLUS WP,COTUGRAIN,CBC (EUROPE)
LEPINOX PLUS WP,COTUGRAIN,CBC (EUROPE)/BIOG ARD
LIMASTOP,COTUGRAIN,SHARDA
MACCANI,COTUGRAIN,BASF
MELCAR TOP 140,COTUGRAIN,SYNGENTA
Midash 350 SC,COTUGRAIN,SHARDA
Naturalis,COTUGRAIN,CBC europe/italie
Naturalis SC,COTUGRAIN,CBC europe
Nopasaran,COTUGRAIN,BASF
P ULSEI EC,COTUGRAIN,SPEISA SA ESPAGNE
PRIAXOR SE,COTUGRAIN,BASF
ROXANE EC,COTUGRAIN,sharda crochem
ROXANE EC,COTUGRAIN,shardacrochem
ROXANE EC,COTUGRAIN,SHARDA CROPCHEM LIMITED INDE
RovralAquaflo,COTUGRAIN,FMC
SHIN –ETSU MD,COTUGRAIN,Shin ETSU chemical/ CBC (EUROPE)/BIOG ARD
SHIN –ETSU MD T,COTUGRAIN,Shin ETSU chemical/
SHIN –ETSU MD T,COTUGRAIN,Shin ETSU chemical/ CBC (EUROPE)
SOLVIGO 185 SC,COTUGRAIN,SYNGENTA
Signum WG,COTUGRAIN,BASF
T H I O 5 0 SC,COTUGRAIN,sharda cropchem
TARZEK + UPTAKE SL (Ecosurf EH-9 Surfactant 73 %(p/p)),COTUGRAIN,Dow Agrosciences
THIOMAX JET,COTUGRAIN,SYNGENTA
Taegro,COTUGRAIN,Novozymesbiologicals
Taegro,COTUGRAIN,Novozymesbiologicalsinc/ syngenta
VERYDOR,COTUGRAIN,BASF
VOLTRA 0.5 G,COTUGRAIN,SYNGENTA
lovit SC,COTUGRAIN,BASF
nan,COTUGRAIN,SYNGENTA
ALIKA 247 ZC,COTUGRAIN IMPEX,SYNGENTA
ARIS GOLD,COTUGRAIN IMPEX,SYNGENTA
Acrobat MZ WG,COTUGRAIN IMPEX,BASF
Affinex,COTUGRAIN IMPEX,FMC
Aramo 50 EC,COTUGRAIN IMPEX,BASF
BESIEGE 150 ZC,COTUGRAIN IMPEX,SYNGENTA
Bonbard,COTUGRAIN IMPEX,BASF
CIGNA 50 EC,COTUGRAIN IMPEX,SYNGENTA
EPIC TOP SE,COTUGRAIN IMPEX,BASF
FURY 10,COTUGRAIN IMPEX,FMC Chemical
Favia Max,COTUGRAIN IMPEX,BASF
Fury Geo,COTUGRAIN IMPEX,FMC
MACCANI,COTUGRAIN IMPEX,BASF
MELCAR TOP 140 DC,COTUGRAIN IMPEX,SYNGENTA
Midash 350 SC,COTUGRAIN IMPEX,SHARDA
PRIAXOR SE,COTUGRAIN IMPEX,BASF
Rovral Aquaflo,COTUGRAIN IMPEX,FMC
SOLVIGO 185 SC,COTUGRAIN IMPEX,SYNGENTA
Signum WG,COTUGRAIN IMPEX,BASF
Timectin,COTUGRAIN IMPEX,Tide Ningbo Ltd.
DELTOP EC,COTUGRAIN Impex,nan
PYROS SC,COTUGRAIN Impex,SHANDONG WEIFANG RAINBOW CHEMICAL CO.LTD
QUELEX,COTUGRAIN Impex,Dow Agrosciences/COR TEVA
SPOZINE SC,COTUGRAIN Impex,SHANDONG
SUPREME 25 EW,COTUGRAIN Impex,UPL LIMITED
VELIFER OD,COTUGRAIN Impex,BASF
VIGILANT 480,COTUGRAIN Impex,CHEMTURA /UPL
T i m e c t i n,COTUGRAIN impex,Tide Ningbo Ltd.
nan,CROPCHEM,CROPCHEM
nan,CROPCHEM tunisie,nan
ORONDIS,Cotugrain,Syngenta Crop
ORONDIS ULTRA280 SC,Cotugrain,Syngenta Crop Protection
Hoprole Xtra,DELTA,Shandong weifang
Hoprole Xtra,DELTA,Shandong weifang rainbow chemical0
METAX,DELTA,SHARDA
Penda,DELTA,SHARDA
DIQUASH,DELTA AGRICOLE,SHARDA
M i l T o p,DELTA AGRICOLE,MEGHMANI
METAX,DELTA AGRICOLE,SHARDA
PROTHANE,DELTA AGRICOLE,SHARDA
Penda,DELTA AGRICOLE,SHARDA
QUICK EC,DELTA AGRICOLE,SHARDA
Timerole plus,DELTA AGRICOLE,Shandong weifang
DIQUASH,DELTA AGRICOLE PLUS,SHARDA
METAX,DELTA AGRICOLE PLUS,SHARDA
PROTHANE,DELTA AGRICOLE PLUS,SHARDA
Penda,DELTA AGRICOLE PLUS,SHARDA
Penda,DELTA AGRICOLE PLUS,nan
QUICK EC,DELTA AGRICOLE PLUS,SHARDA
nan,DELTA AGRICOLE PLUS,SHARDA
Mil Top Agriphanate Thiomil,DELTA AGRICOLE PLUS AGRIPROTEC PROTAGRI,MEGHMANI INDUSTRIES MEGHMANI INDUSTRIES MEGHMANI INDUSTRIES
nan,DISTRIBUTION,/FITOGAL
nan,DISTRIBUTION,nan
buzzin,Delta agricole plus,sharda cropchem
buzzin,Delta agricole plus,sharda cropchem limited
buzzin,Delta agricole plus,shardacropchemli mited
buzzin,Delta agricole plus,nan
C o p e z i n e 5 0,E L K H A D R A,SIPCAM
C o p e z i n e 5 0,E L K H A D R A,SIPCAM QUIMAGRO
G L I S O 3 6 0,E L K H A D R A,S I P C A M I N G A R A
G L I S O 3 6 0,E L K H A D R A,S I P C A M INGARA
G L I S O 3 6 0,E L K H A D R A,S I P C A M I N G ARA
G L I S O 3 6 0,E L K H A D R A,S I P C A M I N GARA
W e e d K i l l e r,E L K H A D R A,S h a r d a W o r l d W i d e
W e e d K i l l e r,E L K H A D R A,S h a r d a W o rld Wide
W e e d K i l l e r,E L K H A D R A,S h a r d a W o r l d Wide
W e e d K i l l e r,E L K H A D R A,S H A R D A CROPCHEM LIMITED INDE
M a n k e y Trimangol Ridanèbe,E T S . MEZGHANI STEC SEPCM,INDUST. QUIMICA KEY CEREXAGRI BV CEREXAGRI/UPL
C o b r a K e y,E T S M E Z G H A N I,INDUSTRI.
C o b r e Key,E T S M E Z G H A N I,I N D U S T R I . QUIMICAKEY
F o r t i n,E T S M E Z G H A N I,I N D U S T R L Q U I M I C A
F o r t i n,E T S M E Z G H A N I,I N D U S T R LQUI MICAKEY
F o r t i n,E T S M E Z G H A N I,I N D U S T R L Q UIM ICAKEY
P R I S M A S L,E T S M E Z G H A N I,I N D U S T R I A L Q U I M I CA KEY
P R I S M A S L,E T S M E Z G H A N I,I N D U S T R I A L Q U IMICA
C o b r e K e y,E T S M E Z G H A NI,INDUSTRI. QUIMICAKEY
C o b r e K e y Cuivox Cuprocuivre Curenox Hidrocobre 50 valles Cuprene Copezine 50 Roxon 50 Inacop PM,E T S M E Z GHANI STEC SEPCM SOCOOPEC SOCOOPEC INNOVA EL KHADRA SANABEL AGRO ATLAS AGRICOLE,INDUSTRI. QUIMICAKEY I.Q.V. – Espagne I.Q.V. – Espagne I.Q.V. – Espagne IQV DEL VALLES SIPCAM QUIMAGRO SIPCAM QUIMAGRO I.Q.V. – Espagne SIPCAM INAGRA
O X I F E N E C,E t s M E Z G H A N I,I N D U S T . Q U I M ICA KEY
O X I F E N E C,E t s M E Z G H A N I,I N D U S T . Q U I M ICA
O X I F E N E C,E t s M E Z G H A N I,INDUST.
O X I F E N E C,E t s M E Z G H A N I,I N DUST.
O X I F E N E C,E t s M E Z G H A N I,nan
AGRIKAR EC,EL BARAKA,DOW
BROADSTRIKE,EL BARAKA,DOW
TRANSFORM SC,EL BARAKA,DOW AGROSCIENCE/c orteva
TREZAK EC,EL BARAKA,Dow agroscience
Zorvec encantia SE,EL BARAKA,CORTEVA
Zorvecencantia SE,EL BARAKA,CORTEVA
nan,EL BARAKA,DU PONT
BROADSTRIKE WG,EL BARAKA AGRICOLE,DOW AGROSCIENCE
FLAME 50 SG,EL BARAKA AGRICOLE,ALBAUGH EUROPE
TREZAK EC,EL BARAKA AGRICOLE,Dow agroscience
Diablo,EL KHADHRA,INDUSTRIAS AFRAZA
Diablo,EL KHADHRA,INDUSTRIAS AFRAZA/ALBAU GH EUROPE SARL
Foslete 50,EL KHADHRA,SIPCAM INAGRA
ABANTO 40 EC,EL KHADRA,AFRASA INDUSTRIAS S.A
ABANTO 40 EC,EL KHADRA,AFRASA INDUSTRIAS
ABANTO 40 EC,EL KHADRA,INDUSTRIAS AFRAZA/ALBAU GH EUROPE SARL
AFROSAN DUPLO,EL KHADRA,AFRASA
Alfil Duplo,EL KHADRA,AFRASA
AzufreMicronizad o,EL KHADRA,AFEPASA S.A
AzufreMicronizado,EL KHADRA,AFEPASA S.A
Azumo,EL KHADRA,AFEPASA S.A
BENTA SL,EL KHADRA,NANJING
BLITZ 720 SL,EL KHADRA,JIANGSU
BLITZ 720 SL,EL KHADRA,"JIANGSU FENGSHAN GROUP CO,LTD (FAB)/NANJING FENGSHAN CHEMICAL(FR)"
BOMBA WG,EL KHADRA,JSC(AUGUST)
BOMBA WG,EL KHADRA,JSC(AVGUST)
BREAK ME SC SR/ Changement Nom COMMBreak thru,EL KHADRA,AUGUST inc/CORPORATE
Borey SC,EL KHADRA,Avgust Crop Protection
Borey SC,EL KHADRA,AvgustCrop Protection
C YCLO MAX SC,EL KHADRA,AFRASA INDUSTRIALS/ESPAGN E/ ALBAUGH EUROPE SARL ALBAUGH EUROPE SARL
CICLOPE,EL KHADRA,INDRUSTRIAS AFRASA
CICLOPE EC,EL KHADRA,INDRUSTRIAS
CICLOPE EC,EL KHADRA,INDRUSTRIAS AFRASA
CICLOPE EC,EL KHADRA,INDUSTRIAS AFRAZA/ALBAU GH EUROPE SARL
CIFOXIL,EL KHADRA,SIPCAM INAGRA
CURYGEN EC,EL KHADRA,JSC AUGUST INC
CURYGEN EC,EL KHADRA,JSC AVGUST INC
CYCLO-R- LIQUIDE,EL KHADRA,INDUSTRIAS AFRASA
CYCLO-R- LIQUIDE,EL KHADRA,INDUSTRIAS AFRAZA/ALBAUGH EUROPE SARL
CYCLO-R-LIQUIDE,EL KHADRA,INDUSTRIAS
Collosal Pro,EL KHADRA,AUGUST JSC
Colossal Pro,EL KHADRA,AUGUST
Cyclo WP,EL KHADRA,AFRASA
D IMANYL WG,EL KHADRA,HANGZOU TOPAGRO BIOSCIENCE
D r i z a W G,EL KHADRA,INDSUTRIAS
DIABLO MAX SC,EL KHADRA,AFRASA INDUSTRIAS
DIABLO MAX SC,EL KHADRA,AFRASA INDUSTRIAS S.A
DIABLO MAX SC,EL KHADRA,INDUSTRIAS AFRAZA/ALBAU GH EUROPE SARL
Dauphin,EL KHADRA,SIPCAM INAGRA
Dazitol,EL KHADRA,CHAMPION MILLENIUM CHEMICALS
Dazitol,EL KHADRA,CHAMPION
Dazitol,EL KHADRA,nan
Dipiril Plus,EL KHADRA,INDUSTRIALS AFRASA SA
Dipiril Plus,EL KHADRA,INDUSTRIALS
Dipiril Plus,EL KHADRA,INDUSTRIAS
F L A S H EVO,EL KHADRA,SIPCAM INAGRA
F L A SH UM,EL KHADRA,SIPCAM INAGRA (ancient fabricant: NIHON NOHYAKU Co. Ltd)
F ilal,EL KHADRA,AFRASA
FENGIB MAX EC,EL KHADRA,SIPCAM INAGRA S.A
FILAL PLUS WG,EL KHADRA,AFRASA
FILAL PLUS WG,EL KHADRA,INDUSTRIAS AFRAZA/ALBAUGH EUROPE SARL
FLASH EVO,EL KHADRA,nan
FLASH EVO,EL KHADRA,SIPCAM INAGRA (ancientfabricant: NIHON NOHYAKU Co. Ltd)
FUGIX SC,EL KHADRA,SIPCAM INAGRA
Filal,EL KHADRA,AFRASA
Filal,EL KHADRA,INDUSTRIAS AFRAZA/ALBAUGH EUROPE SARL
Finito WG,EL KHADRA,SHARDA
Fouir,EL KHADRA,SHARDA
Fouir,EL KHADRA,SHARDA CROPCHEM LIMITED INDE
HACHI-HACHI E C,EL KHADRA,SIPCAM INAGRA
JAGUAR 100 EC,EL KHADRA,JIANGSU
KEYZOL SC,EL KHADRA,AVGUST CROP CORPORATION
KEYZOL SC,EL KHADRA,AVGUST CROP
LEGADO 250 SC,EL KHADRA,AFRASA INDUSTRIAS AFRASA S.A
LEGADO 250 SC,EL KHADRA,AFRASA
LEGADO 250 SC,EL KHADRA,INDUSTRIAS AFRAZA/ALBAUGH EUROPE SARL
LEMBAR,EL KHADRA,SIPCAM INAGRA
LIMAGRAM,EL KHADRA,SIPCAM INAGRA
LORET 300 SL,EL KHADRA,Sharda Cropchem Limited
Magma Triple,EL KHADRA,AFRASA
Magma Triple,EL KHADRA,INDUSTRIAS AFRAZA/ALBAUGH EUROPE SARL
Micene Triple,EL KHADRA,SIPCAM INAGRA
Mycoseeds FS 60,EL KHADRA,Sharda World wide
OIKOS MAX,EL KHADRA,SIPCAM INAGRA
PRETIL SC,EL KHADRA,INDUSTRIAS AFRASA S.A / ALBAUGH EUROPE SARL
PROXIMO EC,EL KHADRA,Indsutrias AFRASA S.A
PROXIMO EC,EL KHADRA,INDUSTRIAS
PROXIMO EC,EL KHADRA,INDUSTRIAS AFRAZA/ALBAU GH EUROPE SARL
PUGIL CX,EL KHADRA,SIPCAM INAGRA
QUIMERA WG,EL KHADRA,AFRASA
QUIMERA WG,EL KHADRA,AFRASA/JEBAGRO(distr ibuteur)
QUIMERA WG,EL KHADRA,INDUSTRIAS AFRAZA/ALBAUGH EUROPE SARL
R A L I N E 4 8 0 E C,EL KHADRA,JIANGSU
R A L I N E 4 80 EC,EL KHADRA,nan
RYCAR SC,EL KHADRA,SIPCAM INAGRAS
S ERISS 25 EC,EL KHADRA,INDUSTRIAS AFRASA S.A / ALBAUGH EUROPE SARL
S INOCYPER,EL KHADRA,CROPSAVE PESTICIDES INDIAN PVT.LTD
SATELITE 360 SL,EL KHADRA,AFRASA INDUSTRIAS AFRASA S.A
SATELITE360 SL,EL KHADRA,AFRASA
SATELITE360 SL,EL KHADRA,AFRASA INDUSTRIAS AFRASA S.A
SATELITE360 SL,EL KHADRA,INDUSTRIAS AFRAZA/ALBAU GH EUROPE SARL
SPEEDY SC,EL KHADRA,NINGBO SUNJOY
SPEEDY SC,EL KHADRA,NINGBO SUNJOY AGROSCIENCE INDUSTRY/Cropidea
SPINO 480 SC,EL KHADRA,BAICO BIOTECH
SPINO 480 SC,EL KHADRA,"BAICO BIOTECH CO,LTD/"
SYNCHRO,EL KHADRA,SHARDA WORLDWIDE
SYNCHRO,EL KHADRA,nan
TERBYNE 75 WG,EL KHADRA,SIPCAM INAGRA
Topol,EL KHADRA,SHARDA
Topol,EL KHADRA,SHARDA CROPCHEM LIMITED INDE
VALMEC EC,EL KHADRA,INDUSTRIAS AFRASA S.A
VALMEC EC,EL KHADRA,INDUSTRIAS AFRASA
VALMEC EC,EL KHADRA,INDUSTRIAS AFRAZA/ALBAU GH EUROPE SARL
VEGA,EL KHADRA,Sharda Cropchem Limited
Volteo 75 WG,EL KHADRA,AFRASA
Volteo 75 WG,EL KHADRA,INDUSTRIAS
Volteo 75 WG,EL KHADRA,nan
Xpert WG,EL KHADRA,Sharda
nan,EL KHADRA,SIPCAM INAGRA
D r i z a W G Prodax,EL KHADRA SANABEL AGRO,INDSUTRIAS AFRASA SINON CORPORATION
A u r i g e 7 0,EL KHADRHA,SIPCAM INAGRA
SOLFOLIQUID 80 SC,EL KHARDA,Espagne
SULFOMAX,EL KHARDA,AFEPASA
ALLUM WG,EL MOUSSEM,NUFARM
Allum MZ,EL MOUSSEM,NUFARM
Amaline Flow,EL MOUSSEM,NUFARM
Amiral,EL MOUSSEM,PARIJAT INDUSTR.
C i t r o l e,EL MOUSSEM,TotalEnergies Fluides
CONFIRM 5 EW,EL MOUSSEM,NIPPON SODA/ Nisso
CONFIRM 5 EW,EL MOUSSEM,NIPPON SODA/ Nisso Chemical Europe GmbH
CYPGOLD 500 EC,EL MOUSSEM,ARYSTA
CYPGOLD 500 EC,EL MOUSSEM,ARYSTA LIFESCIENCE
CYPGOLD 500 EC,EL MOUSSEM,ARYSTA LIFESCIENCE /UPL
CeraBait,EL MOUSSEM,EVIE MICHAAILIDES
CeraBait,EL MOUSSEM,EVIE
CeraBait,EL MOUSSEM,nan
Cesar,EL MOUSSEM,"NIPPON SODA CO.,"
Challenge 600SC,EL MOUSSEM,Bayer AG
Corasil Super,EL MOUSSEM,NUFARM
Cuprofix C WG,EL MOUSSEM,UPL
Cuproxat,EL MOUSSEM,NUFARM
D e c i s E C 2 5,EL MOUSSEM,BAYER CROPSCIENCE
D i v a 1 . 8 E W,EL MOUSSEM,CHEMINOVA
EVITO 480 SC,EL MOUSSEM,ARYSTA
EVITO P,EL MOUSSEM,ARYSTA
EVITO P,EL MOUSSEM,ARYSTA LIFESCIENCE/ UPL
Evito T,EL MOUSSEM,ARYSTA
F I L D E R,EL MOUSSEM,ARYSTA LIFESCIENCE/UPL
FILDER,EL MOUSSEM,ARYSTA LIFESCIENCE/UPL
Gipsy,EL MOUSSEM,ROTAM AGROCHEMICA L
Hurricaine,EL MOUSSEM,SOCIETE OCCITANE DE FABRICATIONS ET DE TECHNOLOGIES/ SDP
KABUTO,EL MOUSSEM,Mitsui Chemicals
KABUTO,EL MOUSSEM,"Mitsui Chemicals crop&life solutions,Inc(fab)/ Summit Agro International Ltd(fournisseur)"
KABUTO,EL MOUSSEM,"Mitsui Chemicals crop&lifesolutions,Inc(fab) / Summit Agro International Ltd(fournisseur)"
KAISO 5%,EL MOUSSEM,NUFARM
KYLEO,EL MOUSSEM,NUFARM
LEIMAY 20 SC,EL MOUSSEM,NISSAN CHEMICAL
M y t h os300 SC,EL MOUSSEM,BAYER
METEOR,EL MOUSSEM,NUFARM/arist
Nupoxyn,EL MOUSSEM,NUFARM
Prev-am,EL MOUSSEM,ORO AGRI
Previcur Energy,EL MOUSSEM,BAYER
"Rufast 7,5 EW",EL MOUSSEM,CHEMINOVA
SERENADE PRIME,EL MOUSSEM,Bayer AG
Super Chlorpy,EL MOUSSEM,GHARDA
Super Chlorpy,EL MOUSSEM,GHARDA CHEMICALS/arist eas
T a z e r 2 5 0 S C,EL MOUSSEM,NUFARM
Takumi 20 WG,EL MOUSSEM,NIHON NOHYAKU /
Tiger,EL MOUSSEM,PARIJAT
Timpani,EL MOUSSEM,NUFARM
VACCIPLANT,EL MOUSSEM,GOEMAR SAS
VACCIPLANT,EL MOUSSEM,GOEMAR SAS/ARYSTA/UPL
Volare,EL MOUSSEM,BAYER AG
Tayara Kleen Up Glyphos Pharon Blanca Weed Killer Nasa 36 SL,EL MOUSSEM AGRI BIOPROTECTION AGROSYSTEMES INNOVA COTUGRAIN IMPEX EL KHADRA SOCOOPEC,NUFARM AMERICAS NUFARM Cheminova NUFARM S.A Sharda World Wide Sharda World Wide ZENITH CROPSCIENCES/agria
M a t o n,EL MOUSSEM AGRI.,A H MARKS / NUFARM
ALLUM WG,EL MOUSSEM AGRICOLE,NUFARM
Allum MZ,EL MOUSSEM AGRICOLE,NUFARM
Amaline Flow,EL MOUSSEM AGRICOLE,NUFARM
Amiral,EL MOUSSEM AGRICOLE,PARIJAT INDUSTR./ariestas
Attribut 70 SG,EL MOUSSEM AGRICOLE,BAYER CROPSCIENCE
Cesar,EL MOUSSEM AGRICOLE,"NIPPON SODA CO., LTD/arysta/upl"
Cesar,EL MOUSSEM AGRICOLE,"NIPPON SODA CO., LTD/ARYSTA/UP L"
Cesar,EL MOUSSEM AGRICOLE,"NIPPON SODA CO., LTD/ARYSTA/UP L/Aristeas"
Challenge 600SC,EL MOUSSEM AGRICOLE,Bayer AG
Citrole,EL MOUSSEM AGRICOLE,TotalEnergies Fluides
Cuproxat,EL MOUSSEM AGRICOLE,NUFARM
Cuproxat SC,EL MOUSSEM AGRICOLE,NUFARM
D i v a 1 . 8 E W,EL MOUSSEM AGRICOLE,CHEMINOVA
Decis EC 25,EL MOUSSEM AGRICOLE,BAYER CROPSCIENCE
EVITO 480 SC,EL MOUSSEM AGRICOLE,ARYSTA LIFESCIENCES
EVITO 480 SC,EL MOUSSEM AGRICOLE,ARYSTA LIFESCIENCE
EVITO 480 SC,EL MOUSSEM AGRICOLE,ARYSTA LIFESCIENCE/UPL
Evito T,EL MOUSSEM AGRICOLE,ARYSTA LIFESCIENCE
Evito T,EL MOUSSEM AGRICOLE,ARYSTA LIFESCIENCE/UPL
FLUANCE 125 E C,EL MOUSSEM AGRICOLE,Indofil Industries Limited/ARISTEAS Agro
FLUANCE 125 EC,EL MOUSSEM AGRICOLE,Indofil Industries Limited/ARISTEAS Agro
GLADIUS 10 SC,EL MOUSSEM AGRICOLE,"Nippon kayaku Co.,Ltd/Summit Agro international Ltd"
Illicos Flexi 300 SC,EL MOUSSEM AGRICOLE,SYNGENTA
KAISO 5%,EL MOUSSEM AGRICOLE,NUFARM
KYLEO,EL MOUSSEM AGRICOLE,NUFARM
LEIMAY 20 SC,EL MOUSSEM AGRICOLE,ARYSTA LIFESCIENCES
LEIMAY 20 SC,EL MOUSSEM AGRICOLE,NISSAN CHEMICAL EUROPE SAS/ARYSTA LIFESCIENCES
LEIMAY 20 SC,EL MOUSSEM AGRICOLE,NISSAN CHEMICAL EUROPE SAS/ARYSTA LIFESCIENCES/UPL
Laincobre-M,EL MOUSSEM AGRICOLE,LAINCO
METEOR,EL MOUSSEM AGRICOLE,NUFARM
MEXIRAM TRI H I BIO WG,EL MOUSSEM AGRICOLE,ALBAUGH EUROPE SARL
Mythos300 SC,EL MOUSSEM AGRICOLE,BAYER CROPSCIENCE
Previcur Energy,EL MOUSSEM AGRICOLE,BAYER CROPSCIENCE
Revus 250 SC,EL MOUSSEM AGRICOLE,SYNGENTA
"Rufast 7,5 EW",EL MOUSSEM AGRICOLE,CHEMINOVA
T a z e r 2 5 0 S C,EL MOUSSEM AGRICOLE,NUFARM
Takumi 20 WG,EL MOUSSEM AGRICOLE,NIHON NOHYAKU Co. Ltd / SUMMIT AGRO INTERNATIONAL
Takumi 20 WG,EL MOUSSEM AGRICOLE,nan
Takumi 20 WG,EL MOUSSEM AGRICOLE,NIHON
Tiger,EL MOUSSEM AGRICOLE,PARIJAT INDUSTRIES
Timpani,EL MOUSSEM AGRICOLE,NUFARM
Unix 50 WG,EL MOUSSEM AGRICOLE,SYNGENTA
Volare,EL MOUSSEM AGRICOLE,BAYER AG
B a s t a F 1 Stopa F1,EL MOUSSEM AGRICOLE ATLAS AGRICOLE,BAYER CROPSCIENCE BAYER CROPSCIENCE
S e r e n o Sagaie,EL MOUSSEM AGRICOLE ATLAS AGRICOLE,BAYER CROPSCIENCE BAYER CROPSCIENCE
Cesar Diablo,EL MOUSSEM AGRICOLE EL KHADHRA,"NIPPON SODA CO., LTD INDUSTRIAS AFRAZA"
P r e v - a m Orotun,EL MOUSSEM AGRICOLE RAYEN PHYTAGRI,ORO AGRI ORO AGRI
Amiral Avaunt Vaulent,EL MOUSSEM AGRICOLE SEPCM TASMID,PARIJAT INDUSTR. DU PONT ASTRACHEM
C i t r o l e Plant oil Spray OIL 7 E SunOIL AgroHuile,EL MOUSSEM AGRICOLE STE EL KHADRA INNOVA AGRIMATCO AGROSYSTEMES,TOTAL FLUIDES INDUSTRIAS AFRASA PETRONAS LUBRICANTS BELGIUM NV PETRONAS LUBRICANTS BELGIUM NV PETRONAS LUBRICANTS BELGIUM NV
Insegar 25 WG Hagar,EL MOUSSEM AGROSYSTEMES,SYNGENTA GLOBACHEM
P r e v i c u r 6 0 7 Filex 607 SL Promobest Proplant Promess,EL MOUSSEM ATLAS AGRICOLE TASMID PROTAGRI JADWA AGROTEC,BAYER CROPSCIENCE BAYER CROPSCIENCE ASTRACHEM/ AGRIPHAR AGRIPHAR
Prev-am Orotun,EL MOUSSEM RAYEN PHYTAGRI,ORO AGRI ORO AGRI
Dicozeb 80,ELMOUSSEM.,INDOFIL INDE
BENTAKEY SL,ETS MEZGHANI,SHANDONG BIONNONG TECHNOLOGY CO.LTD/ Distribué par I.Q.Key
BENTAKEY SL,ETS MEZGHANI,SHANDONG
Broditop,ETS MEZGHANI,ZAPI SPA
Broditop wax block,ETS MEZGHANI,ZAPI SPA
D i m e t h o n,ETS MEZGHANI,INDUST. QUIMICA KEY
D i m e t h o n,ETS MEZGHANI,INDUST. QUIMICA
DELFOS 5G,ETS MEZGHANI,INDUSTRIAL QUIMICA KEY
DELFOS 5G,ETS MEZGHANI,INDUSTRIAL QUIMICA
Delfos,ETS MEZGHANI,INDUSTRIAL QUIMICA
Delfos,ETS MEZGHANI,INDUSTRIAL QUIMICA KEY
FOUZILE EC,ETS MEZGHANI,INDUST. QUIMICA KEY
FOUZILE EC,ETS MEZGHANI,INDUST. QUIMICA
Hersan-I,ETS MEZGHANI,INDUSTRIAL QUIMICA KEY S.A
Hersan-I,ETS MEZGHANI,INDUSTRIAL
I n s e c t i c i d a K EY,ETS MEZGHANI,Industrial Quimica Key
IMIDAPUM WG,ETS MEZGHANI,JIANGSU KESHENG
Insecticida KEY,ETS MEZGHANI,Industrial Quimica Key
Insecticida KEY,ETS MEZGHANI,IndustrialQuimica Key
K o n a n EW,ETS MEZGHANI,INDUSTRIAL
Konan EW,ETS MEZGHANI,INDUSTRIAL QUIMICA KEY
T I N A E C,ETS MEZGHANI,INDUSTRIAL QUIMICA
T I N A E C,ETS MEZGHANI,INDUSTRIAL QUIMICA KEY
TINA EC,ETS MEZGHANI,INDUSTRIAL QUIMICA KEY
Delfos Duracid Fostan Dursban 4 E Robust 480 EC Akofos 480 EC Super Chlorpy Lorvek 480 EC,ETS MEZGHANI STEC COTUGRAIN INNOVA ATLAS INDUSTRIE SEPCM EL MOUSSEM ATLAS AGRICOLE,INDUSTRIAL QUIMICA KEY DOW AGROSCIENCES ALCOTAN DOW AGROSCIENCES COROMANDEL AAKO/ PAYS BAS GHARDA CHEMICALS/ DOW AGROSCIENCES
D66,ETS MEZGHANNI,INDUSTRIAL QUIMICA KEY
D66,ETS MEZGHANNI,INDUSTRIAL QUIMICA
Giberkey,ETS MEZGHANNI,Industrial Quimica Key
Giberkey,ETS MEZGHANNI,Industrial Quimica
Giberkey,ETS MEZGHANNI,IndustrialQuimica Key
STV (Soufre Trituré,ETS MEZGHANNI,Sté CHERIFIENNE
STV (Soufre Trituré Ventilé),ETS MEZGHANNI,Sté CHERIFIENNE d’ENGRAIS
Maxil,ETS. MEZGHANI,INDUST.
Selene,ETS. MEZGHANI,INDUSTRIAL QUIMICA
Selene,ETS. MEZGHANI,INDUSTRIAL QUIMICA KEY
Zatest,ETS. MEZGHANI,Agria/INDUST.
Metakey,ETS.MEZGHANI,INDUS
ALDEM 3% GR,EXCEL AGRI,SHARDA
AXYTOP 50WG,EXCEL AGRI,SHARDA
BENAZOLE,EXCEL AGRI,SHARDA
BENAZOLE,EXCEL AGRI,SHARDA CROPCHEM
BENAZOLE,EXCEL AGRI,SHARDA CROPCHEM LIMITED INDE
CAPITOL 80 WG,EXCEL AGRI,SHARDA
CASTEL 48 EC,EXCEL AGRI,SHARDA
HERBOL,EXCEL AGRI,SHARDA
HERBOL,EXCEL AGRI,nan
PROTECT PLUS EC,EXCEL AGRI,SHARDA
PROTECT PLUS EC,EXCEL AGRI,SHARDA CROPCHEM
TAZOLE 410 EC,EXCEL AGRI,SHARDA
VERDIS 36 SL,EXCEL AGRI,Sharda Cropchem
VERDIS 36 SL,EXCEL AGRI,nan
VERDIS 36 SL,EXCEL AGRI,Sharda Cropchem Limited
nan,EXCEL AGRI,SHARDA
N.001-22,Ecospray limited,UK
BRINKA SC,El MOUSSEM,UPL
OSSETIA WG,El MOUSSEM,RotamAgrochemic al
OSSETIA WG,El MOUSSEM,RotamAgrochemic al/ALBAUGH
DUO Flash WG,El Moussem Agricole,BAYER CROPSCIENCE
ELIOS,El Moussem Agricole,BAYER CROPSCIENCE
A C T R O S E 1 8 E C,Ets MEZGHANI,ASTRACHEM
ACTROSE 18 EC,Ets MEZGHANI,ASTRACHEM
Exitox,Ets MEZGHANI,INDUSTRIAL QUIMICA KEY
Exitox,Ets MEZGHANI,INDUSTRIAL QUIMICA
Exitox,Ets MEZGHANI,INDUSTRIAL
F l u r a l,Ets MEZGHANI,INDUSTRIAL Q.
F l u r a l,Ets MEZGHANI,INDUSTRIAL Q. KEY
F l u r a l,Ets MEZGHANI,nan
KEY Azufre,Ets MEZGHANI,INDUSTRIAL QUIMICA KEY
KEY Azufre,Ets MEZGHANI,INDUSTRIAL
KEY Azufre,Ets MEZGHANI,nan
KEY Azufre,Ets MEZGHANI,INDUSTRIAL QUIMICA
KEYFOL 80 WP,Ets MEZGHANI,LIMIN CHEMICAL CO.LTD
KEYFOL 80 WP,Ets MEZGHANI,LIMIN CHEMICAL
MERCERATITE,Ets MEZGHANI,Key
MERCERATITE KEY,Ets MEZGHANI,Key
P R O M O R E 7 2 2 S L,Ets MEZGHANI,ASTRACHEM
PROMORE 722 SL,Ets MEZGHANI,ASTRACHEM
PROZOLE 250 EC,Ets MEZGHANI,ASTRACHEM
PROZOLE 250 EC,Ets MEZGHANI,A STRACHEM
SIMAKEY,Ets MEZGHANI,INDUSTRIAL QUIMICA KEY/ Espagne
SIMAKEY,Ets MEZGHANI,INDUSTRIAL
SIMAKEY,Ets MEZGHANI,nan
TALENT 150 SC,Ets MEZGHANI,ASTRACHEM
TALENT 150 SC,Ets MEZGHANI,ASTRACHEM/ASTRAN
TALENT 150 SC,Ets MEZGHANI,nan
TERAPUR,Ets MEZGHANI,Industrial Quimica Key
TERAPUR,Ets MEZGHANI,IndustrialQuimica Key
TERAPUR,Ets MEZGHANI,IndustrialQuimic a Key
TIOKEY WP,Ets MEZGHANI,HAILI GUIXI CHEMICAL PESTICIDE CO.LTD
TIOKEY WP,Ets MEZGHANI,HAILI GUIXI
nan,Ets MEZGHANI,Key
Azox SC,Ets MEZGHANNI,JIANGYIN SULI CHEMICAL CO.LTD
Azox SC,Ets MEZGHANNI,JIANGYIN SULI
Azox SC,Ets MEZGHANNI,"JIANGYIN SULI CHEMICAL CO.LTDi,Q,Key"
COBRE KEY,Ets Mezghani,KEY
Kresoxystar 350SC,Ets Mezghani,ANHUI HUAXING
KEYLAM EC,Ets Mezghanni,ZHEJIANG WELL-DONE CHEMICAL CO.LTD/CHINA D/Industrial quimica Key
KEYLAM EC,EtsMezghanni,Industrial quimica Key
KEYLAM EC,EtsMezghanni,Industrialquimica Key
IMIDOR SC,Excel agri,SHARDA
CUPERTINE SUPER WP,F ERTITECH,ALINTRA ESPAGNE
FS,F.009-14/24,EL KHADRA
SC,F.013-17,RAYEN PHYTAGRI
SC,F.014-20,EL KHADRA
WG,F.024-22,FERTITECH
SC,F.027-17,EL MOUSSEM
EC,F.032-17,ATLAS AGRICOLE
SC,F.037-17,BIOPROTECTION
WP,F.10-23,FERTITECH
SC,F.75-21,STEC
CAPLANT EC,FERTIPLANT,Sharda Cropchem Limited
CAPLANT EC,FERTIPLANT,Sharda Cropchem
CYPERFAN 25 EC,FERTIPLANT,SHARDA WORLDWIDE
DESSICASH 20 SL,FERTIPLANT,SHARDA
EKKA SP,FERTIPLANT,KR Lifesciences Pvt Ltd
Emamectin SG,FERTIPLANT,Krishi rasayam
GLYPHOPLANT 36 SL,FERTIPLANT,Sharda Cropchem Limited
JEMSTAR,FERTIPLANT,Krishi rasayam
JEMSTAR,FERTIPLANT,Krishlifescience
PHYDEAL SL,FERTIPLANT,SDP/FRANCE
PHYDEAL SL,FERTIPLANT,SDP/France
POLYVERSUM,FERTIPLANT,BIOPREPARATY
SHARMINA 720 SL,FERTIPLANT,SHARDA
TEBUSHA 6 FS,FERTIPLANT,Sharda World wide
TIFO 25 EC,FERTIPLANT,Sharda cropchem
ARIANE WG,FERTITECH,HANGZHOU TOPAGRO BIOSCIENCE/Chine
BOOSTER SE,FERTITECH,TOPAGRO
BOOSTER SE,FERTITECH,TOPAGRO BIOSCIENCE
Black panther SC,FERTITECH,HANGZHOU
Black panther SC,FERTITECH,HANGZHOU TOPAGRO BIOSCIENCE
Bordocure WG,FERTITECH,ALINTRA
CHARISMA,FERTITECH,Sharda Cropchen
CLEANER WP,FERTITECH,HANGZHOU
CLEANER WP,FERTITECH,HANGZHOU TOPAGRO BIOSCIENCE
CURATEX EXTRA,FERTITECH,SHARDA
CURATEX EXTRA SC,FERTITECH,SHARDA CROPCHEM
Crystal SC,FERTITECH,HANGZHOU
Crystal SC,FERTITECH,HANGZHOU TOPAGRO BIOSCIENCE
DRAGON,FERTITECH,SHARDA CROPCHEM Lt
DRAGON,FERTITECH,SHARDA
DRAGON,FERTITECH,SHARDA CROPCHEM LIMITED INDE
FLOZAME EC,FERTITECH,SHARDA CROPCHEM LIMITED INDE
FYTODIM EC,FERTITECH,TOPAGRO
FYTODIM EC,FERTITECH,TOPAGRO BIOSCIENCE
G A L A X Y,FERTITECH,sharda cropchem
Hidrocure WG,FERTITECH,ALINTRA
LAINCOIL EC,FERTITECH,LAINCO
LAINSECT EC,FERTITECH,LAINCO
P Y R A MIDE,FERTITECH,SHARDA
PIXEL SC,FERTITECH,TOPAGRO
PIXEL SC,FERTITECH,TOPAGRO BIOSCIENCE
PRODIGE,FERTITECH,SHARDA CROPCHEM LIMITED INDE
PYRAMIDE,FERTITECH,SHARDA CROPCHEM
PYRIFOS,FERTITECH,SHARDA
R EMAX EC,FERTITECH,SHARDA CROPCHEM INDE
RIVAGE,FERTITECH,SHARDA CROPCHEM LIMITED INDE
SPYRITE SC,FERTITECH,SHARDA CROPCHEM LIMITED INDE
nan,FERTITECH,TOPAGRO BIOSCIENCE
HERBISTAR WDG,Fertitech,SHARDA
HERBISTAR WDG,Fertitech,SHARDA CROPCHEM
MAGIC EC,Fertitech,HANGZHOU TOPAGRO
MAGIC EC,Fertitech,HANGZHOU TOPAGRO BIOSCIENCE
COLOSSAL,HALAB TUNISIE,JSC AUGUST INC
COLOSSALSous,HALAB TUNISIE,AVGUST CROP
COLOSSALSous réserve de changement de DC,HALAB TUNISIE,AVGUST CROP CORPORATION
RAYOK,HALAB TUNISIE,JSC AUGUST INC
LastFly Ceratitis,HORTIMED,"QUIMICAS MERISTEM S,L"
P h a r o n,I N N O V A,N U F A R M S . A
G o a l Oxistar 24% Clenofen 240,I N N O V A SOCOOPEC SANABEL AGRO,DOW AGROSCIENCES ZHEJIANG E-TONG CHEMICAL CO LTD ZHEJIANG E-TONG CHEMICAL CO LTD
DC,IMPEX,nan
nan,IMPEX,nan
Champ Flo,INNOVA,NUFARM
DURSBAN 5G (NouvelleD.C de LORSBAN 5G),INNOVA,Dow Agrosciences
Derby,INNOVA,DOW AGROSCIENCES
FENGIB EC,INNOVA,SIPCAM INAGRA S.A
FENGIB EC,INNOVA,Agrumes: Régulateur de croissance :100 cc/hl ;-Répéter le traitement 10j après le premier(COMM23/04/2019)
FENGIB EC,INNOVA,nan
FOBECI,INNOVA,SIPCAM INAGRA
Galben M,INNOVA,FMC
Icaro,INNOVA,SIPCAM INAGRA
Lontrel,INNOVA,DOW AGROSCIENCE
M i t a c i d,INNOVA,SIPCAM INAGRA
M i t a cid,INNOVA,SIPCAM INAGRA (ancient fabricant: NIHON NOHYAKU Co. Ltd)
Mamba Max,INNOVA,DOW AGROSCIENCE
Mitacid,INNOVA,nan
POINTER100 CS,INNOVA,SIPCAM INAGRA
PUGIL LA,INNOVA,SIPCAM INAGRA
Pride 200,INNOVA,GOWAN Espagne
Reldan 40 EC,INNOVA,DOW AGROSCIENCES
Runner,INNOVA,DOW AGROSCIENCES
SABITHANE GOLD,INNOVA,DOW AGROSCIENCES
Terbuzine 75 WG,INNOVA,SIPCAM INAGRA
Sanhormone Dicopur 720 SL Sanaphen D 720 SL Chardol 720 SL,INNOVA AGRIPROTEC ATLAS AGRICOLE BIOPROTECTION,DOW AGROSCIENCES NUFARM DOW AGROSCIENCES NUFARM
Gallant Super Verdict,INNOVA ATLAS AGRICOLE,DOW AGROSCIENCES
Mustang 306 SE Nikos 306 SE,INNOVA ATLAS AGRICOLE,DOW AGROSCIENCES DOW AGROSCIENCES
T r a c e r 2 4 0 S C LASER 240 SC,INNOVA ATLAS AGRICOLE,DOW AGROSCIENCE DOW AGROSCIENCE
cess APPAT Spintor,INNOVA ATLAS AGRICOLE,DOW AGROSCIENCE DOW AGROSCIENCE
Oïkos EC Fortune AZA,INNOVA EL KHADRA,NUFARM AFRASA
Oïkos EC Azar Fortune AZA,INNOVA ETS MEZGHANI EL KHADRA,NUFARM IND.QUIMICA KEY AFRASA
A k o p r i d e,J a d w a A g r o t e c,AAKO BV
Electis 75 WG,JADWA AGROTEC,GOWAN CIS
Kestrel 240 EC,JADWA AGROTEC,BAYER CROPSCIENCE
Kestrel 240 SC,JADWA AGROTEC,BAYER
Kestrel 240 SC,JADWA AGROTEC,BAYER CROPSCIENCE
M E C T I N E P R O,JADWA AGROTEC,AAKO BV
Promess,JADWA AGROTEC,ARYSTA Life Science
Promess,JADWA AGROTEC,ARYSTA Life Science Benelux / Belgique/arystalifescience
Promess,JADWA AGROTEC,ARYSTA Life Science Benelux / Belgique/arystalifescience/ UPL
Puma Evolution,JADWA AGROTEC,BAYER CROPSCIENCE
Puma Evolution,JADWA AGROTEC,BAYER
Sherpa,JADWA AGROTEC,CMPA
Tilmor 240 EC,JADWA AGROTEC,BAYER CROPSCIENCE
G l y p h o m a x,L I E N A G R I C O L E,S h a r d a W o r ld W i d e
G l y p h o m a x,L I E N A G R I C O L E,S h a r d a W o r l d W i d e
G l y p h o m a x,L I E N A G R I C O L E,S h a r d a W o rld Wide
G l y p h o m a x,L I E N A G R I C O L E,S h a r d a W o r l d Wide
G l y p h o m a x,L I E N A G R I C O L E,S H A R D A CROPCHEM LIMITED INDE
APRODONE,LIEN AGRICOLE,SHARDA
BENTAPROTEKT,LIEN AGRICOLE,ANHUI
BENTAPROTEKT SL,LIEN AGRICOLE,ANHUI
CLETOPROTEKT,LIEN AGRICOLE,Zhejiang tide
CLETOPROTEKT,LIEN AGRICOLE,nan
CLETOPROTEKT,LIEN AGRICOLE,Zhejiang
CUPROCAFFAR O WP,LIEN AGRICOLE,ISAGRO SPA/GOWAN
Vapormate,Linde Gas Tunisie,Linde Group
Vapormate,Linde Gas Tunisie,nan
GALLUP SUPER SL,MULTAGRI,Braclay chemicals
GLYFAST 450 SL,MULTAGRI,Braclay chemicals
Numectin,MULTAGRI,NUFARM
100,N,nan
80,N,nan
Novibiotec 7996,N B T A,N B T A
CAP-TOP,NEGANOR,NANJIG(JIANGSU
CAP-VAUNT SC,NEGANOR,Jingbo agrochemicals
CAP-VAUNT SC,NEGANOR,Jingbo agrochemicals technologie
CAPILAN SL,NEGANOR,AGROW ALLIED
Cymbal 45,NEGANOR,BELCHIM CROP
Cymbal 45,NEGANOR,BELCHIM CROP PROTECTION
Cymbal 45,NEGANOR,BELCHIM CROP PROTECTION/CERITIS BELCHIM NV
FUDAN GOLD 44,NEGANOR,AGRIA
FULL TOP SC,NEGANOR,JIANGYIN SULI
H ALT WP,NEGANOR,BIOSTADT INDE
Katanga Triple WP,NEGANOR,PROPLAN
Katanga Triple WP,NEGANOR,PROPLAN/QUMETICA AGRICULTURAL SOLUTIONS SPAIN SLU
LIBERO,NEGANOR,Jingbo agrochemicals
MYCLO EC,NEGANOR,indofil industries
MYCLO EC,NEGANOR,indofil industries limited
Mevaxil Cuivre,NEGANOR,IQV DEL VALLES
Mevaxil Cuivre WP,NEGANOR,IQV DEL VALLES
Micro-cap,NEGANOR,AGROW ALLIED
OLEO CA P EC,NEGANOR,LAINCO
OLEO CAP EC,NEGANOR,LAINCO
OMIX DUO 450,NEGANOR,Agria
OMIX DUO 450 S C,NEGANOR,Agria
OMIX DUO 450 SC,NEGANOR,Agria
OXAL SC,NEGANOR,Jingboagrochemica ls technologie
PLANT OLEO EC,NEGANOR,LAINCO
POMCORE WP,NEGANOR,AGROW ALLIED
POMOCORE WP,NEGANOR,AGROW ALLIED
PROMAN,NEGANOR,belchim crop
PROMAN,NEGANOR,belchim crop protection
PROMAN,NEGANOR,BELCHIM CROP PROTECTION/CE RITIS BELCHIM NV
PROXYG OLD EC,NEGANOR,LAINCO SA
PROXYGOLD EC,NEGANOR,LAINCO SA
Tanrek 500 SC,NEGANOR,AUGUST JSC
V IRTUOZ WG,NEGANOR,nan
VALIS M,NEGANOR,BELCHIM CROP
VERIN EC,NEGANOR,LAINCO
Valtonex flow SC,NEGANOR,IQV
Valtonexflow SC,NEGANOR,IQV
ZENER75 WDG,NEGANOR,Agria
nan,NEGANOR,IQV DEL VALLES
omix 607 SL,NEGANOR,Agria
ACEGOALXTRA WG,NEGANOR FFT,SHANDONG WEIFANG RAINBOW CHEMICAL CO.LTD CHINE
FLEXINE SC,NEGANOR FFT,HEBEI VEYONG
FLOPUS WG,NEGANOR FFT,NANJING(D)SHA ANXI HENGTIAN BIOLOGICAL Agriculture(fab)
FLOWPRID WG,NEGANOR FFT,SHANDONG WEIFANG RAINBOW CHEMICAL CO.LTD
GLYPHO-CAP,NEGANOR FFT,HOCKLEY INTERNATIONAL LIMITED
GLYPHO-CAP,NEGANOR FFT,HOCKLEY
GLYPHO-CAP,NEGANOR FFT,HOCKLEY INTERNATION AL LIMITED
GLYPHO-CAP,NEGANOR FFT,nan
KORTEX,NEGANOR FFT,SHANDONG
KORTEX,NEGANOR FFT,SHANDONG WEIFANG RAINBOW CHEMICAL CO.LTD
MEVAXIL F,NEGANOR FFT,IQV
MITOVER SC,NEGANOR FFT,SHANDONG WEIFANG RAINBOW
PLATINUM SC,NEGANOR FFT,HEBEI VEYONG
PLIGO ZC,NEGANOR FFT,nan
PLIGO ZC,NEGANOR FFT,SHANDONG WEIFANG RAINBOW CHEMICAL CO.LTD
RAINZONE EC,NEGANOR FFT,SHANDONG WEIFANG RAINBOW CHEMICAL CO.LTD CHINE
ROMERAL,NEGANOR FFT,PROPLAN/QUMETICA
SMECTO SC,NEGANOR FFT,nan
TRIFLOS,NEGANOR FFT,JSC(AVGUST)
ULTIMA SC,NEGANOR FFT,SHANDONG WEIFANG RAINBOW CHEMICAL CO.LTD
ISCA LURE,NUTRIPLANT,ISCA
ISCA LURE CAROB MOTH,NUTRIPLANT,ISCA TECHNOLOGIES
ISCA LURE CAROB MOTH,NUTRIPLANT,nan
MOSKISAN TRAP (PIEGES) « KILLDISC + BIOLURE »,NUTRIPLANT,KOPPERT
MYCOTAL WG,NUTRIPLANT,KOPPERT BIOLOGICAL SYSTEM
MYCOTAL WG,NUTRIPLANT,KOPPERT BIOLOGICAL
MYCOTAL WG,NUTRIPLANT,nan
Magnet Med,NUTRIPLANT,KOPPERT
Magnet Med,NUTRIPLANT,Agrumes :Cératites: 50 pièges/ha. Pêcher de saison : Ceratite : Piégeage de masse en lutte intégrée : 70 pièges/ha
NOPATH EW,NUTRIPLANT,KOPPERT BIOLOGICAL SYSTEM
NOPATH EW,NUTRIPLANT,KOPPERT
PHERODIS,NUTRIPLANT,KOPPERT
PHERODIS Tuta,NUTRIPLANT,KOPPERT
PHERODIS Tuta absoluta,NUTRIPLANT,KOPPERT
Pherosan Ceratitis,NUTRIPLANT,SANSAN PRODESING/
Pherosan Ceratitis,NUTRIPLANT,SANSAN
PherosanCeratitis,NUTRIPLANT,SANSAN PRODESING/
SPLAT-EC-O;sous,NUTRIPLANT,ISCA
SPLAT-EC-O;sous réserve de bien préciser la dose par pied (arbre),NUTRIPLANT,ISCA TECHNOLOGIES
SPLAT-EC-O;sous réserve de bien préciser la dose par pied (arbre),NUTRIPLANT,nan
Trianum –P,NUTRIPLANT,KOPPERT BIOLOGICAL SYSTEMS
Trianum –P,NUTRIPLANT,KOPPERT
Trianum –P,NUTRIPLANT,nan
X-PAND SL,NUTRIPLANT,STOLLER EUROPE
nan,NUTRIPLANT,SANSAN PRODESING/
nan,NUTRIPLANT,STOLLER EUROPE
SPLAT-EC-O,NUTRIPLANT /,ISCA TECHNOLOGIES
B u g g y,P R O M O C H I M I E,S I P C A M I N G A R A
B u g g y,P R O M O C H I M I E,S I P C A M INGARA
B u g g y,P R O M O C H I M I E,S I P C A M I N G ARA
B u g g y,P R O M O C H I M I E,S I P C A M I N GARA
C o n f i d o r,P R O M O C H I M I E,BAYER CROPSCIENCE
C o n f i d o r Spector SL Duloc Bazooka Nuprid Protador Erazer Akopride,P R O M O C H I M I E ATLAS AGRICOLE AGRIPROTEC AGROSYSTEMES BIOPROTECTION PROTAGRI AMINCO Jadwa Agrotec,BAYER CROPSCIENCE BAYER CROPSCIENCE PROPLAN GLOBACHEM NUFARM SA United Phosphous Ltd GLOBACHEM AAKO BV
D i s s,P R O T A G R I,U N I T E D
D i s s,P R O T A G R I,U N I T E D PHOSPHORUS
P r o t a d o r,P R O T A G R I,United Phosphous Ltd
AKTIV SL,PHYTAGRI,chemicals(R&D) Ltd.
ME,PHYTAGRI,nan
SC,PHYTAGRI,INDUSTRIES
nan,PHYTAGRI,nan
ABAROLE SC,PLANETE VERTE,nan
ABAROLE SC,PLANETE VERTE,SHANDONG WEIFANG RAINBOW CHEMICAL CO.LTD
LATHRIN EC,PLANETE VERTE,nan
P Otegon 20 SP,PLANETE VERTE,ASTRANOVA
P ROFAST EC,PLANETE VERTE,ASTRACHEM/AS
POtegon 20 SP,PLANETE VERTE,ASTRANOVA
PROFAST EC,PLANETE VERTE,ASTRACHEM
PROXYSAFE EC,PLANETE VERTE,nan
R HAMSES 20 WP,PLANETE VERTE,ASTRANOVA
S TIN 80 WP,PLANETE VERTE,ASTRANOVA
SPINOR 480 SC,PLANETE VERTE,nan
nan,PLUS,rainbow chemical
A n t r a c o l Combi,PROMOCHIMIE,BAYER CROPSCIENCE
A n t r a col,PROMOCHIMIE,BAYER
A ntracol,PROMOCHIMIE,BAYER CROPSCIENCE
AGROIL BLEU EC,PROMOCHIMIE,SIPCAM INAGRA
ARAW CS,PROMOCHIMIE,SIPCAM
Alion 500 SC,PROMOCHIMIE,BAYER
B a y f i d a n 3 1 2 S C,PROMOCHIMIE,BAYER AG.
BROADSTRIKE WG,PROMOCHIMIE,DOW AGROSCIENCE
Bolido 240 SC,PROMOCHIMIE,BAYER
Bolido 240 SC,PROMOCHIMIE,BAYER CROPSCIENCE/G OWAN
CASSIOPEE WG,PROMOCHIMIE,BAYER AG
COREGIS SC,PROMOCHIMIE,DU PONT/FMC
Calypso,PROMOCHIMIE,BAYER CROPSCIENCE
Confidor 200 OD,PROMOCHIMIE,BAYER CROPSCIENCE
Corail,PROMOCHIMIE,BAYER CROPSCIENCE
Corail,PROMOCHIMIE,BAYER
Flint,PROMOCHIMIE,BAYER CROPSCIENCE
H o r i z on 250 EW,PROMOCHIMIE,BAYER
Horizon 250 EW,PROMOCHIMIE,BAYER CROPSCIENCE
K RISANT EC,PROMOCHIMIE,SIPCAM INGRA ESPAGNE
M o n ceren,PROMOCHIMIE,BAYER
MATENO STAR 570 SC,PROMOCHIMIE,BAYER CROPSCIENCE
"Melody Duo 66,8 WP",PROMOCHIMIE,BAYER CROPSCIENCE
Microsol,PROMOCHIMIE,SIPCAM QUIMAGRO
Monceren,PROMOCHIMIE,BAYER CROPSCIENCE
Monceren,PROMOCHIMIE,nan
N e m a c u r 1 0 G,PROMOCHIMIE,AMVAC Chemical
N e m a c u r 10 G,PROMOCHIMIE,AMVAC Chemical Corporation)
N e m a c ur 10 G,PROMOCHIMIE,AMVAC Chemical Corporation
N e macur 10 G,PROMOCHIMIE,AMVAC Chemical
Prosaro 250 EC,PROMOCHIMIE,BAYER CROPSCIENCE
Prosaro 250 EC,PROMOCHIMIE,BAYER
Proteus 170 OD,PROMOCHIMIE,BAYER CROPSCIENCE
REVINTY 5 EW,PROMOCHIMIE,JIANGXI ZHENGBANG CHINE
REVINTY 5 EW,PROMOCHIMIE,JIANGXI ZHENGBANG CHINE/NANJING
Runner,PROMOCHIMIE,DOW AGROSCIENCES
S t a r n e t 7 0 WG,PROMOCHIMIE,BAYER
S t a r net 70 WG,PROMOCHIMIE,BAYER CROPSCIENCE
SABITHANE GOLD,PROMOCHIMIE,DOW
SKYWAY XPRO EC,PROMOCHIMIE,BAYER AG
Sencor 600SC,PROMOCHIMIE,BAYER CROPSCIENCE
Sencor 600SC,PROMOCHIMIE,BAYER
Sencor 600SC,PROMOCHIMIE,nan
TRIKA EXPERT GR,PROMOCHIMIE,SIPCAM INAGRA
Teldor,PROMOCHIMIE,BAYER CROPSCIENCE
Teldor,PROMOCHIMIE,BAYER
ULTOR 33 SC,PROMOCHIMIE,Shaanxi hengtian biological agriculture/chine
Vigon 420 SC,PROMOCHIMIE,BAYER
Vigon 420 SC,PROMOCHIMIE,BAYER CROPSCIENCE
Sencor 70 Matecor,PROMOCHIMIE AGRIPROTEC,BAYER CROPSCIENCE PROPLAN
H orizon 250 EW Tebucur Teson King 250 EW,PROMOCHIMIE AGROSYSTEMES AMINCO SOCOOPEC,BAYER CROPSCIENCE GLOBACHEM GLOBACHEM SHARDA
Bolido 240 SC Envidor,PROMOCHIMIE STEC,BAYER CROPSCIENCE BAYER CROPSCIENCE
A f f i x 2 5 0 S C,PROTAGRI,UNITED PHOSPHORUS
A f f i x 2 5 0 S C,PROTAGRI,UPL
AMISCORE SC,PROTAGRI,NANJING
AMISCORE SC,PROTAGRI,NANJING AGROCHEMICAL
Agrizeb,PROTAGRI,United Phosphorus Ltd
BENHUR SL,PROTAGRI,NANJING AGROCHEMICA L
CHLORPIRATE,PROTAGRI,NANAJING
CIVIC WG,PROTAGRI,NANJING AGROCHEMICAL
COUGAR SC,PROTAGRI,UPL LIMITED
CYRUX,PROTAGRI,UPL
DANCOR 70,PROTAGRI,UPL
DEPOT SL,PROTAGRI,MODERN
DEPOT SL,PROTAGRI,MODERN INSECTICIDES LIMITED
F r u i t h r i n e,PROTAGRI,United Phosphorus Ltd
Fruithrine,PROTAGRI,United Phosphorus Ltd
Insuf,PROTAGRI,UNITED
Insuf,PROTAGRI,UNITED PHOSPHORUS
L YNO EC,PROTAGRI,NANJING CHINE(dis)/jiangs u (fab)
LIFELINE SL,PROTAGRI,UPL
MISKY SC,PROTAGRI,NANJING CHINE
Magnaphos,PROTAGRI,UNITED PHOSPHORUS
Magnaphos,PROTAGRI,UNITED PHOSPHORUS LTD
Metapro,PROTAGRI,United Phosphorus
Metapro,PROTAGRI,nan
Metsy WG,PROTAGRI,UNITED PHOSPHORUS
Metsy WG,PROTAGRI,UNITED
Metsy WG,PROTAGRI,nan
NEO STOP,PROTAGRI,AGRIPHAR
Neostop 500 HN,PROTAGRI,AGRIPHAR
Novicure,PROTAGRI,UPL
P OTER,PROTAGRI,NANJING AGROCHEMICA L
POTER,PROTAGRI,NANJING AGROCHEMICA L
PROGREEN,PROTAGRI,UPL
PROPLANT,PROTAGRI,ARYSTA Life Science Benelux / Belgique
Proplant,PROTAGRI,ARYSTA Life Science
Proplant,PROTAGRI,ARYSTA Life Science Benelux / Belgique
Protagibb,PROTAGRI,United Phosphorus
Pulsar,PROTAGRI,United Phosphous Ltd
Quickphlo-R,PROTAGRI,UNITED PHOSPHORUS LTD
Quickphlo-R,PROTAGRI,UNITED PHOSPHORUS
Quickphos,PROTAGRI,UNITED PHOSPHORUS
Quickphos,PROTAGRI,nan
Renova,PROTAGRI,United Phosphorus Ltd
SUCCESS SC,PROTAGRI,NANJING AGROHEMICAL CHINE
Syllit 400 SC,PROTAGRI,ARYSTA Life Science
Syllit 400 SC,PROTAGRI,ARYSTA Life Science Benelux / Belgique/UPL
T h i o m i l,PROTAGRI,MEGHMANI
TITONIC SC,PROTAGRI,NANJING
Unilax,PROTAGRI,UNITED
Syllit 400 SC Efluzin 400 SC,PROTAGRI SEPCM,AGRIPHAR AGRIPHAR
BRAI EC,RA2YEN PHYTAGRI,LAINCO SA
AVOCA,RAYEN,Barclay
B U T I K E W,RAYEN,LAINCO-Espagne
BRAI EC,RAYEN,LAINCO SA
CADDY SC,RAYEN,BARCLAY
CAMARO COMBI,RAYEN,PARIJAT
CLUSTER,RAYEN,DIACHEM S.P.A
CU MAX,RAYEN,DIACHEM S.P.A
Camaro430SC,RAYEN,SHARDA
Cayen 500 WG,RAYEN,SHARDA
DENIM,RAYEN,Sharda cropchem
DIASTAR MAXI GR,RAYEN,DIACHEM
Dextra 25 EC,RAYEN,TAGROS CHEMICALS
Flutri 125 SC,RAYEN,SHARDA
G ENERAL SC,RAYEN,nan
GALLUP HI-,RAYEN,Barclay
GENERAL SC,RAYEN,PARIJAT INDUSTR.
KATALON,RAYEN,INDOFIL
LIMOCIDE ULTRA,RAYEN,VIVAGRO
MANCOFLASH,RAYEN,INDOFIL
MAXIMUS 80WP,RAYEN,INDOFIL
O r o t u n,RAYEN,ORO AGRI
Orotun,RAYEN,ORO AGRI
AVOCA,RAYEN AGRICOLE,Barclay chemicals(R&D) Ltd.
AVOCA,RAYEN PHYTAGRI,Barclay chemoicals Ltd
BRAI EC,RAYEN PHYTAGRI,LAINCO SA
CADDY SC,RAYEN PHYTAGRI,BARCLAY CHEMICALS Ltd
CAMARO COMBI,RAYEN PHYTAGRI,PARIJAT INDUSTRIES
CLUSTER,RAYEN PHYTAGRI,DIACHEM S.P.A
CU MAX,RAYEN PHYTAGRI,DIACHEM S.P.A
Camaro430SC,RAYEN PHYTAGRI,SHARDA
Cayen 500 WG,RAYEN PHYTAGRI,SHARDA
D EXTRA 100 EC,RAYEN PHYTAGRI,TRAGOS CHEMICOLS /INDE
DENIM,RAYEN PHYTAGRI,Sharda cropchem
DIASTAR MAXI GR,RAYEN PHYTAGRI,DIACHEM
Dextra 25 EC,RAYEN PHYTAGRI,TAGROS CHEMICALS
Flutri 125 SC,RAYEN PHYTAGRI,SHARDA
GALLUP HI-AKTIV,RAYEN PHYTAGRI,Barclay chemoicals(R&D) Ltd.
GALLUP HI-AKTIV SL,RAYEN PHYTAGRI,Barclay chemicals(R&D) Ltd.
GENERAL SC,RAYEN PHYTAGRI,PARIJAT INDUSTR.
KATALON,RAYEN PHYTAGRI,INDOFIL
L AITANE SC,RAYEN PHYTAGRI,"LAINCO ,S,A/ESPAGNE"
LAITANE SC,RAYEN PHYTAGRI,"LAINCO ,S,A/ESPAGNE"
LIMOCIDE ULTRA ME,RAYEN PHYTAGRI,VIVAGRO
MANCOFLASH,RAYEN PHYTAGRI,INDOFIL
O r o t u n,RAYEN PHYTAGRI,ORO AGRI
Orotun,RAYEN PHYTAGRI,ORO AGRI
P ILARTEP SC,RAYEN PHYTAGRI,PILARQUIIM (jiangsu) CO.LTD CHINE
PILARTEP SC,RAYEN PHYTAGRI,PILARQUIIM (jiangsu) CO.LTD CHINE
S UGOBY WG,RAYEN PHYTAGRI,"LAINCO ,S,A/ESPAGNE"
SUGOBY WG,RAYEN PHYTAGRI,"LAINCO ,S,A/ESPAGNE"
MYCLONE 24 EC,Rayen Phytagri,Sharda Cropchem
RETENGO PLUS EC,Rayen phytagri,BASF
MYCLONE 24 EC,RayenPhytagri,Sharda Cropchem
G l y s t e r,S A N A B E L A G R O,S I N O N
G l y s t e r,S A N A B E L A G R O,S I N O N CORPORATION
R o x o n 5 0,S A N A B E L A G R O,I.Q.V. – Espagne
R o x o n 5 0,S A N A B E L A G RO,I.Q.V. – Espagne
C u p r o c u i v r e,S E P C M,I.Q.V. – Espagne
E q u a t i o n P r o,S E P C M,D U P O N T ( T a i w a n ) AGRISCIENCE
R i d a n è b e,S E P C M,CEREXAGRI/UPL
C O S A M I L - D F,S O C O O P E C,S u l p h u r M i l l s L i m i t e d
C u r e n o x,S O C O O P E C,I.Q.V. – Espagne
H i d r o c o b r e 5 0 v a l l e s,S O C O O P E C,IQV DEL VALLES
H i d r o c o b r e 5 0 valles,S O C O O P E C,IQV DEL VALLES
N a s a 3 6 S L,S O C O O P E C,Z E N I T H
C u i v o x,S T E C,I.Q.V. – Espagne
G l y p h o t e c,S T E C,A A K O B V
T r i m a n g o l,S T E C,CEREXAGRI
S h a r b e n t a,SANABEL,SHARDA
ASTRONE,SANABEL AGRO,SHARDA
ASTRONE,SANABEL AGRO,SHARDA CROPCHEM
Altitud Gold 240SC,SANABEL AGRO,ROTAM AGROCHEMICALS
Altitud Gold 240SC,SANABEL AGRO,ROTAM
Asset,SANABEL AGRO,AGRIGUARD SA
Atrium,SANABEL AGRO,ROTAM AGROCHEMICALS
Atrium,SANABEL AGRO,ROTAM
Atrium,SANABEL AGRO,nan
CHLORAMAX,SANABEL AGRO,SINON CORPORATION
CHLORAMAX,SANABEL AGRO,SINON
CIGAL PLUS SC,SANABEL AGRO,Rotam Agrochemical Co.Ltd
CIGAL PLUS SC,SANABEL AGRO,RotamAgrochemicalC
CIGAL PLUS SC,SANABEL AGRO,RotamAgrochemi calCo.Ltd
COSTA SC,SANABEL AGRO,SHARDA CROPCHEM limited/
COSTA SC,SANABEL AGRO,SHARDA CROPCHEM LIMITED INDE
CYCLONE,SANABEL AGRO,SHARDA CROPCHEM
CYCLONE,SANABEL AGRO,SHARDA
Charter,SANABEL AGRO,SINON CORPORATION
Clenofen 240,SANABEL AGRO,ZHEJIANG E-TONG
Clenofen 240,SANABEL AGRO,ZHEJIANG E-
Clenofen 240,SANABEL AGRO,nan
Cuperval WG,SANABEL AGRO,I.Q.V. DELVALLES
DOUBLE FORCE,SANABEL AGRO,SHARDA
Delmitox,SANABEL AGRO,SHARDA CROPCHEM
Delmitox,SANABEL AGRO,nan
Expert,SANABEL AGRO,SHARDA WORLDWIDE
Expert,SANABEL AGRO,nan
FLOUKAN SC,SANABEL AGRO,sharda cropchem
FLOUKAN SC,SANABEL AGRO,shardacropchem
FLOUKAN SC,SANABEL AGRO,SHARDA CROPCHEM LIMITED INDE
Festival 250 EC,SANABEL AGRO,Sharda World Wide
GHLALA,SANABEL AGRO,UPL
GHLALA,SANABEL AGRO,nan
Gipsy,SANABEL AGRO,ROTAM AGROCHEMICAL
Gipsy,SANABEL AGRO,ROTAM
Gipsy,SANABEL AGRO,ROTAM AGROCHEMIC AL
HYDRO 40 WG,SANABEL AGRO,Industrias Quimicas Del Vallés (IQV)
HYDRO 40 WG,SANABEL AGRO,IndustriasQuimicas
HYDRO 40 WG,SANABEL AGRO,IndustriasQuimicas Del Vallés (IQV)
ICASSO 240 SC,SANABEL AGRO,Rotam Agrochemical
ICASSO 240 SC,SANABEL AGRO,Rotam
ICASSO 240 SC,SANABEL AGRO,Rotam Agrochemical/riv al
ICASSO 240 SC,SANABEL AGRO,RotamAgrochemic al/rival
JUDOKA GOLD,SANABEL AGRO,ROTAM AGOCHEMICALS
JUDOKA GOLD,SANABEL AGRO,ROTAM
Jackpot,SANABEL AGRO,ROTAM AGROCHEMICALS
Jackpot,SANABEL AGRO,ROTAM
Jackpot,SANABEL AGRO,nan
KIFEN EC,SANABEL AGRO,SHARDA CROPCHEM limited
KIFEN EC,SANABEL AGRO,SHARDA CROPCHEM LIMITED INDE
Kuik 400 SP,SANABEL AGRO,ROTAM AGROCHEMICAL
Kuik 400 SP,SANABEL AGRO,ROTAM
LUXOR,SANABEL AGRO,SHARDA CROPCHEM LIMITED INDE
MACOTAPE 80 WP,SANABEL AGRO,INDOFIL
MYCLAS,SANABEL AGRO,SHARDA CROPCHEM Ltd
MYCLAS,SANABEL AGRO,SHARDA
Mandarin,SANABEL AGRO,SINON CORPORATION/ TAIWAN
Mandarin,SANABEL AGRO,SINON
Matiz,SANABEL AGRO,ROTAM AGROCHEMICAL
Matiz,SANABEL AGRO,ROTAM
Matiz,SANABEL AGRO,ROTAM AGROCHEMICAL(rival)
Milor M,SANABEL AGRO,IQV DEL VALLES
Morfus 720 SC,SANABEL AGRO,ROTAM AGROCHEMICAL
Morfus 720 SC,SANABEL AGRO,ROTAM
Morfus 720 SC,SANABEL AGRO,ROTAM AGROCHEMIC AL(rivale)
NUFOSATESL,SANABEL AGRO,NUFARM
OSSETIA WG,SANABEL AGRO,Rotam Agrochemical
OSSETIA WG,SANABEL AGRO,RotamAgrochemical
OSSETIA WG,SANABEL AGRO,RotamAgrochem ical
Orage,SANABEL AGRO,SINON
P o t e n z a 1 . 8,SANABEL AGRO,SINON CORPORATION
P r o d a x,SANABEL AGRO,SINON
PLANTINEB 80WP,SANABEL AGRO,UPL
PRIVATE SL,SANABEL AGRO,SHARDA CROPCHEM INDE
PROPICE SC,SANABEL AGRO,SHARDA
PROTEZOLE,SANABEL AGRO,SHARDA
PROTEZOLE EC,SANABEL AGRO,SHARDA CROPCHEM
PRYSTAR SL,SANABEL AGRO,Sharda cropchem
PRYSTAR SL,SANABEL AGRO,SHARDA CROPCHEM LIMITED INDE
S E G N O R 70 WP,SANABEL AGRO,UPL
S h a r b e n t a,SANABEL AGRO,SHARDA WORLD WIDE
S h a r b e n t a,SANABEL AGRO,SHARDA WORLD
S h a r b e n t a,SANABEL AGRO,SHARDA
SEGNOR 70 WP,SANABEL AGRO,UPL
SINPRO SC,SANABEL AGRO,SINON CORPORATION
SINPRO SC,SANABEL AGRO,SINON
SINSTAR SC,SANABEL AGRO,SINON CORPORATION
SINSTAR SC,SANABEL AGRO,SINON
SITARA FS,SANABEL AGRO,SHARDA CROPCHEM
SITARA FS,SANABEL AGRO,SHARDA
SPIDER EXTRA,SANABEL AGRO,SHARDA CROPCHEM LIMITED INDE
SPIDER EXTRA SC,SANABEL AGRO,SHARDA CROPCHEM
SYNTAX,SANABEL AGRO,SHARDA
Stopweeds,SANABEL AGRO,SHARDA
Stopweeds,SANABEL AGRO,SHARDA CROPCHEM LIMITED INDE
TOPOGAN,SANABEL AGRO,SHARDA Cropchem
TOPOGAN EW,SANABEL AGRO,SHARDA Cropchem
TRISTAR WG,SANABEL AGRO,Sharda Cropchem
Tonifruit ST,SANABEL AGRO,nan
V EROX WDG,SANABEL AGRO,AGROBEATS TECH CHINE
VEROX WDG,SANABEL AGRO,AGROBEATS TECH CHINE
clementgros,SANABEL AGRO,NUFARM
clementgros,SANABEL AGRO,nan
lotus,SANABEL AGRO,NUFARM
lotus pro,SANABEL AGRO,NUFARM
milor 25 WP,SANABEL AGRO,IQV
MACOTAPE 80 WP MAXIMUS 80WP,SANABEL AGRO RAYEN PHYTAGRI,INDOFIL INDOFIL
ACETADE FORT,SANABEL Agro,SHARDA CROPCHEM
ACETADE FORT,SANABEL Agro,SHARDA CROPCHEM LIMITED INDE
AVANTAGE CT,SANABEL Agro,ROTAM AGROCHEMICALS
AVANTAGE CT,SANABEL Agro,ROTAM
AVANTAGE CT,SANABEL Agro,ROTAM AGROCHEMIC
KIPRIDE WG,SANABEL Agro,AFEPASA S.A
A f a l o n 5 0 L S C,SEPCM,AAKO BV
A k o t a n 830 WP,SEPCM,AAKO
ACTILANDE TM EC,SEPCM,Action PIN
ACTILANDE TM EC,SEPCM,nan
ASKARI 240 SC,SEPCM,AAKO
Acanto plus,SEPCM,DU PONT INTERNATIONAL
Acanto plus,SEPCM,DU PONT
Acramite 480 SC,SEPCM,CHEMTURA
Acramite 480 SC,SEPCM,CHEMTURA /UPL
Afalon 50 L SC,SEPCM,AAKO BV
Afalon 50 WP,SEPCM,AAKO/ PAYS BAS
Akodim 120 EC,SEPCM,AAKO
Akofos 480 EC,SEPCM,AAKO
Akotan 830 WP,SEPCM,AAKO
Aliette express,SEPCM,BAYER CROPSCIENCE
Aliette express,SEPCM,BAYER
Antilimace granule,SEPCM,CEQUISA S.A
Antilimace granule,SEPCM,CEQUISA S.A/UPL
Antilimace granule,SEPCM,nan
Aubaine,SEPCM,Dow Agrosciences
Aubaine,SEPCM,Dow
Avaunt,SEPCM,DU PONT
Avaunt,SEPCM,DU PONT/FMC
BACTOSPINE DF,SEPCM,VALENT BIOSCIENCE CORPORATION
BACTOSPINE DF,SEPCM,VALENT BIOSCIENCE
BACTOSPINE DF,SEPCM,VALENT BIOSCIENCE CORPORATION/s umitomo chemical
BELAGIO WG,SEPCM,AAKO
Bactospeine 16000,SEPCM,VALENT BIOSCIENCE CORPORATION
Belem 0.8 MG,SEPCM,SBM FORMULATION
Belem 0.8 MG,SEPCM,SBM
Belem 0.8 MG,SEPCM,nan
Berelex 40 SG,SEPCM,CHEMICAL Agro
Berelex 40 SG,SEPCM,CHEMICAL Agro Europe
Betanal Expert,SEPCM,BAYER
Betanal Expert 274EC,SEPCM,BAYER CROPSCIENCE
Bouillie Bordelaise,SEPCM,Cerexagri/UPL Ltd
Brout,SEPCM,AAKO
CLASSICO WG,SEPCM,Dow Agrosciences
CLASSICO WG,SEPCM,Dow Agrosciences/COR TEVA
Closer 240 SC,SEPCM,DOW AGROSCIENCE
Closer 240 SC,SEPCM,DOW AGROSCIENCE/c orteva
Coragen 20 SC,SEPCM,DU PONT
Coragen 20 SC,SEPCM,DU PONT/FMC
Curvax M,SEPCM,CMPA
D a p h e n e f o r t,SEPCM,CHEMINOVA /FMC
DESORMONE PRO EC,SEPCM,NUFARM
DP,SEPCM,AFEPASA S.A
Desormone lourd,SEPCM,NUFARM
Dithane M 45,SEPCM,DOWAGROSCIENCE
Efluzin 400 SC,SEPCM,ARYSTA Life Science
Efluzin 400 SC,SEPCM,ARYSTA Life Science Benelux / Belgique/ARYSTA
Equation Pro,SEPCM,DU PONT
Equation Pro,SEPCM,DU PONT (Taiwan)
Etaldyne 95,SEPCM,CMPA/Espagne
Etaldyne 95,SEPCM,nan
Exuberone,SEPCM,nan
F a u d e l,SEPCM,AAKO
F y f a n o n 5 0,SEPCM,CHEMINOVA
FIDELITY WG,SEPCM,CORTEVA
FOLY,SEPCM,AAKO
FOLY STAR 400 SC,SEPCM,AAKO
Faudel,SEPCM,AAKO
Floramix,SEPCM,DOW AGROSCIENCES
Floramix,SEPCM,DOW
Floramix,SEPCM,DOW AGROSCIENCE S
Granstar,SEPCM,DU PONT
H e r b a l i n e,SEPCM,AAKO
Herbolex Max,SEPCM,DOW AGROSCIENCE
Herbolex Max,SEPCM,DOW
Herbolex Max,SEPCM,nan
J OKARI 30WG,SEPCM,AAKO
Karathane 350 EC,SEPCM,DOW AGROSCIENCES
Karathane 350 EC,SEPCM,DOW
Lamardor 400 FS,SEPCM,BAYER CROPSCIENCE
Lancelot 450 WG,SEPCM,DOW AGROSCIENCES
Lancelot NEO 450,SEPCM,DOW
Lancelot NEO 450 WG,SEPCM,nan
Lancelot NEO 450 WG,SEPCM,DOW AGROSCIENCES
Lannate 20 L,SEPCM,DU PONT
Lannate 25,SEPCM,DU PONT
Lannate 25,SEPCM,DU PONT (Taiwan)
Leopard 10,SEPCM,AAKO
Luna Experience 400,SEPCM,BAYER
Luna Experience 400 SC,SEPCM,BAYER CROPSCIENCE
M o c a p,SEPCM,AMVAC Chemical Corporation)
M o c a p,SEPCM,AMVAC Chemical
MAGISTER,SEPCM,GOWAN Espagne
MICROCROPS,SEPCM,AFEPASA S.A
MICROCROPS WG,SEPCM,AFEPASA S.A
Madison 263 SC,SEPCM,BAYER CROPSCIENCE
Madison 263 SC,SEPCM,BAYER
Malathion 96,SEPCM,CHEMINOVA
Malathion 96,SEPCM,CHEMINOVA /FMC
Mikal Flash,SEPCM,BAYER CROPSCIENCE
Mikal Flash,SEPCM,BAYER
Mospilan 20 SL,SEPCM,(NIPPON SODA)
Mospilan 20 SL,SEPCM,(NIPPON SODA) ARYSTA LIFESCIENCE /UPL
N i m r od,SEPCM,AAKO BV
N imrod,SEPCM,AAKO BV
NOVAZUFRE DP,SEPCM,AFEPASA S.A
Nimrod,SEPCM,AAKO BV
P a l l a s 4 5 O D,SEPCM,DOW AGROSCIENCES
PROLECTUS 50WG,SEPCM,SUMITOMO CHEMICAL AGRO Europe
PROLECTUS 50WG,SEPCM,SUMITOMO
Pallas 45 OD,SEPCM,DOW
Pallas 45 OD,SEPCM,nan
Pallas 45 OD,SEPCM,DOW AGROSCIENCES
Procarpil,SEPCM,nan
Procarpil,SEPCM,CMPA
Procuivre MZ,SEPCM,IQV DEL VALLES
R i d a l i n e,SEPCM,DOW
R i d a l i n e,SEPCM,nan
R i d a l i n e,SEPCM,DOW AGROSCIENCES
R o v r a l,SEPCM,FMC
SAFARI 50 WG,SEPCM,FMC
Serial 150 EC,SEPCM,AAKO
Siscop 60 SC,SEPCM,AAKO BV
Soprano,SEPCM,AAKO
Suspray,SEPCM,COMPTOIR COMMERCIAL DES LUBRIFIANTS
Systhane 240 EC,SEPCM,DOW AGROSCIENCES
Systhane 240 EC,SEPCM,DOW
Systhane 240 EC,SEPCM,DOW AGROSCIENCES/corteva
T alendo,SEPCM,DU PONT
Talendo,SEPCM,DU PONT
Talendo,SEPCM,DU PONT/Corteva
Tolurex 50,SEPCM,AAKO
V ERIMARK SC,SEPCM,FMC
VENZAR,SEPCM,FMC
VERIMARK SC,SEPCM,FMC
nan,SEPCM,nan
nan,SEPCM,CMPA
Dithane M 45 Triziman 80 Caiman 80 WP Zatest Mancothine Maynozebe Penncozebe 80 WP Micène MZ Dauphin Dicozeb 80 Sancozeb 80 WP Sabero M 45 Agrizeb Agrezate 80 WP,SEPCM AGRIPROTEC BIOPROTECTION ETS. MEZGHANI AGROSYSTEMES AMINCO STEC INNOVA EL KHADRA ELMOUSSEM. INNOVA ATLAS AGRICOLE PROTAGRI SOCOOPEC,DOWAGROSCIENCE/MCA UPL Phosphorus ARYSTA LIFESCIENCE INDUST. QUIMICA KEY AGRIA SA AGRIA SA CEREXAGRI BV SIPCAM INAGRA SIPCAM INAGRA INDOFIL INDE DOW AGROSCIENCES COROMANDEL Ltd. United Phosphorus Ltd ZENITH CROPSCIENCES
Duracid 5G Lorvek 5 G,SEPCM ATLAS AGRICOLE,Dow Agrscience Dow Agroscience
Desormone lourd W e e d o ne,SEPCM BIOPROTECTION,NUFARM NUFARM
Mospilan 20 SL Escort 20 SL,SEPCM BIOPROTECTION,(NIPPON SODA) ARYSTA LIFESCIENCE (NIPPON SODA) ARYSTA LIFESCIENCE
Berelex Progibb Gibb 3 Aminogibb Protagibb Gibelex,SEPCM BIOPROTECTION AGROSYSTEMES AMINCO PROTAGRI EL MOUSSEM AGRI,"VALENT BIOSCIENCE/ SUMITOMO, GLOBACHEM GLOBACHEM United Phosphorus Nufarm Americas"
B e stox Bonbard,SEPCM COTUGRAIN IMPEX,FMC BASF
F y f a n o n 50 Keythion,SEPCM ETS MEZGHANI,CHEMINOVA INDUSTRIAL QUIMICA KEY
Stop germe S NEO STOP,SEPCM PROTAGRI,CMPA/Espagne AGRIPHAR
MICROCROPS WG KIPRIDE WG,SEPCM SANABEL Agro,AFEPASA S.A AFEPASA S.A
Bouillie Bordelaise Bordo valles WG Cuperval WG,SEPCM SOCOOPEC SANABEL AGRO,Cerexagri/UPL Ltd I.Q.V. DELVALLES I.Q.V. DELVALLES
Curvax M Peyron Mz,SEPCM STEC,CMPA CMPA
Lysatex Hydrolysat-Prot Proteinkey,SEPCM STEC ETS.MEZGHANI,SYNTHRON SAS INDUSTRIAL QUIMICA KEY
H e r b a l i n e Trifluraline / Sous/R de Changement de D C Triflurex Ridaline Flural Triflex,SEPCM STEC SOCOOPEC SEPCM Ets MEZGHANI STEC,"AAKO CEQUISA S.A ((filiale : PHOSPHONIA, SL) AAKO DOW AGROSCIENCES INDUSTRIAL Q. KEY AAKO"
ACTION 60 SC,SHARDA,SHARDA
CURAX EXTRA SC,SHARDA,SHARDA
Clotril SC,SHARDA,Sharda Cropchen
MIRACLE WDG,SHARDA,SHARDA
Mirage EC,SHARDA,SHARDA
Mirage EC,SHARDA,SHARDA CROPCHEM
OXYTANE,SHARDA,SHARDA CROPCHEM LIMITED INDE
PRO-CARB SL,SHARDA,SHARDA CROPCHEM INDE
PRODIGE,SHARDA,SHARDA
Perfecto EC,SHARDA,Sharda Cropchem
SPIRIDOR 240 SC,SHARDA,SHARDA CROPCHEM
TENAZOLE,SHARDA,SHARDA
Virago,SHARDA,SHARDA CROPCHEM
Virago,SHARDA,SHARDA
p y r m a SC,SHARDA,SHARDA
shanon,SHARDA,sharda cropchem
t h i o p h y l 50 SC,SHARDA,sharda cropchem
ACTION 60 SC,SHARDA CROPCHEM LIMITED TUNISIA,SHARDA CROPCHEM LIMITED INDE
QUEEN PRO SC,SHARDA CROPCHEM LIMITED TUNISIA,SHARDA CROPCHEM LIMITED INDE
QUEEN SC,SHARDA CROPCHEM LIMITED TUNISIA,SHARDA CROPCHEM LIMITED INDE
CURAX EXTRA SC,SHARDA CROPCHEM LIMITED TUNISIE,SHARDA CROPCHEM LIMITED INDE
SPIRIDOR 240 SC,SHARDA CROPCHEM LIMITED Tunisie,SHARDA CROPCHEM LIMITED INDE
TENAZOLE,SHARDA CROPCHEM LIMITED Tunisie,SHARDA CROPCHEM LIMITED INDE
ACTION 60 SC,SHARDA CROPCHEM TUNISIA,SHARDA CROPCHEM limited/
PRODIGE,SHARDA CROPCHEM TUNISIA,SHARDA CROPCHEM limited
Q UEEN PRO SC,SHARDA CROPCHEM TUNISIA,SHARDA CROPCHEM INDE
Q UEEN SC,SHARDA CROPCHEM TUNISIA,SHARDA CROPCHEM INDE
CURAX EXTRA SC,SHARDA CROPCHEM TUNISIE,SHARDA CROPCHEM
Clotril SC,SHARDA CROPCHEM TUNISIE,Sharda Cropchen
shanon,SHARDA CROPCHEM TUNISIE,sharda cropchem
Virago,SHARDA CROPCHEM Tunisia,SHARDA CROPCHEM limited
MIRACLE WDG,SHARDA CROPCHEM Tunisie,SHARDA CROPCHEM LIMITED
SPIRIDOR 240 SC,SHARDA CROPCHEM Tunisie,SHARDA CROPCHEM
TENAZOLE,SHARDA CROPCHEM Tunisie,SHARDA CROPCHEM
Perfecto EC,SHARDA CROPCHEM tunisie,Sharda Cropchem
pyrma SC,SHARDA CROPCHEM tunisie,SHARDA CROPCHEM
A LPHATOP EC,SLDA,SHARDA CROPCHEM INDE
AZ-TOP,SLDA,Sharda cropchem limited
AZ-TOP SC,SLDA,Sharda cropchem
AZ-TOP SC,SLDA,Sharda cropchem limited
AZ-TOP SC,SLDA,Sharda cropchemlimited
AZUROS,SLDA,SHARDA CROPCHEM Ltd
AZUROS,SLDA,SHARDA
COTRAN 20-30,SLDA,TRAGUSSA
GLYFOSTAR,SLDA,SHARDA CROPCHEM Ltd
GLYFOSTAR,SLDA,SHARDA
MAYA,SLDA,UPL
ORACLE 33 WG,SLDA,SHARDA
ORACLE 33 WG W DG,SLDA,SHARDA CROPCHEM LIMITED
ORACLE 33 WG WDG,SLDA,SHARDA CROPCHEM LIMITED
ORACLE 33 WG WDG,SLDA,SHARDA CROPCHEM LIMITED INDE
clopryd 30 SL,SLDA,Sharda cropchem
clopryd 30 SL,SLDA,SHARDA CROPCHEM LIMITED INDE
Ortiva TOP,SLOGRI,SYNGENTA
Rexame,SOCCOPEC,SHARDA
AGREZATE PLUS,SOCOOPEC,AGRIA
AGREZATE PLUS WP,SOCOOPEC,AGRIA
ARMETIL COMBI,SOCOOPEC,IQV
Agrezate 80 WP,SOCOOPEC,ZENITH
Armetil M,SOCOOPEC,IQV DEL VALLES
Armetil cuivre,SOCOOPEC,IQV DEL VALLES
Bordo valles WG,SOCOOPEC,I.Q.V. DELVALLES
CHAMPION,SOCOOPEC,SHARDA CROPCHEM
CHAMPION,SOCOOPEC,SHARDA
COSAMIL-DF,SOCOOPEC,Sulphur Mills Limited
Corida 75 WG,SOCOOPEC,ZENITH CROPSCIENCE /AGRIA
Corida 75 WG,SOCOOPEC,AGRIA
Cureman,SOCOOPEC,IQV DEL VALLES
DAMEX FORTE,SOCOOPEC,NUFARM
DAMEX FORTE SUPER,SOCOOPEC,NUFARM
DAYZER,SOCOOPEC,SHARDA
ESCARGOCHE,SOCOOPEC,SHARDA
ESCARGOCHE,SOCOOPEC,nan
MITANE,SOCOOPEC,SHARDA
Oxistar 24%,SOCOOPEC,ZHEJIANG E-TONG
Oxistar 24%,SOCOOPEC,ZHEJIANG E-
Oxistar 24%,SOCOOPEC,nan
P e t r O i l,SOCOOPEC,PETRONAS
PetrOil,SOCOOPEC,PETRONAS LUBRICANTS
Polysect,SOCOOPEC,SHARDA
Polysect,SOCOOPEC,SHARDA CROPCHEM LIMITED INDE
SHARCARB,SOCOOPEC,SHARDA
SORBISTAR,SOCOOPEC,ZHEJIANG E-TONG CHEMICAL
Sergent,SOCOOPEC,SHARDA WORLDWIDE
Sergent,SOCOOPEC,nan
Starphos,SOCOOPEC,SHARDA
T o p P l u s,SOCOOPEC,AGRIA S.A
T o p Plus,SOCOOPEC,AGRIA S.A
Tallis 240 EC,SOCOOPEC,AAKO
Cureman Procuivre MZ,SOCOOPEC SEPCM,IQV DEL VALLES IQV DEL VALLES
ADAGE 350FS,SOLAGRI,SYNGENTA
BAGIERA EC,SOLAGRI,SYNGENTA
BLUE SHIELD 25,SOLAGRI,Albaugh.LLC
BLUE SHIELD 25 WG,SOLAGRI,Albaugh.LLC
CASPER 55,SOLAGRI,Syngenta Agro AG
CASPER 55 WG,SOLAGRI,Syngenta
CLEANSPRAY SL,SOLAGRI,SHANDONG WEIFANG RAINBOW CHEMICAL CO.LTD CHINE
CLODIM FORTE,SOLAGRI,SYNGENTA
CLODIM FORTE 240 EC,SOLAGRI,SYNGENTA
"Cherokee 487,5 SE",SOLAGRI,SYNGENTA
DIVIDEND,SOLAGRI,SYNGENTA
DIVIDEND EXTREME 115 FS,SOLAGRI,SYNGENTA
DURIVO,SOLAGRI,SYNGENTA
DYNALI DC,SOLAGRI,SYNGENTA
ELATUS Arc,SOLAGRI,SYNGENTA AGRO AG
ELATUSTM Arc SE,SOLAGRI,SYNGENTA AGRO
FLAME DUO SG,SOLAGRI,ALBAUGH
GARAL EC,SOLAGRI,Syngenta
GARAL EC,SOLAGRI,Mouillant : 50cc/hl(comm13/02/2020)
K u n g F u,SOLAGRI,SYNGENTA
K ung Fu,SOLAGRI,SYNGENTA
OPTIMUM PRO SC,SOLAGRI,Sharda Cropchem INDE
Ortiva TOP,SOLAGRI,SYNGENTA
PRIORI GOLD 250,SOLAGRI,SYNGENTA Crop
PRIORI GOLD 250 SC,SOLAGRI,SYNGENTA Crop Protection
Priori Xtra,SOLAGRI,SYNGENTA
SPERAMET,SOLAGRI,SHANDONG WEIFANG RAINBOW CHEMICAL CO.LTD CHINE
T E R R AVO,SOLAGRI,SYNGENTA
TENDER 960 EC,SOLAGRI,SYNGENTA
TERRAVO,SOLAGRI,SYNGENTA
TERRAVO 720 SC,SOLAGRI,Syngenta
TRAMICS DC,SOLAGRI,SYNGENTA
Trivko,SOLAGRI,SYNGENTA
VARGAS ULTRA EC,SOLAGRI,"ROTAM CHEMISTRY CO.,Ltd/ALBAUG H"
Zenith 575 EC,SOLAGRI,SYNGENTA
amphore SC,SOLAGRI,SYNGENTA
amphore gold WG,SOLAGRI,SYNGENTA
arnatin WG,SOLAGRI,SYNGENTA
AFFINITY WG,SSCC,FMC
ALLIG ATOR,SSCC,nan
FLUROSTAR XL SE,SSCC,GLOBACHEM
MUSTER 75 WG,SSCC,FMC
O KINA SC,SSCC,FMC
OKINA SC,SSCC,FMC
PROPAMINE 722 SL,SSCC,AGRIA
PYRIBAN EC,SSCC,Gharda chemicals ltd
PYRIBAN EC,SSCC,Gharda chemicals
STARCARB,SSCC,GARDA CHEMICAL
STARCARB,SSCC,nan
TRIBUNEO 75 G,SSCC,ZENITH CROPSCIENCE /AGRIA
TRIBUNEO 75 G,SSCC,AGRIA
Z O R O,SSCC,CHEMINOVA/ FMC
procamba,SSCC,gharda chemical
procamba,SSCC,ghardachemical
C OBRA EC,SSCCokina,nan
P l a n t o i l,STE EL KHADRA,INDUSTRIAS AFRASA
Plant oil,STE EL KHADRA,INDUSTRIAS AFRASA
Plant oil,STE EL KHADRA,INDUSTRIAS AFRAZA/ALBAU GH EUROPE SARL
A BSOLUT SC,STEC,NANJING AGROCHEMICA L CHINE
A a k o m e c t i n e,STEC,AAKO BV
ABSOLUT SC,STEC,NANJING AGROCHEMICA L CHINE
ACAROS SC,STEC,Shandong Kangqiao
ACAROS SC,STEC,Shandong Kangqiao NANJING Agrochemical
Akocid 480 EC,STEC,AAKO
Amilcar,STEC,BAYER CROPSCIENCE
Amilcar,STEC,BAYER
Amilcar OD,STEC,BAYER CROPSCIENCE
Amilcar OD,STEC,BAYER
Apollo 50,STEC,AAKO BV
Bellis WG,STEC,BASF
CURZATE M,STEC,DUPONT
CURZATE M,STEC,DU PONT (Taiwan)
D e l t a,STEC,BAYER CROPSCIENCE
Delta,STEC,BAYER CROPSCIENCE
Dimilin,STEC,CHEMTURA AGRO SOLUTIONS
Duracid,STEC,DOW AGROSCIENCES
Envidor,STEC,BAYER
Envidor,STEC,BAYER CROPSCIENCE/g owan
Envidor,STEC,BAYER CROPSCIENCE/g
H Y D O 2 5 0 S C,STEC,nanjing
H Y D O 2 5 0 S C,STEC,nanjing agrochemical/JIANGYIN SULI CHEMICAL
L a g r o p h anate 70,STEC,CEQUISA /
M AGNUS SC,STEC,AAKO
MAGNUS SC,STEC,AAKO
Mavrik 2 F,STEC,AAKO/ PAYS BAS
Mavrik 2 F,STEC,AAKO
MicrothiolSpecial,STEC,UPL/CEREXAGRI
N ANJI 250 EC,STEC,JIANGSU FENGDENG(fab) NANJING AGROCHEMICA L (DIS)
NANJI PLUS EC,STEC,JIANGYIN
Nativo 300 SC,STEC,BAYER CROPSCIENCE
Nativo 300 SC,STEC,BAYER
P h y t o a t e,STEC,CHEMINOVA/FMC
PYRUS 400 SC,STEC,UPL
Penncozebe 80 WP,STEC,CEREXAGRI
PharoMz (sous réserve,STEC,CMPA
Presidium SC,STEC,Gowan
Super meta,STEC,CEQUISA/PHOSPH
T r i f l e x,STEC,AAKO
Timer FS 060,STEC,BAYER
Timer FS 060,STEC,BAYER CROPSCIENCE
VENDETTA SC,STEC,FMC
Vectra 10 SC,STEC,SUMITOMO
Verita,STEC,BAYER CROPSCIENCE
Vigon 420 SC,STEC,BAYER CROPSCIENCE
ventaro,STEC,NUFARM
Timer FS 060 Mycoseeds FS 60,STEC EL KHADRA,BAYER CROPSCIENCE Sharda World wide
D e l t a Decis EC 25 Deltacal Fruithrine,STEC EL MOUSSEM AGRICOLE BIOPROTECTION PROTAGRI,BAYER CROPSCIENCE BAYER CROPSCIENCE ARYSTA LIFESCIENCE United Phosphorus Ltd
Super meta Gastrotox Antilimace granule Metakey Metapro,STEC INNOVA SEPCM ETS.MEZGHANI PROTAGRI,"CEQUISA/PHOSPHONI A, SL) SIPCAM INAGRA CEQUISA S.A INDUS QUIMICAKEY United Phosphorus"
ADEXAR XTRA,STIMA,BASF
ADEXAR XTRA EC,STIMA,BASF
Alverde 240 SC,STIMA,BASF
Aviso DF,STIMA,BASF
B a s a g r a n,STIMA,BASF
BAUXIT,STIMA,BASF
BOTECTOR WG,STIMA,BIOFERM/SAN
BOTECTOR WG,STIMA,BIOFERM/SAN AGROW
BOTECTOR WG,STIMA,BIOFERM/SAN AGROW/autriche
Blossom protect,STIMA,BIO FERM
Blossom protect,STIMA,nan
C a n t u s WG,STIMA,BASF
C antus WG,STIMA,BASF
CABRIO TOP,STIMA,BASF
Cantus WG,STIMA,BASF
Capalo,STIMA,BASF
Collis 300SC,STIMA,BASF
D a r t,STIMA,BASF
Deguech plate,STIMA,DETIA DEGUECH
Detia Gas,STIMA,DETIA DEGUECH
Focus Ultra,STIMA,BASF
JUDO,STIMA,Sharda
Kinto Duo,STIMA,BASF
Kumulus DF,STIMA,BASF
MATRIX WDG,STIMA,SHARDA CROPCHEM
MATRIX WDG,STIMA,SHARDA
MATRIX WDG,STIMA,nan
NEM guard SC,STIMA,Ecospray limited
NEM guard SC,STIMA,Ecospraylimited
Ogam,STIMA,BASF-ESPAGNOLA
Ogam,STIMA,BASF
Opus,STIMA,BASF
PHERONORM-TUTA,STIMA,ANDERMATT BIOCONTROL AG
Piretro Verde,STIMA,COPYR S.p.A
Polyram DF,STIMA,BASF
RAMCU 35 WG,STIMA,Manica S.P.A
REMEDIER WP,STIMA,ISAGRO SPA
REMEDIER WP,STIMA,ISAGRO SPA/GOWAN
Raticide detia,STIMA,DETIA
Rex Duo,STIMA,BASF
S t o m p A q u a,STIMA,BASF
SCATTO EC,STIMA,ISAGRO SPA
SCATTO EC,STIMA,ISAGRO SPA/GOWAN
SCATTO EC,STIMA,nan
SNOOKER SC,STIMA,BASF
Stomp Aqua,STIMA,BASF
Stroby DF,STIMA,BASF
Swing Gold,STIMA,BASF
T34 BIOCONTROL,STIMA,"BiocontrolTechnologies,S. L/"
VENUS WG,STIMA,"Shengnong Pesticide,"
VENUS WG,STIMA,"Shengnong Pesticide, Co. Ltd/hangzhou Topagro Bioscience"
VENUS WG,STIMA,"Shengnong Pesticide, Co. Ltd/hangzhouTopagro Bioscience"
Kumulus DF Thiovit Thiolux jet Agrosoufre Soufrustulln Microsol Microthiol Special Insuf Sulpex TIOSOL 80,STIMA AGRIPROTEC AGRIPROTEC AGROSYSTEMES AMINCO INNOVA STEC PROTAGRI AGRIMATCO ATLAS AGRICOLE,BASF SYNGENTA SYNGENTA Agrostulln GmbH Agrostulln GmbH SIPCAM QUIMAGRO UPL/CEREXAGRI UNITED PHOSPHORUS Agrostulln GmbH SIPCAM
Deguech plate Magnaphos,STIMA PROTAGRI,DETIA DEGUECH UNITED PHOSPHORUS LTD
Detia Gas Quickphos,STIMA PROTAGRI,DETIA DEGUECH UNITED PHOSPHORUS LTD
Opus Soprano Scooby doo Spike,STIMA SEPCM AMINCO AGROSYSTEMES,BASF AAKO GLOBACHEM GLOBACHEM
RETURN 24 SL,Sanabel Agro,ROTAM AGROCHEMICAL(rivale)
VERTIGO,Sanabel agro,NUFARM
CURAX EXTRA,Sharda Cropchem Tunisie,Sharda Cropchem limited
OXYTANE,Sharda CropchemTunisia,SHARDA CROPCHEM INDE
SPIROFEN,Ste ELKHADRA,EASTCHEM CO.Ltd
T AKITOP WG,Sté EL KHADRA,"EASTCHEM CO,Ltd CHINE"
TAKITOP WG,Sté EL KHADRA,"EASTCHEM CO,Ltd CHINE"
INDO SUPER SC,Sté ELKHADRA,NINGBO SUNJOY
INDO SUPER SC,Sté ELKHADRA,nan
INDO SUPER SC,Sté ELKHADRA,NINGBO SUNJOY AGROSCIENCE CO .LTD/cropidea
E MATOP,Sté El Khadra,HANGZHOU TOPAGRO BIOSCIENCE CHNINE
POLYVALENT S C,Sté El Khadra,"EASTCHEM CO,Ltd CHINE"
POLYVALENT SC,Sté El Khadra,"EASTCHEM CO,Ltd CHINE"
ACTAMID WG,TASMID,"NANJING AGROCHEMICA L Co., Ltd."
ALU-VITE WP,TASMID,LIMIN CHEMICAL
ALU-VITE WP,TASMID,LIMIN CHEMICAL CO.LTD
ASTRO EC,TASMID,ZHEJIANG E-TONG CHEMICAL
CLETHODIM EC Sous reserve de changement de nom,TASMID,PSYCHE M CHEMICALS LIMITED
Divisole,TASMID,ASTRACHEM
Nimbicidine,TASMID,T. STANES & Co.Ltd.
Nimbicidine,TASMID,T. STANES &Co.Ltd.
P H E NATYL,TASMID,MEGHMANI INDUSTRIES
PROPAMIX SL,TASMID,AGRIA
PROPROLE (SC),TASMID,Nanjing
Proact 50 EC,TASMID,ASTRACHEM
SPINOBEST,TASMID,"BAICO BIOTECH CO,LTD/"
T r a n s a c t 1 8 E C,TASMID,ASTRACHEM
Vaulent,TASMID,ASTRACHEM
soufravit,TASMID,AGROSTULLN/
ABAMET EC,UNIAGRO,SHANDONG
CISTHRIN EC,UNIAGRO,nan
CLEVEROLE SC,UNIAGRO,SHANDONG
CLEVEROLE SC,UNIAGRO,SHANDONG WEIFANG RAINBOW CHEMICAL CO.LTD
CLOWIT EC,UNIAGRO,SHANDONG WEIFANG RAINBOW CHEMICAL CO.LTD CHINE
Cleverole plus SC,UNIAGRO,SHANDONG
Cleverole plus SC,UNIAGRO,SHANDONG WEIFANG RAINBOW CHEMICAL CO.LTD
ETHPYRI SC,UNIAGRO,SHANDONG WEIFANG RAINBOW CHEMICAL CO.LTD
HoproleXtra,UNIAGRO,Shandong weifang rainbow chemical0
LASTING EC,UNIAGRO,nan
LASTROLE EC,UNIAGRO,nan
LASTROLE EC,UNIAGRO,SHANDONG WEIFANG RAINBOW CHEMICAL CO.LTD
PICOCARB SC,UNIAGRO,SHANDONG WEIFANG RAINBOW CHEMICAL CO.LTD
Prifenup EC,UNIAGRO,SHANDONG
SPANVIC PLUS SC,UNIAGRO,nan
Spanvic,UNIAGRO,nan
TEAMSPRAY PLUS SE,UNIAGRO,SHANDONG
palazzo,agrimatco,BASF
Broadway,agriprotec,DOW
Broadway,agriprotec,DOW AGROSCIENCE S/CORTEVA
Broadway,agriprotec,DOW AGROSCIENCES/ CORTEVA
c e r t r o l D S E C,agriprotec,A H MARKS /
c e r t r o l D S E C,agriprotec,A H MARKS / NUFARM
ceriazole SC,agriprotec,NUFARM
certrol DS EC,agriprotec,A H MARKS / NUFARM
manoxyde WP,agriprotec,NUFARM
r a c h e t W P,agriprotec,Nufarm
stratos ultra EC,agriprotec,BASF
gesagard 500 FW,bioprotection,syngenta crop
gesagard 500 FW,bioprotection,syngenta crop protection
gesagard 500 FW,bioprotection,syngentacrop protection
VELAR 20 SC,cotugrain,OAT
VELAR 20 SC,cotugrain,OAT agrio(fab)/Japo(LI DA PLANT RESEARCH/Four nisseur)
f i g h t e r,cotugrain,BASF
hexagon SC,cotugrain,BASF
prowl aqua EC,cotugrain,BASF
lalione EC,delta agicole plus,SHARDA WORLDWIDE
VALEO 25 EC,delta agricole plus,Sharda cropchem
lalione EC,deltaagicole plus,SHARDA WORLDWIDE
TAZER XPERT SC,el moussem,NUFARM
c l a v e W P,ets mezghani,industrial quimica key
keynyl herbicide EC,ets mezghani,industrial quimicakey
keynyl herbicide EC,ets mezghani,nan
syterna EC,ets mezghani,fengdeng
touta stop WP,ets mezghani,industrial quimica key
keynyl herbicide EC,etsmezghani,industrialquimicak
touta stop WP,etsmezghani,nan
power WDG,fertitech,Sharda
%(p/p)),nan,nan
(Ecosurf EH-9,nan,nan
/,nan,nan
08WDG,nan,nan
100,nan,nan
240 EC,nan,nan
274EC,nan,CROPSCIENCE
80,nan,nan
Aurige 70,nan,nan
Boxer,nan,SYNGENTA
Broditop,nan,ZAPI SPA
Broditop wax block,nan,ZAPI SPA
CAROB MOTH,nan,TECHNOLOGIES
CS,nan,PROTECTION
Combi WG,nan,nan
DOUBLE WP,nan,nan
EC,nan,CROPCHEM
EXTREME 115 FS,nan,nan
FS,nan,nan
Flurostar 200,nan,GLOBACHEM
KEY,nan,nan
Klérat,nan,SYNGENTA
Lagrophanate 70,nan,nan
M72 WP,nan,nan
MANICA,nan,nan
PB,nan,nan
PLUS SC,nan,nan
PLUS WP,nan,(EUROPE)/BIOG ARD
Priori Opti,nan,nan
Prolatop,nan,nan
R o u n d u p P lu s,nan,nan
Radikal SC,nan,SHARDA
Raticide detia,nan,DETIA
Round up innov,nan,MONSANTO
Roxy,nan,GLOBACHEM
Réhomologation sous,nan,nan
SC,nan,Protection
SC,nan,CROPCHEM
SC,nan,CROPSCIENCE
SC,nan,nan
SE,nan,nan
SL,nan,nan
SL,nan,ZHONGSHAN
SOREXA PELLETS,nan,BASF
SUPER,nan,nan
Surfactant 73,nan,nan
T,nan,nan
TOPIK 80,nan,nan
Trianum –P,nan,KOPPERT
Tutaabsoluta,nan,nan
ULTRA280 SC,nan,Protection
UPTAKE SL,nan,nan
Ventilé),nan,d’ENGRAIS
W G,nan,nan
WDG,nan,nan
WDG,nan,CROPCHEM
WG,nan,nan
WG,nan,AGROSCIENCES
WG,nan,industry
WP,nan,nan
absoluta,nan,nan
bouteilles ou/et en,nan,nan
de DC,nan,nan
de changement de,nan,nan
dépôt du dossier,nan,nan
d’homologation est bien,nan,nan
fabricant mentionné lors du,nan,nan
ible,nan,nan
nan,nan,nan
nan,nan,CORPORATION/sumito
nan,nan,mo chemical
nan,nan,(phy)/Sud
nan,nan,BIOCONTROL
nan,nan,KEY
nan,nan,PROTECTION
nan,nan,AGOCHEMICALS
nan,nan,LTD
nan,nan,CBC (EUROPE)
nan,nan,SYSTEM
nan,nan,LIFESCIENCES
nan,nan,AGROW
nan,nan,CHEMICALCO
nan,nan,AGROCHEMICAL
nan,nan,TOPAGRO
nan,nan,AGROCHEMICALS/r
nan,nan,limited
nan,nan,AGROSCIENCES
nan,nan,AAKO
nan,nan,inc/syngenta
nan,nan,AG
nan,nan,AGROCHEMICALS
nan,nan,Del Vallés (IQV)
nan,nan,CROPCHEM
nan,nan,INTERNATIONAL
nan,nan,FENGDENG CROP
nan,nan,INTERNATIONAL/co
nan,nan,CROPSCIENCE
nan,nan,LIFESCIENCE/ UPL
nan,nan,BIOLOGICAL
nan,nan,AFRASA
nan,nan,CROPSCIENCE/ Gowan
nan,nan,CROPROTECTION
nan,nan,Innovation/
nan,nan,ELEPHANT VERT
nan,nan,EUROPE SA
nan,nan,o.Ltd
nan,nan,QUIMICA KEY S.A
nan,nan,FENGSHAN GROUP
nan,nan,CROPSCIENCES
nan,nan,BIOSCIENCE
nan,nan,AGROSCIENCES/cort
nan,nan,AFRASA SA
nan,nan,S.A
nan,nan,MILLENIUM
nan,nan,PRODESING/
nan,nan,QUIMICA KEY
nan,nan,Innovation/ ELEPHANT
nan,nan,VERT EUROPE SA
nan,nan,"Agrochemical Co.,"
nan,nan,GIE/AMERIQUE
nan,nan,WEIFANG
nom)peyron MZ,nan,nan
pied (arbre),nan,nan
pièges jaunes),nan,nan
préciser la dose par,nan,nan
réserve de bien,nan,TECHNOLOGIES
réserve de changement,nan,CORPORATION
réserve de montrer que le,nan,nan
« TAMINCO »,nan,nan
C u p r e n e,p r o m o c h i m i e,SIPCAM
C u p r e n e,p r o m o c h i m i e,SIPCAM QUIMAGRO
CIFOXIL WP,promochimie,SIPCAM INAGRA
Derby,promochimie,DOW
Derby,promochimie,DOW AGROSCIENCE S/corteva
Derby,promochimie,nan
FENGIB MAX EC,promochimie,SIPCAM INAGRA
FENGIB MAX EC,promochimie,SIPCAM INAGRA S.A
FENGIB MAX EC,promochimie,nan
Galben M,promochimie,FMC
Gallant Super,promochimie,DOW
Goal,promochimie,HANGZHOU
Goal,promochimie,HANGZHOU NUTRICHEM/s
Goal,promochimie,nan
Microsol,promochimie,SIPCAM
Microsol,promochimie,SIPCAM QUIMAGRO
POINTER100 CS,promochimie,SIPCAM INAGRA
Terbuzine 75 WG,promochimie,SIPCAM INAGRA
M A S T OR WG,rayen phytagri,BASF
MASTOR WG,rayen phytagri,BASF
MASTOR WG,rayenphytagri,BASF
G l u f o s a m S L,sharda crochem,sharda cropchem
PROXER,sharda crochem,sharda crochem
PROXER,sharda crochem tunisie,sharda crochem
soufravit,tasmid,AGROSTULLN/
