SUBSTANCE(S) ACTIVE(S),P.COMM,SOCIÉTÉ,FABRICANT,SUBSTANCE_ACTIVE_1,SUBSTANCE_UNIT_1,SUBSTANCE_Corr_1,SUBSTANCE_ACTIVE_2,SUBSTANCE_UNIT_2,SUBSTANCE_Corr_2,SUBSTANCE_ACTIVE_3,SUBSTANCE_UNIT_3,SUBSTANCE_Corr_3,SUBSTANCE_ACTIVE_4,SUBSTANCE_UNIT_4,SUBSTANCE_Corr_4,SOCIÉTÉ_CANONIQUE,FABRICANT_CANONIQUE,Status_Glb
"(E,Z,Z)-3,8 ,11-TETRADECADIEN -1-YL ACETATE( 53.8 MG/DIFFUSEUR) (E,Z)-3,8 –TETRADECAD IEN -1-YL ACETATE(6.2 MG/DIFFUSEUR)",SHIN –ETSU MD T,COTUGRAIN,SHIN ETSU CHEMICAL/ CBC (EUROPE),"(E,Z,Z)-3,8 ,11-TETRADECADIEN -1-YL ACETATE( 53.8 MG/DIFFUSEUR) (E,Z)-3,8 –TETRADECAD IEN -1-YL ACETATE(6.2 MG/DIFFUSEUR)","(E,Z,Z)-3,8 ,11-TETRADECADIEN -1-YL ACETATE( 53.8 MG/DIFFUSEUR) (E,Z)-3,8 –TETRADECAD IEN -1-YL ACETATE(6.2 MG/DIFFUSEUR)","(E,Z,Z)-3,8 ,11-TETRADECADIEN -1-YL ACETATE( 53.8 MG/DIFFUSEUR) (E,Z)-3,8 –TETRADECAD IEN -1-YL ACETATE(6.2 MG/DIFFUSEUR)",,,,,,,,,,COTUGRAIN,SHIN ETSU CBC EUROPE,
"(E,Z,Z)-3,8,11TETRADECATRIEN 1-Y ACETATE (E,Z)-3,8TETRADECATRIEN1- Y ACETATE",PHERODIS TUTA ABSOLUTA,NUTRIPLANT,KOPPERT,"(E,Z,Z)-3,8,11TETRADECATRIEN 1-Y ACETATE (E,Z)-3,8TETRADECATRIEN1- Y ACETATE","(E,Z,Z)-3,8,11TETRADECATRIEN 1-Y ACETATE (E,Z)-3,8TETRADECATRIEN1- Y ACETATE","(E,Z,Z)-3,8,11TETRADECATRIEN 1-Y ACETATE (E,Z)-3,8TETRADECATRIEN1- Y ACETATE",,,,,,,,,,NUTRIPLANT,KOPPERT,
"2,4 D –ESTER BUTYLGLYCOL",DESORMONE LOURD,SEPCM,NUFARM,"2,4 D –ESTER BUTYLGLYCOL","2,4 D –ESTER BUTYLGLYCOL","2,4 D –ESTER BUTYLGLYCOL",,,,,,,,,,SEPCM,NUFARM,
"2,4-D ACIDE +FLORASULAM",NIKOS 306 SE,ATLAS AGRICOLE,DOW AGROSCIENCES/CORTEVA,"2,4-D ACIDE","2,4-D ACIDE","2,4-D ACIDE",FLORASULAM,FLORASULAM,FLORASULAME,,,,,,,ATLAS,DOW AGROSCIENCES CORTEVA,
"2,4-D SEL D’AMINE",CHARDOL 720 SL,BIOPROTECTION,NUFARM,"2,4-D SEL D’AMINE","2,4-D SEL D’AMINE","2,4-D SEL D’AMINE",,,,,,,,,,BIOPROTECTION,NUFARM,
"2,4-D SEL D’AMINE",DICOPUR 720 SL,AGRIPROTEC,NUFARM,"2,4-D SEL D’AMINE","2,4-D SEL D’AMINE","2,4-D SEL D’AMINE",,,,,,,,,,AGRIPROTEC,NUFARM,
"2,4-D SEL D’AMINE",SANAPHEN D 720 SL,ATLAS AGRICOLE,DOW,"2,4-D SEL D’AMINE","2,4-D SEL D’AMINE","2,4-D SEL D’AMINE",,,,,,,,,,ATLAS,DOW,
"2,4-D SEL D’AMINE",SHARMINA 720 SL,AGRINOVA,SHARDA,"2,4-D SEL D’AMINE","2,4-D SEL D’AMINE","2,4-D SEL D’AMINE",,,,,,,,,,AGRINOVA,SHARDA,
"2,4-D SEL D’AMINE",STOPWEEDS,SANABEL AGRO,SHARDA,"2,4-D SEL D’AMINE","2,4-D SEL D’AMINE","2,4-D SEL D’AMINE",,,,,,,,,,SANABEL AGRO,SHARDA,
"2,4-D SEL D’AMINE",TOPOL,EL KHADRA,SHARDA,"2,4-D SEL D’AMINE","2,4-D SEL D’AMINE","2,4-D SEL D’AMINE",,,,,,,,,,EL KHADRA,SHARDA,
"2,4-D SEL DE DIMETHYLAMINE",AMANORA,AGRIMATCO,UPL,"2,4-D SEL DE DIMETHYLAMINE","2,4-D SEL DE DIMETHYLAMINE","2,4-D SEL DE DIMETHYLAMINE",,,,,,,,,,AGRIMATCO,UPL,
"2,4-D SEL DE DIMETHYLAMINE",BLITZ 720 SL,EL KHADRA,"JIANGSU FENGSHAN GROUP CO,LTD/NANJING FENGSHAN CHEMICAL","2,4-D SEL DE DIMETHYLAMINE","2,4-D SEL DE DIMETHYLAMINE","2,4-D SEL DE DIMETHYLAMINE",,,,,,,,,,EL KHADRA,JIANGSU FENGSHAN GROUP NANJING FENGSHAN,
"2,4-D SEL DE DIMETHYLAMINE",BOZAR,AGRIPLUS,"JIANGSU FENGSHAN GROUP CO,LTD","2,4-D SEL DE DIMETHYLAMINE","2,4-D SEL DE DIMETHYLAMINE","2,4-D SEL DE DIMETHYLAMINE",,,,,,,,,,AGRIPLUS,JIANGSU FENGSHAN GROUP,
"2,4-D SEL DE DIMETHYLAMINE",DIAMEX SL,COTUGRAIN,UPL,"2,4-D SEL DE DIMETHYLAMINE","2,4-D SEL DE DIMETHYLAMINE","2,4-D SEL DE DIMETHYLAMINE",,,,,,,,,,COTUGRAIN,UPL,
2.4-D + GLYPHOSPHATE,KYLEO,EL MOUSSEM AGRICOLE,NUFARM,2.4-D,2.4-D,2.4-D,GLYPHOSPHATE,GLYPHOSPHATE,GLYPHOSPHATE,,,,,,,EL MOUSSEM,NUFARM,
2.4-D +GLYPHOSPHATE,NUFOSATESL,AGRIPROTEC,NUFARM,2.4-D,2.4-D,2.4-D,GLYPHOSPHATE,GLYPHOSPHATE,GLYPHOSPHATE,,,,,,,AGRIPROTEC,NUFARM,
ABAMECTIN +THIAMETHOXAM,SOLVIGO 185 SC,COTUGRAIN IMPEX,SYNGENTA,ABAMECTIN,ABAMECTIN,ABAMECTINE,THIAMETHOXAM,THIAMETHOXAM,THIAMETHOXAM,,,,,,,COTUGRAIN IMPEX,SYNGENTA,Not Approved
ABAMECTINE,AAKOMECTINE,STEC,AAKO BV,ABAMECTINE,ABAMECTINE,ABAMECTINE,,,,,,,,,,STEC,AAKO BV,
ABAMECTINE,ACTROSE 18 EC,ETS MEZGHANI,ASTRACHEM,ABAMECTINE,ABAMECTINE,ABAMECTINE,,,,,,,,,,ETS MEZGHANI,ASTRACHEM,
ABAMECTINE,AGRIMEC GOLD 084 SC,BIOPROTECTION,SYNGENTA,ABAMECTINE,ABAMECTINE,ABAMECTINE,,,,,,,,,,BIOPROTECTION,SYNGENTA,
ABAMECTINE,DIVA 1.8 EW,EL MOUSSEM AGRICOLE,CHEMINOVA,ABAMECTINE,ABAMECTINE,ABAMECTINE,,,,,,,,,,EL MOUSSEM,CHEMINOVA,
ABAMECTINE,LAOTTA,ATLAS AGRICOLE,LAINCO,ABAMECTINE,ABAMECTINE,ABAMECTINE,,,,,,,,,,ATLAS,LAINCO,
ABAMECTINE,MECTINE PRO,JADWA AGROTEC,AAKO BV,ABAMECTINE,ABAMECTINE,ABAMECTINE,,,,,,,,,,JADWA AGROTEC,AAKO BV,
ABAMECTINE,NUMECTIN,AGRIPROTEC,NUFARM FRANCE,ABAMECTINE,ABAMECTINE,ABAMECTINE,,,,,,,,,,AGRIPROTEC,NUFARM,
ABAMECTINE,POTENZA 1.8,SANABEL AGRO,SINON CORPORATION,ABAMECTINE,ABAMECTINE,ABAMECTINE,,,,,,,,,,SANABEL AGRO,SINON CORPORATION,
ABAMECTINE,ROMECTIN EC,AGRONOMIC LAND,"ROTAM CHEMISTRY CO.,LTD",ABAMECTINE,ABAMECTINE,ABAMECTINE,,,,,,,,,,AGRONOMIC LAND,ROTAM CHEMISTRY,
ABAMECTINE,TERVIGO 020 SC,BIOPROTECTION,SYNGENTA CROP PROTECTION AG,ABAMECTINE,ABAMECTINE,ABAMECTINE,,,,,,,,,,BIOPROTECTION,SYNGENTA AG,
ABAMECTINE,TINA EC,ETS MEZGHANI,INDUSTRIAL QUIMICA KEY,ABAMECTINE,ABAMECTINE,ABAMECTINE,,,,,,,,,,ETS MEZGHANI,INDUSTRIAL QUIMICA KEY,
ABAMECTINE,VARGAS ULTRA EC,SOLAGRI,"ROTAM CHEMISTRY CO.,LTD/ALBAUGH",ABAMECTINE,ABAMECTINE,ABAMECTINE,,,,,,,,,,SOLAGRI,ROTAM CHEMISTRY ALBAUGH,
ABAMECTINE,VERTIMEC,BIOPROTECTION,SYNGENTA,ABAMECTINE,ABAMECTINE,ABAMECTINE,,,,,,,,,,BIOPROTECTION,SYNGENTA,
ABAMECTINE,ZORO,SSCC,CHEMINOVA/ FMC,ABAMECTINE,ABAMECTINE,ABAMECTINE,,,,,,,,,,SSCC,CHEMINOVA FMC,
ACETAMEPRID,POLYSECT,SOCOOPEC,SHARDA,ACETAMEPRID,ACETAMEPRID,ACETAMIPRIDE,,,,,,,,,,SOCOOPEC,SHARDA,
ACÉTAMEPRID,ACETADE FORT,SANABEL AGRO,SHARDA CROPCHEM,ACÉTAMEPRID,ACÉTAMEPRID,ACETAMIPRIDE,,,,,,,,,,SANABEL AGRO,SHARDA CROPCHEM,
ACETAMIPRID + PYRIPROXYFEN,CANVION310 DC,COTUGRAIN,SYNGENTA CROP PROTECTION,ACETAMIPRID,ACETAMIPRID,ACETAMIPRIDE,PYRIPROXYFEN,PYRIPROXYFEN,PYRIPROXYFENE,,,,,,,COTUGRAIN,SYNGENTA,
ACETAMIPRID,CAPILAN SL,NEGANOR,AGROW ALLIED,ACETAMIPRID,ACETAMIPRID,ACETAMIPRIDE,,,,,,,,,,NEGANOR,AGROW ALLIED,
ACETAMIPRID,POTEGON 20 SP,PLANETE VERTE,ASTRANOVA,ACETAMIPRID,ACETAMIPRID,ACETAMIPRIDE,,,,,,,,,,PLANETE VERTE,ASTRANOVA,
ACETAMIPRIDE,ESCORT 20 SL,BIOPROTECTION,UPL/(NIPPON,ACETAMIPRIDE,ACETAMIPRIDE,ACETAMIPRIDE,,,,,,,,,,BIOPROTECTION,UPL NIPPON,
"ACETATE D’AMMONIUM + TRIMETHYLAMINE HCL + 1,4-DIAMINOBUTANE (PUTRESCINE) + DDVP",MERCERATITE KEY,ETS MEZGHANI,KEY,ACETATE D’AMMONIUM,ACETATE D’AMMONIUM,ACETATE D’AMMONIUM,TRIMETHYLAMINE HCL,TRIMETHYLAMINE HCL,TRIMETHYLAMINE HCL,"1,4-DIAMINOBUTANE (PUTRESCINE)","1,4-DIAMINOBUTANE (PUTRESCINE)","1,4-DIAMINOBUTANE (PUTRESCINE)",DDVP,DDVP,DDVP,ETS MEZGHANI,KEY,Not Approved
ACÉTATE D'AMMONIUM MIN 8.75 G/SACHET +TRIMETHYLAMINEHYDROCHLORIDE 1.25 G/SACHET + DIAMINUBUTANE 0.04 G/SACHET +KILLDISC INSECTICIDE À BASE D'ESFENVALERATE 0.04 G/PIÉGE,PHEROSANCERATITIS,NUTRIPLANT,SANSAN PRODESING/,ACÉTATE D'AMMONIUM MIN 8.75 G/SACHET,ACÉTATE D'AMMONIUM MIN 8.75 G/SACHET,ACETATE D’AMMONIUM,TRIMETHYLAMINEHYDROCHLORIDE 1.25 G/SACHET,TRIMETHYLAMINEHYDROCHLORIDE 1.25 G/SACHET,TRIMETHYLAMINE HCL,DIAMINUBUTANE 0.04 G/SACHET,DIAMINUBUTANE 0.04 G/SACHET,DIAMINUBUTANE,KILLDISC INSECTICIDE À BASE D'ESFENVALERATE 0.04 G/PIÉGE,KILLDISC INSECTICIDE À BASE D'ESFENVALERATE 0.04 G/PIÉGE,ESFENVALERATE,NUTRIPLANT,SANSAN PRODESING,Not Approved
ACIBENZOLAR-S- METHYL,BION 50 WG,AGRIPROTEC,SYNGENTA,ACIBENZOLAR-S- METHYL,ACIBENZOLAR-S- METHYL,ACIBENZOLAR-S-METHYL,,,,,,,,,,AGRIPROTEC,SYNGENTA,Not Approved
ACIDE BETA INDOLBUTIRIQUE,EXUBERONE,SEPCM,,ACIDE BETA INDOLBUTIRIQUE,ACIDE BETA INDOLBUTIRIQUE,ACIDE BETA INDOLBUTIRIQUE,,,,,,,,,,SEPCM,,
ACIDE CHLORO 4 PHÉNOXYACÉTIQUE +NAPHOXY 2ACÉTAMIDE,PROCARPIL,SEPCM,CMPA,ACIDE CHLORO 4 PHÉNOXYACÉTIQUE,ACIDE CHLORO 4 PHÉNOXYACÉTIQUE,ACIDE CHLORO 4 PHENOXYACETIQUE,NAPHOXY 2ACÉTAMIDE,NAPHOXY 2ACÉTAMIDE,NAPHOXY 2ACETAMIDE,,,,,,,SEPCM,CMPA,Not Approved
ACIDE GIBBERELLIQUE,AMINOGIBB,AMINCO,GLOBACHEM,ACIDE GIBBERELLIQUE,ACIDE GIBBERELLIQUE,ACIDE GIBBERELLIQUE,,,,,,,,,,AMINCO,GLOBACHEM,
ACIDE GIBBERELLIQUE,B 40 SG,BIOPROTECTION,VALENTBIOSCIENCE / SUMITOMO,ACIDE GIBBERELLIQUE,ACIDE GIBBERELLIQUE,ACIDE GIBBERELLIQUE,,,,,,,,,,BIOPROTECTION,VALENTBIOSCIENCE SUMITOMO,
ACIDE GIBBERELLIQUE,BERELEX 40 SG,SEPCM,CHEMICAL AGRO EUROPE,ACIDE GIBBERELLIQUE,ACIDE GIBBERELLIQUE,ACIDE GIBBERELLIQUE,,,,,,,,,,SEPCM,AGRO EUROPE,
ACIDE GIBBERELLIQUE,FITOGIB,BIOPROTECTION,NUFARM,ACIDE GIBBERELLIQUE,ACIDE GIBBERELLIQUE,ACIDE GIBBERELLIQUE,,,,,,,,,,BIOPROTECTION,NUFARM,
ACIDE GIBBERELLIQUE,GIB GRO,BIOPROTECTION,NUFARM,ACIDE GIBBERELLIQUE,ACIDE GIBBERELLIQUE,ACIDE GIBBERELLIQUE,,,,,,,,,,BIOPROTECTION,NUFARM,
ACIDE GIBBERELLIQUE,GIBB 3,AGROSYSTEMES,GLOBACHEM,ACIDE GIBBERELLIQUE,ACIDE GIBBERELLIQUE,ACIDE GIBBERELLIQUE,,,,,,,,,,AGROSYSTEMES,GLOBACHEM,
ACIDE GIBBERELLIQUE,GIBERKEY,ETS MEZGHANNI,INDUSTRIAL QUIMICA KEY,ACIDE GIBBERELLIQUE,ACIDE GIBBERELLIQUE,ACIDE GIBBERELLIQUE,,,,,,,,,,ETS MEZGHANNI,INDUSTRIAL QUIMICA KEY,
ACIDE GIBBERELLIQUE,PROGIBB 40 SG,BIOPROTECTION,VALENTBIOSCIENCE / SUMITOMO,ACIDE GIBBERELLIQUE,ACIDE GIBBERELLIQUE,ACIDE GIBBERELLIQUE,,,,,,,,,,BIOPROTECTION,VALENTBIOSCIENCE SUMITOMO,
ACIDE GIBBERELLIQUE,PROTAGIBB,PROTAGRI,UNITED PHOSPHORUS,ACIDE GIBBERELLIQUE,ACIDE GIBBERELLIQUE,ACIDE GIBBERELLIQUE,,,,,,,,,,PROTAGRI,UNITED PHOSPHORUS,
ACIDE GIBBÉRELLIQUE +PHENOTHIOL,FENGIB EC,INNOVA,SIPCAM INAGRA S.A,ACIDE GIBBÉRELLIQUE,ACIDE GIBBÉRELLIQUE,ACIDE GIBBERELLIQUE,PHENOTHIOL,PHENOTHIOL,PHENOTHIOL,,,,,,,INNOVA,SIPCAM INAGRA S A,Not Approved
ACLONIFEN,ACTION 60 SC,SHARDA CROPCHEM TUNISIA,SHARDA CROPCHEM LIMITED/,ACLONIFEN,ACLONIFEN,ACLONIFEN,,,,,,,,,,SHARDA CROPCHEM,SHARDA CROPCHEM,
ACLONIFEN,CHALLENGE 600SC,EL MOUSSEM AGRICOLE,BAYER AG,ACLONIFEN,ACLONIFEN,ACLONIFEN,,,,,,,,,,EL MOUSSEM,BAYER AG,
ACLONIFEN,COSTA SC,SANABEL AGRO,SHARDA CROPCHEM LIMITED/,ACLONIFEN,ACLONIFEN,ACLONIFEN,,,,,,,,,,SANABEL AGRO,SHARDA CROPCHEM,
ACRINATHRINE,ORYTIS,ATLAS AGRICOLE,CHEMINOVA,ACRINATHRINE,ACRINATHRINE,ACRINATHRINE,,,,,,,,,,ATLAS,CHEMINOVA,Not Approved
ACRINATHRINE,"RUFAST 7,5 EW",EL MOUSSEM AGRICOLE,CHEMINOVA,ACRINATHRINE,ACRINATHRINE,ACRINATHRINE,,,,,,,,,,EL MOUSSEM,CHEMINOVA,Not Approved
ACRINATHRINE +ABAMECTINE,TRIPSOL EW,AGROSYSTEME,CHEMINOVA/FMC,ACRINATHRINE,ACRINATHRINE,ACRINATHRINE,ABAMECTINE,ABAMECTINE,ABAMECTINE,,,,,,,AGROSYSTEME,CHEMINOVA FMC,Not Approved
ADEPIDYN+ DIFENOCONAZOLE,MIRAVIS DUO SC,BIOPROTECTION,ARYSTA LIFESCIENCES,ADEPIDYN,ADEPIDYN,ADEPIDYN,DIFENOCONAZOLE,DIFENOCONAZOLE,DIFENOCONAZOLE,,,,,,,BIOPROTECTION,ARYSTA LIFESCIENCES,Pending
ALKYLPHENOLEXY-ETHYLÈNE,ETALDYNE 95,SEPCM,CMPA/ESPAGNE,ALKYLPHENOLEXY-ETHYLÈNE,ALKYLPHENOLEXY-ETHYLÈNE,ALKYLPHENOLEXY-ETHYLENE,,,,,,,,,,SEPCM,CMPA ESPAGNE,Not Approved
ALPHACYPERMETHRINE,ALLIGATOR,SSCC,GHARDA CHEMICALS LTD,ALPHACYPERMETHRINE,ALPHACYPERMETHRINE,ALPHACYPERMETHRINE,,,,,,,,,,SSCC,GHARDA,Not Approved
ALPHACYPERMETHRINE,REMAX EC,FERTITECH,SHARDA CROPCHEM,ALPHACYPERMETHRINE,ALPHACYPERMETHRINE,ALPHACYPERMETHRINE,,,,,,,,,,FERTITECH,SHARDA CROPCHEM,Not Approved
ALPHAMÉTHRINE,BONBARD,COTUGRAIN,BASF,ALPHAMÉTHRINE,ALPHAMÉTHRINE,ALPHAMETHRINE,,,,,,,,,,COTUGRAIN,BASF,Not Approved
AMETOCTRADIN + DIMETHOMORPH,ORVEGO,AGRIPROTEC,BASF,AMETOCTRADIN,AMETOCTRADIN,AMETOCTRADINE,DIMETHOMORPH,DIMETHOMORPH,DIMETHOMOPHE,,,,,,,AGRIPROTEC,BASF,Not Approved
AMETOCTRADINE,SNOOKER SC,STIMA,BASF,AMETOCTRADINE,AMETOCTRADINE,AMETOCTRADINE,,,,,,,,,,STIMA,BASF,
AMIDOSULFURON + IODOSULFURON + MEFEMPYR DIETHYL,SEKATOR OD,AGRONOMIC LAND,BAYER CROPSCIENCES,AMIDOSULFURON,AMIDOSULFURON,AMIDOSULFURON,IODOSULFURON,IODOSULFURON,IODOSULFURON,MEFEMPYR DIETHYL,MEFEMPYR DIETHYL,MEFEMPYR DIETHYL,,,,AGRONOMIC LAND,BAYER CROPSCIENCES,
AMINOPYRALYDES + FLORASULAM,LANCELOT 450 WG,SEPCM,DOW AGROSCIENCES,AMINOPYRALYDES,AMINOPYRALYDES,AMINOPYRALID,FLORASULAM,FLORASULAM,FLORASULAME,,,,,,,SEPCM,DOW AGROSCIENCES,
AMINOPYRALYDES + FLORASULAM,LANCELOT NEO 450 WG,SEPCM,DOW AGROSCIENCES,AMINOPYRALYDES,AMINOPYRALYDES,AMINOPYRALID,FLORASULAM,FLORASULAM,FLORASULAME,,,,,,,SEPCM,DOW AGROSCIENCES,
AMINOPYRALYDES + FLORASULAM + 2.4 D EHE,NIKOS FORTE,ATLAS AGRICOLE,DOW AGROSCIENCES,AMINOPYRALYDES,AMINOPYRALYDES,AMINOPYRALID,FLORASULAM,FLORASULAM,FLORASULAME,2.4 D EHE,2.4 D EHE,2.4 D EHE,,,,ATLAS,DOW AGROSCIENCES,
AMISULBROM,LEIMAY 20 SC,EL MOUSSEM AGRICOLE,NISSAN CHEMICAL EUROPE SAS/ARYSTA LIFESCIENCES,AMISULBROM,AMISULBROM,AMISULBROM,,,,,,,,,,EL MOUSSEM,NISSAN EUROPE ARYSTA LIFESCIENCES,
ARYLEX ACTIVE (HALAUXIFEN-METHYL) + PYROXSULAM + CLOQUINTOCET ACIDE,TARZEK WG,ATLAS AGRICOLE,DOW AGROSCIENCES,ARYLEX ACTIVE (HALAUXIFEN-METHYL),ARYLEX ACTIVE (HALAUXIFEN-METHYL),ARYLEX ACTIVE (HALAUXIFEN-METHYL),PYROXSULAM,PYROXSULAM,PYROXSULAM,CLOQUINTOCET ACIDE,CLOQUINTOCET ACIDE,CLOQUINTOCET ACIDE,,,,ATLAS AGRICOLE,DOW AGROSCIENCES,
ARYLEX ACTIVE(HALAUXIFEN-METHYL) + PYROXSULAM +CLOQUINTOCET ACIDE,TARZEK + UPTAKE SL,COTUGRAIN,DOW AGROSCIENCES,ARYLEX ACTIVE(HALAUXIFEN-METHYL),ARYLEX ACTIVE(HALAUXIFEN-METHYL),ARYLEX ACTIVE (HALAUXIFEN-METHYL),PYROXSULAM,PYROXSULAM,PYROXSULAM,CLOQUINTOCET ACIDE,CLOQUINTOCET ACIDE,CLOQUINTOCET ACIDE,,,,COTUGRAIN,DOW AGROSCIENCES,
ARYLEX ACTIVE(HALAUXIFEN-METHYL) + PYROXSULAM +CLOQUINTOCET ACIDE,TARZEK + UPTAKE SL,ATLAS AGRICOLE,DOW AGROSCIENCES,ARYLEX ACTIVE(HALAUXIFEN-METHYL),ARYLEX ACTIVE(HALAUXIFEN-METHYL),ARYLEX ACTIVE (HALAUXIFEN-METHYL),PYROXSULAM,PYROXSULAM,PYROXSULAM,CLOQUINTOCET ACIDE,CLOQUINTOCET ACIDE,CLOQUINTOCET ACIDE,,,,ATLAS,DOW AGROSCIENCES,
ARYLEX TM + FORASULAM + CLOQUINTOCET ACIDE +SURFER,CLASSICO WG,SEPCM,DOW AGROSCIENCES,ARYLEX TM,ARYLEX TM,ARYLEX TM,FORASULAM,FORASULAM,FLORASULAME,CLOQUINTOCET ACIDE,CLOQUINTOCET ACIDE,CLOQUINTOCET ACIDE,SURFER,SURFER,SOUFRE,SEPCM,DOW AGROSCIENCES,
AUREOBASIDIUMPULLULANS DSM 14940 ET AUREOBASIDIUMPULLULANS DSM 14941,BOTECTOR WG,STIMA,BIOFERM/SAN AGROW/AUTRICHE,AUREOBASIDIUMPULLULANS DSM 14940 ET AUREOBASIDIUMPULLULANS DSM 14941,AUREOBASIDIUMPULLULANS DSM 14940 ET AUREOBASIDIUMPULLULANS DSM 14941,AUREOBASIDIUMPULLULANS DSM 14940 ET AUREOBASIDIUMPULLULANS DSM 14941,,,,,,,,,,STIMA,BIOFERM SAN AGROW AUTRICHE,
"AZADIRACHTINE (0,03 %) + HUILE DE NEEM",NIMBICIDINE,TASMID,T. STANES &CO.LTD.,"AZADIRACHTINE (0,03 %)","AZADIRACHTINE (0,03 %)",AZADIRACHTINE,HUILE DE NEEM,HUILE DE NEEM,HUILE DE NEEM,,,,,,,TASMID,T STANES,
AZADIRACHTINE 32 G/L,OIKOS MAX,EL KHADRA,SIPCAM INAGRA,AZADIRACHTINE 32 G/L,AZADIRACHTINE 32 G/L,AZADIRACHTINE,,,,,,,,,,EL KHADRA,SIPCAM INAGRA,
AZOXYSTROBIN + FLUTRIAFOL,CURATEX EXTRA SC,FERTITECH,SHARDA CROPCHEM,AZOXYSTROBIN,AZOXYSTROBIN,AZOXYSTROBINE,FLUTRIAFOL,FLUTRIAFOL,FLUTRIAFOL,,,,,,,FERTITECH,SHARDA CROPCHEM,Not Approved
AZOXYSTROBIN + FLUTRIAFOL,CURAX EXTRA SC,AGRIMED DISTRIBUTION,SHARDA CROPCHEM LIMITED,AZOXYSTROBIN,AZOXYSTROBIN,AZOXYSTROBINE,FLUTRIAFOL,FLUTRIAFOL,FLUTRIAFOL,,,,,,,AGRIMED DISTRIBUTION,SHARDA CROPCHEM,Not Approved
AZOXYSTROBINE,ASTRO EC,TASMID,ZHEJIANG E-TONG CHEMICAL,AZOXYSTROBINE,AZOXYSTROBINE,AZOXYSTROBINE,,,,,,,,,,TASMID,ZHEJIANG E TONG,
AZOXYSTROBINE,AXYTOP 50WG,EXCEL AGRI,SHARDA CROPCHEM INDE,AZOXYSTROBINE,AZOXYSTROBINE,AZOXYSTROBINE,,,,,,,,,,EXCEL AGRI,SHARDA CROPCHEM INDE,
AZOXYSTROBINE,AZOX SC,ETS MEZGHANNI,"JIANGYIN SULI CHEMICAL CO.LTDI,Q,KEY",AZOXYSTROBINE,AZOXYSTROBINE,AZOXYSTROBINE,,,,,,,,,,ETS MEZGHANNI,JIANGYIN SULI LTDI Q KEY,
AZOXYSTROBINE,CAYEN 500 WG,RAYEN PHYTAGRI,SHARDA,AZOXYSTROBINE,AZOXYSTROBINE,AZOXYSTROBINE,,,,,,,,,,RAYEN PHYTAGRI,SHARDA,
AZOXYSTROBINE,GLOBAZTAR 250 SC,AGROSYSTEMES,GLOBACHEM,AZOXYSTROBINE,AZOXYSTROBINE,AZOXYSTROBINE,,,,,,,,,,AGROSYSTEMES,GLOBACHEM,
AZOXYSTROBINE,HYDO 250 SC,STEC,NANJING AGROCHEMICAL/JIANGYIN SULI CHEMICAL,AZOXYSTROBINE,AZOXYSTROBINE,AZOXYSTROBINE,,,,,,,,,,STEC,NANJING JIANGYIN SULI,
AZOXYSTROBINE,LEGADO 250 SC,EL KHADRA,INDUSTRIAS AFRAZA/ALBAUGH EUROPE SARL,AZOXYSTROBINE,AZOXYSTROBINE,AZOXYSTROBINE,,,,,,,,,,EL KHADRA,INDUSTRIAS AFRAZA ALBAUGH EUROPE,
AZOXYSTROBINE,SINSTAR SC,SANABEL AGRO,SINON CORPORATION,AZOXYSTROBINE,AZOXYSTROBINE,AZOXYSTROBINE,,,,,,,,,,SANABEL AGRO,SINON CORPORATION,
AZOXYSTROBINE,SORBISTAR,SOCOOPEC,ZHEJIANG E-TONG CHEMICAL,AZOXYSTROBINE,AZOXYSTROBINE,AZOXYSTROBINE,,,,,,,,,,SOCOOPEC,ZHEJIANG E TONG,
AZOXYSTROBINE + CHLOROTHALONIL,PRIORI OPTI,BIOPROTECTION,SYNGENTA,AZOXYSTROBINE,AZOXYSTROBINE,AZOXYSTROBINE,CHLOROTHALONIL,CHLOROTHALONIL,CHLOROTHALONIL,,,,,,,BIOPROTECTION,SYNGENTA,Not Approved
AZOXYSTROBINE + CYPROCONAZOLE,COUGAR SC,PROTAGRI,UPL LIMITED,AZOXYSTROBINE,AZOXYSTROBINE,AZOXYSTROBINE,CYPROCONAZOLE,CYPROCONAZOLE,CYPROCONAZOLE,,,,,,,PROTAGRI,UPL,Not Approved
AZOXYSTROBINE +CYPROCONAZOLE,DOUBLE FORCE,SANABEL AGRO,SHARDA CROPCHEM LIMITED INDE,AZOXYSTROBINE,AZOXYSTROBINE,AZOXYSTROBINE,CYPROCONAZOLE,CYPROCONAZOLE,CYPROCONAZOLE,,,,,,,SANABEL AGRO,SHARDA CROPCHEM INDE,Not Approved
AZOXYSTROBINE + DIFECONAZOLE,PRIORI GOLD 250 SC,SOLAGRI,SYNGENTA CROP PROTECTION,AZOXYSTROBINE,AZOXYSTROBINE,AZOXYSTROBINE,DIFECONAZOLE,DIFECONAZOLE,DIFECONAZOLE,,,,,,,SOLAGRI,SYNGENTA,
AZOXYSTROBINE + DIFENOCONAZOLE,ALLIANCE TOP SC,AGRI PLUS,NANJING AGROCHEMICAL,AZOXYSTROBINE,AZOXYSTROBINE,AZOXYSTROBINE,DIFENOCONAZOLE,DIFENOCONAZOLE,DIFENOCONAZOLE,,,,,,,AGRI PLUS,NANJING,
AZOXYSTROBINE + DIFENOCONAZOLE,BLACK PANTHER SC,FERTITECH,HANGZHOU TOPAGRO BIOSCIENCE,AZOXYSTROBINE,AZOXYSTROBINE,AZOXYSTROBINE,DIFENOCONAZOLE,DIFENOCONAZOLE,DIFENOCONAZOLE,,,,,,,FERTITECH,HANGZHOU TOPAGRO BIOSCIENCE,
AZOXYSTROBINE + DIFENOCONAZOLE,FULL TOP SC,NEGANOR,JIANGYIN SULI CHEMICALCO,AZOXYSTROBINE,AZOXYSTROBINE,AZOXYSTROBINE,DIFENOCONAZOLE,DIFENOCONAZOLE,DIFENOCONAZOLE,,,,,,,NEGANOR,JIANGYIN SULI CHEMICALCO,
AZOXYSTROBINE +DIFENOCONAZOLE,ORTIVA TOP,SLOGRI,SYNGENTA,AZOXYSTROBINE,AZOXYSTROBINE,AZOXYSTROBINE,DIFENOCONAZOLE,DIFENOCONAZOLE,DIFENOCONAZOLE,,,,,,,SLOGRI,SYNGENTA,
AZOXYSTROBINE + DIFÉNOCONAZOLE,AZ-TOP,SLDA,SHARDA CROPCHEM LIMITED,AZOXYSTROBINE,AZOXYSTROBINE,AZOXYSTROBINE,DIFÉNOCONAZOLE,DIFÉNOCONAZOLE,DIFENOCONAZOLE,,,,,,,SLDA,SHARDA CROPCHEM,
AZOXYSTROBINE + EPOXICONAZOLE,TAZER XPERT SC,EL MOUSSEM,NUFARM,AZOXYSTROBINE,AZOXYSTROBINE,AZOXYSTROBINE,EPOXICONAZOLE,EPOXICONAZOLE,EPOXICONAZOLE,,,,,,,EL MOUSSEM,NUFARM,Not Approved
BACILLUS AMYLOLIQUEFACIENS SOUCHE FZB24:,TAEGRO,COTUGRAIN,NOVOZYMESBIOLOGICALS INC/SYNGENTA,BACILLUS AMYLOLIQUEFACIENS SOUCHE FZB24:,BACILLUS AMYLOLIQUEFACIENS SOUCHE FZB24:,BACILLUS AMYLOLIQUEFACIENS SOUCHE FZB24:,,,,,,,,,,COTUGRAIN,NOVOZYMESBIOLOGICALS SYNGENTA,
BACILLUS THURINGIENSIS,BELTHIRUL 16SC,AGRIPROTEC,PROBLETE,BACILLUS THURINGIENSIS,BACILLUS THURINGIENSIS,BACILLUS THURINGIENSIS KURSTAKI,,,,,,,,,,AGRIPROTEC,PROBLETE,
BACILLUS THURINGIENSIS,DELFIN WG,AGROSYSTEMES,CERTIS,BACILLUS THURINGIENSIS,BACILLUS THURINGIENSIS,BACILLUS THURINGIENSIS KURSTAKI,,,,,,,,,,AGROSYSTEMES,CERTIS,
"BACILLUS THURINGIENSIS (SPKURSTAKI),SOUCHE ABTS-351",TOUTA STOP WP,ETS MEZGHANI,INDUSTRIAL QUIMICA KEY,"BACILLUS THURINGIENSIS (SPKURSTAKI), SOUCHE ABTS-351","BACILLUS THURINGIENSIS (SPKURSTAKI), SOUCHE ABTS-351","BACILLUS THURINGIENSIS (SPKURSTAKI), SOUCHE ABTS-351",,,,,,,,,,ETS MEZGHANI,INDUSTRIAL QUIMICA KEY,
"BACILLUS THURINGIENSIS (SPKURSTAKI),SOUCHE ABTS-351",BACTOSPINE DF,SEPCM,VALENT BIOSCIENCE CORPORATION/SUMITOMO CHEMICAL,"BACILLUS THURINGIENSIS (SPKURSTAKI),SOUCHE ABTS-351","BACILLUS THURINGIENSIS (SPKURSTAKI),SOUCHE ABTS-351","BACILLUS THURINGIENSIS (SPKURSTAKI), SOUCHE ABTS-351",,,,,,,,,,SEPCM,VALENT BIOSCIENCE CORPORATION SUMITOMO,
BACILLUS THURINGIENSIS KURSTAKI,HALT WP,NEGANOR,BIOSTADT INDE,BACILLUS THURINGIENSIS KURSTAKI,BACILLUS THURINGIENSIS KURSTAKI,BACILLUS THURINGIENSIS KURSTAKI,,,,,,,,,,NEGANOR,BIOSTADT INDE,
BACILLUS THURINGIENSIS SUBSP-KURSTAKISOUCHE EG-2348,LEPINOX PLUS WP,COTUGRAIN,CBC (EUROPE)/BIOGARD,BACILLUS THURINGIENSIS SUBSP-KURSTAKISOUCHE EG-2348,BACILLUS THURINGIENSIS SUBSP-KURSTAKISOUCHE EG-2348,"BACILLUS THURINGIENSIS SUBSP-KURSTAKI, SOUCHE EG-2348",,,,,,,,,,COTUGRAIN,CBC EUROPE BIOGARD,
BEAUVERIA BASSIANA STRAIN ATCC 74040,NATURALIS,COTUGRAIN,CBC EUROPE/ITALIE,BEAUVERIA BASSIANA STRAIN ATCC 74040,BEAUVERIA BASSIANA STRAIN ATCC 74040,BEAUVERIA BASSIANA STRAIN ATCC 74040,,,,,,,,,,COTUGRAIN,CBC EUROPE ITALIE,
BEAUVERIA BASSIANA STRAIN ATCC 74040,NATURALIS SC,COTUGRAIN,CBC EUROPE,BEAUVERIA BASSIANA STRAIN ATCC 74040,BEAUVERIA BASSIANA STRAIN ATCC 74040,BEAUVERIA BASSIANA STRAIN ATCC 74040,,,,,,,,,,COTUGRAIN,CBC EUROPE,
BEAUVERIA BASSIANA STRAIN R444,BB-PROTEC WP,ALOHA AGRICULTURE,PLANT HEALTH PRODUCTS (PHY)/ANDERMATT PHP(PTY) LTD/ANDERMATT BIOCONTROL GROUP AG,BEAUVERIA BASSIANA STRAIN R444,BEAUVERIA BASSIANA STRAIN R444,BEAUVERIA BASSIANA STRAIN R444,,,,,,,,,,ALOHA,PLANT HEALTH PRODUCTS PHY SUD D AFRIQUE ANDERMATT PHP PTY ANDERMATT BIOCONTROL GROUP AG,Pending
BENTAZONE,BASAGRAN,STIMA,BASF,BENTAZONE,BENTAZONE,BENTAZONE,,,,,,,,,,STIMA,BASF,
BENTAZONE,BASASTAR SL,AGRIPLUS,"NANJING FENGSHAN CHEMICAL GROUP CO,LTD",BENTAZONE,BENTAZONE,BENTAZONE,,,,,,,,,,AGRIPLUS,NANJING FENGSHAN GROUP,
BENTAZONE,BENHUR SL,PROTAGRI,NANJING AGROCHEMICAL,BENTAZONE,BENTAZONE,BENTAZONE,,,,,,,,,,PROTAGRI,NANJING,
BENTAZONE,BENTA SL,EL KHADRA,"NANJING FENGSHAN CHEMICAL GROUP CO,LTD/NANGIN G FENGSHAN",BENTAZONE,BENTAZONE,BENTAZONE,,,,,,,,,,EL KHADRA,NANJING FENGSHAN GROUP NANGIN G FENGSHAN,
BENTAZONE,BENTAPROTEKT SL,LIEN AGRICOLE,ANHUI ZHONGSHAN CHEMICAL(FABRIQUÉ)/CHINE(PROTEKTINGPHYTOSANITARY/ESPAGNE(DIST),BENTAZONE,BENTAZONE,BENTAZONE,,,,,,,,,,LIEN,ANHUI ZHONGSHAN FABRIQUE CHINE PROTEKTINGPHYTOSANITARY ESPAGNE DIST,
BENTAZONE,FIGHTER,COTUGRAIN,BASF,BENTAZONE,BENTAZONE,BENTAZONE,,,,,,,,,,COTUGRAIN,BASF,
BENTAZONE,RAINZONE EC,NEGANOR FFT,SHANDONG WEIFANG RAINBOW CHEMICAL CO.LTD CHINE,BENTAZONE,BENTAZONE,BENTAZONE,,,,,,,,,,NEGANOR FFT,SHANDONG WEIFANG RAINBOW CHINE,
BENTAZONE,TROY 480 SL,AGRIPROTEC,UPL LIMITED,BENTAZONE,BENTAZONE,BENTAZONE,,,,,,,,,,AGRIPROTEC,UPL,
BENZOVINDIFLUPYR +AZOXYSTROBIN +PROPICONAZOLE,ELATUSTM ARC SE,SOLAGRI,SYNGENTA AGRO AG,BENZOVINDIFLUPYR,BENZOVINDIFLUPYR,BENZOVINDIFLUPYR (SOLATENOL),AZOXYSTROBIN,AZOXYSTROBIN,AZOXYSTROBINE,PROPICONAZOLE,PROPICONAZOLE,PROPICONAZOLE,,,,SOLAGRI,SYNGENTA AGRO AG,Not Approved
BIFENAZATE,COMITE 240 SC,BIOPROTECTION,CHEMTURA/AR,BIFENAZATE,BIFENAZATE,BIFENAZATE,,,,,,,,,,BIOPROTECTION,CHEMTURA AR,
BORAX,OROTUN,RAYEN PHYTAGRI,ORO AGRI,BORAX,BORAX,BORAX,,,,,,,,,,RAYEN PHYTAGRI,ORO AGRI,Not Approved
BORAX,PREV-AM,EL MOUSSEM,ORO AGRI,BORAX,BORAX,BORAX,,,,,,,,,,EL MOUSSEM,ORO AGRI,Not Approved
BOSCALID + PYRACLOSTROBIN,BOOSTER WG,NEGANOR,NANJING AGROCHEMICAL /CHINE,BOSCALID,BOSCALID,BOSCALID,PYRACLOSTROBIN,PYRACLOSTROBIN,PYRACLOSTROBINE,,,,,,,NEGANOR,NANJING CHINE,
BOSCALID +PYRACLOSTROBIN,PRISTINE WG,AGRIPROTEC,BASF,BOSCALID,BOSCALID,BOSCALID,PYRACLOSTROBIN,PYRACLOSTROBIN,PYRACLOSTROBINE,,,,,,,AGRIPROTEC,BASF,
BOSCALID +KRÉSOXYM-METHYL,COLLIS 300SC,STIMA,BASF,BOSCALID,BOSCALID,BOSCALID,KRÉSOXYM-METHYL,KRÉSOXYM-METHYL,KREOXIM-METHYL,,,,,,,STIMA,BASF,
BRODIFACOUM,BRODITOP,ETS MEZGHANI,ZAPI SPA,BRODIFACOUM,BRODIFACOUM,BRODIFACOUM,,,,,,,,,,ETS MEZGHANI,ZAPI,Not Approved
BRODIFACOUM,BRODITOP WAX BLOCK,ETS MEZGHANI,ZAPI SPA,BRODIFACOUM,BRODIFACOUM,BRODIFACOUM,,,,,,,,,,ETS MEZGHANI,ZAPI,Not Approved
BRODIFACOUM,KLERAT,AGRIPROTEC,SYNGENTA,BRODIFACOUM,BRODIFACOUM,BRODIFACOUM,,,,,,,,,,AGRIPROTEC,SYNGENTA,Not Approved
BRODIFACOUM,RATICIDE DETIA,STIMA,DETIA,BRODIFACOUM,BRODIFACOUM,BRODIFACOUM,,,,,,,,,,STIMA,DETIA,Not Approved
BUPIRIMATE,NIMROD,SEPCM,AAKO BV,BUPIRIMATE,BUPIRIMATE,BUPIRIMATE,,,,,,,,,,SEPCM,AAKO BV,
CAPSAICINE +ALLY ISOTHIOCYANATE,DAZITOL,EL KHADRA,CHAMPION MILLENIUM CHEMICALS,CAPSAICINE,CAPSAICINE,CAPSAICINE,ALLY ISOTHIOCYANATE,ALLY ISOTHIOCYANATE,Allyl isothiocyanate,,,,,,,EL KHADRA,CHAMPION MILLENIUM,Not Approved
CAPTANE,AKOTAN 830 WP,SEPCM,AAKO,CAPTANE,CAPTANE,CAPTANE,,,,,,,,,,SEPCM,AAKO,
CAPTANE,CAPITOL 80 WG,AGRONOMIC LAND,SHARDA,CAPTANE,CAPTANE,CAPTANE,,,,,,,,,,AGRONOMIC LAND,SHARDA,
CAPTANE,CAPLANT EC,FERTIPLANT,SHARDA CROPCHEM LIMITED,CAPTANE,CAPTANE,CAPTANE,,,,,,,,,,FERTIPLANT,SHARDA CROPCHEM,
CAPTANE,CAPTAN 83 WP,AGRIPROTEC,ARYSTA LIFESCIENCE/UPL,CAPTANE,CAPTANE,CAPTANE,,,,,,,,,,AGRIPROTEC,ARYSTA LIFESCIENCE UPL,
CAPTANE,FILDER,EL MOUSSEM,ARYSTA LIFESCIENCE/UPL,CAPTANE,CAPTANE,CAPTANE,,,,,,,,,,EL MOUSSEM,ARYSTA LIFESCIENCE UPL,
CAPTANE,KAPI-TOP 48 EC,AGRINOVA,SHARDA CROPCHEM LIMITED INDE,CAPTANE,CAPTANE,CAPTANE,,,,,,,,,,AGRINOVA,SHARDA CROPCHEM INDE,
CAPTANE,MALVIN80 WG,BIOPROTECTION,UPL/ARYSTA LIFESCIENCE,CAPTANE,CAPTANE,CAPTANE,,,,,,,,,,BIOPROTECTION,UPL ARYSTA LIFESCIENCE,
CAPTANE,MITANE,SOCOOPEC,SHARDA,CAPTANE,CAPTANE,CAPTANE,,,,,,,,,,SOCOOPEC,SHARDA,
CAPTANE,PROTHANE,DELTA AGRICOLE PLUS,SHARDA,CAPTANE,CAPTANE,CAPTANE,,,,,,,,,,DELTA PLUS,SHARDA,
CARBANDAZIME,MANDARIN,SANABEL AGRO,SINON CORPORATION/ TAIWAN,CARBANDAZIME,CARBANDAZIME,CARBANDAZIME,,,,,,,,,,SANABEL AGRO,SINON CORPORATION TAIWAN,Not Approved
CHINOZOLE,BELTANOL-L,AGRIPROTEC,PROBELTE,CHINOZOLE,CHINOZOLE,CHINOZOLE,,,,,,,,,,AGRIPROTEC,PROBELTE,
CHINOZOLE,V-NOL,AGROSYSTEMES,PROBELTE,CHINOZOLE,CHINOZOLE,CHINOZOLE,,,,,,,,,,AGROSYSTEMES,PROBELTE,
CHLORANTRANILIPROLE + THIAMETHOXAM,DURIVO,SOLAGRI,SYNGENTA,CHLORANTRANILIPROLE,CHLORANTRANILIPROLE,CHLORANTRANILIPROLE,THIAMETHOXAM,THIAMETHOXAM,THIAMETHOXAM,,,,,,,SOLAGRI,SYNGENTA,Not Approved
CHLORANTRANILIPROLE,ALTACOR 35 WG,AGRIPROTEC,FMC,CHLORANTRANILIPROLE,CHLORANTRANILIPROLE,CHLORANTRANILIPROLE,,,,,,,,,,AGRIPROTEC,FMC,
CHLORANTRANILIPROLE,CLEVEROLE SC,UNIAGRO,SHANDONG WEIFANG RAINBOW CHEMICAL CO.LTD,CHLORANTRANILIPROLE,CHLORANTRANILIPROLE,CHLORANTRANILIPROLE,,,,,,,,,,UNIAGRO,SHANDONG WEIFANG RAINBOW,
CHLORANTRANILIPROLE,CORAGEN 20 SC,SEPCM,DU PONT/FMC,CHLORANTRANILIPROLE,CHLORANTRANILIPROLE,CHLORANTRANILIPROLE,,,,,,,,,,SEPCM,DU PONT FMC,
CHLORANTRANILIPROLE,COREGIS SC,PROMOCHIMIE,DU PONT/FMC,CHLORANTRANILIPROLE,CHLORANTRANILIPROLE,CHLORANTRANILIPROLE,,,,,,,,,,PROMOCHIMIE,DU PONT FMC,
CHLORANTRANILIPROLE,KORTEX,NEGANOR FFT,SHANDONG WEIFANG RAINBOW CHEMICAL CO.LTD,CHLORANTRANILIPROLE,CHLORANTRANILIPROLE,CHLORANTRANILIPROLE,,,,,,,,,,NEGANOR FFT,SHANDONG WEIFANG RAINBOW,
CHLORANTRANILIPROLE + ABAMECTINE,VOLIAMTARGO 063 SC,BIOPROTECTION,SYNGENTA,CHLORANTRANILIPROLE,CHLORANTRANILIPROLE,CHLORANTRANILIPROLE,ABAMECTINE,ABAMECTINE,ABAMECTINE,,,,,,,BIOPROTECTION,SYNGENTA,
CHLORANTRANILIPROLE + EMAMECTIN BENZOATE,PROPROLE (SC),TASMID,"NANJING AGROCHEMICAL CO., LTD.",CHLORANTRANILIPROLE,CHLORANTRANILIPROLE,CHLORANTRANILIPROLE,EMAMECTIN BENZOATE,EMAMECTIN BENZOATE,EMAMECTIN BENZOATE,,,,,,,TASMID,NANJING,
CHLORANTRANILIPROLE +LAMBDA-CYHALOTHRINE,POLYVALENT SC,STÉ EL KHADRA,"EASTCHEM CO,LTD CHINE",CHLORANTRANILIPROLE,CHLORANTRANILIPROLE,CHLORANTRANILIPROLE,LAMBDA-CYHALOTHRINE,LAMBDA-CYHALOTHRINE,LAMBADA CYHALOTHRINE,,,,,,,STE EL KHADRA,EASTCHEM CHINE,
CHLORANTRANILIPROLE + LAMBDACYHALOTHRIN,LASTROLE EC,UNIAGRO,SHANDONG WEIFANG RAINBOW CHEMICAL CO.LTD,CHLORANTRANILIPROLE,CHLORANTRANILIPROLE,CHLORANTRANILIPROLE,LAMBDACYHALOTHRIN,LAMBDACYHALOTHRIN,LAMBADA CYHALOTHRINE,,,,,,,UNIAGRO,SHANDONG WEIFANG RAINBOW,
CHLORANTRANILIPROLE + LAMBDACYHALOTHRIN,PLIGO ZC,NEGANOR FFT,SHANDONG WEIFANG RAINBOW CHEMICAL CO.LTD,CHLORANTRANILIPROLE,CHLORANTRANILIPROLE,CHLORANTRANILIPROLE,LAMBDACYHALOTHRIN,LAMBDACYHALOTHRIN,LAMBADA CYHALOTHRINE,,,,,,,NEGANOR FFT,SHANDONG WEIFANG RAINBOW,
CHLORANTRANILIPROLE + LAMBDACYHALOTHRINE,BESIEGE 150 ZC,COTUGRAIN IMPEX,SYNGENTA,CHLORANTRANILIPROLE,CHLORANTRANILIPROLE,CHLORANTRANILIPROLE,LAMBDACYHALOTHRINE,LAMBDACYHALOTHRINE,LAMBADA CYHALOTHRINE,,,,,,,COTUGRAIN IMPEX,SYNGENTA,
CHLORANTRANILIPROLE +METHOXYFENOZIDE,ABSOLUT SC,STEC,NANJING AGROCHEMICAL CHINE,CHLORANTRANILIPROLE,CHLORANTRANILIPROLE,CHLORANTRANILIPROLE,METHOXYFENOZIDE,METHOXYFENOZIDE,METHOXYFENOZIDE,,,,,,,STEC,NANJING CHINE,Not Approved
CHLORMEQUAT-CHLORURE,CEKWAT 750,BIOPROTECTION,NUFARM,CHLORMEQUAT-CHLORURE,CHLORMEQUAT-CHLORURE,CHLORMEQUAT-CHLORURE,,,,,,,,,,BIOPROTECTION,NUFARM,
CHLORMEQUAT-CHLORURE,STABILAN750,AGRIPROTEC,NUFARM,CHLORMEQUAT-CHLORURE,CHLORMEQUAT-CHLORURE,CHLORMEQUAT-CHLORURE,,,,,,,,,,AGRIPROTEC,NUFARM,
CHLOROPROPHAME,NEOSTOP 500 HN,PROTAGRI,AGRIPHAR,CHLOROPROPHAME,CHLOROPROPHAME,CHLOROPROPHAME,,,,,,,,,,PROTAGRI,AGRIPHAR,Not Approved
CHLOROTHALONIL + TEBUCONAZOLE,CAMARO COMBI SC,RAYEN PHYTAGRI,PARIJAT INDUSTRIES,CHLOROTHALONIL,CHLOROTHALONIL,CHLOROTHALONIL,TEBUCONAZOLE,TEBUCONAZOLE,TEBUCONAZOLE,,,,,,,RAYEN PHYTAGRI,PARIJAT INDUSTRIES,Not Approved
CHLOROTHALONIL +TEBUCONAZOLE,SUPER PLAZMA SC,AGRIPROTEC,NUFARM,CHLOROTHALONIL,CHLOROTHALONIL,CHLOROTHALONIL,TEBUCONAZOLE,TEBUCONAZOLE,TEBUCONAZOLE,,,,,,,AGRIPROTEC,NUFARM,Not Approved
CHLOROTHALONIL + TEBUCONAZOLE,TIGER,EL MOUSSEM AGRICOLE,PARIJAT INDUSTRIES,CHLOROTHALONIL,CHLOROTHALONIL,CHLOROTHALONIL,TEBUCONAZOLE,TEBUCONAZOLE,TEBUCONAZOLE,,,,,,,EL MOUSSEM,PARIJAT INDUSTRIES,Not Approved
CHLOROTHALONIL + TEBUCONAZOLE,TIMPANI,EL MOUSSEM AGRICOLE,NUFARM,CHLOROTHALONIL,CHLOROTHALONIL,CHLOROTHALONIL,TEBUCONAZOLE,TEBUCONAZOLE,TEBUCONAZOLE,,,,,,,EL MOUSSEM,NUFARM,Not Approved
CHLOROTHALONIL +PROPICONAZOLE +CYPROCONAZOLE,"CHEROKEE 487,5 SE",SOLAGRI,SYNGENTA,CHLOROTHALONIL,CHLOROTHALONIL,CHLOROTHALONIL,PROPICONAZOLE,PROPICONAZOLE,PROPICONAZOLE,CYPROCONAZOLE,CYPROCONAZOLE,CYPROCONAZOLE,,,,SOLAGRI,SYNGENTA,Not Approved
CHLOROTHALONIL + PROPICONAZOLE + CYPROCONAZOLE,PRIORI XTRA,SOLAGRI,SYNGENTA,CHLOROTHALONIL,CHLOROTHALONIL,CHLOROTHALONIL,PROPICONAZOLE,PROPICONAZOLE,PROPICONAZOLE,CYPROCONAZOLE,CYPROCONAZOLE,CYPROCONAZOLE,,,,SOLAGRI,SYNGENTA,Not Approved
CHLOROTHALONIL,BANKO 720 SC,BIOPROTECTION,ARYSTA LIFESCIENCE,CHLOROTHALONIL,CHLOROTHALONIL,CHLOROTHALONIL,,,,,,,,,,BIOPROTECTION,ARYSTA LIFESCIENCE,Not Approved
CHLOROTHALONIL,FAUDEL,SEPCM,AAKO,CHLOROTHALONIL,CHLOROTHALONIL,CHLOROTHALONIL,,,,,,,,,,SEPCM,AAKO,Not Approved
CHLOROTHALONIL,MORFUS 720 SC,SANABEL AGRO,ROTAM AGROCHEMICAL,CHLOROTHALONIL,CHLOROTHALONIL,CHLOROTHALONIL,,,,,,,,,,SANABEL AGRO,ROTAM,Not Approved
CHLOROTHALONIL + METALAXYL –M,ARIS GOLD,COTUGRAIN IMPEX,SYNGENTA,CHLOROTHALONIL,CHLOROTHALONIL,CHLOROTHALONIL,METALAXYL –M,METALAXYL –M,METALAXYL –M,,,,,,,COTUGRAIN IMPEX,SYNGENTA,Not Approved
CHLOROTHALONIL L +DIMETHOMOPHE,AVANTAGE CT,SANABEL AGRO,ROTAM AGROCHEMICALS,CHLOROTHALONIL L,CHLOROTHALONIL L,CHLOROTHALONIL,DIMETHOMOPHE,DIMETHOMOPHE,DIMETHOMOPHE,,,,,,,SANABEL AGRO,ROTAM,Not Approved
CHLOROTHAONIL,CHLORAMAX,SANABEL AGRO,SINON CORPORATION,CHLOROTHAONIL,CHLOROTHAONIL,CHLOROTHALONIL,,,,,,,,,,SANABEL AGRO,SINON CORPORATION,Not Approved
CHLOROTHAONIL,CLORTOSIP 500 SC,ATLAS AGRICOLE,SIPCAM INAGRA,CHLOROTHAONIL,CHLOROTHAONIL,CHLOROTHALONIL,,,,,,,,,,ATLAS,SIPCAM INAGRA,Not Approved
CHLOROTOLURON +PENDIMEYHALIN+ DIFLUFENICAN,UMBRA 590 SC,BIOPROTECTION,SYNGENTA,CHLOROTOLURON,CHLOROTOLURON,CHLOROTOLURON,PENDIMEYHALIN,PENDIMEYHALIN,PENDIMETHALINE,DIFLUFENICAN,DIFLUFENICAN,DIFLUFENICAN,,,,BIOPROTECTION,SYNGENTA,
CHLORPROPHAME,NEO STOP,PROTAGRI,AGRIPHAR,CHLORPROPHAME,CHLORPROPHAME,CHLORPROPHAME,,,,,,,,,,PROTAGRI,AGRIPHAR,Not Approved
CHLORPYRIFOS+GAMMA – CYHALOTHRIN,BOLTON EC,AGRIPROTEC,CHEMINOVA /FMC,CHLORPYRIFOS,CHLORPYRIFOS,CHLORPYRIFOS,GAMMA – CYHALOTHRIN,GAMMA – CYHALOTHRIN,GAMMA-CYHALOTHRINE,,,,,,,AGRIPROTEC,CHEMINOVA FMC,Not Approved
CHLORPYRIPHOS ETHYL,CHARTER,SANABEL AGRO,SINON CORPORATION,CHLORPYRIPHOS ETHYL,CHLORPYRIPHOS ETHYL,CHLORPYRIPHOS ETHYL,,,,,,,,,,SANABEL AGRO,SINON CORPORATION,Not Approved
CHLORPYRI PHOS ETHYL,DELFOS 5G,ETS MEZGHANI,INDUSTRIAL QUIMICA KEY,CHLORPYRIPHOS ETHYL,CHLORPYRIPHOS ETHYL,CHLORPYRIPHOS ETHYL,,,,,,,,,,ETS MEZGHANI,INDUSTRIAL QUIMICA KEY,Not Approved
CHLORPYRIPHOS ETHYL,LORSBAN 5G,INNOVA,DOW AGROSCIENCES,CHLORPYRIPHOS ETHYL,CHLORPYRIPHOS ETHYL,CHLORPYRIPHOS ETHYL,,,,,,,,,,INNOVA,DOW AGROSCIENCES,Not Approved
CHLORPYRIPHOS-MÉTHYL,EXAQ EC,ATLAS AGRICOLE,DOW AGROSCIENCES,CHLORPYRIPHOS-MÉTHYL,CHLORPYRIPHOS-MÉTHYL,CHLORPYRIPHOS-METHYL,,,,,,,,,,ATLAS,DOW AGROSCIENCES,Not Approved
CHLORPYRIPHOS-MÉTHYL,RELDAN 40 EC,INNOVA,DOW AGROSCIENCES,CHLORPYRIPHOS-MÉTHYL,CHLORPYRIPHOS-MÉTHYL,CHLORPYRIPHOS-METHYL,,,,,,,,,,INNOVA,DOW AGROSCIENCES,Not Approved
CHLORPYRIPHOSETHYL,AKOCID 480 EC,STEC,AAKO,CHLORPYRIPHOSETHYL,CHLORPYRIPHOSETHYL,CHLORPYRIPHOS ETHYL,,,,,,,,,,STEC,AAKO,Not Approved
CHLORPYRIPHOSETHYL,BONSOL,COTUGRAIN,SHARDA,CHLORPYRIPHOSETHYL,CHLORPYRIPHOSETHYL,CHLORPYRIPHOS ETHYL,,,,,,,,,,COTUGRAIN,SHARDA,Not Approved
CHLORPYRIPHOSETHYL,PYRIFOS,FERTITECH,SHARDA,CHLORPYRIPHOSETHYL,CHLORPYRIPHOSETHYL,CHLORPYRIPHOS ETHYL,,,,,,,,,,FERTITECH,SHARDA,Not Approved
CHLORPYRIPHOSETHYL,SUPER CHLORPY,EL MOUSSEM,GHARDA,CHLORPYRIPHOSETHYL,CHLORPYRIPHOSETHYL,CHLORPYRIPHOS ETHYL,,,,,,,,,,EL MOUSSEM,GHARDA,Not Approved
CHROMAFÉNOZIDE,MATRIC,BIOPROTECTION,UPL/ARYSTA LIFESCIENCE,CHROMAFÉNOZIDE,CHROMAFÉNOZIDE,CHROMAFENOZIDE,,,,,,,,,,BIOPROTECTION,UPL ARYSTA LIFESCIENCE,Not Approved
CINNAMALDHEYDE,SEICAN EC,ATLAS AGRICOLE,SEIPASA S.A,CINNAMALDHEYDE,CINNAMALDHEYDE,CINNAMALDHEYDE,,,,,,,,,,ATLAS,SEIPASA S A,Pending
CINNAMOMUM ZEYLANICUM :EXTRAIT DE CANNELLE (CINNAMALDEHYDE),CYNAM EC,COTUGRAIN,LIDA,CINNAMOMUM ZEYLANICUM :EXTRAIT DE CANNELLE (CINNAMALDEHYDE),CINNAMOMUM ZEYLANICUM :EXTRAIT DE CANNELLE (CINNAMALDEHYDE),CINNAMOMUM ZEYLANICUM :EXTRAIT DE CANNELLE (CINNAMALDEHYDE),,,,,,,,,,COTUGRAIN,LIDA,Pending
CLETHODIM,CLODIM FORTE 240 EC,SOLAGRI,SYNGENTA,CLETHODIM,CLETHODIM,CLETHODIME,,,,,,,,,,SOLAGRI,SYNGENTA,
CLETHODIM,FYTODIM EC,FERTITECH,TOPAGRO BIOSCIENCE,CLETHODIM,CLETHODIM,CLETHODIME,,,,,,,,,,FERTITECH,TOPAGRO BIOSCIENCE,
CLÉTHODIM,CLETHODIM EC SOUS RESERVE DE CHANGEMENT DE NOM,TASMID,PSYCHE M CHEMICALS LIMITED,CLÉTHODIM,CLÉTHODIM,CLETHODIME,,,,,,,,,,TASMID,PSYCHE M,
CLÉTHODIME,AKODIM 120 EC,SEPCM,AAKO,CLÉTHODIME,CLÉTHODIME,CLETHODIME,,,,,,,,,,SEPCM,AAKO,
CLÉTHODIME,SELECT SUPER,BIOPROTECTION,UPL/ARYSTA LIFESCIENCE,CLÉTHODIME,CLÉTHODIME,CLETHODIME,,,,,,,,,,BIOPROTECTION,UPL/ARYSTA LIFESCIENCE,
CLODINAFOP-PROPAGYL +CLOQUINTOCET-MEXYL,BUGUIS EC,AGRIPROTEC,PROPLAN,CLODINAFOP-PROPAGYL,CLODINAFOP-PROPAGYL,CLODINAFOP-PROPAGYL,CLOQUINTOCET-MEXYL,CLOQUINTOCET-MEXYL,CLOQUINTOCET –MEXYL,,,,,,,AGRIPROTEC,PROPLAN,
CLODINAFOP-PROPAGYL + CLOQUINTOCET-MEXYL,NAVIGATOR,BIOPROTECTION,SYNGENTA,CLODINAFOP-PROPAGYL,CLODINAFOP-PROPAGYL,CLODINAFOP-PROPAGYL,CLOQUINTOCET-MEXYL,CLOQUINTOCET-MEXYL,CLOQUINTOCET –MEXYL,,,,,,,BIOPROTECTION,SYNGENTA,
CLOFENTEZINE,APOLLO 50,STEC,AAKO BV,CLOFENTEZINE,CLOFENTEZINE,CLOFENTEZINE,,,,,,,,,,STEC,AAKO BV,Not Approved
CLOPYRALID,CLOPRYD 30 SL,SLDA,SHARDA CROPCHEM,CLOPYRALID,CLOPYRALID,CLOPYRALID,,,,,,,,,,SLDA,SHARDA CROPCHEM,
CUIVRE,CHAMP FLO,INNOVA,NUFARM,CUIVRE,CUIVRE,CUIVRE,,,,,,,,,,INNOVA,NUFARM,
CUIVRE,HYDRO FLO,BIOPROTECTION,NUFARM,CUIVRE,CUIVRE,CUIVRE,,,,,,,,,,BIOPROTECTION,NUFARM,
CUIVRE,SISCOP 60 SC,SEPCM,AAKO BV,CUIVRE,CUIVRE,CUIVRE,,,,,,,,,,SEPCM,AAKO BV,
CUIVRE + CYMOXANIL,CUPROFIX C WG,EL MOUSSEM,UPL,CUIVRE,CUIVRE,CUIVRE,CYMOXANIL,CYMOXANIL,CYMOXANIL,,,,,,,EL MOUSSEM,UPL,
CUIVRE +METALAXYL,MEVAXIL CUIVRE WP,NEGANOR,IQV DEL VALLES,CUIVRE,CUIVRE,CUIVRE,METALAXYL,METALAXYL,METALAXYL,,,,,,,NEGANOR,IQV DEL VALLES,
CUIVRE+ MÉTALAXYL,ARMETIL CUIVRE,SOCOOPEC,IQV DEL VALLES,CUIVRE,CUIVRE,CUIVRE,MÉTALAXYL,MÉTALAXYL,METALAXYL,,,,,,,SOCOOPEC,IQV DEL VALLES,
CUIVRE METAL,COBRE NORDOX,COTUGRAIN,NORDOX INDUSTRIER A/S,CUIVRE METAL,CUIVRE METAL,CUIVRE METAL,,,,,,,,,,COTUGRAIN,NORDOX INDUSTRIER A S,
CUIVRE MÉTAL,AIRONE,AGRIMATCO,ISAGRO/DISTRIBUTE PAR FRARIMPEX GOWAN CROP,CUIVRE MÉTAL,CUIVRE MÉTAL,CUIVRE METAL,,,,,,,,,,AGRIMATCO,ISAGRO DISTRIBUTE PAR FRARIMPEX GOWAN,
CUIVRE MÉTAL,COBRAKEY,ETS MEZGHANI,INDUSTRI. QUIMAGRO,CUIVRE MÉTAL,CUIVRE MÉTAL,CUIVRE METAL,,,,,,,,,,ETS MEZGHANI,INDUSTRI QUIMAGRO,
CUIVRE MÉTAL,COBREKEY,ETS MEZGHANI,INDUSTRI.,CUIVRE MÉTAL,CUIVRE MÉTAL,CUIVRE METAL,,,,,,,,,,ETS MEZGHANI,INDUSTRI,
CUIVRE MÉTAL,COMAC,AGRIPROTEC,NUFARM,CUIVRE MÉTAL,CUIVRE MÉTAL,CUIVRE METAL,,,,,,,,,,AGRIPROTEC,NUFARM,
CUIVRE MÉTAL,COPSIP,AGRIPROTEC,SIPCAM INAGRA,CUIVRE MÉTAL,CUIVRE MÉTAL,CUIVRE METAL,,,,,,,,,,AGRIPROTEC,SIPCAM INAGRA,
CUIVRE MÉTAL,HIDROCOBRE 50 VALLES,SOCOOPEC,IQV DEL VALLES,CUIVRE MÉTAL,CUIVRE MÉTAL,CUIVRE METAL,,,,,,,,,,SOCOOPEC,IQV DEL VALLES,
CUIVRE MÉTAL,OSSICLOR 50 PB MANICA,ATLAS AGRICOLE,MANICA SPA,CUIVRE MÉTAL,CUIVRE MÉTAL,CUIVRE METAL,,,,,,,,,,ATLAS,MANICA,
CUIVRE(OXYCHLORURE DE CUIVRE 605 G/KG),RAMCU 35 WG,STIMA,MANICA S.P.A,CUIVRE(OXYCHLORURE DE CUIVRE 605 G/KG),CUIVRE(OXYCHLORURE DE CUIVRE 605 G/KG),CUIVRE,,,,,,,,,,STIMA,MANICA S P A,
CYANAMIDE D’HYDROGÈNE,DORMEX,BIOPROTECTION,DEGUSSA AG/ ARYSTA LIFESCIENCE/ALZ-CHEM,CYANAMIDE D’HYDROGÈNE,CYANAMIDE D’HYDROGÈNE,CYANAMIDE D’HYDROGENE,,,,,,,,,,BIOPROTECTION,DEGUSSA AG ARYSTA LIFESCIENCE ALZ CHEM,Not Approved
CYANTRANILIPROLE,BENEVIA,AGRIMATCO,DU PONT,CYANTRANILIPROLE,CYANTRANILIPROLE,CYANTRANILIPROLE,,,,,,,,,,AGRIMATCO,DU PONT,
CYANTRANILIPROLE,PREZA OD,AGRIPROTEC,DU PONT/FMC,CYANTRANILIPROLE,CYANTRANILIPROLE,CYANTRANILIPROLE,,,,,,,,,,AGRIPROTEC,DU PONT FMC,
CYANTRANILIPROLE,VERIMARK SC,SEPCM,FMC,CYANTRANILIPROLE,CYANTRANILIPROLE,CYANTRANILIPROLE,,,,,,,,,,SEPCM,FMC,
CYANTRANILIPROLE + ACIBENZOLAR-S-METHYL,PLESIVA ALPHA SC,BIOPROTECTION,SYNGENTA,CYANTRANILIPROLE,CYANTRANILIPROLE,CYANTRANILIPROLE,ACIBENZOLAR-S-METHYL,ACIBENZOLAR-S-METHYL,ACIBENZOLAR-S-METHYL,,,,,,,BIOPROTECTION,SYNGENTA,Not Approved
CYAZOFAMID,RANMAN TOP SC,AGRIPROTEC,ISK BIOSCIENCES EUROPE N.V,CYAZOFAMID,CYAZOFAMID,CYAZOFAMID,,,,,,,,,,AGRIPROTEC,ISK BIOSCIENCES EUROPE N V,
CYCLOXIDIME,FOCUS ULTRA,STIMA,BASF,CYCLOXIDIME,CYCLOXIDIME,CYCLOXIDIME,,,,,,,,,,STIMA,BASF,
CYCLOXIDIME,STRATOS ULTRA EC,AGRIPROTEC,BASF,CYCLOXIDIME,CYCLOXIDIME,CYCLOXIDIME,,,,,,,,,,AGRIPROTEC,BASF,
CYFLUFENAMID,CONFIRM 5 EW,EL MOUSSEM,NIPPON SODA/ NISSO CHEMICAL EUROPE GMBH,CYFLUFENAMID,CYFLUFENAMID,CYFLUFENAMID,,,,,,,,,,EL MOUSSEM,NIPPON SODA NISSO EUROPE,
CYFLUMETOFEN,DANIRANGER 10DC,AGRIMATCO,OAT AGRIOCO.LTD,CYFLUMETOFEN,CYFLUMETOFEN,CYFLUMETOFEN,,,,,,,,,,AGRIMATCO,OAT AGRIOCO,
CYFLUMETOFEN,VELAR 20 SC,COTUGRAIN,OAT AGRIO(FAB)/JAPO(LIDA PLANT RESEARCH/FOURNISSEUR),CYFLUMETOFEN,CYFLUMETOFEN,CYFLUMETOFEN,,,,,,,,,,COTUGRAIN,OAT AGRIO FAB JAPO LIDA PLANT RESEARCH FOURNISSEUR,
CYMOXANIL+ ZOXAMID,REBOOT WG,AGRIMATCO,GOWAN CROP PROTECTION LIMITED,CYMOXANIL,CYMOXANIL,CYMOXANIL,ZOXAMID,ZOXAMID,ZOXAMIDE,,,,,,,AGRIMATCO,GOWAN,
CYMOXANIL + BOUILLIE BORDELAISE,FESTIVAL WP,RAYEN PHYTAGRI,"LAINCO, S, A/ESPAGNE",CYMOXANIL,CYMOXANIL,CYMOXANIL,BOUILLIE BORDELAISE,BOUILLIE BORDELAISE,BOUILLIE BORDELAISE,,,,,,,RAYEN PHYTAGRI,LAINCO S A ESPAGNE,
CYMOXANIL + FAMOXADONE,EQUATION PRO,SEPCM,DU PONT (TAIWAN) AGRISCIENCE,CYMOXANIL,CYMOXANIL,CYMOXANIL,FAMOXADONE,FAMOXADONE,FAMOXADONE,,,,,,,SEPCM,DU PONT TAIWAN AGRISCIENCE,Not Approved
CYMOXANIL + MANCOZEBE,AGREZATE PLUS WP,SOCOOPEC,AGRIA,CYMOXANIL,CYMOXANIL,CYMOXANIL,MANCOZEBE,MANCOZEBE,MANCOZEBE,,,,,,,SOCOOPEC,AGRIA,Not Approved
CYMOXANIL + MANCOZÈBE,CURVAX M,SEPCM,CMPA,CYMOXANIL,CYMOXANIL,CYMOXANIL,MANCOZÈBE,MANCOZÈBE,MANCOZEBE,,,,,,,SEPCM,CMPA,Not Approved
CYMOXANIL + MANCOZÈBE,CURZATE M,STEC,DU PONT (TAIWAN),CYMOXANIL,CYMOXANIL,CYMOXANIL,MANCOZÈBE,MANCOZÈBE,MANCOZEBE,,,,,,,STEC,DU PONT TAIWAN,Not Approved
CYMOXANIL + MÉTIRAME DE ZINC,AVISO DF,STIMA,BASF,CYMOXANIL,CYMOXANIL,CYMOXANIL,MÉTIRAME DE ZINC,MÉTIRAME DE ZINC,METIRAME DE ZINC,,,,,,,STIMA,BASF,Not Approved
CYMOXANIL + MÉTIRAME DE ZINC,BATO,AGRIMATCO,BASF,CYMOXANIL,CYMOXANIL,CYMOXANIL,MÉTIRAME DE ZINC,MÉTIRAME DE ZINC,METIRAME DE ZINC,,,,,,,AGRIMATCO,BASF,Not Approved
CYPERMETHRINE,BELEM 0.8 MG,SEPCM,SBM FORMULATION/ CMPA,CYPERMETHRINE,CYPERMETHRINE,CYPERMETHRINE,,,,,,,,,,SEPCM,SBM FORMULATION CMPA,
CYPERMETHRINE,CYPERNOVA,AGRINOVA,SHARDA CROPCHEM LIMITED INDE,CYPERMETHRINE,CYPERMETHRINE,CYPERMETHRINE,,,,,,,,,,AGRINOVA,SHARDA CROPCHEM INDE,
CYPERMETHRINE,CYPGOLD 500 EC,EL MOUSSEM,ARYSTA LIFESCIENCE /UPL,CYPERMETHRINE,CYPERMETHRINE,CYPERMETHRINE,,,,,,,,,,EL MOUSSEM,ARYSTA LIFESCIENCE UPL,
CYPERMETHRINE,CYPRINE,TASMID,CROPSAVE PESTICIDES INDIAN PVT.LTD,CYPERMETHRINE,CYPERMETHRINE,CYPERMETHRINE,,,,,,,,,,TASMID,CROPSAVE PESTICIDES INDIAN PVT,
CYPERMETHRINE,CYRUX,PROTAGRI,UPL,CYPERMETHRINE,CYPERMETHRINE,CYPERMETHRINE,,,,,,,,,,PROTAGRI,UPL,
CYPERMETHRINE,CYTHRINE 10 EC,AGRIPROTEC,ARYSTA LIFESCIENCE/IP L,CYPERMETHRINE,CYPERMETHRINE,CYPERMETHRINE,,,,,,,,,,AGRIPROTEC,ARYSTA LIFESCIENCE IP L,
CYPERMETHRINE,SINOCYPER,EL KHADRA,CROPSAVE PESTICIDES INDIAN PVT.LTD,CYPERMETHRINE,CYPERMETHRINE,CYPERMETHRINE,,,,,,,,,,EL KHADRA,CROPSAVE PESTICIDES INDIAN PVT,
CYPERMETHRINE,SYNCHRO,EL KHADRA,SHARDA WORLDWIDE,CYPERMETHRINE,CYPERMETHRINE,CYPERMETHRINE,,,,,,,,,,EL KHADRA,SHARDA WORLDWIDE,
CYPERMÉTHRINE,CIRTAN EC,COTUGRAIN IMPEX,ALCOTAN,CYPERMÉTHRINE,CYPERMÉTHRINE,CYPERMETHRINE,,,,,,,,,,COTUGRAIN IMPEX,ALCOTAN,
CYPERMÉTHRINE,CYMBUSH 10,AGRIPROTEC,PROBELTE,CYPERMÉTHRINE,CYPERMÉTHRINE,CYPERMETHRINE,,,,,,,,,,AGRIPROTEC,PROBELTE,
CYPERMÉTHRINE,CYPERCAL 250 EC,BIOPROTECTION,UPL/ARYSTA LIFESCIENCE,CYPERMÉTHRINE,CYPERMÉTHRINE,CYPERMETHRINE,,,,,,,,,,BIOPROTECTION,UPL ARYSTA LIFESCIENCE,
CYPERMÉTHRINE,SELENE,ETS. MEZGHANI,INDUSTRIAL QUIMICA KEY,CYPERMÉTHRINE,CYPERMÉTHRINE,CYPERMETHRINE,,,,,,,,,,ETS MEZGHANI,INDUSTRIAL QUIMICA KEY,
CYPERMÉTHRINE,SHERPA,JADWA AGROTEC,CMPA,CYPERMÉTHRINE,CYPERMÉTHRINE,CYPERMETHRINE,,,,,,,,,,JADWA AGROTEC,CMPA,
CYPROCONAZOLE + PROPICONAZOLE,TAZOLE 410 EC,EXCEL AGRI,SHARDA,CYPROCONAZOLE,CYPROCONAZOLE,CYPROCONAZOLE,PROPICONAZOLE,PROPICONAZOLE,PROPICONAZOLE,,,,,,,EXCEL AGRI,SHARDA,Not Approved
CYPROCONAZOLE + PROPICINAZOLE,MENARA 410 EC,AGRIPROTEC,SYNGENTA,CYPROCONAZOLE,CYPROCONAZOLE,CYPROCONAZOLE,PROPICINAZOLE,PROPICINAZOLE,PROPICONAZOLE,,,,,,,AGRIPROTEC,SYNGENTA,Not Approved
CYPROCONAZOLE + PROPICINAZOLE,TAZOLE 410 EC,AGRONOMIC LAND,SHARDA,CYPROCONAZOLE,CYPROCONAZOLE,CYPROCONAZOLE,PROPICINAZOLE,PROPICINAZOLE,PROPICONAZOLE,,,,,,,AGRONOMIC LAND,SHARDA,Not Approved
CYPROCONAZOLE + PROPICINAZOLE,TWIST SUPER EC,ATLAS AGRICOLE,SHARDA,CYPROCONAZOLE,CYPROCONAZOLE,CYPROCONAZOLE,PROPICINAZOLE,PROPICINAZOLE,PROPICONAZOLE,,,,,,,ATLAS,SHARDA,Not Approved
CYPROCONAZOLE + PROPICINAZOLE,WINTER 41 EC,AGRIMED DISTRIBUTION,SHARDA,CYPROCONAZOLE,CYPROCONAZOLE,CYPROCONAZOLE,PROPICINAZOLE,PROPICINAZOLE,PROPICONAZOLE,,,,,,,AGRIMED DISTRIBUTION,SHARDA,Not Approved
CYPROCONAZOLE + PICOXYSTROBINE,ACANTO PLUS,SEPCM,DU PONT INTERNATIONAL,CYPROCONAZOLE,CYPROCONAZOLE,CYPROCONAZOLE,PICOXYSTROBINE,PICOXYSTROBINE,PICOXYSTROBINE,,,,,,,SEPCM,DU PONT INTERNATIONAL,Not Approved
CYPROCONAZOLE + PICOXYSTROBINE,STINGER SC,ATLAS AGRICOLE,DU PONT INTERNATIONAL,CYPROCONAZOLE,CYPROCONAZOLE,CYPROCONAZOLE,PICOXYSTROBINE,PICOXYSTROBINE,PICOXYSTROBINE,,,,,,,ATLAS,DU PONT INTERNATIONAL,Not Approved
CYPROCONAZOLE,ATEMI 10 WG,AGRIPROTEC,SYNGENTA CROP PROTECTION,CYPROCONAZOLE,CYPROCONAZOLE,CYPROCONAZOLE,,,,,,,,,,AGRIPROTEC,SYNGENTA,Not Approved
CYPROCONAZOLE,XPERT WG,EL KHADRA,SHARDA,CYPROCONAZOLE,CYPROCONAZOLE,CYPROCONAZOLE,,,,,,,,,,EL KHADRA,SHARDA,Not Approved
CYPROCONAZOLE + CHLOROTHALONIL,CHAMPION,SOCOOPEC,SHARDA CROPCHEM,CYPROCONAZOLE,CYPROCONAZOLE,CYPROCONAZOLE,CHLOROTHALONIL,CHLOROTHALONIL,CHLOROTHALONIL,,,,,,,SOCOOPEC,SHARDA CROPCHEM,Not Approved
CYPROCONAZOLE + CHLOROTHALONIL,CYCLONE,SANABEL AGRO,SHARDA CROPCHEM,CYPROCONAZOLE,CYPROCONAZOLE,CYPROCONAZOLE,CHLOROTHALONIL,CHLOROTHALONIL,CHLOROTHALONIL,,,,,,,SANABEL AGRO,SHARDA CROPCHEM,Not Approved
CYPRODINIL,ARNATIN WG,SOLAGRI,SYNGENTA,CYPRODINIL,CYPRODINIL,CYPRODINIL,,,,,,,,,,SOLAGRI,SYNGENTA,
CYPRODINIL,UNIX 50 WG,EL MOUSSEM AGRICOLE,SYNGENTA,CYPRODINIL,CYPRODINIL,CYPRODINIL,,,,,,,,,,EL MOUSSEM,SYNGENTA,
CYROMAZINE,CLAVE WP,ETS MEZGHANI,INDUSTRIAL QUIMICA KEY,CYROMAZINE,CYROMAZINE,CYROMAZINE,,,,,,,,,,ETS MEZGHANI,INDUSTRIAL QUIMICA KEY,Not Approved
CYROMAZINE,TRIGARD,BIOPROTECTION,SYNGENTA,CYROMAZINE,CYROMAZINE,CYROMAZINE,,,,,,,,,,BIOPROTECTION,SYNGENTA,Not Approved
CYROMAZINE,TRIGARD,ETS MEZGHANI,INDUST. QUIMICA KEY,CYROMAZINE,CYROMAZINE,CYROMAZINE,,,,,,,,,,ETS MEZGHANI,INDUST QUIMICA KEY,Not Approved
DELTAMETHRIN,CISTHRIN EC,UNIAGRO,SHANDONG WEIFANG RAINBOW,DELTAMETHRIN,DELTAMETHRIN,DELTAMETHRINE,,,,,,,,,,UNIAGRO,SHANDONG WEIFANG RAINBOW,
DELTAMETHRINE,D66,ETS MEZGHANNI,INDUSTRIAL QUIMICA KEY,DELTAMETHRINE,DELTAMETHRINE,DELTAMETHRINE,,,,,,,,,,ETS MEZGHANNI,INDUSTRIAL QUIMICA KEY,
DELTAMETHRINE,DELMITOX,SANABEL AGRO,SHARDA CROPCHEM,DELTAMETHRINE,DELTAMETHRINE,DELTAMETHRINE,,,,,,,,,,SANABEL AGRO,SHARDA CROPCHEM,
DELTAMETHRINE,DEXTRA 25 EC,RAYEN PHYTAGRI,TAGROS CHEMICALS,DELTAMETHRINE,DELTAMETHRINE,DELTAMETHRINE,,,,,,,,,,RAYEN PHYTAGRI,TAGROS,
DELTAMÉTHRINE,DECIS EC 25,EL MOUSSEM AGRICOLE,BAYER CROPSCIENCE,DELTAMÉTHRINE,DELTAMÉTHRINE,DELTAMETHRINE,,,,,,,,,,EL MOUSSEM,BAYER CROPSCIENCE,
DELTAMÉTHRINE,DELTA DECIS EC 25,EL MOUSSEM AGRICOLE,BAYER CROPSCIENCE,DELTAMÉTHRINE,DELTAMÉTHRINE,DELTAMETHRINE,,,,,,,,,,EL MOUSSEM,BAYER CROPSCIENCE,
DELTAMÉTHRINE,DELTACAL,BIOPROTECTION,UPL/ARYSTA LIFESCIENCE,DELTAMÉTHRINE,DELTAMÉTHRINE,DELTAMETHRINE,,,,,,,,,,BIOPROTECTION,UPL ARYSTA LIFESCIENCE,
DELTAMÉTHRINE,FRUITHRINE,PROTAGRI,UNITED PHOSPHORUS LTD,DELTAMÉTHRINE,DELTAMÉTHRINE,DELTAMETHRINE,,,,,,,,,,PROTAGRI,UNITED PHOSPHORUS,
"DELTAMETRINE+ACETATE D’AMMONIUM+TRIMETHYLAMINE HCL+1,4DIAMINOBUTANE (=PUTRESCINE)",MAGNET MED,NUTRIPLANT,KOPPERT,DELTAMETRINE,DELTAMETRINE,DELTAMETHRINE,ACETATE D’AMMONIUM,ACETATE D’AMMONIUM,ACETATE D’AMMONIUM,TRIMETHYLAMINE HCL,TRIMETHYLAMINE HCL,TRIMETHYLAMINE HCL,"1,4DIAMINOBUTANE (=PUTRESCINE)","1,4DIAMINOBUTANE (=PUTRESCINE)","1,4-DIAMINOBUTANE (PUTRESCINE)",NUTRIPLANT,KOPPERT,Not Approved
DÉRIVVÉS D'ACIDES GRAS VÉGÉTAUX + HUILE DE PIN,ACTILANDE TM EC,SEPCM,ACTION PIN,DÉRIVVÉS D'ACIDES GRAS VÉGÉTAUX,DÉRIVVÉS D'ACIDES GRAS VÉGÉTAUX,DERIVVES D'ACIDES GRAS VEGETAUX,HUILE DE PIN,HUILE DE PIN,HUILE DE PIN,,,,,,,SEPCM,ACTION PIN,Not Approved
DIAFENTHIURON,PEGASUS 500 SC,BIOPROTECTION,SYNGENTA,DIAFENTHIURON,DIAFENTHIURON,DIAFENTHIURON,,,,,,,,,,BIOPROTECTION,SYNGENTA,Not Approved
"DICAMBA +2,4 – D",DIALEN SUPER,BIOPROTECTION,SYNGENTA,DICAMBA,DICAMBA,DICAMBA,"2,4 – D","2,4 – D",2.4-D,,,,,,,BIOPROTECTION,SYNGENTA,
DICAMBA +PROSULFURON,CASPER 55 WG,SOLAGRI,SYNGENTA,DICAMBA,DICAMBA,DICAMBA,PROSULFURON,PROSULFURON,PROSULFURON,,,,,,,SOLAGRI,SYNGENTA,
DICAMBA-SEL DIMETHYLAMINE (DMA),PROCAMBA,SSCC,GHARDA CHEMICAL,DICAMBA-SEL DIMETHYLAMINE (DMA),DICAMBA-SEL DIMETHYLAMINE (DMA),DICAMBA-SEL DIMETHYLAMINE (DMA),,,,,,,,,,SSCC,GHARDA,
DICHLOROPROP-P,CLEMENTGROS,SANABEL AGRO,NUFARM,DICHLOROPROP-P,DICHLOROPROP-P,DICHLOROPROP-P,,,,,,,,,,SANABEL AGRO,NUFARM,
DIETHOFENCARB,FRUGICO SC,AGROSYTEME,GLOBACHEM,DIETHOFENCARB,DIETHOFENCARB,DIETHOFENCARB,,,,,,,,,,AGROSYTEME,GLOBACHEM,Not Approved
DIFENACOUM,SOREXA PELLETS,AGRIPROTEC,BASF,DIFENACOUM,DIFENACOUM,DIFENACOUM,,,,,,,,,,AGRIPROTEC,BASF,Not Approved
DIFENOCONAZOLE+PROPICONAZOLE,NANJI PLUS EC,STEC,JIANGYIN FENGDENG CROP SCIENCE CO,DIFENOCONAZOLE,DIFENOCONAZOLE,DIFENOCONAZOLE,PROPICONAZOLE,PROPICONAZOLE,PROPICONAZOLE,,,,,,,STEC,JIANGYIN FENGDENG,Not Approved
DIFENOCONAZOLE,CURYGEN EC,EL KHADRA,JSC AUGUST INC,DIFENOCONAZOLE,DIFENOCONAZOLE,DIFENOCONAZOLE,,,,,,,,,,EL KHADRA,JSC AUGUST,
DIFENOCONAZOLE,DIFCOR,AGROSYSTEMES,GLOBACHEM,DIFENOCONAZOLE,DIFENOCONAZOLE,DIFENOCONAZOLE,,,,,,,,,,AGROSYSTEMES,GLOBACHEM,
DIFENOCONAZOLE,DIFENDER 30 FS,AGROSYSTEMES,GLOBACHEM,DIFENOCONAZOLE,DIFENOCONAZOLE,DIFENOCONAZOLE,,,,,,,,,,AGROSYSTEMES,GLOBACHEM,
DIFENOCONAZOLE,DIVISOLE,TASMID,ASTRACHEM,DIFENOCONAZOLE,DIFENOCONAZOLE,DIFENOCONAZOLE,,,,,,,,,,TASMID,ASTRACHEM,
DIFENOCONAZOLE,FESTIVAL 250 EC,SANABEL AGRO,SHARDA WORLD WIDE,DIFENOCONAZOLE,DIFENOCONAZOLE,DIFENOCONAZOLE,,,,,,,,,,SANABEL AGRO,SHARDA WORLD WIDE,
DIFENOCONAZOLE,NANJI 250 EC,STEC,JIANGSU FENGDENG(FAB),DIFENOCONAZOLE,DIFENOCONAZOLE,DIFENOCONAZOLE,,,,,,,,,,STEC,JIANGSU FENGDENG FAB,
DIFENOCONAZOLE,PROTECTOR,AMINCO,GLOBACHEM,DIFENOCONAZOLE,DIFENOCONAZOLE,DIFENOCONAZOLE,,,,,,,,,,AMINCO,GLOBACHEM,
DIFENOCONAZOLE,PROZOLE 250 EC,ETS MEZGHANI,ASTRACHEM,DIFENOCONAZOLE,DIFENOCONAZOLE,DIFENOCONAZOLE,,,,,,,,,,ETS MEZGHANI,ASTRACHEM,
DIFENOCONAZOLE,RAYOK,HALAB TUNISIE,JSC AUGUST INC,DIFENOCONAZOLE,DIFENOCONAZOLE,DIFENOCONAZOLE,,,,,,,,,,HALAB,JSC AUGUST,
DIFENOCONAZOLE,SCORE 250 EC,BIOPROTECTION,SYNGENTA,DIFENOCONAZOLE,DIFENOCONAZOLE,DIFENOCONAZOLE,,,,,,,,,,BIOPROTECTION,SYNGENTA,
DIFENOCONAZOLE,SITARA FS,SANABEL AGRO,SHARDA CROPCHEM,DIFENOCONAZOLE,DIFENOCONAZOLE,DIFENOCONAZOLE,,,,,,,,,,SANABEL AGRO,SHARDA CROPCHEM,
DIFENOCONAZOLE,SPECTRO 30 FS,BIOPROTECTION,SYNGENTA,DIFENOCONAZOLE,DIFENOCONAZOLE,DIFENOCONAZOLE,,,,,,,,,,BIOPROTECTION,SYNGENTA,
DIFENOCONAZOLE +CYFLUFENAMID,CIDELY TOP 140 DC,AGRIPROTEC,SYNGENTA,DIFENOCONAZOLE,DIFENOCONAZOLE,DIFENOCONAZOLE,CYFLUFENAMID,CYFLUFENAMID,CYFLUFENAMID,,,,,,,AGRIPROTEC,SYNGENTA,
DIFENOCONAZOLE + CYFLUFENAMID,DYNALI DC,SOLAGRI,SYNGENTA,DIFENOCONAZOLE,DIFENOCONAZOLE,DIFENOCONAZOLE,CYFLUFENAMID,CYFLUFENAMID,CYFLUFENAMID,,,,,,,SOLAGRI,SYNGENTA,
DIFENOCONAZOLE +CYFLUFENAMID,MELCAR TOP 140 DC,COTUGRAIN IMPEX,SYNGENTA,DIFENOCONAZOLE,DIFENOCONAZOLE,DIFENOCONAZOLE,CYFLUFENAMID,CYFLUFENAMID,CYFLUFENAMID,,,,,,,COTUGRAIN IMPEX,SYNGENTA,
DIFENOCONAZOLE + CYPRODINIL,INSPIRE PLUS EW,BIOPROTECTION,SYNGENTA,DIFENOCONAZOLE,DIFENOCONAZOLE,DIFENOCONAZOLE,CYPRODINIL,CYPRODINIL,CYPRODINIL,,,,,,,BIOPROTECTION,SYNGENTA,
DIFENOCONAZOLE + FLUDIOXONIL,CELEST EXTRA 50 FS,BIOPROTECTION,SYNGENTA,DIFENOCONAZOLE,DIFENOCONAZOLE,DIFENOCONAZOLE,FLUDIOXONIL,FLUDIOXONIL,FLUDIOXINIL,,,,,,,BIOPROTECTION,SYNGENTA,
DIFENOCONAZOLE + FLUDIOXONIL +THIAMETHOXAM,CELESTTOP 312.5,BIOPROTECTION,SYNGENTA,DIFENOCONAZOLE,DIFENOCONAZOLE,DIFENOCONAZOLE,FLUDIOXONIL,FLUDIOXONIL,FLUDIOXINIL,THIAMETHOXAM,THIAMETHOXAM,THIAMETHOXAM,,,,BIOPROTECTION,SYNGENTA,Not Approved
DIFENOCONAZOLE + FLUDIOXONIL,DIFEND EXTRA FS,AGROSYSTEMES,GLOBACHEM,DIFENOCONAZOLE,DIFENOCONAZOLE,DIFENOCONAZOLE,FLUDIOXONIL,FLUDIOXONIL,FLUDIOXINIL,,,,,,,AGROSYSTEMES,GLOBACHEM,
DIFENOCONAZOLE + FLUDIOXONIL +SEDEXANE,VIBRANCE GOLD,BIOPROTECTION,SYNGENTA,DIFENOCONAZOLE,DIFENOCONAZOLE,DIFENOCONAZOLE,FLUDIOXONIL,FLUDIOXONIL,FLUDIOXINIL,SEDEXANE,SEDEXANE,SEDAXANE,,,,BIOPROTECTION,SYNGENTA,
DIFENOCONAZOLE + METALAXYL –M + THIAMETHOXAM,APRON STAR WS,COTUGRAIN,SYNGENTA,DIFENOCONAZOLE,DIFENOCONAZOLE,DIFENOCONAZOLE,METALAXYL –M,METALAXYL –M,METALAXYL –M,THIAMETHOXAM,THIAMETHOXAM,THIAMETHOXAM,,,,COTUGRAIN,SYNGENTA,Not Approved
DIFENOCONAZOLE +MÉTALAXYL-M,DIVIDEND EXTREME 115 FS,SOLAGRI,SYNGENTA,DIFENOCONAZOLE,DIFENOCONAZOLE,DIFENOCONAZOLE,MÉTALAXYL-M,MÉTALAXYL-M,METALAXYL –M,,,,,,,SOLAGRI,SYNGENTA,
DIFENOCONAZOLE +MÉTALAXYL-M,SPECTROEXTREME 115 FS,BIOPROTECTION,SYNGENTA,DIFENOCONAZOLE,DIFENOCONAZOLE,DIFENOCONAZOLE,MÉTALAXYL-M,MÉTALAXYL-M,METALAXYL –M,,,,,,,BIOPROTECTION,SYNGENTA,
DIFLUFENICAN +FLUFENACET,RELIANCE SC,BIOPROTECTION,UPL,DIFLUFENICAN,DIFLUFENICAN,DIFLUFENICAN,FLUFENACET,FLUFENACET,FLUFENACET,,,,,,,BIOPROTECTION,UPL,Not Approved
DIFLUFENICAN +FLUFENACET,SC,BIOPROTECTION,UPL,DIFLUFENICAN,DIFLUFENICAN,DIFLUFENICAN,FLUFENACET,FLUFENACET,FLUFENACET,,,,,,,BIOPROTECTION,UPL,Not Approved
DIFLUFENICAN + FLUFENACET + FLURTAMONE,VIGON 420 SC,PROMOCHIMIE,BAYER CROPSCIENCE,DIFLUFENICAN,DIFLUFENICAN,DIFLUFENICAN,FLUFENACET,FLUFENACET,FLUFENACET,FLURTAMONE,FLURTAMONE,FLURTAMONE,,,,PROMOCHIMIE,BAYER CROPSCIENCE,Not Approved
DIFLUFENICAN + METSULFURON-MÉTHYL,ALLIANCE,BIOPROTECTION,NUFARM S.A,DIFLUFENICAN,DIFLUFENICAN,DIFLUFENICAN,METSULFURON-MÉTHYL,METSULFURON-MÉTHYL,METSULFURON METHYL,,,,,,,BIOPROTECTION,NUFARM S A,
DIFLUFENICAN + METSULFURON-MÉTHYL,POLYMER WG,AGRIPROTEC,NUFARM S.A,DIFLUFENICAN,DIFLUFENICAN,DIFLUFENICAN,METSULFURON-MÉTHYL,METSULFURON-MÉTHYL,METSULFURON METHYL,,,,,,,AGRIPROTEC,NUFARM S A,
DIMETHENAMID-P + METAZACHLOR + QUINMERAC,BUTISAN AVANT SE,COTUGRAIN,BASF,DIMETHENAMID-P,DIMETHENAMID-P,DIMETHENAMID-P,METAZACHLOR,METAZACHLOR,METAZACHLORE,QUINMERAC,QUINMERAC,QUINMERAC,,,,COTUGRAIN,BASF,
DIMÉTHOATE,DIMETHON,ETS MEZGHANI,INDUST. QUIMICA KEY,DIMÉTHOATE,DIMÉTHOATE,DIMETHOATE,,,,,,,,,,ETS MEZGHANI,INDUST QUIMICA KEY,Not Approved
DIMETHOMORPHE +MANCOZÈBE,ACROBAT MZ WG,COTUGRAIN IMPEX,BASF,DIMETHOMORPHE,DIMETHOMORPHE,DIMETHOMOPHE,MANCOZÈBE,MANCOZÈBE,MANCOZEBE,,,,,,,COTUGRAIN IMPEX,BASF,Not Approved
DIMÉTHOMORPHE +FLUAZINAM,FOLY STAR 400 SC,SEPCM,AAKO,DIMÉTHOMORPHE,DIMÉTHOMORPHE,DIMETHOMOPHE,FLUAZINAM,FLUAZINAM,FLUAZINAM,,,,,,,SEPCM,AAKO,Not Approved
DIMETOMORPHE +FOLPEL,DENIM,RAYEN PHYTAGRI,SHARDA CROPCHEM,DIMETOMORPHE,DIMETOMORPHE,DIMETHOMOPHE,FOLPEL,FOLPEL,FOLPEL,,,,,,,RAYEN PHYTAGRI,SHARDA CROPCHEM,Not Approved
DIMETOMORPHE +FOLPEL,FLOPY DUO,AGRINOVA,SHARDA CROPCHEM,DIMETOMORPHE,DIMETOMORPHE,DIMETHOMOPHE,FOLPEL,FOLPEL,FOLPEL,,,,,,,AGRINOVA,SHARDA CROPCHEM,Not Approved
DIMETOMORPHE +FOLPEL,MORPHEE 71.3 WG,BIOPROTECTION,AAKO,DIMETOMORPHE,DIMETOMORPHE,DIMETHOMOPHE,FOLPEL,FOLPEL,FOLPEL,,,,,,,BIOPROTECTION,AAKO,Not Approved
DINOCAP MEPTYL + MYCLOBUTANIL,AGRIKAR STAR,ATLAS AGRICOLE,DOW AGROSCIENCES,DINOCAP MEPTYL,DINOCAP MEPTYL,DINOCAP-MEPTYL,MYCLOBUTANIL,MYCLOBUTANIL,MYCLOBUTANIL,,,,,,,ATLAS,DOW AGROSCIENCES,Not Approved
DINOCAP MEPTYL + MYCLOBUTANIL,SABITHANE GOLD,PROMOCHIMIE,DOW AGROSCIENCES,DINOCAP MEPTYL,DINOCAP MEPTYL,DINOCAP-MEPTYL,MYCLOBUTANIL,MYCLOBUTANIL,MYCLOBUTANIL,,,,,,,PROMOCHIMIE,DOW AGROSCIENCES,Not Approved
DITHIANON + PYRACHLOSTROBIN,MACCANI,COTUGRAIN IMPEX,BASF,DITHIANON,DITHIANON,DITHIANON,PYRACHLOSTROBIN,PYRACHLOSTROBIN,PYRACLOSTROBINE,,,,,,,COTUGRAIN IMPEX,BASF,
DITHIANON,DELAN 500 SC,BIOPROTECTION,BASF,DITHIANON,DITHIANON,DITHIANON,,,,,,,,,,BIOPROTECTION,BASF,
DODINE,EFLUZIN 400 SC,SEPCM,ARYSTA LIFE SCIENCE BENELUX / BELGIQUE/ARYSTA,DODINE,DODINE,DODINE,,,,,,,,,,SEPCM,ARYSTA LIFE BENELUX BELGIQUE ARYSTA,
DODINE,SYLLIT 400 SC,PROTAGRI,ARYSTA LIFE SCIENCE BENELUX / BELGIQUE/UPL,DODINE,DODINE,DODINE,,,,,,,,,,PROTAGRI,ARYSTA LIFE BENELUX BELGIQUE UPL,
AUREBASIDIUMPILLULAN(2 SOUCHES) :DSM 14940 +DSM 14941,BLOSSOM PROTECT,STIMA,BIO FERM,DSM 14940,DSM 14940,DSM 14940,DSM 14941,DSM 14941,DSM 14941,,,,,,,STIMA,BIO FERM,
E3Z8Z11-14AC + BHT,PHERONORM-TUTA,STIMA,ANDERMATT BIOCONTROL AG,E3Z8Z11-14AC,E3Z8Z11-14AC,E3Z8Z11-14AC,BHT,BHT,BHT,,,,,,,STIMA,ANDERMATT BIOCONTROL AG,
EMAMECTIN BENZOATE + SPINOSAD,SMECTO SC,NEGANOR FFT,SHANDONG WEIFANG RAINBOW CHEMICAL CO.LTD,EMAMECTIN BENZOATE,EMAMECTIN BENZOATE,EMAMECTIN BENZOATE,SPINOSAD,SPINOSAD,SPINOSADE,,,,,,,NEGANOR FFT,SHANDONG WEIFANG RAINBOW,
EMAMECTIN BENZOATE + SPINOSAD,SPANVIC PLUS SC,UNIAGRO,SHANDONG,EMAMECTIN BENZOATE,EMAMECTIN BENZOATE,EMAMECTIN BENZOATE,SPINOSAD,SPINOSAD,SPINOSADE,,,,,,,UNIAGRO,SHANDONG,
EMAMECTIN BENZOATE + PYRIPROXYFEN,PROXYSAFE EC,PLANETE VERTE,SHANDONG WEIFANG RAINBOW CHEMICAL CO.LTD,EMAMECTIN BENZOATE,EMAMECTIN BENZOATE,EMAMECTIN BENZOATE,PYRIPROXYFEN,PYRIPROXYFEN,PYRIPROXYFENE,,,,,,,PLANETE VERTE,SHANDONG WEIFANG RAINBOW,
EMAMECTIN BENZOATE,EMAMECTIN SG,FERTIPLANT,KRISHI RASAYAM,EMAMECTIN BENZOATE,EMAMECTIN BENZOATE,EMAMECTIN BENZOATE,,,,,,,,,,FERTIPLANT,KRISHI RASAYAM,
EMAMECTIN BENZOATE,JEMSTAR,FERTIPLANT,KRISHLIFESCIENCE,EMAMECTIN BENZOATE,EMAMECTIN BENZOATE,EMAMECTIN BENZOATE,,,,,,,,,,FERTIPLANT,KRISHLIFESCIENCE,
EMAMECTIN BENZOATE,PROACT 50 EC,TASMID,ASTRACHEM,EMAMECTIN BENZOATE,EMAMECTIN BENZOATE,EMAMECTIN BENZOATE,,,,,,,,,,TASMID,ASTRACHEM,
EMAMECTIN BENZOATE,PROCLAIM 05 SG,BIOPROTECTION,SYNGENTA,EMAMECTIN BENZOATE,EMAMECTIN BENZOATE,EMAMECTIN BENZOATE,,,,,,,,,,BIOPROTECTION,SYNGENTA,
EMAMECTIN BENZOATE,PROFAST EC,PLANETE VERTE,ASTRACHEM/ASTRANOVA,EMAMECTIN BENZOATE,EMAMECTIN BENZOATE,EMAMECTIN BENZOATE,,,,,,,,,,PLANETE VERTE,ASTRACHEM ASTRANOVA,
EPOXICONAZOLE + THIOPHANATE-METHYL,DUETT ULTRA EC,AGRIPROTEC,BASF,EPOXICONAZOLE,EPOXICONAZOLE,EPOXICONAZOLE,THIOPHANATE-METHYL,THIOPHANATE-METHYL,THIOPHANATE-METHYL,,,,,,,AGRIPROTEC,BASF,Not Approved
EPOXICONAZOLE + THIOPHANATE-METHYL,REX DUO,STIMA,BASF,EPOXICONAZOLE,EPOXICONAZOLE,EPOXICONAZOLE,THIOPHANATE-METHYL,THIOPHANATE-METHYL,THIOPHANATE-METHYL,,,,,,,STIMA,BASF,Not Approved
EPOXICONAZOLE,CERIAZOLE SC,AGRIPROTEC,NUFARM,EPOXICONAZOLE,EPOXICONAZOLE,EPOXICONAZOLE,,,,,,,,,,AGRIPROTEC,NUFARM,Not Approved
EPOXICONAZOLE,EPONEO,AMINCO,CHEMINOVA,EPOXICONAZOLE,EPOXICONAZOLE,EPOXICONAZOLE,,,,,,,,,,AMINCO,CHEMINOVA,Not Approved
EPOXICONAZOLE,NUPOXYN,EL MOUSSEM AGRICOLE,NUFARM,EPOXICONAZOLE,EPOXICONAZOLE,EPOXICONAZOLE,,,,,,,,,,EL MOUSSEM,NUFARM,Not Approved
EPOXICONAZOLE,OPUS,STIMA,BASF,EPOXICONAZOLE,EPOXICONAZOLE,EPOXICONAZOLE,,,,,,,,,,STIMA,BASF,Not Approved
EPOXICONAZOLE,ORAGE,SANABEL AGRO,SINON CORPORATION,EPOXICONAZOLE,EPOXICONAZOLE,EPOXICONAZOLE,,,,,,,,,,SANABEL AGRO,SINON CORPORATION,Not Approved
EPOXICONAZOLE,RUBRIC,AGROSYSTEMES,CHEMINOVA,EPOXICONAZOLE,EPOXICONAZOLE,EPOXICONAZOLE,,,,,,,,,,AGROSYSTEMES,CHEMINOVA,Not Approved
EPOXICONAZOLE,SCOOBY DOO,AMINCO,GLOBACHEM,EPOXICONAZOLE,EPOXICONAZOLE,EPOXICONAZOLE,,,,,,,,,,AMINCO,GLOBACHEM,Not Approved
EPOXICONAZOLE,SOPRANO,SEPCM,AAKO,EPOXICONAZOLE,EPOXICONAZOLE,EPOXICONAZOLE,,,,,,,,,,SEPCM,AAKO,Not Approved
EPOXICONAZOLE,SPIKE,AGROSYSTEMES,GLOBACHEM,EPOXICONAZOLE,EPOXICONAZOLE,EPOXICONAZOLE,,,,,,,,,,AGROSYSTEMES,GLOBACHEM,Not Approved
EPOXICONAZOLE + DIMOXYSTROBINE,SWING GOLD,STIMA,BASF,EPOXICONAZOLE,EPOXICONAZOLE,EPOXICONAZOLE,DIMOXYSTROBINE,DIMOXYSTROBINE,DIMOXYSTROBINE,,,,,,,STIMA,BASF,Not Approved
EPOXICONAZOLE + FENPROPIMORPH,EPIC TOP SE,COTUGRAIN,BASF,EPOXICONAZOLE,EPOXICONAZOLE,EPOXICONAZOLE,FENPROPIMORPH,FENPROPIMORPH,FENPROPIMORPHE,,,,,,,COTUGRAIN,BASF,Not Approved
EPOXICONAZOLE+FLUXAPYROXAD(XEMIUM),ADEXAR XTRA EC,STIMA,BASF,EPOXICONAZOLE,EPOXICONAZOLE,EPOXICONAZOLE,FLUXAPYROXAD (XEMIUM),FLUXAPYROXAD (XEMIUM),FLUXAPYROXAD (XEMIUM),,,,,,,STIMA,BASF,Not Approved
EPOXICONAZOLE + KRESOXIM METHYL,OGAM,STIMA,BASF-ESPAGNOLA,EPOXICONAZOLE,EPOXICONAZOLE,EPOXICONAZOLE,KRESOXIM METHYL,KRESOXIM METHYL,KREOXIM-METHYL,,,,,,,STIMA,BASF ESPAGNOLA,Not Approved
EPOXICONAZOLE + KRESOXIM-METHYL,ALLEGRO,AGRIMATCO,BASF,EPOXICONAZOLE,EPOXICONAZOLE,EPOXICONAZOLE,KRESOXIM-METHYL,KRESOXIM-METHYL,KREOXIM-METHYL,,,,,,,AGRIMATCO,BASF,Not Approved
EPOXICONAZOLE + METCONAZOLE,OSIRIS,AGRIPROTEC,BASF,EPOXICONAZOLE,EPOXICONAZOLE,EPOXICONAZOLE,METCONAZOLE,METCONAZOLE,METCONAZOLE,,,,,,,AGRIPROTEC,BASF,Not Approved
ESTERS SULFURIQUES,HURRICAINE,EL MOUSSEM,SOCIETE OCCITANE DE FABRICATIONS ET,ESTERS SULFURIQUES,ESTERS SULFURIQUES,ESTERS SULFURIQUES,,,,,,,,,,EL MOUSSEM,SOCIETE OCCITANE DE FABRICATIONS ET,
ETHAMETSULFURON METHYL,MUSTER 75 WG,SSCC,FMC,ETHAMETSULFURON METHYL,ETHAMETSULFURON METHYL,ETHAMETSULFURON METHYL,,,,,,,,,,SSCC,FMC,Not Approved
ETHOPROPHOS,MOCAP,SEPCM,AMVAC CHEMICAL CORPORATION),ETHOPROPHOS,ETHOPROPHOS,ETHOPROPHOS,,,,,,,,,,SEPCM,AMVAC CORPORATION,Not Approved
ETOFENPROX,TREBON EC,ATLAS AGRICOLE,SIPCAM INAGRA S.S,ETOFENPROX,ETOFENPROX,ETOFENPROX,,,,,,,,,,ATLAS AGRICOLE,SIPCAM INAGRA S.S,
ETOXAZOLE,BORNEO 10 SC,BIOPROTECTION,SUMITOMO CHEMICHAL AGRO EUROPE S.A.S,ETOXAZOLE,ETOXAZOLE,ETOXAZOLE,,,,,,,,,,BIOPROTECTION,SUMITOMO CHEMICHAL AGRO EUROPE S A S,
ETOXAZOLE (FAMILLE CHIMIQUE : OXAZOLINES),KILLMITE,BIOPROTECTION,ARYSTA LIFESCIENCE,ETOXAZOLE,ETOXAZOLE,ETOXAZOLE,,,,,,,,,,BIOPROTECTION,ARYSTA LIFESCIENCE,
FAMOXADONE + CYMOXANIL,CYMOFLEX WG,PROTAGRI,NANJING AGROCHEMICAL,FAMOXADONE,FAMOXADONE,FAMOXADONE,CYMOXANIL,CYMOXANIL,CYMOXANIL,,,,,,,PROTAGRI,NANJING,Not Approved
FAMOXADONE + CYMOXANIL,EQUALIZER WG,RAYEN PHYTAGRI,"SHENGNONG PESTICIDE, CO. LTD/HANGZHOUTOPAGRO BIOSCIENCE",FAMOXADONE,FAMOXADONE,FAMOXADONE,CYMOXANIL,CYMOXANIL,CYMOXANIL,,,,,,,RAYEN PHYTAGRI,SHENGNONG PESTICIDE HANGZHOUTOPAGRO BIOSCIENCE,Not Approved
FAMOXADONE + CYMOXANIL,VENUS WG,STIMA,"SHENGNONG PESTICIDE, CO. LTD/HANGZHOUTOPAGRO BIOSCIENCE",FAMOXADONE,FAMOXADONE,FAMOXADONE,CYMOXANIL,CYMOXANIL,CYMOXANIL,,,,,,,STIMA,SHENGNONG PESTICIDE HANGZHOUTOPAGRO BIOSCIENCE,Not Approved
FAMOXADONE + MANCOZEBE,CLIP,AGRIMATCO,DU PONT INTERNATIONAL/CORTEVA,FAMOXADONE,FAMOXADONE,FAMOXADONE,MANCOZEBE,MANCOZEBE,MANCOZEBE,,,,,,,AGRIMATCO,DU PONT INTERNATIONAL CORTEVA,Not Approved
FENAMIDONE + FOSETHYL-AL,VERITA,STEC,BAYER CROPSCIENCE,FENAMIDONE,FENAMIDONE,FENAMIDONE,FOSETHYL-AL,FOSETHYL-AL,FOSETHYL-AL,,,,,,,STEC,BAYER CROPSCIENCE,
FENAZAQUIN,MAGISTER,SEPCM,GOWAN ESPAGNE,FENAZAQUIN,FENAZAQUIN,FENAZAQUIN,,,,,,,,,,SEPCM,GOWAN ESPAGNE,
FENAZAQUIN,PRIDE 200,INNOVA,GOWAN ESPAGNE,FENAZAQUIN,FENAZAQUIN,FENAZAQUIN,,,,,,,,,,INNOVA,GOWAN ESPAGNE,
FENAZAQUIN 20%,QUEEN PRO SC,SHARDA CROPCHEM LIMITED TUNISIA,SHARDA CROPCHEM LIMITED INDE,FENAZAQUIN 20%,FENAZAQUIN 20%,FENAZAQUIN,,,,,,,,,,SHARDA CROPCHEM,SHARDA CROPCHEM INDE,
FENAZAQUIN 20%,QUEEN SC,SHARDA CROPCHEM LIMITED TUNISIA,SHARDA CROPCHEM LIMITED INDE,FENAZAQUIN 20%,FENAZAQUIN 20%,FENAZAQUIN,,,,,,,,,,SHARDA CROPCHEM,SHARDA CROPCHEM INDE,
FENHEXAMIDE,TELDOR,PROMOCHIMIE,BAYER CROPSCIENCE,FENHEXAMIDE,FENHEXAMIDE,FENHEXAMIDE,,,,,,,,,,PROMOCHIMIE,BAYER CROPSCIENCE,
FÉNOXAPROP-P-ETHYL,FOXTROT,AGROSYSTEMES,FMC,FÉNOXAPROP-P-ETHYL,FÉNOXAPROP-P-ETHYL,FENOXAPROP-P-ETHYL,,,,,,,,,,AGROSYSTEMES,FMC,
FÉNOXAPROP-P-ETHYL + IODOSULFURON-MÉTHYL SODIUM + MÉFENPYR - DIÉTHYL,HUSSAR EVOLUTION,AGRIPROTEC,BAYER CROPSCIENCE,FÉNOXAPROP-P-ETHYL,FÉNOXAPROP-P-ETHYL,FENOXAPROP-P-ETHYL,IODOSULFURON-MÉTHYL SODIUM,IODOSULFURON-MÉTHYL SODIUM,IODOSULFURON – METHYL SODIUM,MÉFENPYR - DIÉTHYL,MÉFENPYR - DIÉTHYL,MEFEMPYR DIETHYL,,,,AGRIPROTEC,BAYER CROPSCIENCE,
FÉNOXAPROP-P-ETHYL + IODOSULFURON-MÉTHYL SODIUM + MÉFENPYR - DIÉTHYL,PUMA EVOLUTION,JADWA AGROTEC,BAYER CROPSCIENCE,FÉNOXAPROP-P-ETHYL,FÉNOXAPROP-P-ETHYL,FENOXAPROP-P-ETHYL,IODOSULFURON-MÉTHYL SODIUM,IODOSULFURON-MÉTHYL SODIUM,IODOSULFURON – METHYL SODIUM,MÉFENPYR - DIÉTHYL,MÉFENPYR - DIÉTHYL,MEFEMPYR DIETHYL,,,,JADWA AGROTEC,BAYER CROPSCIENCE,
FENPROPIDINE + PROPICONAZOLE,ZENITH 575 EC,SOLAGRI,SYNGENTA,FENPROPIDINE,FENPROPIDINE,FENPROPIDINE,PROPICONAZOLE,PROPICONAZOLE,PROPICONAZOLE,,,,,,,SOLAGRI,SYNGENTA,Not Approved
FENPROPIMORPHE + EPOXICONAZOLE + METRAFENONE,CAPALO,STIMA,BASF,FENPROPIMORPHE,FENPROPIMORPHE,FENPROPIMORPHE,EPOXICONAZOLE,EPOXICONAZOLE,EPOXICONAZOLE,METRAFENONE,METRAFENONE,METRAFENONE,,,,STIMA,BASF,Not Approved
FENPYRAZAMINE,PROLECTUS 50WG,SEPCM,SUMITOMO CHEMICAL AGRO EUROPE,FENPYRAZAMINE,FENPYRAZAMINE,FENPYRAZAMINE,,,,,,,,,,SEPCM,SUMITOMO AGRO EUROPE,Not Approved
FENPYROXIMATE,FLASH EVO,EL KHADRA,SIPCAM INAGRA (ANCIENTFABRICANT: NIHON NOHYAKU CO. LTD),FENPYROXIMATE,FENPYROXIMATE,FENPYROXIMATE,,,,,,,,,,EL KHADRA,SIPCAM INAGRA ANCIENTFABRICANT NIHON NOHYAKU,
FENPYROXIMATE,FLASH UM,EL KHADRA,SIPCAM INAGRA (ANCIENT FABRICANT: NIHON NOHYAKU CO. LTD),FENPYROXIMATE,FENPYROXIMATE,FENPYROXIMATE,,,,,,,,,,EL KHADRA,SIPCAM INAGRA ANCIENT FABRICANT NIHON NOHYAKU,
FENPYROXIMATE,MITACID,INNOVA,SIPCAM INAGRA (ANCIENTFABRICANT: NIHON NOHYAKU CO. LTD),FENPYROXIMATE,FENPYROXIMATE,FENPYROXIMATE,,,,,,,,,,INNOVA,SIPCAM INAGRA ANCIENTFABRICANT NIHON NOHYAKU,
FLOMETOQUIN,GLADIUS 10 SC,EL MOUSSEM AGRICOLE,"NIPPON KAYAKU CO.,LTD/SUMMIT AGRO INTERNATIONAL LTD",FLOMETOQUIN,FLOMETOQUIN,FLOMETOQUIN,,,,,,,,,,EL MOUSSEM,NIPPON KAYAKU SUMMIT AGRO INTERNATIONAL,Not Approved
FLONICAMID,FLOPUS WG,NEGANOR FFT,NANJING(D)SHA ANXI HENGTIAN BIOLOGICAL AGRICULTURE(FAB),FLONICAMID,FLONICAMID,FLONICAMID,,,,,,,,,,NEGANOR FFT,NANJING D SHA ANXI HENGTIAN BIOLOGICAL FAB,
FLONICAMID,TEPPEKI WG,AGRIPROTEC,ISK BIOSCIENCES EUROPE N.V(FABRICANT)/UPL(FOURNISSEUR),FLONICAMID,FLONICAMID,FLONICAMID,,,,,,,,,,AGRIPROTEC,ISK BIOSCIENCES EUROPE N V FABRICANT UPL FOURNISSEUR,
FLORASULAM + TRIBENURON-METHYL,GRANSTAR MAX WG,AGRIPROTEC,CHENMINOVA/FMC,FLORASULAM,FLORASULAM,FLORASULAME,TRIBENURON-METHYL,TRIBENURON-METHYL,TREBUNIRON-METHYL,,,,,,,AGRIPROTEC,CHENMINOVA FMC,
FLORASULAM + IODOSULFURON-MÉTHYL-SODIUM + DIFLUFÉNICAN,JOYSTICK WG,AGROSYSTEMES,ASCENZA AGRO,FLORASULAM,FLORASULAM,FLORASULAME,IODOSULFURON-MÉTHYL-SODIUM,IODOSULFURON-MÉTHYL-SODIUM,IODOSULFURON – METHYL SODIUM,DIFLUFÉNICAN,DIFLUFÉNICAN,DIFLUFENICAN,,,,AGROSYSTEMES,ASCENZA AGRO,
FLORASULAME,CLYDE SG,AGRIPROTEC,ALBAUGH EUROPE SARL,FLORASULAME,FLORASULAME,FLORASULAME,,,,,,,,,,AGRIPROTEC,ALBAUGH EUROPE,
FLOROSULAME + FLUMETSULAM,DERBY,PROMOCHIMIE,DOW AGROSCIENCES/ CORTEVA,FLOROSULAME,FLOROSULAME,FLORASULAME,FLUMETSULAM,FLUMETSULAM,FLUMETSULAM,,,,,,,PROMOCHIMIE,DOW AGROSCIENCES CORTEVA,Not Approved
FLUAZAINDOLZINE,SALIBRO 500 SC,AGRIPROTEC,CORTEVA,FLUAZAINDOLZINE,FLUAZAINDOLZINE,FLUAZAINDOLZINE,,,,,,,,,,AGRIPROTEC,CORTEVA,Pending
FLUAZAINDOLZINE,SALIBRO 500 SC,BARAKA AGRICOLE,CORTEVA,FLUAZAINDOLZINE,FLUAZAINDOLZINE,FLUAZAINDOLZINE,,,,,,,,,,BARAKA,CORTEVA,Pending
FLUAZIFOP-P-BUTYL,BENFURON,AGRIMED DISTRIBUTION,SHARDA CROPCHEM LIMITED INDE,FLUAZIFOP-P-BUTYL,FLUAZIFOP-P-BUTYL,FLUAZIFOP-P-BUTYL,,,,,,,,,,AGRIMED DISTRIBUTION,SHARDA CROPCHEM INDE,
FLUAZIFOP-P-BUTYL,FOUIR,EL KHADRA,SHARDA CROPCHEM LIMITED INDE,FLUAZIFOP-P-BUTYL,FLUAZIFOP-P-BUTYL,FLUAZIFOP-P-BUTYL,,,,,,,,,,EL KHADRA,SHARDA CROPCHEM INDE,
FLUAZIFOP-P-BUTYL,FOUZILE EC,ETS MEZGHANI,INDUST. QUIMICA KEY,FLUAZIFOP-P-BUTYL,FLUAZIFOP-P-BUTYL,FLUAZIFOP-P-BUTYL,,,,,,,,,,ETS MEZGHANI,INDUST QUIMICA KEY,
FLUAZIFOP-P-BUTYL,TRIVKO,SOLAGRI,SYNGENTA,FLUAZIFOP-P-BUTYL,FLUAZIFOP-P-BUTYL,FLUAZIFOP-P-BUTYL,,,,,,,,,,SOLAGRI,SYNGENTA,
FLUAZINAM,FOLY,SEPCM,AAKO,FLUAZINAM,FLUAZINAM,FLUAZINAM,,,,,,,,,,SEPCM,AAKO,
FLUAZINAM,NANDO,BIOPROTECTION,NUFARM,FLUAZINAM,FLUAZINAM,FLUAZINAM,,,,,,,,,,BIOPROTECTION,NUFARM,
FLUBENDIAMIDE,FAME 480 SC,ATLAS AGRICOLE,BAYER,FLUBENDIAMIDE,FLUBENDIAMIDE,FLUBENDIAMIDE,,,,,,,,,,ATLAS,BAYER,Not Approved
FLUBENDIAMIDE,TAKITOP WG,STÉ EL KHADRA,"EASTCHEM CO,LTD CHINE",FLUBENDIAMIDE,FLUBENDIAMIDE,FLUBENDIAMIDE,,,,,,,,,,STE EL KHADRA,EASTCHEM CHINE,Not Approved
FLUBENDIAMIDE,TAKUMI 20 WG,EL MOUSSEM AGRICOLE,NIHON NOHYAKU / NICHINO EUROPE,FLUBENDIAMIDE,FLUBENDIAMIDE,FLUBENDIAMIDE,,,,,,,,,,EL MOUSSEM,NIHON NOHYAKU NICHINO EUROPE,Not Approved
FLUCARBAZONE-SODIUM,EVEREST 70 WG,AGRIPROTEC,ARYSTA LIFESCIENCE,FLUCARBAZONE-SODIUM,FLUCARBAZONE-SODIUM,FLUCARBAZONE-SODIUM,,,,,,,,,,AGRIPROTEC,ARYSTA LIFESCIENCE,Not Approved
FLUCARBAZONE-SODIUM,VULCANO,AGRIPROTEC,ARYSTA LIFESCIENCE,FLUCARBAZONE-SODIUM,FLUCARBAZONE-SODIUM,FLUCARBAZONE-SODIUM,,,,,,,,,,AGRIPROTEC,ARYSTA LIFESCIENCE,Not Approved
FLUDIOXONIL + SEDAXANE,VIBRANCE DUO FS,BIOPROTECTION,SYNGENTA,FLUDIOXONIL,FLUDIOXONIL,FLUDIOXINIL,SEDAXANE,SEDAXANE,SEDAXANE,,,,,,,BIOPROTECTION,SYNGENTA,
FLUDIOXONIL +CYPRODINIL,CHORUS DOUBLE,BIOPROTECTION,SYNGENTA,FLUDIOXONIL,FLUDIOXONIL,FLUDIOXINIL,CYPRODINIL,CYPRODINIL,CYPRODINIL,,,,,,,BIOPROTECTION,SYNGENTA,
FLUDIOXONIL +CYPRODINIL,"SWITCH 62,5 WG",BIOPROTECTION,SYNGENTA,FLUDIOXONIL,FLUDIOXONIL,FLUDIOXINIL,CYPRODINIL,CYPRODINIL,CYPRODINIL,,,,,,,BIOPROTECTION,SYNGENTA,
FLUFENOXURON,QATAR,AGROSYSTEMES,GLOBACHEM,FLUFENOXURON,FLUFENOXURON,FLUFENOXURON,,,,,,,,,,AGROSYSTEMES,GLOBACHEM,Not Approved
FLUMETSULAM,BROADSTRIKE WG,PROMOCHIMIE,DOW AGROSCIENCE,FLUMETSULAM,FLUMETSULAM,FLUMETSULAM,,,,,,,,,,PROMOCHIMIE,DOW AGROSCIENCE,Not Approved
FLUOPICOLIDE + PROPAMOCARBHYDROCHLORIDE,PICOCARB SC,UNIAGRO,SHANDONG WEIFANG,FLUOPICOLIDE,FLUOPICOLIDE,FLUOPICOLIDE,PROPAMOCARBHYDROCHLORIDE,PROPAMOCARBHYDROCHLORIDE,PROPAMOCARB HYDROCHLORIDE,,,,,,,UNIAGRO,SHANDONG WEIFANG,
FLUOPYRAM + TRIFLOXYSTROBINE,LUNA SENSATION,ATLAS AGRICOLE,BAYER CROPSCIENCE,FLUOPYRAM,FLUOPYRAM,FLUOPYRAM,TRIFLOXYSTROBINE,TRIFLOXYSTROBINE,TRIFLOXYSTROBINE,,,,,,,ATLAS AGRICOLE,BAYER CROPSCIENCE,
FLUOPYRAM + TEBUCONAZOLE,LUNA EXPERIENCE 400 SC,SEPCM,BAYER CROPSCIENCE,FLUOPYRAM,FLUOPYRAM,FLUOPYRAM,TEBUCONAZOLE,TEBUCONAZOLE,TEBUCONAZOLE,,,,,,,SEPCM,BAYER CROPSCIENCE,
FLUOPYRAM + TEBUCONAZOLE,MOON EXPERIENCE SC,ATLAS AGRICOLE,BAYER CROPSCIENCE,FLUOPYRAM,FLUOPYRAM,FLUOPYRAM,TEBUCONAZOLE,TEBUCONAZOLE,TEBUCONAZOLE,,,,,,,ATLAS,BAYER CROPSCIENCE,
FLUOPYRAM,VELUM PRIME 400 SC,ATLAS AGRICOLE,BAYER AG,FLUOPYRAM,FLUOPYRAM,FLUOPYRAM,,,,,,,,,,ATLAS,BAYER AG,
FLUOXASTROBINE + TEBUCONAZOLE,EVITO T,EL MOUSSEM AGRICOLE,ARYSTA LIFESCIENCE/UPL,FLUOXASTROBINE,FLUOXASTROBINE,FLUOXASTROBINE,TEBUCONAZOLE,TEBUCONAZOLE,TEBUCONAZOLE,,,,,,,EL MOUSSEM,ARYSTA LIFESCIENCE UPL,
FLUOXASTROBINE + PROPAMOCARB HYDROCHLORIDE,EVITO P,EL MOUSSEM,ARYSTA LIFESCIENCE/ UPL,FLUOXASTROBINE,FLUOXASTROBINE,FLUOXASTROBINE,PROPAMOCARB HYDROCHLORIDE,PROPAMOCARB HYDROCHLORIDE,PROPAMOCARB HYDROCHLORIDE,,,,,,,EL MOUSSEM,ARYSTA LIFESCIENCE UPL,
FLUOXASTROBINE,EVITO 480 SC,EL MOUSSEM AGRICOLE,ARYSTA LIFESCIENCE/UPL,FLUOXASTROBINE,FLUOXASTROBINE,FLUOXASTROBINE,,,,,,,,,,EL MOUSSEM,ARYSTA LIFESCIENCE UPL,
FLUPYRADIFURONE,SIVANTO PRIME 200 SL,ATLAS AGRICOLE,BAYER A.G,FLUPYRADIFURONE,FLUPYRADIFURONE,FLUPYRADIFURONE,,,,,,,,,,ATLAS,BAYER A G,
FLUROXYPYR,KEYNYL HERBICIDE EC,ETSMEZGHANI,INDUSTRIALQUIMICAKEY,FLUROXYPYR,FLUROXYPYR,FLUROXYPYR,,,,,,,,,,ETSMEZGHANI,INDUSTRIALQUIMICAKEY,
FLUROXYPYR +CLOPYRALID,KINVARA ME,AGRIPROTEC,BRACLAY,FLUROXYPYR,FLUROXYPYR,FLUROXYPYR,CLOPYRALID,CLOPYRALID,CLOPYRALID,,,,,,,AGRIPROTEC,BRACLAY,
FLUROXYPYR +CLOPYRALID,VEGA EC,AGRIMED DISTRIBUTION,SHARDA CROPCHEM,FLUROXYPYR,FLUROXYPYR,FLUROXYPYR,CLOPYRALID,CLOPYRALID,CLOPYRALID,,,,,,,AGRIMED DISTRIBUTION,SHADRA CROPCHEM,
FLUROXYPYR (ESTER1-METHYLHEPTYL),FLUROSTAR 200,AGROSYSTEMES,GLOBACHEM,FLUROXYPYR (ESTER1-METHYLHEPTYL),FLUROXYPYR (ESTER1-METHYLHEPTYL),FLUROXYPYR (ESTER1-METHYLHEPTYL),,,,,,,,,,AGROSYSTEMES,GLOBACHEM,
FLUTRIAFOL + THIABENDAZOLE,VINCIT F,AGRIPROTEC,CHEMINOVA,FLUTRIAFOL,FLUTRIAFOL,FLUTRIAFOL,THIABENDAZOLE,THIABENDAZOLE,THIABENDAZOLE,,,,,,,AGRIPROTEC,CHEMINOVA,Not Approved
FLUTRIAFOL + TÉBUCONAZOLE,POINTER DUO,AGROSYSTEMES,CHEMINOVA/FMC,FLUTRIAFOL,FLUTRIAFOL,FLUTRIAFOL,TÉBUCONAZOLE,TÉBUCONAZOLE,TEBUCONAZOLE,,,,,,,AGROSYSTEMES,CHEMINOVA FMC,Not Approved
FLUTRIAFOL,FLUTRI 125 SC,RAYEN PHYTAGRI,SHARDA,FLUTRIAFOL,FLUTRIAFOL,FLUTRIAFOL,,,,,,,,,,RAYEN PHYTAGRI,SHARDA,Not Approved
FLUTRIAFOL,IMPACT S,AGRIPROTEC,CHEMINOVA/FMC,FLUTRIAFOL,FLUTRIAFOL,FLUTRIAFOL,,,,,,,,,,AGRIPROTEC,CHEMINOVA FMC,Not Approved
FLUTRIAFOL,RADIKAL SC,AGRIMED DISTRIBUTION,SHARDA,FLUTRIAFOL,FLUTRIAFOL,FLUTRIAFOL,,,,,,,,,,AGRIMED DISTRIBUTION,SHARDA,Not Approved
FLUXAMETAMIDE,GRACIA 100 EC,AGRIMATCO,NISSAN CHEMICAL CORPORATION,FLUXAMETAMIDE,FLUXAMETAMIDE,FLUXAMETAMIDE,,,,,,,,,,AGRIMATCO,NISSAN CORPORATION,Not Approved
FLUXAPYROXAD + PYRACLOSTROBINE,PRIAXOR SE,COTUGRAIN IMPEX,BASF,FLUXAPYROXAD,FLUXAPYROXAD,FLUXAPYROXAD (XEMIUM),PYRACLOSTROBINE,PYRACLOSTROBINE,PYRACLOSTROBINE,,,,,,,COTUGRAIN IMPEX,BASF,
FLUXAPYROXAD + DIFENOCONAZOLE,SERCADIS PLUS SC,AGRIPROTEC,BASF,FLUXAPYROXAD,FLUXAPYROXAD,FLUXAPYROXAD (XEMIUM),DIFENOCONAZOLE,DIFENOCONAZOLE,DIFENOCONAZOLE,,,,,,,AGRIPROTEC,BASF,
FOLPEL +BENALAXYL +CYMOXANIL,CIFOXIL WP,PROMOCHIMIE,SIPCAM INAGRA,FOLPEL,FOLPEL,FOLPEL,BENALAXYL,BENALAXYL,BENALAXYL,CYMOXANIL,CYMOXANIL,CYMOXANIL,,,,PROMOCHIMIE,SIPCAM INAGRA,Not Approved
FOLPEL +BENALAXYL +CYMOXANIL,FOBECI,INNOVA,SIPCAM INAGRA,FOLPEL,FOLPEL,FOLPEL,BENALAXYL,BENALAXYL,BENALAXYL,CYMOXANIL,CYMOXANIL,CYMOXANIL,,,,INNOVA,SIPCAM INAGRA,Not Approved
FOLPET+ FOSÉTHYL-AL,MIKAL FLASH,SEPCM,BAYER CROPSCIENCE,FOLPET,FOLPET,FOLPEL,FOSÉTHYL-AL,FOSÉTHYL-AL,FOSETHYL-AL,,,,,,,SEPCM,BAYER CROPSCIENCE,
FOSETHYL AL + FOLPEL + IPROVALICARBE,CASSIOPEE WG,PROMOCHIMIE,BAYER AG,FOSETHYL AL,FOSETHYL AL,FOSETHYL-AL,FOLPEL,FOLPEL,FOLPEL,IPROVALICARBE,IPROVALICARBE,IPROVALICARBE,,,,PROMOCHIMIE,BAYER AG,
FOSETHYL-AL +SULFATE DE CUIVRE TRIBASIQUE,OPTIX R WG,BIOPROTECTION,UPL,FOSETHYL-AL,FOSETHYL-AL,FOSETHYL-AL,SULFATE DE CUIVRE TRIBASIQUE,SULFATE DE CUIVRE TRIBASIQUE,SULFATE DE CUIVRE TRIBASIQUE,,,,,,,BIOPROTECTION,UPL,
FOSETHYL-AL + CYMOXANIL + FOLPEL,ANTEOR FLASH,ATLAS AGRICOLE,BAYER AG,FOSETHYL-AL,FOSETHYL-AL,FOSETHYL-AL,CYMOXANIL,CYMOXANIL,CYMOXANIL,FOLPEL,FOLPEL,FOLPEL,,,,ATLAS,BAYER AG,
FOSETHYL-AL + CYMOXANIL + FOLPEL,BELKAP EXTRA,AGROSYSTEMES,PROBELTE,FOSETHYL-AL,FOSETHYL-AL,FOSETHYL-AL,CYMOXANIL,CYMOXANIL,CYMOXANIL,FOLPEL,FOLPEL,FOLPEL,,,,AGROSYSTEMES,PROBELTE,
FOSETHYL-AL +CYMOXANIL +FOLPET,FOSBEL EXTRA,AGRIPROTEC,PROBELTE,FOSETHYL-AL,FOSETHYL-AL,FOSETHYL-AL,CYMOXANIL,CYMOXANIL,CYMOXANIL,FOLPET,FOLPET,FOLPEL,,,,AGRIPROTEC,PROBELTE,
FOSETHYL-AL +CYMOXANIL +FOLPET,KATANGA TRIPLE WP,NEGANOR,PROPLAN,FOSETHYL-AL,FOSETHYL-AL,FOSETHYL-AL,CYMOXANIL,CYMOXANIL,CYMOXANIL,FOLPET,FOLPET,FOLPEL,,,,NEGANOR,PROPLAN,
FOSETHYL-AL +CYMOXANIL +FOLPET,MAGMA TRIPLE,EL KHADRA,INDUSTRIAS AFRAZA/ALBAUGH EUROPE SARL,FOSETHYL-AL,FOSETHYL-AL,FOSETHYL-AL,CYMOXANIL,CYMOXANIL,CYMOXANIL,FOLPET,FOLPET,FOLPEL,,,,EL KHADRA,INDUSTRIAS AFRAZA ALBAUGH EUROPE,
FOSÉTHYL-AL,ALIAL,AGRIPROTEC,PROPLAN,FOSÉTHYL-AL,FOSÉTHYL-AL,FOSETHYL-AL,,,,,,,,,,AGRIPROTEC,PROPLAN,
FOSÉTHYL-AL,ALIETTE EXPRESS,SEPCM,BAYER CROPSCIENCE,FOSÉTHYL-AL,FOSÉTHYL-AL,FOSETHYL-AL,,,,,,,,,,SEPCM,BAYER CROPSCIENCE,
FOSÉTHYL-AL,FILAL,EL KHADRA,AFRASA,FOSÉTHYL-AL,FOSÉTHYL-AL,FOSETHYL-AL,,,,,,,,,,EL KHADRA,AFRASA,
FOSETYL –AL,ALLUM WG,EL MOUSSEM AGRICOLE,NUFARM,FOSETYL –AL,FOSETYL –AL,FOSETHYL-AL,,,,,,,,,,EL MOUSSEM,NUFARM,
FOSETYL –AL,ALU-VITE WP,TASMID,LIMIN CHEMICAL CO.LTD,FOSETYL –AL,FOSETYL –AL,FOSETHYL-AL,,,,,,,,,,TASMID,LIMIN,
FOSETYL –AL,LOTUS,SANABEL AGRO,NUFARM,FOSETYL –AL,FOSETYL –AL,FOSETHYL-AL,,,,,,,,,,SANABEL AGRO,NUFARM,
FOSETYL ALUMINIUM,CLEANER WP,FERTITECH,HANGZHOU TOPAGRO BIOSCIENCE,FOSETYL ALUMINIUM,FOSETYL ALUMINIUM,FOSETHYL-AL,,,,,,,,,,FERTITECH,HANGZHOU TOPAGRO BIOSCIENCE,
FOSETYL-AL,KEYFOL 80 WP,ETS MEZGHANI,LIMIN CHEMICAL CO.LTD,FOSETYL-AL,FOSETYL-AL,FOSETHYL-AL,,,,,,,,,,ETS MEZGHANI,LIMIN,
FOSTETYL –ALUMINIUM,STIN 80 WP,PLANETE VERTE,ASTRANOVA,FOSTETYL –ALUMINIUM,FOSTETYL –ALUMINIUM,FOSETHYL-AL,,,,,,,,,,PLANETE VERTE,ASTRANOVA,
GAMMA-CYHALOTHRINE,VANTEX,AGROSYSTEMES,FMC,GAMMA-CYHALOTHRINE,GAMMA-CYHALOTHRINE,GAMMA-CYHALOTHRINE,,,,,,,,,,AGROSYSTEMES,FMC,Not Approved
GARLIC EXTRACT,NEM GUARD SC,STIMA,ECOSPRAY LIMITED,GARLIC EXTRACT,GARLIC EXTRACT,GARLIC EXTRACT,,,,,,,,,,STIMA,ECOSPRAY,
GLUFOSINATE D'ALUMINIUM,GLUFOSAM SL,SHARDA CROCHEM TUNISIE,SHARDA CROPCHEM,GLUFOSINATE D'ALUMINIUM,GLUFOSINATE D'ALUMINIUM,GLUFOSINATE D'ALUMINIUM,,,,,,,,,,SHARDA CROCHEM,SHARDA CROPCHEM,Not Approved
GLYPHOSATE + OXYFLUORFÈNE,BROUT,SEPCM,AAKO,GLYPHOSATE,GLYPHOSATE,GLYPHOSATE,OXYFLUORFÈNE,OXYFLUORFÈNE,OXYFLUORFENE,,,,,,,SEPCM,AAKO,
GLYPHOSATE,AGRIATECH,AGROSYSTEMES,AGRIA SA,GLYPHOSATE,GLYPHOSATE,GLYPHOSATE,,,,,,,,,,AGROSYSTEMES,AGRIA SA,
GLYPHOSATE,BLANCA,COTUGRAIN IMPEX,SHARDA WORLD WIDE,GLYPHOSATE,GLYPHOSATE,GLYPHOSATE,,,,,,,,,,COTUGRAIN IMPEX,SHARDA WORLD WIDE,
GLYPHOSATE,BUGGY,INNOVA,SIPCAM INGARA,GLYPHOSATE,GLYPHOSATE,GLYPHOSATE,,,,,,,,,,SOCOOPEC,SIPCAM INGARA,
GLYPHOSATE,CIBLE,AGRIPROTEC,NUFARM,GLYPHOSATE,GLYPHOSATE,GLYPHOSATE,,,,,,,,,,AGRIPROTEC,NUFARM,
GLYPHOSATE,CLINIC,EL MOUSSEMAGRI,NUFARM,GLYPHOSATE,GLYPHOSATE,GLYPHOSATE,,,,,,,,,,EL MOUSSEMAGRI,NUFARM,
GLYPHOSATE,DISS,PROTAGRI,UNITED PHOSPHORUS,GLYPHOSATE,GLYPHOSATE,GLYPHOSATE,,,,,,,,,,PROTAGRI,UNITED PHOSPHORUS,
GLYPHOSATE,DRAGON,FERTITECH,SHARDA CROPCHEM LT,GLYPHOSATE,GLYPHOSATE,GLYPHOSATE,,,,,,,,,,FERTITECH,SHARDA CROPCHEM LT,
GLYPHOSATE,FORTIN,ETS MEZGHANI,INDUSTRLQUIMICAKEY,GLYPHOSATE,GLYPHOSATE,GLYPHOSATE,,,,,,,,,,ETS MEZGHANI,INDUSTRLQUIMICAKEY,
GLYPHOSATE,GLISO 360,EL KHADRA,SIPCAM INGARA,GLYPHOSATE,GLYPHOSATE,GLYPHOSATE,,,,,,,,,,EL KHADRA,SIPCAM INGARA,
GLYPHOSATE,GLITAN,COTUGRAIN IMPEX,ALCOTAN,GLYPHOSATE,GLYPHOSATE,GLYPHOSATE,,,,,,,,,,COTUGRAIN IMPEX,ALCOTAN,
GLYPHOSATE,GLYCEL,AGRIMATCO,EXCEL CROP CARE/SUMITOMO CHEMICAL,GLYPHOSATE,GLYPHOSATE,GLYPHOSATE,,,,,,,,,,AGRIMATCO,EXCEL CARE SUMITOMO,
GLYPHOSATE,GLYFAST 450 SL,AGRIPROTEC,BRACLAY CHEMICALS,GLYPHOSATE,GLYPHOSATE,GLYPHOSATE,,,,,,,,,,AGRIPROTEC,BRACLAY,
GLYPHOSATE,GLYFOSTAR,SLDA,SHARDA CROPCHEM LTD,GLYPHOSATE,GLYPHOSATE,GLYPHOSATE,,,,,,,,,,SLDA,SHARDA CROPCHEM,
GLYPHOSATE,GLYPHO-CAP,NEGANOR FFT,HOCKLEY INTERNATIONAL LIMITED,GLYPHOSATE,GLYPHOSATE,GLYPHOSATE,,,,,,,,,,NEGANOR FFT,HOCKLEY INTERNATIONAL,
GLYPHOSATE,GLYPHOGAN,SOCOOPEC,AAKO,GLYPHOSATE,GLYPHOSATE,GLYPHOSATE,,,,,,,,,,SOCOOPEC,AAKO,
GLYPHOSATE,GLYPHOS,AGROSYSTEMES,CHEMINOVA,GLYPHOSATE,GLYPHOSATE,GLYPHOSATE,,,,,,,,,,AGROSYSTEMES,CHEMINOVA,
GLYPHOSATE,GLYPHOTEC,STEC,AAKO BV,GLYPHOSATE,GLYPHOSATE,GLYPHOSATE,,,,,,,,,,STEC,AAKO BV,
GLYPHOSATE,GLYSTER,SANABEL AGRO,SINON CORPORATION,GLYPHOSATE,GLYPHOSATE,GLYPHOSATE,,,,,,,,,,SANABEL AGRO,SINON CORPORATION,
GLYPHOSATE,GLYWEED,ATLAS INDUSTRIE,COROMANDEL LTD,GLYPHOSATE,GLYPHOSATE,GLYPHOSATE,,,,,,,,,,ATLAS INDUSTRIE,COROMANDEL LTD,
GLYPHOSATE,KLEEN UP,BIOPROTECTION,NUFARM,GLYPHOSATE,GLYPHOSATE,GLYPHOSATE,,,,,,,,,,BIOPROTECTION,NUFARM,
GLYPHOSATE,MAMBA 360 SL,INNOVA,DOW AGROSCIENCES,GLYPHOSATE,GLYPHOSATE,GLYPHOSATE,,,,,,,,,,INNOVA,DOW AGROSCIENCES,
GLYPHOSATE,MAYNOZATE,AMINCO,AGRIA SA,GLYPHOSATE,GLYPHOSATE,GLYPHOSATE,,,,,,,,,,AMINCO,AGRIA SA,
GLYPHOSATE,NASA 36 SL,SOCOOPEC,ZENITH CROPSCIENCES/AGRIA,GLYPHOSATE,GLYPHOSATE,GLYPHOSATE,,,,,,,,,,SOCOOPEC,ZENITH CROPSCIENCES AGRIA,
GLYPHOSATE,PHARON,INNOVA,NUFARM S.A,GLYPHOSATE,GLYPHOSATE,GLYPHOSATE,,,,,,,,,,INNOVA,NUFARM S A,
GLYPHOSATE,TAYARA,EL MOUSSEM AGRI,NUFARM AMERICAS,GLYPHOSATE,GLYPHOSATE,GLYPHOSATE,,,,,,,,,,EL MOUSSEM AGRI,NUFARM AMERICAS,
GLYPHOSATE,WEED KILLER,EL KHADRA,SHARDA WORLD WIDE,GLYPHOSATE,GLYPHOSATE,GLYPHOSATE,,,,,,,,,,EL KHADRA,SHARDA WORLD WIDE,
GLYPHOSATE +CARFENTRAZONE-ETHYL,AFFINEX,COTUGRAIN IMPEX,FMC,GLYPHOSATE,GLYPHOSATE,GLYPHOSATE,CARFENTRAZONE-ETHYL,CARFENTRAZONE-ETHYL,CARFENTRAZONE-ETHYL,,,,,,,COTUGRAIN IMPEX,FMC,
HALAUXIFEN-METHYL +AMINOPYRALID +CLOQUINTOCET –MEXYL,TREZAK EC,EL BARAKA AGRICOLE,DOW AGROSCIENCE,HALAUXIFEN-METHYL,HALAUXIFEN-METHYL,HALAUXIFEN-METHYL,AMINOPYRALID,AMINOPYRALID,AMINOPYRALID,CLOQUINTOCET –MEXYL,CLOQUINTOCET –MEXYL,CLOQUINTOCET –MEXYL,,,,EL BARAKA,DOW AGROSCIENCE,
HELICOVERPA ARMIGERA NUCLEOPOLYHEDROVIRUS,BOLLDEX SC,ALOHA AGRICULTURE,ANDERMATT BIOCONTROL,HELICOVERPA ARMIGERA NUCLEOPOLYHEDROVIRUS,HELICOVERPA ARMIGERA NUCLEOPOLYHEDROVIRUS,HELICOVERPA ARMIGERA NUCLEOPOLYHEDROVIRUS,,,,,,,,,,ALOHA,ANDERMATT BIOCONTROL,
HEXYTHIAZOX,ACRUX SC,AGROSYSTEMES,ASCENZA AGRO,HEXYTHIAZOX,HEXYTHIAZOX,HEXYTHIAZOX,,,,,,,,,,AGROSYSTEMES,ASCENZA AGRO,
HEXYTHIAZOX,CESAR,EL MOUSSEM AGRICOLE,"NIPPON SODA CO., LTD",HEXYTHIAZOX,HEXYTHIAZOX,HEXYTHIAZOX,,,,,,,,,,EL MOUSSEM,NIPPON SODA,
HEXYTHIAZOX,DIABLO,EL KHADHRA,INDUSTRIAS AFRAZA/ALBAUGH EUROPE SARL,HEXYTHIAZOX,HEXYTHIAZOX,HEXYTHIAZOX,,,,,,,,,,EL KHADHRA,INDUSTRIAS AFRAZA / ALBAUGH EUROPE,
HEXYTHIAZOX,DIABLO MAX SC,EL KHADRA,INDUSTRIAS AFRAZA/ALBAU GH EUROPE SARL,HEXYTHIAZOX,HEXYTHIAZOX,HEXYTHIAZOX,,,,,,,,,,EL KHADRA,INDUSTRIAS AFRAZA ALBAU GH EUROPE,
HEXYTHIAZOX,EXITOX,ETS MEZGHANI,INDUSTRIAL QUIMICA KEY,HEXYTHIAZOX,HEXYTHIAZOX,HEXYTHIAZOX,,,,,,,,,,ETS MEZGHANI,INDUSTRIAL QUIMICA KEY,
HEXYTHIAZOX,JALISCO,AGRIPROTEC,PROPLAN/QUME TICA AGRICULTURAL SOLUTIONS SPAIN SLU,HEXYTHIAZOX,HEXYTHIAZOX,HEXYTHIAZOX,,,,,,,,,,AGRIPROTEC,PROPLAN QUME TICA AGRICULTURAL SOLUTIONS SPAIN SLU,
HEXYTHIAZOX +ABAMECTINE,ROCINANTE,AGRIPROTEC,PROPLAN/QUME TICA AGRICULTURAL SOLUTIONS SPAIN SLU,HEXYTHIAZOX,HEXYTHIAZOX,HEXYTHIAZOX,ABAMECTINE,ABAMECTINE,ABAMECTINE,,,,,,,AGRIPROTEC,PROPLAN QUME TICA AGRICULTURAL SOLUTIONS SPAIN SLU,
HUILE D’ESSENCE D’ORANGE,OLEORA EC,BIOPROTECTION,UPL,HUILE D’ESSENCE D’ORANGE,HUILE D’ESSENCE D’ORANGE,HUILE D’ESSENCE D’ORANGE,,,,,,,,,,BIOPROTECTION,UPL,
HUILE DE COLZA,CODACIDE EO,AGRIMATCO,MIROCIDE LTD,HUILE DE COLZA,HUILE DE COLZA,HUILE DE COLZA,,,,,,,,,,AGRIMATCO,MIROCIDE,
HUILE DE PARAFFINE,OVIPRON TOP,BIOPROTECTION,UPL,HUILE DE PARAFFINE,HUILE DE PARAFFINE,HUILE DE PARAFFINE,,,,,,,,,,BIOPROTECTION,UPL,
HUILE DE PARAFFINIQUE,AGROIL BLEU EC,PROMOCHIMIE,SIPCAM INAGRA,HUILE DE PARAFFINIQUE,HUILE DE PARAFFINIQUE,HUILE PARAFINIQUE,,,,,,,,,,PROMOCHIMIE,SIPCAM INAGRA,
HUILE DE PARAFFINIQUE,LAINCOIL EC,FERTITECH,LAINCO,HUILE DE PARAFFINIQUE,HUILE DE PARAFFINIQUE,HUILE PARAFINIQUE,,,,,,,,,,FERTITECH,LAINCO,
HUILE DE PARAFFINIQUE,OLEO CAP EC,NEGANOR,LAINCO,HUILE DE PARAFFINIQUE,HUILE DE PARAFFINIQUE,HUILE PARAFINIQUE,,,,,,,,,,NEGANOR,LAINCO,
HUILE ESSENTIELLE DE THYM (THYMOL),NOPATH EW,NUTRIPLANT,KOPPERT BIOLOGICAL SYSTEM,HUILE ESSENTIELLE DE THYM (THYMOL),HUILE ESSENTIELLE DE THYM (THYMOL),HUILE ESSENTIELLE DE THYM (THYMOL),,,,,,,,,,NUTRIPLANT,KOPPERT BIOLOGICAL SYSTEM,
HUILE MINÉRALE,CITROLE,EL MOUSSEM AGRICOLE,TOTALENERGIES FLUIDES,HUILE MINÉRALE,HUILE MINÉRALE,HUILE MINERALE,,,,,,,,,,EL MOUSSEM,TOTALENERGIES FLUIDES,
HUILE MINÉRALE,INSECTICIDA KEY,ETS MEZGHANI,INDUSTRIALQUIMICA KEY,HUILE MINÉRALE,HUILE MINÉRALE,HUILE MINERALE,,,,,,,,,,ETS MEZGHANI,INDUSTRIALQUIMICA KEY,
HUILE MINÉRALE,LUMIERE EC,COTUGRAIN,TOTALENERGIES FLUIDES A TRAVERS KOPPERT,HUILE MINÉRALE,HUILE MINÉRALE,HUILE MINERALE,,,,,,,,,,COTUGRAIN,TOTALENERGIES FLUIDES A TRAVERS KOPPERT,
HUILE MINÉRALE,OVIPHYT,ATLAS INDUSTRIE,COMPTOIR COMMERCIAL DES LUBRIFIANTS/S ANGOSSE,HUILE MINÉRALE,HUILE MINÉRALE,HUILE MINERALE,,,,,,,,,,ATLAS INDUSTRIE,COMPTOIR COMMERCIAL DES LUBRIFIANTS S ANGOSSE,
HUILE MINÉRALE,PETROIL,SOCOOPEC,PETRONAS LUBRICANTS,HUILE MINÉRALE,HUILE MINÉRALE,HUILE MINERALE,,,,,,,,,,SOCOOPEC,PETRONAS LUBRICANTS,
HUILE MINÉRALE,PLANT OIL,STE EL KHADRA,INDUSTRIAS AFRAZA/ALBAU GH EUROPE SARL,HUILE MINÉRALE,HUILE MINÉRALE,HUILE MINERALE,,,,,,,,,,STE EL KHADRA,INDUSTRIAS AFRAZA ALBAU GH EUROPE,
HUILE MINÉRALE,SUNOIL,AGRIMATCO,PETRONAS LUBRICANTS BELGIUM NV,HUILE MINÉRALE,HUILE MINÉRALE,HUILE MINERALE,,,,,,,,,,AGRIMATCO,PETRONAS LUBRICANTS BELGIUM NV,
HUILE NON IONIQUE,GARAL EC,SOLAGRI,SYNGENTA,HUILE NON IONIQUE,HUILE NON IONIQUE,HUILE NON IONIQUE,,,,,,,,,,SOLAGRI,SYNGENTA,
HUILE PARAFINIQUE,SUSPRAY,SEPCM,COMPTOIR COMMERCIAL DES LUBRIFIANTS,HUILE PARAFINIQUE,HUILE PARAFINIQUE,HUILE PARAFINIQUE,,,,,,,,,,SEPCM,COMPTOIR COMMERCIAL DES LUBRIFIANTS,
HYDROLYSAT DE PROTÉINES,CERABAIT,EL MOUSSEM,EVIE MICHAAILIDES,HYDROLYSAT DE PROTÉINES,HYDROLYSAT DE PROTÉINES,HYDROLYSAT DE PROTEINES,,,,,,,,,,EL MOUSSEM,EVIE MICHAAILIDES,
HYDROLYSAT DE PROTÉINES,HYDROLYSAT-PROT,STEC,INDUSTRIAL QUIMICA KEY,HYDROLYSAT DE PROTÉINES,HYDROLYSAT DE PROTÉINES,HYDROLYSAT DE PROTEINES,,,,,,,,,,STEC,INDUSTRIAL QUIMICA KEY,
HYDROLYSAT DE PROTÉINES,LYSATEX,SEPCM,SYNTHRON SAS,HYDROLYSAT DE PROTÉINES,HYDROLYSAT DE PROTÉINES,HYDROLYSAT DE PROTEINES,,,,,,,,,,SEPCM,SYNTHRON,
HYDROLYSAT DE PROTÉINES,PROTEINKEY,ETS.MEZGHANI,INDUSTRIAL QUIMICA KEY,HYDROLYSAT DE PROTÉINES,HYDROLYSAT DE PROTÉINES,HYDROLYSAT DE PROTEINES,,,,,,,,,,ETS MEZGHANI,INDUSTRIAL QUIMICA KEY,
HYDROLYSAT DE PROTÉINES+BORAX,CERATRAP (EN BOUTEILLES OU/ET EN PIÈGES JAUNES),BIOPROTECTION,BIOEBERICA S.A,HYDROLYSAT DE PROTÉINES,HYDROLYSAT DE PROTÉINES,HYDROLYSAT DE PROTEINES,BORAX,BORAX,BORAX,,,,,,,BIOPROTECTION,BIOEBERICA S A,Not Approved
HYDROXYDE DE CUIVRE,BLUE SHIELD 25 WG,SOLAGRI,ALBAUGH.LLC,HYDROXYDE DE CUIVRE,HYDROXYDE DE CUIVRE,HYDROXYDE DE CUIVRE,,,,,,,,,,SOLAGRI,ALBAUGH,
HYDROXYDE DE CUIVRE,COPPER PROGRESS,AGROSYSTEMES,SPEISS URANIA/COSACO GMBH,HYDROXYDE DE CUIVRE,HYDROXYDE DE CUIVRE,HYDROXYDE DE CUIVRE,,,,,,,,,,AGROSYSTEMES,SPEISS URANIA COSACO,
HYDROXYDE DE CUIVRE,HIDROCURE WG,FERTITECH,ALINTRA,HYDROXYDE DE CUIVRE,HYDROXYDE DE CUIVRE,HYDROXYDE DE CUIVRE,,,,,,,,,,FERTITECH,ALINTRA,
HYDROXYDE DE CUIVRE,PATROL 50 WP,AMINCO,SPEISS URANIA/COSACO GMBH,HYDROXYDE DE CUIVRE,HYDROXYDE DE CUIVRE,HYDROXYDE DE CUIVRE,,,,,,,,,,AMINCO,SPEISS URANIA COSACO,
HYDROXYDE DE CUIVRE +MÉTALAXYL,CYCLO-R-LIQUIDE,EL KHADRA,INDUSTRIAS AFRASA,HYDROXYDE DE CUIVRE,HYDROXYDE DE CUIVRE,HYDROXYDE DE CUIVRE,MÉTALAXYL,MÉTALAXYL,METALAXYL,,,,,,,EL KHADRA,INDUSTRIAS AFRASA,
HYDROXYDE DE CUIVRE (400 G/L DE CUIVRE MÉTAL),HELIOCUIVRE,BIOPROTECTION,ACTION PIN/AAKO,HYDROXYDE DE CUIVRE (400 G/L DE CUIVRE MÉTAL),HYDROXYDE DE CUIVRE (400 G/L DE CUIVRE MÉTAL),HYDROXYDE DE CUIVRE,,,,,,,,,,BIOPROTECTION,ACTION PIN AAKO,
HYMEXAZOLE,TACHIGAREN,AGRIPROTEC,"MITSUI CHEMICALS AGRO,INC",HYMEXAZOLE,HYMEXAZOLE,HYMEXAZOLE,,,,,,,,,,AGRIPROTEC,MITSUI AGRO,
IMIDACHLOPRIDE + LAMBDA CYALOTHRINE,JUDOKA GOLD,SANABEL AGRO,ROTAM AGOCHEMICALS,IMIDACHLOPRIDE,IMIDACHLOPRIDE,IMIDACHLOPRIDE,LAMBDA CYALOTHRINE,LAMBDA CYALOTHRINE,LAMBADA CYHALOTHRINE,,,,,,,SANABEL AGRO,ROTAM AGOCHEMICALS,Not Approved
IMIDACLOPRID+TEBUCONAZOLE,GIZMO SUPER FS,AGRIPROTEC,NUFARM,IMIDACLOPRID,IMIDACLOPRID,IMIDACHLOPRIDE,TEBUCONAZOLE,TEBUCONAZOLE,TEBUCONAZOLE,,,,,,,AGRIPROTEC,NUFARM,Not Approved
IMIDACLOPRIDE,CONFIDOR,PROMOCHIMIE,BAYER CROPSCIENCE,IMIDACLOPRIDE,IMIDACLOPRIDE,IMIDACHLOPRIDE,,,,,,,,,,PROMOCHIMIE,BAYER CROPSCIENCE,Not Approved
IMIDACLOPRIDE + LAMBDA-CYHALOTHRINE,KILTER,BIOPROTECTION,NUFARM,IMIDACLOPRIDE,IMIDACLOPRIDE,IMIDACHLOPRIDE,LAMBDA-CYHALOTHRINE,LAMBDA-CYHALOTHRINE,LAMBADA CYHALOTHRINE,,,,,,,BIOPROTECTION,NUFARM,Not Approved
INDAZIFLAM,ALION 500 SC,PROMOCHIMIE,BAYER,INDAZIFLAM,INDAZIFLAM,INDAZIFLAM,,,,,,,,,,PROMOCHIMIE,BAYER,Not Approved
INDOXACARB,HOPROLE XTRA,DELTA AGRICOLE PLUS,SHANDONG WEIFANG RAINBOW CHEMICAL,INDOXACARB,INDOXACARB,INDOXACARB,,,,,,,,,,DELTA PLUS,SHANDONG WEIFANG RAINBOW,Not Approved
INDOXACARB,INDO SUPER SC,STÉ ELKHADRA,NINGBO SUNJOY AGROSCIENCE CO .LTD,INDOXACARB,INDOXACARB,INDOXACARB,,,,,,,,,,STE ELKHADRA,NINGBO SUNJOY AGROSCIENCE,Not Approved
INDOXACARB,INDOXAL XTRA WDG,AGRINOVA,AGROBEATS TECH CHINE,INDOXACARB,INDOXACARB,INDOXACARB,,,,,,,,,,AGRINOVA,AGROBEATS TECH CHINE,Not Approved
INDOXACARB,PIXEL SC,FERTITECH,TOPAGRO BIOSCIENCE,INDOXACARB,INDOXACARB,INDOXACARB,,,,,,,,,,FERTITECH,TOPAGRO BIOSCIENCE,Not Approved
INDOXACARB,POTER,PROTAGRI,NANJING AGROCHEMICA L,INDOXACARB,INDOXACARB,INDOXACARB,,,,,,,,,,PROTAGRI,NANJING AGROCHEMICA L,Not Approved
INDOXACARB,VEROX WDG,SANABEL AGRO,AGROBEATS TECH CHINE,INDOXACARB,INDOXACARB,INDOXACARB,,,,,,,,,,SANABEL AGRO,AGROBEATS TECH CHINE,Not Approved
INDOXACARBE,AVAUNT,SEPCM,DU PONT/FMC,INDOXACARBE,INDOXACARBE,INDOXACARB,,,,,,,,,,SEPCM,DU PONT FMC,Not Approved
INDOXACARBE,OXAL SC,NEGANOR,JINGBOAGROCHEMICALS TECHNOLOGIE,INDOXACARBE,INDOXACARBE,INDOXACARB,,,,,,,,,,NEGANOR,JINGBOAGROCHEMICALS TECHNOLOGIE,Not Approved
INDOXACARBE,STARCARB,SSCC,GARDA CHEMICAL,INDOXACARBE,INDOXACARBE,INDOXACARB,,,,,,,,,,SSCC,GARDA,Not Approved
INDOXACARBE,TALENT 150 SC,ETS MEZGHANI,ASTRACHEM,INDOXACARBE,INDOXACARBE,INDOXACARB,,,,,,,,,,ETS MEZGHANI,ASTRACHEM,Not Approved
INDOXACARBE,VAULENT,TASMID,ASTRACHEM,INDOXACARBE,INDOXACARBE,INDOXACARB,,,,,,,,,,TASMID,ASTRACHEM,Not Approved
IODOSULFURON +MESOSULFURON +MEFENPYR,ATLANTIS,ATLAS AGRICOLE,BAYER CROPSCIENCE,IODOSULFURON,IODOSULFURON,IODOSULFURON,MESOSULFURON,MESOSULFURON,MESOSULFURON-METHYL (MESOMAX),MEFENPYR,MEFENPYR,MEFENPYR,,,,ATLAS,BAYER CROPSCIENCE,
IPRODIONE,APRODONE,LIEN AGRICOLE,SHARDA,IPRODIONE,IPRODIONE,IPRODIONE,,,,,,,,,,LIEN,SHARDA,Not Approved
IPRODIONE,CLUSTER,RAYEN PHYTAGRI,DIACHEM S.P.A,IPRODIONE,IPRODIONE,IPRODIONE,,,,,,,,,,RAYEN PHYTAGRI,DIACHEM S P A,Not Approved
IPRODIONE,DRIZA WG,EL KHADRA,INDSUTRIAS,IPRODIONE,IPRODIONE,IPRODIONE,,,,,,,,,,EL KHADRA,INDSUTRIAS,Not Approved
IPRODIONE,FUGIX SC,EL KHADRA,SIPCAM INAGRA,IPRODIONE,IPRODIONE,IPRODIONE,,,,,,,,,,EL KHADRA,SIPCAM INAGRA,Not Approved
IPRODIONE,ICARO,INNOVA,SIPCAM INAGRA,IPRODIONE,IPRODIONE,IPRODIONE,,,,,,,,,,INNOVA,SIPCAM INAGRA,Not Approved
IPRODIONE,ROVRALAQUAFLO,COTUGRAIN IMPEX,FMC,IPRODIONE,IPRODIONE,IPRODIONE,,,,,,,,,,COTUGRAIN IMPEX,FMC,Not Approved
IPRODIONE,SABUESO,AGRIPROTEC,PROPLAN,IPRODIONE,IPRODIONE,IPRODIONE,,,,,,,,,,AGRIPROTEC,PROPLAN,Not Approved
IPRODIONE,SINPRO SC,SANABEL AGRO,SINON,IPRODIONE,IPRODIONE,IPRODIONE,,,,,,,,,,SANABEL AGRO,SINON,Not Approved
IPROVALICARBE + OXYCHLORURE DE CUIVRE,POSITRON 49,ATLAS AGRICOLE,BAYER CROPSCIENCE,IPROVALICARBE,IPROVALICARBE,IPROVALICARBE,OXYCHLORURE DE CUIVRE,OXYCHLORURE DE CUIVRE,OXYCHLORURE DE CUIVRE,,,,,,,ATLAS,BAYER CROPSCIENCE,
ISOFETAMID,KENJA SC,AGRIPROTEC,ISK BIOSCIENCES EUROPE N.V(FABRICANT)/UPL(FOURNISSEUR),ISOFETAMID,ISOFETAMID,ISOFETAMID,,,,,,,,,,AGRIPROTEC,ISK BIOSCIENCES EUROPE N V FABRICANT UPL FOURNISSEUR,
KEROMONE 42.5 ML ACETATE D'ETHYLE,WEEVIL MAGNET (KEROMONE),BIOPROTECTION,CHEMTICA INTERNATIONAL,KEROMONE 42.5 ML ACETATE D'ETHYLE,KEROMONE 42.5 ML ACETATE D'ETHYLE,ACETATE D'ETHYLE,,,,,,,,,,BIOPROTECTION,CHEMTICA INTERNATIONAL,
KINETIN,X-CYTE SL,NUTRIPLANT,STOLLER EUROPE,KINETIN,KINETIN,KINETIN,,,,,,,,,,NUTRIPLANT,STOLLER EUROPE,
KREOXIM-METHYL,SUGOBY WG,RAYEN PHYTAGRI,"LAINCO ,S,A/ESPAGNE",KREOXIM-METHYL,KREOXIM-METHYL,KREOXIM-METHYL,,,,,,,,,,RAYEN PHYTAGRI,LAINCO S A ESPAGNE,
KRÉSOXIM-METHYL + DIFENOCONAZOLE,DECIBEL MAX WG,AGROSYSTEMES,ASCENZA GRO S.APORTUGAL,KRÉSOXIM-METHYL,KRÉSOXIM-METHYL,KREOXIM-METHYL,DIFENOCONAZOLE,DIFENOCONAZOLE,DIFENOCONAZOLE,,,,,,,AGROSYSTEMES,ASCENZA GRO S APORTUGAL,
KRÉSOXIM-MÉTHYL,ALLIAGE DF,AGRIMATCO,BASF,KRÉSOXIM-MÉTHYL,KRÉSOXIM-MÉTHYL,KREOXIM-METHYL,,,,,,,,,,AGRIMATCO,BASF,
KRÉSOXIM-MÉTHYL,ARIANE WG,FERTITECH,HANGZHOU TOPAGRO BIOSCIENCE/CHINE,KRÉSOXIM-MÉTHYL,KRÉSOXIM-MÉTHYL,KREOXIM-METHYL,,,,,,,,,,FERTITECH,HANGZHOU TOPAGRO BIOSCIENCE CHINE,
KRÉSOXIM-MÉTHYL,KRESOXYSTAR 350SC,ETS MEZGHANI,ANHUI HUAXING CHEMICAL INDUSTRY CO.LTD/CHINE(NANJINGAGROCHEM,KRÉSOXIM-MÉTHYL,KRÉSOXIM-MÉTHYL,KREOXIM-METHYL,,,,,,,,,,ETS MEZGHANI,ANHUI HUAXING INDUSTRY CHINE NANJINGAGROCHEM,
KRÉSOXIM-MÉTHYL,QUIMERA WG,EL KHADRA,INDUSTRIAS AFRAZA/ALBAUGH EUROPE SARL,KRÉSOXIM-MÉTHYL,KRÉSOXIM-MÉTHYL,KREOXIM-METHYL,,,,,,,,,,EL KHADRA,INDUSTRIAS AFRAZA ALBAUGH EUROPE,
KRÉSOXIM-MÉTHYL,STROBY DF,STIMA,BASF,KRÉSOXIM-MÉTHYL,KRÉSOXIM-MÉTHYL,KREOXIM-METHYL,,,,,,,,,,STIMA,BASF,
LAMBADA CYHALOTHRINE,KAISO 5%,EL MOUSSEM AGRICOLE,NUFARM,LAMBADA CYHALOTHRINE,LAMBADA CYHALOTHRINE,LAMBADA CYHALOTHRINE,,,,,,,,,,EL MOUSSEM,NUFARM,
LAMBADA CYHALOTHRINE,KEMPO EG,BIOPROTECTION,NUFARM,LAMBADA CYHALOTHRINE,LAMBADA CYHALOTHRINE,LAMBADA CYHALOTHRINE,,,,,,,,,,BIOPROTECTION,NUFARM,
LAMBDA CYHALOTHRIN,JUDO,STIMA,SHARDA,LAMBDA CYHALOTHRIN,LAMBDA CYHALOTHRIN,LAMBADA CYHALOTHRINE,,,,,,,,,,STIMA,SHARDA,
LAMBDA CYHALOTHRIN,POWER WDG,FERTITECH,SHARDA,LAMBDA CYHALOTHRIN,LAMBDA CYHALOTHRIN,LAMBADA CYHALOTHRINE,,,,,,,,,,FERTITECH,SHARDA,
LAMBDA-CYHALOTHRINE,ALLEYA ME,EL KHADRA,AUGUST INC/CORPORATE,LAMBDA-CYHALOTHRINE,LAMBDA-CYHALOTHRINE,LAMBADA CYHALOTHRINE,,,,,,,,,,EL KHADRA,AUGUST CORPORATE,
LAMBDA-CYHALOTHRINE,BREAK ME SC,EL KHADRA,AUGUST INC/CORPORATE,LAMBDA-CYHALOTHRINE,LAMBDA-CYHALOTHRINE,LAMBADA CYHALOTHRINE,,,,,,,,,,EL KHADRA,AUGUST CORPORATE,
LAMBDA-CYHALOTHRINE,EXPERT,SANABEL AGRO,SHARDA WORLDWIDE,LAMBDA-CYHALOTHRINE,LAMBDA-CYHALOTHRINE,LAMBADA CYHALOTHRINE,,,,,,,,,,SANABEL AGRO,SHARDA WORLDWIDE,
LAMBDA-CYHALOTHRINE,JACKPOT,SANABEL AGRO,ROTAM AGROCHEMICALS,LAMBDA-CYHALOTHRINE,LAMBDA-CYHALOTHRINE,LAMBADA CYHALOTHRINE,,,,,,,,,,SANABEL AGRO,ROTAM,
LAMBDA-CYHALOTHRINE,KARATÉ 10 CS ZEON,AGRIPROTEC,SYNGENTA,LAMBDA-CYHALOTHRINE,LAMBDA-CYHALOTHRINE,LAMBADA CYHALOTHRINE,,,,,,,,,,AGRIPROTEC,SYNGENTA,
LAMBDA-CYHALOTHRINE,KUNG FU,SOLAGRI,SYNGENTA,LAMBDA-CYHALOTHRINE,LAMBDA-CYHALOTHRINE,LAMBADA CYHALOTHRINE,,,,,,,,,,SOLAGRI,SYNGENTA,
LAMBDA-CYHALOTHRINE,LAMBDATROL,AGRIPROTEC,SIPCAM INAGRA,LAMBDA-CYHALOTHRINE,LAMBDA-CYHALOTHRINE,LAMBADA CYHALOTHRINE,,,,,,,,,,AGRIPROTEC,SIPCAM INAGRA,
LAMBDA-CYHALOTHRINE,MARKATE,AMINCO,GLOBACHEM,LAMBDA-CYHALOTHRINE,LAMBDA-CYHALOTHRINE,LAMBADA CYHALOTHRINE,,,,,,,,,,AMINCO,GLOBACHEM,
LAMBDA-CYHALOTHRINE,POINTER100 CS,INNOVA,SIPCAM INAGRA,LAMBDA-CYHALOTHRINE,LAMBDA-CYHALOTHRINE,LAMBADA CYHALOTHRINE,,,,,,,,,,INNOVA,SIPCAM INAGRA,
LAMBDA-CYHALOTHRINE,RAVANE,AGROSYSTEMES,GLOBACHEM,LAMBDA-CYHALOTHRINE,LAMBDA-CYHALOTHRINE,LAMBADA CYHALOTHRINE,,,,,,,,,,AGROSYSTEMES,GLOBACHEM,
LAMBDA-CYHALOTHRINE,SIAL ME,NEGANOR FFT,AUGUST INC/CORPORATE,LAMBDA-CYHALOTHRINE,LAMBDA-CYHALOTHRINE,LAMBADA CYHALOTHRINE,,,,,,,,,,NEGANOR FFT,AUGUST CORPORATE,
LAMINARIN,VACCIPLANT,EL MOUSSEM,GOEMAR SAS/ARYSTA/UPL,LAMINARIN,LAMINARIN,LAMINARIN,,,,,,,,,,EL MOUSSEM,GOEMAR ARYSTA UPL,
LENACIL,VENZAR,SEPCM,FMC,LENACIL,LENACIL,LENACIL,,,,,,,,,,SEPCM,FMC,
LINURON,AFALON 50 L SC,SEPCM,AAKO BV,LINURON,LINURON,LINURON,,,,,,,,,,SEPCM,AAKO BV,Not Approved
LUFENURON,CIGNA 50 EC,COTUGRAIN IMPEX,SYNGENTA,LUFENURON,LUFENURON,LUFENURON,,,,,,,,,,COTUGRAIN IMPEX,SYNGENTA,Not Approved
LUFENURON,LIBERO,NEGANOR,JINGBO AGROCHEMICALS,LUFENURON,LUFENURON,LUFENURON,,,,,,,,,,NEGANOR,JINGBO,Not Approved
MALATHION,FYFANON 50,SEPCM,CHEMINOVA,MALATHION,MALATHION,MALATHION,,,,,,,,,,SEPCM,CHEMINOVA,
MALATHION,KEYTHION,ETS MEZGHANI,INDUSTRIAL QUIMICA KEY,MALATHION,MALATHION,MALATHION,,,,,,,,,,ETS MEZGHANI,INDUSTRIAL QUIMICA KEY,
MALATHION,MALATHION 96,SEPCM,CHEMINOVA,MALATHION,MALATHION,MALATHION,,,,,,,,,,SEPCM,CHEMINOVA,
MANCOZÉBE,MANCOFLASH,RAYEN PHYTAGRI,INDOFIL,MANCOZÉBE,MANCOZÉBE,MANCOZEBE,,,,,,,,,,RAYEN PHYTAGRI,INDOFIL,Not Approved
MANCOZÈBE,MAYNOZEBE,AMINCO,AGRIA SA,MANCOZÈBE,MANCOZÈBE,MANCOZEBE,,,,,,,,,,AMINCO,AGRIA SA,Not Approved
MANCOZÈBE,TRIZIMAN 80,AGRIPROTEC,UPL,MANCOZÈBE,MANCOZÈBE,MANCOZEBE,,,,,,,,,,AGRIPROTEC,UPL,Not Approved
MANDIPROPAMID + OXATHIAPIPROLIN,ORONDIS ULTRA280 SC,COTUGRAIN,SYNGENTA CROP PROTECTION,MANDIPROPAMID,MANDIPROPAMID,MANDIPROPAMIDE,OXATHIAPIPROLIN,OXATHIAPIPROLIN,OXATHIAPIPROLIN,,,,,,,COTUGRAIN,SYNGENTA,
MANDIPROPAMIDE,AMPHORE SC,SOLAGRI,SYNGENTA,MANDIPROPAMIDE,MANDIPROPAMIDE,MANDIPROPAMIDE,,,,,,,,,,SOLAGRI,SYNGENTA,
MANDIPROPAMIDE,REVUS 250 SC,EL MOUSSEM AGRICOLE,SYNGENTA,MANDIPROPAMIDE,MANDIPROPAMIDE,MANDIPROPAMIDE,,,,,,,,,,EL MOUSSEM,SYNGENTA,
MANDIPROPAMIDE + CHLOROTHALONIL,CARIAL OPTI,BIOPROTECTION,SYNGENTA,MANDIPROPAMIDE,MANDIPROPAMIDE,MANDIPROPAMIDE,CHLOROTHALONIL,CHLOROTHALONIL,CHLOROTHALONIL,,,,,,,BIOPROTECTION,SYNGENTA,Not Approved
MANDIPROPAMIDE + DIFENOCONAZOLE,CARIAL TOP,BIOPROTECTION,SYNGENTA,MANDIPROPAMIDE,MANDIPROPAMIDE,MANDIPROPAMIDE,DIFENOCONAZOLE,DIFENOCONAZOLE,DIFENOCONAZOLE,,,,,,,BIOPROTECTION,SYNGENTA,
MANDIPROPAMIDE + MANCOZEBE,AMPHORE GOLD WG,SOLAGRI,SYNGENTA,MANDIPROPAMIDE,MANDIPROPAMIDE,MANDIPROPAMIDE,MANCOZEBE,MANCOZEBE,MANCOZEBE,,,,,,,SOLAGRI,SYNGENTA,Not Approved
MANDIPROPAMIDE + MANCOZEBE,PERGADO MZ 65 WG,AGRIPROTEC,SYNGENTA,MANDIPROPAMIDE,MANDIPROPAMIDE,MANDIPROPAMIDE,MANCOZEBE,MANCOZEBE,MANCOZEBE,,,,,,,AGRIPROTEC,SYNGENTA,Not Approved
MANÈBE,MANKEY,ETS. MEZGHANI,INDUST. QUIMICA KEY,MANÈBE,MANÈBE,MANEBE,,,,,,,,,,ETS MEZGHANI,INDUST QUIMICA KEY,Not Approved
MANÈBE,PLANTINEB 80WP,SANABEL AGRO,UPL,MANÈBE,MANÈBE,MANEBE,,,,,,,,,,SANABEL AGRO,UPL,Not Approved
MANÈBE,RIDANÈBE,SEPCM,CEREXAGRI/UPL,MANÈBE,MANÈBE,MANEBE,,,,,,,,,,SEPCM,CEREXAGRI UPL,Not Approved
MANÈBE,TRIMANGOL,STEC,CEREXAGRI,MANÈBE,MANÈBE,MANEBE,,,,,,,,,,STEC,CEREXAGRI,Not Approved
MANIPROPAMIDE +ZOXAMID,AMPEXIO WG,BIOPROTECTION,SYNGENTA,MANIPROPAMIDE,MANIPROPAMIDE,MANIPROPAMIDE,ZOXAMID,ZOXAMID,ZOXAMIDE,,,,,,,BIOPROTECTION,SYNGENTA,
MANIPROPAMIDE + OXYCHLORURE DE CUIVRE,REVUS C,BIOPROTECTION,SYNGENTA,MANIPROPAMIDE,MANIPROPAMIDE,MANIPROPAMIDE,OXYCHLORURE DE CUIVRE,OXYCHLORURE DE CUIVRE,OXYCHLORURE DE CUIVRE,,,,,,,BIOPROTECTION,SYNGENTA,
MEFENTRIFLUCONAZOLE + PYRACLOSTROBIN,REVYCARE EC,AGRIPROTEC,BASF,MEFENTRIFLUCONAZOLE,MEFENTRIFLUCONAZOLE,MEFENTRIFLUCONAZOLE,PYRACLOSTROBIN,PYRACLOSTROBIN,PYRACLOSTROBINE,,,,,,,AGRIPROTEC,BASF,
MEFENTRIFLUCONAZOLE,REVYSTAR EC,AGRIMATCO,BASF,MEFENTRIFLUCONAZOLE,MEFENTRIFLUCONAZOLE,MEFENTRIFLUCONAZOLE,,,,,,,,,,AGRIMATCO,BASF,
MEFENTRIFLUCONAZOLE+FLUXAPYROXADE,REVYTREX EC,BIOPROTECTION,BASF,MEFENTRIFLUCONAZOLE,MEFENTRIFLUCONAZOLE,MEFENTRIFLUCONAZOLE,FLUXAPYROXADE,FLUXAPYROXADE,FLUXAPYROXAD (XEMIUM),,,,,,,BIOPROTECTION,BASF,
MEFENTRIFLUCONAZOLE + FLUXAPYROXADE,VERYDOR,COTUGRAIN,BASF,MEFENTRIFLUCONAZOLE,MEFENTRIFLUCONAZOLE,MEFENTRIFLUCONAZOLE,FLUXAPYROXADE,FLUXAPYROXADE,FLUXAPYROXAD (XEMIUM),,,,,,,COTUGRAIN,BASF,
MÉSOSULFURON-MÉTHYL+IODOSULFURON – MÉTHYL SODIUM + MÉFENPYRDIÉTHYL (SAFENER),AMILCAR OD,STEC,BAYER CROPSCIENCE,MÉSOSULFURON-MÉTHYL,MÉSOSULFURON-MÉTHYL,METSULFURON METHYL,IODOSULFURON – MÉTHYL SODIUM,IODOSULFURON – MÉTHYL SODIUM,IODOSULFURON – METHYL SODIUM,MÉFENPYRDIÉTHYL (SAFENER),MÉFENPYRDIÉTHYL (SAFENER),MEFEMPYR DIETHYL,,,,STEC,BAYER CROPSCIENCE,
MÉSOSULFURON-MÉTHYL+IODOSULFURON-METHYL +MÉFENPYRDIÉTHYL,ATLANTIS OD,ATLAS AGRICOLE,BAYER CROPSCIENCE,MÉSOSULFURON-MÉTHYL,MÉSOSULFURON-MÉTHYL,METSULFURON METHYL,IODOSULFURON-METHYL,IODOSULFURON-METHYL,IODOSULFURON-METHYL,MÉFENPYRDIÉTHYL,MÉFENPYRDIÉTHYL,MEFEMPYR DIETHYL,,,,ATLAS,BAYER CROPSCIENCE,
MÉSOSULFURON-MÉTHYL(MESOMAX) +IODOSULFURON +MÉFENPYRDIÉTHYL,AMILCAR,STEC,BAYER CROPSCIENCE,MÉSOSULFURON-MÉTHYL(MESOMAX),MÉSOSULFURON-MÉTHYL(MESOMAX),MESOSULFURON-METHYL (MESOMAX),IODOSULFURON,IODOSULFURON,IODOSULFURON,MÉFENPYRDIÉTHYL,MÉFENPYRDIÉTHYL,MEFEMPYR DIETHYL,,,,STEC,BAYER CROPSCIENCE,
METAFLUMIZONE,VERSIMO 240 SC,AGRIPROTEC,BASF,METAFLUMIZONE,METAFLUMIZONE,METAFLUMIZONE,,,,,,,,,,AGRIPROTEC,BASF,Not Approved
METALAXYL + MANCOZÉBE,CYCLO WP,EL KHADRA,AFRASA,METALAXYL,METALAXYL,METALAXYL,MANCOZÉBE,MANCOZÉBE,MANCOZEBE,,,,,,,EL KHADRA,AFRASA,Not Approved
METALAXYL-M +FLUDIOXINIL + SEDAXANE,VIBRANCE MAXX FS,BIOPROTECTION,SYNGENTA,METALAXYL-M,METALAXYL-M,METALAXYL –M,FLUDIOXINIL,FLUDIOXINIL,FLUDIOXINIL,SEDAXANE,SEDAXANE,SEDAXANE,,,,BIOPROTECTION,SYNGENTA,
METALDEHYDE,ALDEM 3% GR,AGRONOMIC LAND,SHARDA,METALDEHYDE,METALDEHYDE,METALDEHYDE,,,,,,,,,,AGRONOMIC LAND,SHARDA,
METALDEHYDE,ALDEM 3% GR,EXCEL AGRI,SHARDA CROPCHEM LIMITED INDE,METALDEHYDE,METALDEHYDE,METALDEHYDE,,,,,,,,,,EXCEL AGRI,SHARDA CROPCHEM INDE,
METALDEHYDE,LIMAGRAM,EL KHADRA,SIPCAM INAGRA,METALDEHYDE,METALDEHYDE,METALDEHYDE,,,,,,,,,,EL KHADRA,SIPCAM INAGRA,
METALDEHYDE,METAX,DELTA AGRICOLE PLUS,SHARDA CROPCHEM LIMITED INDE,METALDEHYDE,METALDEHYDE,METALDEHYDE,,,,,,,,,,DELTA PLUS,SHARDA CROPCHEM INDE,
MÉTALDÉHYDE,ANTILIMACE GRANULE,SEPCM,CEQUISA S.A,MÉTALDÉHYDE,MÉTALDÉHYDE,METALDEHYDE,,,,,,,,,,SEPCM,CEQUISA S A,
MÉTALDÉHYDE,GHLALA,SANABEL AGRO,UPL,MÉTALDÉHYDE,MÉTALDÉHYDE,METALDEHYDE,,,,,,,,,,SANABEL AGRO,UPL,
MÉTALDÉHYDE,METAKEY,ETS.MEZGHANI,INDUS QUIMICAKEY,MÉTALDÉHYDE,MÉTALDÉHYDE,METALDEHYDE,,,,,,,,,,ETS MEZGHANI,INDUS QUIMICAKEY,
MÉTALDÉHYDE,METAPRO,PROTAGRI,UNITED PHOSPHORUS,MÉTALDÉHYDE,MÉTALDÉHYDE,METALDEHYDE,,,,,,,,,,PROTAGRI,UNITED PHOSPHORUS,
MÉTALDÉHYDE,SUPER META,STEC,"CEQUISA/PHOSPHONIA, SL)",MÉTALDÉHYDE,MÉTALDÉHYDE,METALDEHYDE,,,,,,,,,,STEC,CEQUISA PHOSPHONIA SL,
METAM POTASSIUM,TAMIFUME,AGRO-SYSTEMES,TAMINCO,METAM POTASSIUM,METAM POTASSIUM,METAM POTASSIUM,,,,,,,,,,AGRO SYSTEMES,TAMINCO,
MÉTAM SODIUM,FUMICAL,BIOPROTECTION,UPL/ARYSTA LIFESCIENCE,MÉTAM SODIUM,MÉTAM SODIUM,METAM SODIUM,,,,,,,,,,BIOPROTECTION,UPL ARYSTA LIFESCIENCE,
METARHIZIUMRILEYI STRAIN,NOMU-PROTEC,ALOHA,ANDERMATT PHP (PTY) AFRIQUE DE SUD,METARHIZIUMRILEYI STRAIN,METARHIZIUMRILEYI STRAIN,METARHIZIUMRILEYI STRAIN,,,,,,,,,,ALOHA,ANDERMATT PHP PTY AFRIQUE DE SUD,
METAZACHLOR +QUINMERAC,RAPSAN TDI SC,AGROSYSTEMES,GLOBACHEM,METAZACHLOR,METAZACHLOR,METAZACHLORE,QUINMERAC,QUINMERAC,QUINMERAC,,,,,,,AGROSYSTEMES,GLOBACHEM,
METAZACHLORE,TWIGA,BIOPROTECTION,AAKO BV,METAZACHLORE,METAZACHLORE,METAZACHLORE,,,,,,,,,,BIOPROTECTION,AAKO BV,
METHALDEHYDE,ESCARGOCHE,SOCOOPEC,SHARDA,METHALDEHYDE,METHALDEHYDE,METHALDEHYDE,,,,,,,,,,SOCOOPEC,SHARDA,
METHIOCARBE,MESUROL 200 SC,ATLAS AGRICOLE,BAYER CROPSCIENCE,METHIOCARBE,METHIOCARBE,METHIOCARBE,,,,,,,,,,ATLAS,BAYER CROPSCIENCE,Not Approved
MÉTHOMYL,KUIK 400 SP,SANABEL AGRO,ROTAM AGROCHEMICAL,MÉTHOMYL,MÉTHOMYL,METHOMYL,,,,,,,,,,SANABEL AGRO,ROTAM,Not Approved
MÉTHOMYL,LANNATE 20 L,SEPCM,DU PONT,MÉTHOMYL,MÉTHOMYL,METHOMYL,,,,,,,,,,SEPCM,DU PONT,Not Approved
MÉTHOMYL,LANNATE 25,SEPCM,DU PONT (TAIWAN) AGRISCIENCE/CORTEVA,MÉTHOMYL,MÉTHOMYL,METHOMYL,,,,,,,,,,SEPCM,DU PONT TAIWAN AGRISCIENCE CORTEVA,Not Approved
METHOXYFENOZIDE,RUNNER,PROMOCHIMIE,DOW AGROSCIENCES,METHOXYFENOZIDE,METHOXYFENOZIDE,METHOXYFENOZIDE,,,,,,,,,,PROMOCHIMIE,DOW AGROSCIENCES,Not Approved
METHOXYFENOZIDE,RUNNER,INNOVA,DOW AGROSCIENCES,METHOXYFENOZIDE,METHOXYFENOZIDE,METHOXYFENOZIDE,,,,,,,,,,INNOVA,DOW AGROSCIENCES,Not Approved
METIRAME DE ZINC,LUTIRAM WG,AGRIPROTEC,BASF,METIRAME DE ZINC,METIRAME DE ZINC,METIRAME DE ZINC,,,,,,,,,,AGRIPROTEC,BASF,Not Approved
METIRAME DE ZINC,POLYRAM DF,STIMA,BASF,METIRAME DE ZINC,METIRAME DE ZINC,METIRAME DE ZINC,,,,,,,,,,STIMA,BASF,Not Approved
METRAFENONE,VIVANDO,AGRIPROTEC,BASF / SBM FORMULATION,METRAFENONE,METRAFENONE,METRAFENONE,,,,,,,,,,AGRIPROTEC,BASF SBM FORMULATION,
METRIBUZINE,DANCOR 70,PROTAGRI,UPL,METRIBUZINE,METRIBUZINE,METRIBUZINE,,,,,,,,,,PROTAGRI,UPL,Not Approved
METRIBUZINE,MAESTRO 75 WG,BIOPROTECTION,AAKO,METRIBUZINE,METRIBUZINE,METRIBUZINE,,,,,,,,,,BIOPROTECTION,AAKO,Not Approved
METRIBUZINE,MAYA,SLDA,UPL,METRIBUZINE,METRIBUZINE,METRIBUZINE,,,,,,,,,,SLDA,UPL,Not Approved
METRIBUZINE,SENCOR 600SC,PROMOCHIMIE,BAYER CROPSCIENCE,METRIBUZINE,METRIBUZINE,METRIBUZINE,,,,,,,,,,PROMOCHIMIE,BAYER CROPSCIENCE,Not Approved
METRIBUZINE+ CLOMAZONE,CETUS,AGRIPROTEC,FMC,METRIBUZINE,METRIBUZINE,METRIBUZINE,CLOMAZONE,CLOMAZONE,CLOMAZONE,,,,,,,AGRIPROTEC,FMC,Not Approved
METROBROMURON,PROMAN,NEGANOR,BELCHIM CROP PROTECTION,METROBROMURON,METROBROMURON,METROBROMURON,,,,,,,,,,NEGANOR,BELCHIM,
METSULFURON MÉTHYL,ISOMEXX,AGRIPROTEC,NUFARM,METSULFURON MÉTHYL,METSULFURON MÉTHYL,METSULFURON METHYL,,,,,,,,,,AGRIPROTEC,NUFARM,
METSULFURON MÉTHYL,KARAL,BIOPROTECTION,NUFARM,METSULFURON MÉTHYL,METSULFURON MÉTHYL,METSULFURON METHYL,,,,,,,,,,BIOPROTECTION,NUFARM,
METSULFURON MÉTHYL,METSY WG,PROTAGRI,UNITED PHOSPHORUS,METSULFURON MÉTHYL,METSULFURON MÉTHYL,METSULFURON METHYL,,,,,,,,,,PROTAGRI,UNITED PHOSPHORUS,
MILBEMECTIN,MILBEKNOCK,AGRIPROTEC,"MITSUI CHEMICALS AGRO,INC",MILBEMECTIN,MILBEMECTIN,MILBEMECTIN,,,,,,,,,,AGRIPROTEC,MITSUI AGRO,
MYCLOBUTANIL,FLUANCE 125 EC,EL MOUSSEM AGRICOLE,INDOFIL INDUSTRIES LIMITED/ARISTEAS AGRO,MYCLOBUTANIL,MYCLOBUTANIL,MYCLOBUTANIL,,,,,,,,,,EL MOUSSEM,INDOFIL INDUSTRIES ARISTEAS AGRO,Not Approved
MYCLOBUTANIL,MYCLONE 24 EC,RAYENPHYTAGRI,SHARDA CROPCHEM LIMITED INDE,MYCLOBUTANIL,MYCLOBUTANIL,MYCLOBUTANIL,,,,,,,,,,RAYENPHYTAGRI,SHARDA CROPCHEM INDE,Not Approved
MYCLOBUTANIL,PROMY,AGRINOVA,SHARDA CROPCHEM LIMITED INDE,MYCLOBUTANIL,MYCLOBUTANIL,MYCLOBUTANIL,,,,,,,,,,AGRINOVA,SHARDA CROPCHEM INDE,Not Approved
MYCLOBUTANIL,SYSTHANE 240 EC,SEPCM,DOW,MYCLOBUTANIL,MYCLOBUTANIL,MYCLOBUTANIL,,,,,,,,,,SEPCM,DOW,Not Approved
NATURAL PYRETHRIN,PULSEI EC,COTUGRAIN,SPEISA SA ESPAGNE,NATURAL PYRETHRIN,NATURAL PYRETHRIN,NATURAL PYRETHRIN,,,,,,,,,,COTUGRAIN,SPEISA SA ESPAGNE,
OXAMYL,VYDATE 10 L,AGRIPROTEC,DU PONT,OXAMYL,OXAMYL,OXAMYL,,,,,,,,,,AGRIPROTEC,DU PONT,Not Approved
OXAMYL,VYDATE GR,AGRIMATCO,DUPONT,OXAMYL,OXAMYL,OXAMYL,,,,,,,,,,AGRIMATCO,DUPONT,Not Approved
OXATHIAPIPROLIN +ZOXAMIDE,ZORVEC VINABEL SE,ATLAS AGRICOLE,CORTEVA,OXATHIAPIPROLIN,OXATHIAPIPROLIN,OXATHIAPIPROLIN,ZOXAMIDE,ZOXAMIDE,ZOXAMIDE,,,,,,,ATLAS,CORTEVA,
OXATHIAPIPROLIN + FAMOXADONE,ZORVEC ENCANTIA SE,EL BARAKA,CORTEVA,OXATHIAPIPROLIN,OXATHIAPIPROLIN,OXATHIAPIPROLIN,FAMOXADONE,FAMOXADONE,FAMOXADONE,,,,,,,EL BARAKA,CORTEVA,Not Approved
OXYCHLORURE DE CUIVRE,AGROCUIVRE,AGROSYSTEMES,SPEISS,OXYCHLORURE DE CUIVRE,OXYCHLORURE DE CUIVRE,OXYCHLORURE DE CUIVRE,,,,,,,,,,AGROSYSTEMES,SPEISS,
OXYCHLORURE DE CUIVRE,VALTONEX FLOW SC,NEGANOR,IQV,OXYCHLORURE DE CUIVRE,OXYCHLORURE DE CUIVRE,OXYCHLORURE DE CUIVRE,,,,,,,,,,NEGANOR,IQV,
OXYCHLORURE DE CUIVRE,VALTOSAN WP,FERTITECH,ALINTRA-ESPAGNE,OXYCHLORURE DE CUIVRE,OXYCHLORURE DE CUIVRE,OXYCHLORURE DE CUIVRE,,,,,,,,,,FERTITECH,ALINTRA ESPAGNE,
OXYCHLORURE DE CUIVRE +CYMOXANIL,CURAME 25 WG,ATLAS AGRICOLE,MANICA SPA,OXYCHLORURE DE CUIVRE,OXYCHLORURE DE CUIVRE,OXYCHLORURE DE CUIVRE,CYMOXANIL,CYMOXANIL,CYMOXANIL,,,,,,,ATLAS,MANICA,
OXYCHLORURE DE CUIVRE + MANCOZÈBE,AFROSAN DUPLO,EL KHADRA,AFRASA,OXYCHLORURE DE CUIVRE,OXYCHLORURE DE CUIVRE,OXYCHLORURE DE CUIVRE,MANCOZÈBE,MANCOZÈBE,MANCOZEBE,,,,,,,EL KHADRA,AFRASA,Not Approved
OXYFLUORFENE,CLENOFEN 240,SANABEL AGRO,ZHEJIANG E-TONG CHEMICAL CO LTD,OXYFLUORFENE,OXYFLUORFENE,OXYFLUORFENE,,,,,,,,,,SANABEL AGRO,ZHEJIANG E-TONG CHEMICAL CO LTD,
OXYFLUORFENE,GOAL,INNOVA,DOW AGROSCIENCES,OXYFLUORFENE,OXYFLUORFENE,OXYFLUORFENE,,,,,,,,,,INNOVA,DOW AGROSCIENCES,
OXYFLUORFENE,GOAL,PROMOCHIMIE,HANGZHOU NUTRICHEM/S,OXYFLUORFENE,OXYFLUORFENE,OXYFLUORFENE,,,,,,,,,,PROMOCHIMIE,HANGZHOU NUTRICHEM S,
OXYFLUORFENE,OXISTAR 24%,SOCOOPEC,ZHEJIANG E-TONG CHEMICAL CO LTD,OXYFLUORFENE,OXYFLUORFENE,OXYFLUORFENE,,,,,,,,,,SOCOOPEC,ZHEJIANG E-TONG CHEMICAL CO LTD,
PENCONAZOLE,BUCKLER,AMINCO,GLOBACHEM,PENCONAZOLE,PENCONAZOLE,PENCONAZOLE,,,,,,,,,,AMINCO,GLOBACHEM,
PENCONAZOLE,TOPAZE 100,BIOPROTECTION,SYNGENTA,PENCONAZOLE,PENCONAZOLE,PENCONAZOLE,,,,,,,,,,BIOPROTECTION,SYNGENTA,
PENCONAZOLE,TOPENCO 100 EC,AGROSYSTEMES,GLOBACHEM,PENCONAZOLE,PENCONAZOLE,PENCONAZOLE,,,,,,,,,,AGROSYSTEMES,GLOBACHEM,
PENCYCURON,MONCEREN,PROMOCHIMIE,BAYER,PENCYCURON,PENCYCURON,PENCYCURON,,,,,,,,,,PROMOCHIMIE,BAYER,Not Approved
PENDIMETHALINE +CLOMAZON,STALLION,AGRIPROTEC,FMC,PENDIMETHALINE,PENDIMETHALINE,PENDIMETHALINE,CLOMAZON,CLOMAZON,CLOMAZONE,,,,,,,AGRIPROTEC,FMC,
PENTHIOPYRAD,KABUTO,EL MOUSSEM,"MITSUI CHEMICALS CROP&LIFESOLUTIONS,INC(FAB) / SUMMIT AGRO INTERNATIONAL LTD(FOURNISSEUR)",PENTHIOPYRAD,PENTHIOPYRAD,PENTHIOPYRAD,,,,,,,,,,EL MOUSSEM,MITSUI LIFESOLUTIONS FAB SUMMIT AGRO INTERNATIONAL FOURNISSEUR,Not Approved
PHENAMIPHOS,NEMACUR 10 G,PROMOCHIMIE,AMVAC CHEMICAL CORPORATION,PHENAMIPHOS,PHENAMIPHOS,PHENAMIPHOS,,,,,,,,,,PROMOCHIMIE,AMVAC CORPORATION,Not Approved
PHENMEDIPHAM + DESMEDOPHAM +ETHOFUMESATE,BETASANA TRIO,AGRIPROTEC,UPL LIMITED,PHENMEDIPHAM,PHENMEDIPHAM,PHENMEDIPHAM,DESMEDOPHAM,DESMEDOPHAM,DESMEDOPHAM,ETHOFUMESATE,ETHOFUMESATE,ETHOFUMESATE,,,,AGRIPROTEC,UPL,Not Approved
PHOSMET,FOSLETE 50,EL KHADHRA,SIPCAM INAGRA,PHOSMET,PHOSMET,PHOSMET,,,,,,,,,,EL KHADHRA,SIPCAM INAGRA,Not Approved
PHOSMET,IMIDAN 50 A,AGRIPROTEC,GOWAN/ESPAGNE,PHOSMET,PHOSMET,PHOSMET,,,,,,,,,,AGRIPROTEC,GOWAN ESPAGNE,Not Approved
PHOSPHURE D’AL. +PHOSPHURE D’HY.,DETIA GAS,STIMA,DETIA DEGUECH,PHOSPHURE D’AL.,PHOSPHURE D’AL.,PHOSPHURE D’AL.,PHOSPHURE D’HY.,PHOSPHURE D’HY.,PHOSPHURE D'HY.,,,,,,,STIMA,DETIA DEGUECH,
PHOSPHURE D’AL. +PHOSPHURE D’HY.,QUICKPHOS,PROTAGRI,UNITED PHOSPHORUS LTD,PHOSPHURE D’AL.,PHOSPHURE D’AL.,PHOSPHURE D’AL.,PHOSPHURE D’HY.,PHOSPHURE D’HY.,PHOSPHURE D'HY.,,,,,,,PROTAGRI,UNITED PHOSPHORUS,
PHOSPHURE DE MAGNÉSIUM +PHOSPHURE D'HY.,DEGUECH PLATE,STIMA,DETIA DEGUECH,PHOSPHURE DE MAGNÉSIUM,PHOSPHURE DE MAGNÉSIUM,PHOSPHURE DE MAGNESIUM,PHOSPHURE D'HY.,PHOSPHURE D'HY.,PHOSPHURE D'HY.,,,,,,,STIMA,DETIA DEGUECH,
PHOSPHURE DE MAGNÉSIUM +PHOSPHURE D'HY.,MAGNAPHOS,PROTAGRI,UNITED PHOSPHORUS LTD,PHOSPHURE DE MAGNÉSIUM,PHOSPHURE DE MAGNÉSIUM,PHOSPHURE DE MAGNESIUM,PHOSPHURE D'HY.,PHOSPHURE D'HY.,PHOSPHURE D'HY.,,,,,,,PROTAGRI,UNITED PHOSPHORUS,
PINOXADEN + CLODINAFOP-PROPARGYL + FLORASULAM + CLOQUINTOCET-MEXYL,SWIPE,BIOPROTECTON,SYNGENTA,PINOXADEN,PINOXADEN,PINOXADEN,CLODINAFOP-PROPARGYL,CLODINAFOP-PROPARGYL,CLODINAFOP-PROPAGYL,FLORASULAM,FLORASULAM,FLORASULAME,CLOQUINTOCET-MEXYL,CLOQUINTOCET-MEXYL,CLOQUINTOCET –MEXYL,BIOPROTECTON,SYNGENTA,
PINOXADEN +CLODINAFOP-PROPARGYL+CLOQUINTOCET-MEXYL,TRAXOSPRATIC,BIOPROTECTION,SYNGENTA,PINOXADEN,PINOXADEN,PINOXADEN,CLODINAFOP-PROPARGYL,CLODINAFOP-PROPARGYL,CLODINAFOP-PROPAGYL,CLOQUINTOCET-MEXYL,CLOQUINTOCET-MEXYL,CLOQUINTOCET –MEXYL,,,,BIOPROTECTION,SYNGENTA,
PINOXADEN + CLOQUINTOCET-MÉXYL,AXIAL PRATIC,BIOPROTECTION,SYNGENTA,PINOXADEN,PINOXADEN,PINOXADEN,CLOQUINTOCET-MÉXYL,CLOQUINTOCET-MÉXYL,CLOQUINTOCET –MEXYL,,,,,,,BIOPROTECTION,SYNGENTA,
POLYETHER MODIFIED TRISILOXANE + POLYETHER,BREAK THRU SL,ATLAS AGRICOLE,EVONIC,POLYETHER MODIFIED TRISILOXANE,POLYETHER MODIFIED TRISILOXANE,POLYETHER MODIFIED TRISILOXANE,POLYETHER,POLYETHER,POLYETHER,,,,,,,ATLAS,EVONIC,
POLYOXYETHYLENE AMINE,PHYDEAL SL,FERTIPLANT,SDP/FRANCE,POLYOXYETHYLENE AMINE,POLYOXYETHYLENE AMINE,POLYOXYETHYLENE AMINE,,,,,,,,,,FERTIPLANT,SDP,
PROCHLORAZE +TRITICONAZOLE,KINTO DUO,STIMA,BASF,PROCHLORAZE,PROCHLORAZE,PROCHLORAZE,TRITICONAZOLE,TRITICONAZOLE,TRITICONAZOLE,,,,,,,STIMA,BASF,Not Approved
PROCHLORAZE + TRITICONAZOLE,REAL SUPER,AGRIPROTEC,BASF,PROCHLORAZE,PROCHLORAZE,PROCHLORAZE,TRITICONAZOLE,TRITICONAZOLE,TRITICONAZOLE,,,,,,,AGRIPROTEC,BASF,Not Approved
PROHEXADIONE-CALCIUM,REGALIS,AGRIPROTEC,BASF,PROHEXADIONE-CALCIUM,PROHEXADIONE-CALCIUM,PROHEXADIONE-CALCIUM,,,,,,,,,,AGRIPROTEC,BASF,
PROMETRYN,GESAGARD 500 FW,BIOPROTECTION,SYNGENTA CROP PROTECTION,PROMETRYN,PROMETRYN,PROMETRYN,,,,,,,,,,BIOPROTECTION,SYNGENTA,Not Approved
PROMOCARB,OMIX 607 SL,NEGANOR,AGRIA,PROMOCARB,PROMOCARB,PROPAMOCARBE,,,,,,,,,,NEGANOR,AGRIA,
PROMOCARB,PROPAMIX SL,TASMID,AGRIA,PROMOCARB,PROMOCARB,PROPAMOCARBE,,,,,,,,,,TASMID,AGRIA,
PROMOCARB +CYMOXANIL,OMIX DUO 450 SC,NEGANOR,AGRIA,PROMOCARB,PROMOCARB,PROPAMOCARBE,CYMOXANIL,CYMOXANIL,CYMOXANIL,,,,,,,NEGANOR,AGRIA,
PROMOCARB + CYMOXANIL,PROXANIL 450 SC,BIOPROTECTION,ARYSTALIFESCIENCE,PROMOCARB,PROMOCARB,PROPAMOCARBE,CYMOXANIL,CYMOXANIL,CYMOXANIL,,,,,,,BIOPROTECTION,ARYSTALIFESCIENCE,
PROMOCARB + CYMOXANIL,RIVAL DUO 450 SC,AGRONOMIC LAND,AGRIA,PROMOCARB,PROMOCARB,PROPAMOCARBE,CYMOXANIL,CYMOXANIL,CYMOXANIL,,,,,,,AGRONOMIC LAND,AGRIA,
PROPAMOCARBE,PROMESS,JADWA AGROTEC,ARYSTA LIFE SCIENCE BENELUX / BELGIQUE/ARYSTALIFESCIENCE,PROPAMOCARBE,PROPAMOCARBE,PROPAMOCARBE,,,,,,,,,,JADWA AGROTEC,ARYSTA LIFE BENELUX BELGIQUE ARYSTALIFESCIENCE,
PROPAMOCARBE,PROMORE 722 SL,ETS MEZGHANI,ASTRACHEM,PROPAMOCARBE,PROPAMOCARBE,PROPAMOCARBE,,,,,,,,,,ETS MEZGHANI,ASTRACHEM,
PROPAMOCARBE,PROPLANT,PROTAGRI,ARYSTA LIFE SCIENCE BENELUX / BELGIQUE,PROPAMOCARBE,PROPAMOCARBE,PROPAMOCARBE,,,,,,,,,,PROTAGRI,ARYSTA LIFE BENELUX BELGIQUE,
PROPAMOCARBE +FENAMIDONE,CONSENTO 450,ATLAS AGRICOLE,BAYER CROPSCIENCE/ GOWAN CROP PROTECTION,PROPAMOCARBE,PROPAMOCARBE,PROPAMOCARBE,FENAMIDONE,FENAMIDONE,FENAMIDONE,,,,,,,ATLAS,BAYER CROPSCIENCE GOWAN,
PROPAMOCARBE + FLUOPICOLIDE,VOLARE,EL MOUSSEM AGRICOLE,BAYER AG,PROPAMOCARBE,PROPAMOCARBE,PROPAMOCARBE,FLUOPICOLIDE,FLUOPICOLIDE,FLUOPICOLIDE,,,,,,,EL MOUSSEM,BAYER AG,
PROPAMOCARBE + FOSETHYL- AL,FILEX ENERGY,ATLAS AGRICOLE,BAYER CROPSCIENCE,PROPAMOCARBE,PROPAMOCARBE,PROPAMOCARBE,FOSETHYL- AL,FOSETHYL- AL,FOSETHYL-AL,,,,,,,ATLAS,BAYER CROPSCIENCE,
PROPAMOCARBE + FOSETHYL- AL,PREVICUR ENERGY,EL MOUSSEM AGRICOLE,BAYER CROPSCIENCE,PROPAMOCARBE,PROPAMOCARBE,PROPAMOCARBE,FOSETHYL- AL,FOSETHYL- AL,FOSETHYL-AL,,,,,,,EL MOUSSEM,BAYER CROPSCIENCE,
PROPAMOCARBE +FOSETHYL-AL,PREVICUR ENERGY,EL MOUSSEM,BAYER CROPSCIENCE,PROPAMOCARBE,PROPAMOCARBE,PROPAMOCARBE,FOSETHYL-AL,FOSETHYL-AL,FOSETHYL-AL,,,,,,,EL MOUSSEM,BAYER CROPSCIENCE,
PROPAQUIZAFOP,KIFEN EC,SANABEL AGRO,SHARDA CROPCHEM LIMITED,PROPAQUIZAFOP,PROPAQUIZAFOP,PROPAQUIZAFOP,,,,,,,,,,SANABEL AGRO,SHARDA CROPCHEM,
PROPAQUIZAFOP,PRODIGE,FERTITECH,SHARDA CROPCHEM LIMITED,PROPAQUIZAFOP,PROPAQUIZAFOP,PROPAQUIZAFOP,,,,,,,,,,FERTITECH,SHARDA CROPCHEM,
PROPICONAZOLE + TEBUCONAZOLE,COLLOSAL PRO,EL KHADRA,AUGUST JSC,PROPICONAZOLE,PROPICONAZOLE,PROPICONAZOLE,TEBUCONAZOLE,TEBUCONAZOLE,TEBUCONAZOLE,,,,,,,EL KHADRA,AUGUST JSC,Not Approved
PROPICONAZOLE +TEBUCONAZOLE,COLOSSAL PRO,EL KHADRA,AUGUST CROPROTECTION,PROPICONAZOLE,PROPICONAZOLE,PROPICONAZOLE,TEBUCONAZOLE,TEBUCONAZOLE,TEBUCONAZOLE,,,,,,,EL KHADRA,AUGUST CROPROTECTION,Not Approved
PROPICONAZOLE,BANNER EC,AGRIPLUS,HEBEI VEYONG BIO- CHEMICAL CO.LTD,PROPICONAZOLE,PROPICONAZOLE,PROPICONAZOLE,,,,,,,,,,AGRIPLUS,HEBEI VEYONG BIO,Not Approved
PROPICONAZOLE,MATADOR PLUS EC,AGRIPLUS,NINGBO SUNJOY AGROSCIENCE INDUSTRY,PROPICONAZOLE,PROPICONAZOLE,PROPICONAZOLE,,,,,,,,,,AGRIPLUS,NINGBO SUNJOY AGROSCIENCE INDUSTRY,Not Approved
PROPICONAZOLE,PLAZMA,AGRIPLUS,NINGBO SUNJOY AGROSCIENCE INDUSTRY,PROPICONAZOLE,PROPICONAZOLE,PROPICONAZOLE,,,,,,,,,,AGRIPLUS,NINGBO SUNJOY AGROSCIENCE INDUSTRY,Not Approved
PROPICONAZOLE,SYTERNA EC,ETS MEZGHANI,FENGDENG USA,PROPICONAZOLE,PROPICONAZOLE,PROPICONAZOLE,,,,,,,,,,ETS MEZGHANI,FENGDENG USA,Not Approved
PROPICONAZOLE,TIFO 25 EC,FERTIPLANT,SHARDA CROPCHEM,PROPICONAZOLE,PROPICONAZOLE,PROPICONAZOLE,,,,,,,,,,FERTIPLANT,SHARDA CROPCHEM,Not Approved
PROPICONAZOLE,TILT 250,BIOPROTECTION,SYNGENTA,PROPICONAZOLE,PROPICONAZOLE,PROPICONAZOLE,,,,,,,,,,BIOPROTECTION,SYNGENTA,Not Approved
PROPICONAZOLE,VALEO 25 EC,DELTA AGRICOLE PLUS,SHARDA CROPCHEM,PROPICONAZOLE,PROPICONAZOLE,PROPICONAZOLE,,,,,,,,,,DELTA PLUS,SHARDA CROPCHEM,Not Approved
PROPICONAZOLE + CYPROCONAZOLE,ALTO SUPER,BIOPROTECTION,SYNGENTA,PROPICONAZOLE,PROPICONAZOLE,PROPICONAZOLE,CYPROCONAZOLE,CYPROCONAZOLE,CYPROCONAZOLE,,,,,,,BIOPROTECTION,SYNGENTA,Not Approved
PROPINÈBE,ANTRACOL,PROMOCHIMIE,BAYER CROPSCIENCE,PROPINÈBE,PROPINÈBE,PROPINEBE,,,,,,,,,,PROMOCHIMIE,BAYER CROPSCIENCE,Not Approved
PROPOXYCARBAZON SODIUM,ATTRIBUT 70 SG,EL MOUSSEM AGRICOLE,BAYER CROPSCIENCE,PROPOXYCARBAZON SODIUM,PROPOXYCARBAZON SODIUM,PROPOXYCARBAZON SODIUM,,,,,,,,,,EL MOUSSEM,BAYER CROPSCIENCE,
PROPYZAMIDE,CADDY SC,RAYEN PHYTAGRI,BARCLAY CHEMICALS LTD,PROPYZAMIDE,PROPYZAMIDE,PROPYZAMIDE,,,,,,,,,,RAYEN PHYTAGRI,BARCLAY,
PROPYZAMIDE,PROPER FLO SC,AGROSYSTEMES,GLOBACHEM,PROPYZAMIDE,PROPYZAMIDE,PROPYZAMIDE,,,,,,,,,,AGROSYSTEMES,GLOBACHEM,
PROPYZAMIDE,PROPYZ,AGRIPROTEC,BARCLAY CHEMICALS LTD,PROPYZAMIDE,PROPYZAMIDE,PROPYZAMIDE,,,,,,,,,,AGRIPROTEC,BARCLAY,
PROQUINAZID,TALENDO,SEPCM,DU PONT,PROQUINAZID,PROQUINAZID,PROQUINAZID,,,,,,,,,,SEPCM,DU PONT,
PROTEINES HYDROLYSÉES,BIOBAIT,BIOPROTECTION,BIOIBIRICA,PROTEINES HYDROLYSÉES,PROTEINES HYDROLYSÉES,PROTEINES HYDROLYSEES,,,,,,,,,,BIOPROTECTION,BIOIBIRICA,
PROTEINES HYDROLYSÉES,FLYRAL,AGRIPROTEC,BIOIBIRICA,PROTEINES HYDROLYSÉES,PROTEINES HYDROLYSÉES,PROTEINES HYDROLYSEES,,,,,,,,,,AGRIPROTEC,BIOIBIRICA,
PROTHIOCONAZOLE + TRIFLOXYSTROBINE,DELARO DUO SC,ATLAS AGRICOLE,BAYER CROPSCIENCE,PROTHIOCONAZOLE,PROTHIOCONAZOLE,PROTHIOCONAZOLE,TRIFLOXYSTROBINE,TRIFLOXYSTROBINE,TRIFLOXYSTROBINE,,,,,,,ATLAS,BAYER CROPSCIENCE,
PROTHIOCONAZOLE + TRIFLOXYSTROBINE,MADISON 263 SC,SEPCM,BAYER CROPSCIENCE,PROTHIOCONAZOLE,PROTHIOCONAZOLE,PROTHIOCONAZOLE,TRIFLOXYSTROBINE,TRIFLOXYSTROBINE,TRIFLOXYSTROBINE,,,,,,,SEPCM,BAYER CROPSCIENCE,
PROTHIOCONAZOLE + TEBUCONAZOLE + SPIROXAMINE,CELLO,AGRONOMIC LAND,BAYER CROPSCIENCE,PROTHIOCONAZOLE,PROTHIOCONAZOLE,PROTHIOCONAZOLE,TEBUCONAZOLE,TEBUCONAZOLE,TEBUCONAZOLE,SPIROXAMINE,SPIROXAMINE,SPIROXAMINE,,,,AGRONOMIC LAND,BAYER CROPSCIENCE,
PROTHIOCONAZOLE + TEBUCONAZOLE,KESTREL 240 EC,JADWA AGROTEC,BAYER CROPSCIENCE,PROTHIOCONAZOLE,PROTHIOCONAZOLE,PROTHIOCONAZOLE,TEBUCONAZOLE,TEBUCONAZOLE,TEBUCONAZOLE,,,,,,,JADWA AGROTEC,BAYER CROPSCIENCE,
PROTHIOCONAZOLE + TEBUCONAZOLE,PERFECTO EC,SHARDA CROPCHEM TUNISIE,SHARDA CROPCHEM,PROTHIOCONAZOLE,PROTHIOCONAZOLE,PROTHIOCONAZOLE,TEBUCONAZOLE,TEBUCONAZOLE,TEBUCONAZOLE,,,,,,,SHARDA CROPCHEM,SHARDA CROPCHEM,
PROTHIOCONAZOLE + TEBUCONAZOLE,PROSARO 250 EC,PROMOCHIMIE,BAYER CROPSCIENCE,PROTHIOCONAZOLE,PROTHIOCONAZOLE,PROTHIOCONAZOLE,TEBUCONAZOLE,TEBUCONAZOLE,TEBUCONAZOLE,,,,,,,PROMOCHIMIE,BAYER CROPSCIENCE,
PROTHIOCONAZOLE + TEBUCONAZOLE,PROTECT PLUS EC,EXCEL AGRI,SHARDA CROPCHEM,PROTHIOCONAZOLE,PROTHIOCONAZOLE,PROTHIOCONAZOLE,TEBUCONAZOLE,TEBUCONAZOLE,TEBUCONAZOLE,,,,,,,EXCEL AGRI,SHARDA CROPCHEM,
PROTHIOCONAZOLE + TEBUCONAZOLE + BIXAFEN,SKYWAY XPRO EC,PROMOCHIMIE,BAYER AG,PROTHIOCONAZOLE,PROTHIOCONAZOLE,PROTHIOCONAZOLE,TEBUCONAZOLE,TEBUCONAZOLE,TEBUCONAZOLE,BIXAFEN,BIXAFEN,BIXAFEN,,,,PROMOCHIMIE,BAYER AG,
PROTHIOCONAZOLE + TEBUCONAZOLE + SPIROXAMINE,SOLIGOR 425,ATLAS AGRICOLE,BAYER CROPSCIENCE,PROTHIOCONAZOLE,PROTHIOCONAZOLE,PROTHIOCONAZOLE,TEBUCONAZOLE,TEBUCONAZOLE,TEBUCONAZOLE,SPIROXAMINE,SPIROXAMINE,SPIROXAMINE,,,,ATLAS,BAYER CROPSCIENCE,
PROTHIOCONAZOLE,MIRAGE EC,SHARDA CROPCHEM LIMITED TUNISIE,SHARDA CROPCHEM LIMITED INDE,PROTHIOCONAZOLE,PROTHIOCONAZOLE,PROTHIOCONAZOLE,,,,,,,,,,SHARDA CROPCHEM,SHARDA CROPCHEM INDE,
PROTHIOCONAZOLE,PROTEZOLE EC,SANABEL AGRO,SHARDA CROPCHEM,PROTHIOCONAZOLE,PROTHIOCONAZOLE,PROTHIOCONAZOLE,,,,,,,,,,SANABEL AGRO,SHARDA CROPCHEM,
PROTHIOCONAZOLE + BENZOVINDIFLUPYR(SOLATENOL),CERATAVO ERA,BIOPROTECTION,SYNGENTA,PROTHIOCONAZOLE,PROTHIOCONAZOLE,PROTHIOCONAZOLE,BENZOVINDIFLUPYR (SOLATENOL),BENZOVINDIFLUPYR (SOLATENOL),BENZOVINDIFLUPYR (SOLATENOL),,,,,,,BIOPROTECTION,SYNGENTA,
PYRACLOSTROBIN +BOSCALID,CRYSTAL SC,FERTITECH,HANGZHOU,PYRACLOSTROBIN,PYRACLOSTROBIN,PYRACLOSTROBINE,BOSCALID,BOSCALID,BOSCALID,,,,,,,FERTITECH,HANGZHOU,
PYRACLOSTROBIN + BOSCALID,FOXTON 30 SC,AGRIMATCO,"LOATINGYOLOO BIO-TECHNOLOGY CO ,LTD/CHINE",PYRACLOSTROBIN,PYRACLOSTROBIN,PYRACLOSTROBINE,BOSCALID,BOSCALID,BOSCALID,,,,,,,AGRIMATCO,LOATINGYOLOO BIO TECHNOLOGY CHINE,
PYRACLOSTROBIN + BOSCALID,MIRACLE WDG,SHARDA CROPCHEM TUNISIE,SHARDA CROPCHEM LIMITED,PYRACLOSTROBIN,PYRACLOSTROBIN,PYRACLOSTROBINE,BOSCALID,BOSCALID,BOSCALID,,,,,,,SHARDA CROPCHEM,SHARDA CROPCHEM,
PYRACLOSTROBIN +FENPROPIMORPH,COMET PLUS EC,AGRIPROTEC,BASF,PYRACLOSTROBIN,PYRACLOSTROBIN,PYRACLOSTROBINE,FENPROPIMORPH,FENPROPIMORPH,FENPROPIMORPHE,,,,,,,AGRIPROTEC,BASF,Not Approved
PYRACLOSTROBIN +FLUXAPYROXAD,ORKESTRA SC,BIOPROTECTION,BASF,PYRACLOSTROBIN,PYRACLOSTROBIN,PYRACLOSTROBINE,FLUXAPYROXAD,FLUXAPYROXAD,FLUXAPYROXAD (XEMIUM),,,,,,,BIOPROTECTION,BASF,
PYRACLOSTROBINE +TEBUCONAZOLE,PILARTEP SC,RAYEN PHYTAGRI,PILARQUIIM (JIANGSU) CO.LTD CHINE,PYRACLOSTROBINE,PYRACLOSTROBINE,PYRACLOSTROBINE,TEBUCONAZOLE,TEBUCONAZOLE,TEBUCONAZOLE,,,,,,,RAYEN PHYTAGRI,PILARQUIIM JIANGSU CHINE,
PYRACLOSTROBINE,BAUXIT,STIMA,BASF,PYRACLOSTROBINE,PYRACLOSTROBINE,PYRACLOSTROBINE,,,,,,,,,,STIMA,BASF,
PYRACLOSTROBINE + DIMOTOMORPHE,CABRIO DUO,AGRIPROTEC,BASF,PYRACLOSTROBINE,PYRACLOSTROBINE,PYRACLOSTROBINE,DIMOTOMORPHE,DIMOTOMORPHE,DIMETHOMOPHE,,,,,,,AGRIPROTEC,BASF,Not Approved
PYRACLOSTROBINE +EPOXICONAZOLE,FAVIA MAX,COTUGRAIN IMPEX,BASF,PYRACLOSTROBINE,PYRACLOSTROBINE,PYRACLOSTROBINE,EPOXICONAZOLE,EPOXICONAZOLE,EPOXICONAZOLE,,,,,,,COTUGRAIN IMPEX,BASF,Not Approved
PYRACLOSTROBINE+EPOXICONAZOLE,RETENGO PLUS EC,RAYEN PHYTAGRI,BASF,PYRACLOSTROBINE,PYRACLOSTROBINE,PYRACLOSTROBINE,EPOXICONAZOLE,EPOXICONAZOLE,EPOXICONAZOLE,,,,,,,RAYEN PHYTAGRI,BASF,Not Approved
PYRACLOSTROBINE METCONAZOLE,OPTIMO DUO EC,AGRIPROTEC,BASF,PYRACLOSTROBINE METCONAZOLE,PYRACLOSTROBINE METCONAZOLE,PYRACLOSTROBINE METCONAZOLE,,,,,,,,,,AGRIPROTEC,BASF,
PYRADABEN,RHAMSES 20 WP,PLANETE VERTE,ASTRANOVA,PYRADABEN,PYRADABEN,PYRADABEN,,,,,,,,,,PLANETE VERTE,ASTRANOVA,
PYRAFLUFEN-ETHYL,VOLCAN EC,ATLAS AGRICOLE,SPICAM INAGRA SA,PYRAFLUFEN-ETHYL,PYRAFLUFEN-ETHYL,PYRAFLUFEN-ETHYL,,,,,,,,,,ATLAS,SPICAM INAGRA SA,
PYRÉTHRINE,ABANTO 40 EC,EL KHADRA,INDUSTRIAS AFRAZA/ALBAUGH EUROPE SARL,PYRÉTHRINE,PYRÉTHRINE,PYRETHRINE,,,,,,,,,,EL KHADRA,INDUSTRIAS AFRAZA ALBAUGH EUROPE,
PYRETHRINES,KRISANT EC,PROMOCHIMIE,SIPCAM INGRA ESPAGNE,PYRETHRINES,PYRETHRINES,PYRETHRINE,,,,,,,,,,PROMOCHIMIE,SIPCAM INGRA ESPAGNE,
PYRETHRINS,PIRECRIS,ATLAS AGRICOLE,SEIPASAS.A,PYRETHRINS,PYRETHRINS,PYRETHRINE,,,,,,,,,,ATLAS,SEIPASAS A,
PYRETHRINS,PIRETRO VERDE,STIMA,COPYR S.P.A,PYRETHRINS,PYRETHRINS,PYRETHRINE,,,,,,,,,,STIMA,COPYR S P A,
PYRIDABÈNE,NEXTER 10 SC,AGRIPROTEC,NISSAN CHEMICAL CORPORATION/ BASF,PYRIDABÈNE,PYRIDABÈNE,PYRIDABENE,,,,,,,,,,AGRIPROTEC,NISSAN CORPORATION BASF,
PYRIDALYL,SUMIPLEO50EC,AGRIMATCO,SUMITOMO,PYRIDALYL,PYRIDALYL,PYRIDALYL,,,,,,,,,,AGRIMATCO,SUMITOMO,Not Approved
PYRIFLUQUINAZON,RYCAR SC,EL KHADRA,SIPCAM INAGRAS,PYRIFLUQUINAZON,PYRIFLUQUINAZON,PYRIFLUQUINAZON,,,,,,,,,,EL KHADRA,SIPCAM INAGRAS,Not Approved
PYRIMETHANIL,LAITANE SC,RAYEN PHYTAGRI,"LAINCO ,S,A/ESPAGNE",PYRIMETHANIL,PYRIMETHANIL,PYRIMETHANIL,,,,,,,,,,RAYEN PHYTAGRI,LAINCO S A ESPAGNE,
PYRIMÉTHANIL,PYRAMIDE,EXCEL AGRI,SHARDA CROPCHEM LIMITED INDE,PYRIMÉTHANIL,PYRIMÉTHANIL,PYRIMETHANIL,,,,,,,,,,EXCEL AGRI,SHARDA CROPCHEM INDE,
PYRIMÉTHANIL,PYRMA SC,SHARDA CROPCHEM LIMITED TUNISIE,SHARDA CROPCHEM LIMITED INDE,PYRIMÉTHANIL,PYRIMÉTHANIL,PYRIMETHANIL,,,,,,,,,,SHARDA CROPCHEM,SHARDA CROPCHEM INDE,
PYRIMÉTHANIL,PYRUS 400 SC,STEC,UPL,PYRIMÉTHANIL,PYRIMÉTHANIL,PYRIMETHANIL,,,,,,,,,,STEC,UPL,
PYRIMICARBE,PIRI,AGROSYSTEMES,GLOBACHEM,PYRIMICARBE,PYRIMICARBE,PYRIMICARBE,,,,,,,,,,AGROSYSTEMES,GLOBACHEM,
PYRIMICARBE,TORNADO,AMINCO,GLOBACHEM,PYRIMICARBE,PYRIMICARBE,PYRIMICARBE,,,,,,,,,,AMINCO,GLOBACHEM,
PYRIMIPHOS METHYL,ACTELLIC,AGRIPROTEC,SYNGENTA,PYRIMIPHOS METHYL,PYRIMIPHOS METHYL,PYRIMIPHOS METHYL,,,,,,,,,,AGRIPROTEC,SYNGENTA,
PYRIOFENONE,KUSABI SC,AGRIPROTEC,ISK BIOSCIENCES EUROPE N.V/UPL,PYRIOFENONE,PYRIOFENONE,PYRIOFENONE,,,,,,,,,,AGRIPROTEC,ISK BIOSCIENCES EUROPE N V UPL,
PYRIPROXYFEN,MAGIC EC,FERTITECH,HANGZHOU TOPAGRO BIOSCIENCE,PYRIPROXYFEN,PYRIPROXYFEN,PYRIPROXYFENE,,,,,,,,,,FERTITECH,HANGZHOU TOPAGRO BIOSCIENCE,
PYRIPROXYFENE,BRAI EC,RAYEN PHYTAGRI,LAINCO SA,PYRIPROXYFENE,PYRIPROXYFENE,PYRIPROXYFENE,,,,,,,,,,RAYEN PHYTAGRI,LAINCO SA,
PYRIPROXYFENE,MULIGAN,AGRIPROTEC,PROPLAN,PYRIPROXYFENE,PYRIPROXYFENE,PYRIPROXYFENE,,,,,,,,,,AGRIPROTEC,PROPLAN,
PYRIPROXYFENE,PROXIMO EC,EL KHADRA,INDUSTRIAS,PYRIPROXYFENE,PYRIPROXYFENE,PYRIPROXYFENE,,,,,,,,,,EL KHADRA,INDUSTRIAS,
PYROXASULFONE,YAMATO 85 WG,AGRIMATCO,KUMAI CHEMICAL INDUSTRY,PYROXASULFONE,PYROXASULFONE,PYROXASULFONE,,,,,,,,,,AGRIMATCO,KUMAI INDUSTRY,Not Approved
PYROXSULAM,PALLAS 45 OD,SEPCM,DOW AGROSCIENCES,PYROXSULAM,PYROXSULAM,PYROXSULAM,,,,,,,,,,SEPCM,DOW AGROSCIENCES,
PYROXSULAM,PRIORITY,ATLAS AGRICOLE,DOW AGROSCIENCES,PYROXSULAM,PYROXSULAM,PYROXSULAM,,,,,,,,,,ATLAS,DOW AGROSCIENCES,
PYROXSULAM +FLORASULAM +CLOQUINTOCETMEXYL,FLORAMIX,SEPCM,DOW AGROSCIENCES,PYROXSULAM,PYROXSULAM,PYROXSULAM,FLORASULAM,FLORASULAM,FLORASULAME,CLOQUINTOCETMEXYL,CLOQUINTOCETMEXYL,CLOQUINTOCET –MEXYL,,,,SEPCM,DOW AGROSCIENCES,
PYTHIUM OLIGANDRUM,POLYVERSUM,FERTIPLANT,BIOPREPARATY,PYTHIUM OLIGANDRUM,PYTHIUM OLIGANDRUM,PYTHIUM OLIGANDRUM,,,,,,,,,,FERTIPLANT,BIOPREPARATY,
QUIZALOFOP –P-ETHYL,JAGUAR 100 EC,EL KHADRA,"JIANGSU FENGSHAN GROUP CO,LTD/NANJING FENGSHAN CHEMICAL",QUIZALOFOP –P-ETHYL,QUIZALOFOP –P-ETHYL,QUIZALOFOP –P-ETHYL,,,,,,,,,,EL KHADRA,JIANGSU FENGSHAN GROUP NANJING FENGSHAN,
QUIZALOFOP –P-ETHYL,SYMBA EC,AGRIPLUS,"JIANGSU FENGSHAN GROUP CO,LTD",QUIZALOFOP –P-ETHYL,QUIZALOFOP –P-ETHYL,QUIZALOFOP –P-ETHYL,,,,,,,,,,AGRIPLUS,JIANGSU FENGSHAN GROUP,
REYNOUTRIA SACHALINENSIS,REYSANA,BIOPROTECTION,ELEPHANT VERT EUROPE SA,REYNOUTRIA SACHALINENSIS,REYNOUTRIA SACHALINENSIS,REYNOUTRIA SACHALINENSIS,,,,,,,,,,BIOPROTECTION,ELEPHANT VERT EUROPE SA,Pending
S-METOLACHLOR,DUAL GOLD 960 EC,AGRIPROTEC,SYNGENTA,S-METOLACHLOR,S-METOLACHLOR,S-METOLACHLOR,,,,,,,,,,AGRIPROTEC,SYNGENTA,Not Approved
S-METOLACHLOR,TENDER 960 EC,SOLAGRI,SYNGENTA,S-METOLACHLOR,S-METOLACHLOR,S-METOLACHLOR,,,,,,,,,,SOLAGRI,SYNGENTA,Not Approved
SAFLUFENACIL,HEAT,AGRIPROTEC,BASF CORPORATION,SAFLUFENACIL,SAFLUFENACIL,SAFLUFENACIL,,,,,,,,,,AGRIPROTEC,BASF CORPORATION,Not Approved
SIMAZINE,SIMAKEY,ETS MEZGHANI,INDUSTRIAL QUIMICA KEY/,SIMAZINE,SIMAZINE,SIMAZINE,,,,,,,,,,ETS MEZGHANI,INDUSTRIAL QUIMICA KEY,Not Approved
SODIUM LAURYL ETHER SULFATE (SLES),BIOPOWER SL,ATLAS AGRICOLE,BAYER AG,SODIUM LAURYL ETHER SULFATE (SLES),SODIUM LAURYL ETHER SULFATE (SLES),SODIUM LAURYL ETHER SULFATE (SLES),,,,,,,,,,ATLAS,BAYER AG,Not Approved
SOUFRE,AGROSOUFRE,AGROSYSTEMES,AGROSTULLNGMBH,SOUFRE,SOUFRE,SOUFRE,,,,,,,,,,AGROSYSTEMES,AGROSTULLNGMBH,
SOUFRE,CABRIDUST,AGROSYSTEMES,THE NATIONAL COMPANY FOR AGROCHEMICALS(AGROCHEM),SOUFRE,SOUFRE,SOUFRE,,,,,,,,,,AGROSYSTEMES,THE NATIONAL FOR AGROCHEM,
SOUFRE,HELIOSOUFRE S,BIOPROTECTION,ACTION PIN/AAKO,SOUFRE,SOUFRE,SOUFRE,,,,,,,,,,BIOPROTECTION,ACTION PIN AAKO,
SOUFRE,KUMULUS DF,STIMA,BASF,SOUFRE,SOUFRE,SOUFRE,,,,,,,,,,STIMA,BASF,
SOUFRE,MICRO-CAP,NEGANOR,AGROW ALLIED,SOUFRE,SOUFRE,SOUFRE,,,,,,,,,,NEGANOR,AGROW ALLIED,
SOUFRE,MISTRAL,BIOPROTECTION,ESSECO SARL/AAKO,SOUFRE,SOUFRE,SOUFRE,,,,,,,,,,BIOPROTECTION,ESSECO AAKO,
SOUFRE,SOUFRUSTULLN,AMINCO,AGROSTULLNGMBH,SOUFRE,SOUFRE,SOUFRE,,,,,,,,,,AMINCO,AGROSTULLNGMBH,
SOUFRE,SULFINOVA 80WDG,AGRINOVA,AGROW ALLIED,SOUFRE,SOUFRE,SOUFRE,,,,,,,,,,AGRINOVA,AGROW ALLIED,
SOUFRE,SULFOMAX,EL KHARDA,AFEPASA,SOUFRE,SOUFRE,SOUFRE,,,,,,,,,,EL KHARDA,AFEPASA,
SOUFRE,SULFOSTAR DF,AGRIPROTEC,BASF,SOUFRE,SOUFRE,SOUFRE,,,,,,,,,,AGRIPROTEC,BASF,
SOUFRE,SULPEX,AGRIMATCO,AGROSTULLN GMBH,SOUFRE,SOUFRE,SOUFRE,,,,,,,,,,AGRIMATCO,AGROSTULLN,
SOUFRE,THIOMAX JET,COTUGRAIN,SYNGENTA,SOUFRE,SOUFRE,SOUFRE,,,,,,,,,,COTUGRAIN,SYNGENTA,
SOUFRE,THIOPRON SC,BIOPROTECTION,UPL,SOUFRE,SOUFRE,SOUFRE,,,,,,,,,,BIOPROTECTION,UPL,
SOUFRE,TIOSOL 80,ATLAS AGRICOLE,SIPCAM,SOUFRE,SOUFRE,SOUFRE,,,,,,,,,,ATLAS,SIPCAM,
SPINOSAD,SUCCESS SC,PROTAGRI,NANJING AGROHEMICAL CHINE,SPINOSAD,SPINOSAD,SPINOSADE,,,,,,,,,,PROTAGRI,NANJING AGROHEMICAL CHINE,
SPINOSADE,SPANVIC,UNIAGRO,SHANDONG,SPINOSADE,SPINOSADE,SPINOSADE,,,,,,,,,,UNIAGRO,SHANDONG,
SPINOSADE,SPINO 480 SC,EL KHADRA,"BAICO BIOTECH CO,LTD/",SPINOSADE,SPINOSADE,SPINOSADE,,,,,,,,,,EL KHADRA,BAICO BIOTECH,
SPINOSADE,SPINTOR,ATLAS AGRICOLE,DOW AGROSCIENCE/CORTEVA AGRISCIENCE,SPINOSADE,SPINOSADE,SPINOSADE,,,,,,,,,,ATLAS,DOW AGROSCIENCE CORTEVA AGRISCIENCE,
SPIRODICLOFEN,ACAROS SC,STEC,SHANDONG KANGQIAO NANJING AGROCHEMICAL,SPIRODICLOFEN,SPIRODICLOFEN,SPIRODICLOFEN,,,,,,,,,,STEC,SHANDONG KANGQIAO NANJING,Not Approved
SPIRODICLOFEN,ASKARI 240 SC,SEPCM,AAKO,SPIRODICLOFEN,SPIRODICLOFEN,SPIRODICLOFEN,,,,,,,,,,SEPCM,AAKO,Not Approved
SPIRODICLOFEN,BOLIDO 240 SC,PROMOCHIMIE,BAYER CROPSCIENCE/GOWAN,SPIRODICLOFEN,SPIRODICLOFEN,SPIRODICLOFEN,,,,,,,,,,PROMOCHIMIE,BAYER CROPSCIENCE GOWAN,Not Approved
SPIRODICLOFEN,ENVIDOR,STEC,BAYER CROPSCIENCE/GOWAN,SPIRODICLOFEN,SPIRODICLOFEN,SPIRODICLOFEN,,,,,,,,,,STEC,BAYER CROPSCIENCE GOWAN,Not Approved
SPIRODICLOFEN,SPIDER EXTRA SC,SANABEL AGRO,SHARDA CROPCHEM,SPIRODICLOFEN,SPIRODICLOFEN,SPIRODICLOFEN,,,,,,,,,,SANABEL AGRO,SHARDA CROPCHEM,Not Approved
SPIRODICLOFEN,SPIRIDOR 240 SC,SHARDA CROPCHEM TUNISIE,SHARDA CROPCHEM,SPIRODICLOFEN,SPIRODICLOFEN,SPIRODICLOFEN,,,,,,,,,,SHARDA CROPCHEM,SHARDA CROPCHEM,Not Approved
SPIRODICLOFEN,SPIROFEN,STE ELKHADRA,EASTCHEM CO.LTD,SPIRODICLOFEN,SPIRODICLOFEN,SPIRODICLOFEN,,,,,,,,,,STE ELKHADRA,EASTCHEM,Not Approved
SPIROMESIFEN,OBERON 240 SC,ATLAS AGRICOLE,BAYER CROPSCIENCE,SPIROMESIFEN,SPIROMESIFEN,SPIROMESIFEN,,,,,,,,,,ATLAS,BAYER CROPSCIENCE,Not Approved
SPIROPIDION,ELESTAL300 SC,BIOPROTECTION,SYNGENTA,SPIROPIDION,SPIROPIDION,SPIROPIDION,,,,,,,,,,BIOPROTECTION,SYNGENTA,
SPIROTETRAMAT,MAGNUS SC,STEC,AAKO,SPIROTETRAMAT,SPIROTETRAMAT,SPIROTETRAMAT,,,,,,,,,,STEC,AAKO,Not Approved
SPIROTETRAMAT,MOVENTO 150 OD,ATLAS AGRICOLE,BAYER CROPSCIENCE,SPIROTETRAMAT,SPIROTETRAMAT,SPIROTETRAMAT,,,,,,,,,,ATLAS,BAYER CROPSCIENCE,Not Approved
SPIROTETRAMAT,NATRAMAT 240SC,AGRIPROTEC,JIANGSU UNITED AGROCHEMICAL,SPIROTETRAMAT,SPIROTETRAMAT,SPIROTETRAMAT,,,,,,,,,,AGRIPROTEC,JIANGSU UNITED,Not Approved
SPIROXAMINE,PROSPER 300 CS,ATLAS AGRICOLE,BAYER CROPSCIENCE,SPIROXAMINE,SPIROXAMINE,SPIROXAMINE,,,,,,,,,,ATLAS,BAYER CROPSCIENCE,
SPIROXAMINE,PROSPER 500 EC,ATLAS AGRICOLE,BAYER CROPSCIENCE,SPIROXAMINE,SPIROXAMINE,SPIROXAMINE,,,,,,,,,,ATLAS,BAYER CROPSCIENCE,
SPIROXAMINE +DIFECONAZOLE,SPIROX D EC,BIOPROTECTION,ARYSTALIFESCIENCE/UPL,SPIROXAMINE,SPIROXAMINE,SPIROXAMINE,DIFECONAZOLE,DIFECONAZOLE,DIFECONAZOLE,,,,,,,BIOPROTECTION,ARYSTALIFESCIENCE UPL,
SPORES DE LECANICILLUMMUSCARIUM SOUCHE 1979,MYCOTAL WG,NUTRIPLANT,KOPPERT BIOLOGICAL SYSTEM,SPORES DE LECANICILLUMMUSCARIUM SOUCHE 1979,SPORES DE LECANICILLUMMUSCARIUM SOUCHE 1979,SPORES DE LECANICILLUMMUSCARIUM SOUCHE 1979,,,,,,,,,,NUTRIPLANT,KOPPERT BIOLOGICAL SYSTEM,
SULFATE DE CUIVRE + FOLPEL +CYMOXANIL,METEOR,EL MOUSSEM AGRICOLE,NUFARM,SULFATE DE CUIVRE,SULFATE DE CUIVRE,SULFATE DE CUIVRE,FOLPEL,FOLPEL,FOLPEL,CYMOXANIL,CYMOXANIL,CYMOXANIL,,,,EL MOUSSEM,NUFARM,
SULFATE DE CUIVRE TRIBASIQUE + ZOXAMIDE,AMALINE FLOW,EL MOUSSEM AGRICOLE,NUFARM,SULFATE DE CUIVRE TRIBASIQUE,SULFATE DE CUIVRE TRIBASIQUE,SULFATE DE CUIVRE TRIBASIQUE,ZOXAMIDE,ZOXAMIDE,ZOXAMIDE,,,,,,,EL MOUSSEM,NUFARM,
SULFATE DE CUIVRE TRIBASIQUE + ZOXAMIDE,VENTARO,STEC,NUFARM,SULFATE DE CUIVRE TRIBASIQUE,SULFATE DE CUIVRE TRIBASIQUE,SULFATE DE CUIVRE TRIBASIQUE,ZOXAMIDE,ZOXAMIDE,ZOXAMIDE,,,,,,,STEC,NUFARM,
SULFATE DE CUIVRE TRIBASIQUE,CUPROXAT,EL MOUSSEM AGRICOLE,NUFARM,SULFATE DE CUIVRE TRIBASIQUE,SULFATE DE CUIVRE TRIBASIQUE,SULFATE DE CUIVRE TRIBASIQUE,,,,,,,,,,EL MOUSSEM,NUFARM,
SULFATE DE CUIVRE TRIBASIQUE,MEXIRAM TRI HI BIO WG,EL MOUSSEM AGRICOLE,ALBAUGH EUROPE SARL,SULFATE DE CUIVRE TRIBASIQUE,SULFATE DE CUIVRE TRIBASIQUE,SULFATE DE CUIVRE TRIBASIQUE,,,,,,,,,,EL MOUSSEM,ALBAUGH EUROPE,
SULFATE DE CUIVRE TRIBASIQUE,NOVICURE,PROTAGRI,UPL,SULFATE DE CUIVRE TRIBASIQUE,SULFATE DE CUIVRE TRIBASIQUE,SULFATE DE CUIVRE TRIBASIQUE,,,,,,,,,,PROTAGRI,UPL,
SULFATE DE CUIVRE TRIBASIQUE,TRIBASE -FLOW SC,ATLAS AGRICOLE,NUFARM,SULFATE DE CUIVRE TRIBASIQUE,SULFATE DE CUIVRE TRIBASIQUE,SULFATE DE CUIVRE TRIBASIQUE,,,,,,,,,,ATLAS,NUFARM,
SULFATE DE CUIVRE TRIBASIQUE + CYMOXANIL,MOLTOVIN,BIOPROTECTION,NUFARM,SULFATE DE CUIVRE TRIBASIQUE,SULFATE DE CUIVRE TRIBASIQUE,SULFATE DE CUIVRE TRIBASIQUE,CYMOXANIL,CYMOXANIL,CYMOXANIL,,,,,,,BIOPROTECTION,NUFARM,
SULFATE TETRACUIVRIQUE TRICALCIQUE,BORDOCURE WG,FERTITECH,ALINTRA,SULFATE TETRACUIVRIQUE TRICALCIQUE,SULFATE TETRACUIVRIQUE TRICALCIQUE,SULFATE TETRACUIVRIQUE TRICALCIQUE,,,,,,,,,,FERTITECH,ALINTRA,
SULFATETETRACUIVRIQUE TRICALCIQUE + CYMOXANIL,CUPERTINE SUPER WP,FERTITECH,ALINTRA ESPAGNE,SULFATETETRACUIVRIQUE TRICALCIQUE,SULFATETETRACUIVRIQUE TRICALCIQUE,SULFATE TETRACUIVRIQUE TRICALCIQUE,CYMOXANIL,CYMOXANIL,CYMOXANIL,,,,,,,FERTITECH,ALINTRA ESPAGNE,
SULFOXAFLOR,CLOSER 240 SC,SEPCM,DOW AGROSCIENCE/CORTEVA,SULFOXAFLOR,SULFOXAFLOR,SULFOXAFLOR,,,,,,,,,,SEPCM,DOW AGROSCIENCE CORTEVA,
SULFOXAFLOR,TRANSFORM SC,EL BARAKA,DOW AGROSCIENCE/CORTEVA,SULFOXAFLOR,SULFOXAFLOR,SULFOXAFLOR,,,,,,,,,,EL BARAKA,DOW AGROSCIENCE CORTEVA,
SULPHATE DE CUIVRE TRIBASIQUE,CU MAX,RAYEN PHYTAGRI,DIACHEM S.P.A,SULPHATE DE CUIVRE TRIBASIQUE,SULPHATE DE CUIVRE TRIBASIQUE,SULFATE DE CUIVRE TRIBASIQUE,,,,,,,,,,RAYEN PHYTAGRI,DIACHEM S P A,
TEBUCONAZOLE +PROCHLORAZ,MYSTIC PRO,AGRIPROTEC,NUFARM SAS,TEBUCONAZOLE,TEBUCONAZOLE,TEBUCONAZOLE,PROCHLORAZ,PROCHLORAZ,PROCHLORAZE,,,,,,,AGRIPROTEC,NUFARM,Not Approved
TEBUCONAZOLE +PROCHLORAZ,WINNER,BIOPROTECTION,NUFARM SAS,TEBUCONAZOLE,TEBUCONAZOLE,TEBUCONAZOLE,PROCHLORAZ,PROCHLORAZ,PROCHLORAZE,,,,,,,BIOPROTECTION,NUFARM,Not Approved
TEBUCONAZOLE,COLOSSAL,HALAB TUNISIE,JSC AUGUST INC,TEBUCONAZOLE,TEBUCONAZOLE,TEBUCONAZOLE,,,,,,,,,,HALAB TUNISIE,JSC AUGUST INC,
TEBUCONAZOLE,KEYZOL SC,EL KHADRA,AVGUST CROP CORPORATION,TEBUCONAZOLE,TEBUCONAZOLE,TEBUCONAZOLE,,,,,,,,,,EL KHADRA,AVGUST CORPORATION,
TEBUCONAZOLE,MYCOSEEDS FS 60,EL KHADRA,SHARDA WORLD WIDE,TEBUCONAZOLE,TEBUCONAZOLE,TEBUCONAZOLE,,,,,,,,,,EL KHADRA,SHARDA WORLD WIDE,
TEBUCONAZOLE,SONG EC,ATLAS AGRICOLE,SIPCAM INAGRA,TEBUCONAZOLE,TEBUCONAZOLE,TEBUCONAZOLE,,,,,,,,,,ATLAS,SIPCAM INAGRA,
TEBUCONAZOLE,TEBUSHA 6 FS,AGRINOVA,SHARDA WORLD WIDE,TEBUCONAZOLE,TEBUCONAZOLE,TEBUCONAZOLE,,,,,,,,,,AGRINOVA,SHARDA WORLD WIDE,
TEBUCONAZOLE,TIMER FS 060,STEC,BAYER CROPSCIENCE,TEBUCONAZOLE,TEBUCONAZOLE,TEBUCONAZOLE,,,,,,,,,,STEC,BAYER CROPSCIENCE,
TÉBUCONAZOLE +TRIFLOXYSTROBINE,GREEN STAR,AGRIPROTEC,BAYER CROPSCIENCE,TÉBUCONAZOLE,TÉBUCONAZOLE,TEBUCONAZOLE,TRIFLOXYSTROBINE,TRIFLOXYSTROBINE,TRIFLOXYSTROBINE,,,,,,,AGRIPROTEC,BAYER CROPSCIENCE,
TÉBUCONAZOLE + TRIFLOXYSTROBINE,NATIVO 300 SC,STEC,BAYER CROPSCIENCE,TÉBUCONAZOLE,TÉBUCONAZOLE,TEBUCONAZOLE,TRIFLOXYSTROBINE,TRIFLOXYSTROBINE,TRIFLOXYSTROBINE,,,,,,,STEC,BAYER CROPSCIENCE,
TÉBUCONAZOLE + PROTHIOCONAZOLE,TILMOR 240 EC,JADWA AGROTEC,BAYER CROPSCIENCE,TÉBUCONAZOLE,TÉBUCONAZOLE,TEBUCONAZOLE,PROTHIOCONAZOLE,PROTHIOCONAZOLE,PROTHIOCONAZOLE,,,,,,,JADWA AGROTEC,BAYER CROPSCIENCE,
TÉBUCONAZOLE,AZUROS,SLDA,SHARDA CROPCHEM,TÉBUCONAZOLE,TÉBUCONAZOLE,TEBUCONAZOLE,,,,,,,,,,SLDA,SHARDA CROPCHEM,
TÉBUCONAZOLE,CAMARO430SC,RAYEN PHYTAGRI,SHARDA CROPCHEM LIMITED INDE,TÉBUCONAZOLE,TÉBUCONAZOLE,TEBUCONAZOLE,,,,,,,,,,RAYEN PHYTAGRI,SHARDA CROPCHEM INDE,
TÉBUCONAZOLE,CORAIL,PROMOCHIMIE,BAYER CROPSCIENCE,TÉBUCONAZOLE,TÉBUCONAZOLE,TEBUCONAZOLE,,,,,,,,,,PROMOCHIMIE,BAYER CROPSCIENCE,
TÉBUCONAZOLE,HORIZON 250 EW,PROMOCHIMIE,BAYER CROPSCIENCE,TÉBUCONAZOLE,TÉBUCONAZOLE,TEBUCONAZOLE,,,,,,,,,,PROMOCHIMIE,BAYER CROPSCIENCE,
TÉBUCONAZOLE,KONAN EW,ETS MEZGHANI,INDUSTRIAL QUIMICA KEY,TÉBUCONAZOLE,TÉBUCONAZOLE,TEBUCONAZOLE,,,,,,,,,,ETS MEZGHANI,INDUSTRIAL QUIMICA KEY,
TÉBUCONAZOLE,MATIZ,SANABEL AGRO,ROTAM AGROCHEMICAL,TÉBUCONAZOLE,TÉBUCONAZOLE,TEBUCONAZOLE,,,,,,,,,,SANABEL AGRO,ROTAM,
TÉBUCONAZOLE,METROSTAR SC,AGRIPLUS,NINGBO SUNJOY AGROSCIENCE INDUSTRY,TÉBUCONAZOLE,TÉBUCONAZOLE,TEBUCONAZOLE,,,,,,,,,,AGRIPLUS,NINGBO SUNJOY AGROSCIENCE INDUSTRY,
TÉBUCONAZOLE,SPEEDY SC,EL KHADRA,NINGBO SUNJOY AGROSCIENCE INDUSTRY/CROPIDEA,TÉBUCONAZOLE,TÉBUCONAZOLE,TEBUCONAZOLE,,,,,,,,,,EL KHADRA,NINGBO SUNJOY AGROSCIENCE INDUSTRY CROPIDEA,
TÉBUCONAZOLE,SUPREME 25 EW,COTUGRAIN IMPEX,UPL LIMITED,TÉBUCONAZOLE,TÉBUCONAZOLE,TEBUCONAZOLE,,,,,,,,,,COTUGRAIN IMPEX,UPL,
TÉBUCONAZOLE,TEBUCUR,AGROSYSTEMES,GLOBACHEM,TÉBUCONAZOLE,TÉBUCONAZOLE,TEBUCONAZOLE,,,,,,,,,,AGROSYSTEMES,GLOBACHEM,
TÉBUCONAZOLE,TEBUNOVA SC,AGRINOVA,SHARDA,TÉBUCONAZOLE,TÉBUCONAZOLE,TEBUCONAZOLE,,,,,,,,,,AGRINOVA,SHARDA,
TÉBUCONAZOLE,TEBUZOL 25 EW,AGRIPROTEC,UPL LIMITED,TÉBUCONAZOLE,TÉBUCONAZOLE,TEBUCONAZOLE,,,,,,,,,,AGRIPROTEC,UPL,
TÉBUCONAZOLE,TESON,AMINCO,GLOBACHEM,TÉBUCONAZOLE,TÉBUCONAZOLE,TEBUCONAZOLE,,,,,,,,,,AMINCO,GLOBACHEM,
TEBUFENOZIDE,MIMIC 240 SC,EL MOUSSEM AGRICOLE,NIPPON SODA/JAPAN,TEBUFENOZIDE,TEBUFENOZIDE,TEBUFENOZIDE,,,,,,,,,,EL MOUSSEM,NIPPON SODA JAPAN,
TEFLUTHRINE,DIASTAR MAXI GR,RAYEN PHYTAGRI,DIACHEM,TEFLUTHRINE,TEFLUTHRINE,TEFLUTHRINE,,,,,,,,,,RAYEN PHYTAGRI,DIACHEM,
TEFLUTHRINE,VOLTRA 0.5 G,COTUGRAIN,SYNGENTA,TEFLUTHRINE,TEFLUTHRINE,TEFLUTHRINE,,,,,,,,,,COTUGRAIN,SYNGENTA,
TEPRALOXYDIM,ARAMO 50 EC,COTUGRAIN IMPEX,BASF,TEPRALOXYDIM,TEPRALOXYDIM,TEPRALOXYDIM,,,,,,,,,,COTUGRAIN IMPEX,BASF,Not Approved
TERBUTHYLAZINE,TERBUZINE 75 WG,PROMOCHIMIE,SIPCAM INAGRA,TERBUTHYLAZINE,TERBUTHYLAZINE,TERBUTHYLAZINE,,,,,,,,,,PROMOCHIMIE,SIPCAM INAGRA,
TERBUTHYLAZINE,TERBYNE 75 WG,EL KHADRA,SIPCAM INAGRA,TERBUTHYLAZINE,TERBUTHYLAZINE,TERBUTHYLAZINE,,,,,,,,,,EL KHADRA,SIPCAM INAGRA,
THIABENDAZOLE,BENAZOLE,EXCEL AGRI,SHARDA CROPCHEM,THIABENDAZOLE,THIABENDAZOLE,THIABENDAZOLE,,,,,,,,,,EXCEL AGRI,SHARDA CROPCHEM,
THIABENDAZOLE,TENAZOLE,SHARDA CROPCHEM TUNISIE,SHARDA CROPCHEM,THIABENDAZOLE,THIABENDAZOLE,THIABENDAZOLE,,,,,,,,,,SHARDA CROPCHEM,SHARDA CROPCHEM,
THIACLOPRIDE,CALYPSO,PROMOCHIMIE,BAYER CROPSCIENCE,THIACLOPRIDE,THIACLOPRIDE,THIACLOPRIDE,,,,,,,,,,PROMOCHIMIE,BAYER CROPSCIENCE,Not Approved
THIAMETHOXAM + LAMBDA-CYHALOTHRINE,ALIKA 247 ZC,COTUGRAIN IMPEX,SYNGENTA,THIAMETHOXAM,THIAMETHOXAM,THIAMETHOXAM,LAMBDA-CYHALOTHRINE,LAMBDA-CYHALOTHRINE,LAMBADA CYHALOTHRINE,,,,,,,COTUGRAIN IMPEX,SYNGENTA,Not Approved
THIAMÉTOXAM,RENOVA,PROTAGRI,UNITED PHOSPHORUS LTD,THIAMÉTOXAM,THIAMÉTOXAM,THIAMETHOXAM,,,,,,,,,,PROTAGRI,UNITED PHOSPHORUS,Not Approved
THIAMÉTOXAM,THIAMEX 25 WG,SLDA,UNITED PHOSPHORUS LTD,THIAMÉTOXAM,THIAMÉTOXAM,THIAMETHOXAM,,,,,,,,,,SLDA,UNITED PHOSPHORUS,Not Approved
THIOCYCLAME HYDROGÈNE OXALATE,EVISECT,BIOPROTECTION,NIPPON KAYAKU/,THIOCYCLAME HYDROGÈNE OXALATE,THIOCYCLAME HYDROGÈNE OXALATE,THIOCYCLAME HYDROGENE OXALATE,,,,,,,,,,BIOPROTECTION,NIPPON KAYAKU,Not Approved
THIOPHANATE ETHYL + IPRODIONE,IPROMISE,BIOPROTECTION,ARYSTALIFESCIENCE,THIOPHANATE ETHYL,THIOPHANATE ETHYL,THIOPHANATE ETHYL,IPRODIONE,IPRODIONE,IPRODIONE,,,,,,,BIOPROTECTION,ARYSTALIFESCIENCE,Not Approved
THIOPHANATE-METHYL,TIOKEY WP,ETS MEZGHANI,HAILI GUIXI CHEMICAL PESTICIDE CO.LTD,THIOPHANATE-METHYL,THIOPHANATE-METHYL,THIOPHANATE-METHYL,,,,,,,,,,ETS MEZGHANI,HAILI GUIXI PESTICIDE,Not Approved
THIOPHANATE-MÉTHYL,AGRIPHANATE,AGRIPROTEC,MEGHMANI INDUSTRIES,THIOPHANATE-MÉTHYL,THIOPHANATE-MÉTHYL,THIOPHANATE-METHYL,,,,,,,,,,AGRIPROTEC,MEGHMANI INDUSTRIES,Not Approved
THIOPHANATE-MÉTHYL,AURIGE 70,EL KHADRHA,SIPCAM INAGRA,THIOPHANATE-MÉTHYL,THIOPHANATE-MÉTHYL,THIOPHANATE-METHYL,,,,,,,,,,EL KHADRHA,SIPCAM INAGRA,Not Approved
THIOPHANATE-MÉTHYL,CAP-TOP,NEGANOR,NANJIG(JIANGSU LANFENG BIOCHEMICAL(FABRICANT)),THIOPHANATE-MÉTHYL,THIOPHANATE-MÉTHYL,THIOPHANATE-METHYL,,,,,,,,,,NEGANOR,NANJIG JIANGSU LANFENG BIOCHEMICAL FABRICANT,Not Approved
THIOPHANATE-MÉTHYL,LAGROPHANATE 70,STEC,CEQUISA / PHOSPHONIA/UPL,THIOPHANATE-MÉTHYL,THIOPHANATE-MÉTHYL,THIOPHANATE-METHYL,,,,,,,,,,STEC,CEQUISA PHOSPHONIA UPL,Not Approved
THIOPHANATE-MÉTHYL,METHYL-T,BIOPROTECTION,ARYSTA LIFESCIENCE,THIOPHANATE-MÉTHYL,THIOPHANATE-MÉTHYL,THIOPHANATE-METHYL,,,,,,,,,,BIOPROTECTION,ARYSTA LIFESCIENCE,Not Approved
THIOPHANATE-MÉTHYL,MIL TOP,DELTA AGRICOLE PLUS,MEGHMANI INDUSTRIES,THIOPHANATE-MÉTHYL,THIOPHANATE-MÉTHYL,THIOPHANATE-METHYL,,,,,,,,,,DELTA PLUS,MEGHMANI INDUSTRIES,Not Approved
THIOPHANATE-MÉTHYL,PELT 500 SC,ATLAS AGRICOLE,BAYER AG.,THIOPHANATE-MÉTHYL,THIOPHANATE-MÉTHYL,THIOPHANATE-METHYL,,,,,,,,,,ATLAS,BAYER AG,Not Approved
THIOPHANATE-MÉTHYL,PROLATOP,EL MOUSSEM AGRICOLE,NUFARM,THIOPHANATE-MÉTHYL,THIOPHANATE-MÉTHYL,THIOPHANATE-METHYL,,,,,,,,,,EL MOUSSEM,NUFARM,Not Approved
THIOPHANATE-MÉTHYL,RACHET WP,AGRIPROTEC,NUFARM,THIOPHANATE-MÉTHYL,THIOPHANATE-MÉTHYL,THIOPHANATE-METHYL,,,,,,,,,,AGRIPROTEC,NUFARM,Not Approved
THIOPHANATE-MÉTHYL,SEGNOR 70 WP,SANABEL AGRO,UPL,THIOPHANATE-MÉTHYL,THIOPHANATE-MÉTHYL,THIOPHANATE-METHYL,,,,,,,,,,SANABEL AGRO,UPL,Not Approved
THIOPHANATE-MÉTHYL,STARNET 70 WG,PROMOCHIMIE,BAYER CROPSCIENCE,THIOPHANATE-MÉTHYL,THIOPHANATE-MÉTHYL,THIOPHANATE-METHYL,,,,,,,,,,PROMOCHIMIE,BAYER CROPSCIENCE,Not Approved
THIOPHANATE-MÉTHYL,THIO 50 SC,COTUGRAIN,SHARDA CROPCHEM,THIOPHANATE-MÉTHYL,THIOPHANATE-MÉTHYL,THIOPHANATE-METHYL,,,,,,,,,,COTUGRAIN,SHARDA CROPCHEM,Not Approved
THIOPHANATE-MÉTHYL,THIOMIL,PROTAGRI,MEGHMANI INDUSTRIES,THIOPHANATE-MÉTHYL,THIOPHANATE-MÉTHYL,THIOPHANATE-METHYL,,,,,,,,,,PROTAGRI,MEGHMANI INDUSTRIES,Not Approved
THIOPHANATE-MÉTHYL,THIOPHANATE,AGRIMED DISTRIBUTION,MEGHMANI INDUSTRIES,THIOPHANATE-MÉTHYL,THIOPHANATE-MÉTHYL,THIOPHANATE-METHYL,,,,,,,,,,AGRIMED DISTRIBUTION,MEGHMANI INDUSTRIES,Not Approved
THIOPHANATE-MÉTHYL,THIOPHANATE M,AGRIMED DISTRIBUTION,MEGHMANI INDUSTRIES,THIOPHANATE-MÉTHYL,THIOPHANATE-MÉTHYL,THIOPHANATE-METHYL,,,,,,,,,,AGRIMED DISTRIBUTION,MEGHMANI INDUSTRIES,Not Approved
THIOPHANATE-MÉTHYL,THIOPHYL 50 SC,SHARDA,SHARDA CROPCHEM,THIOPHANATE-MÉTHYL,THIOPHANATE-MÉTHYL,THIOPHANATE-METHYL,,,,,,,,,,SHARDA,SHADRA CROPCHEM,Not Approved
THIOPHANATE-MÉTHYL,THIOPHYL 50 SC,SHARDA CROPCHEM TUNISIE,SHARDA CROPCHEM,THIOPHANATE-MÉTHYL,THIOPHANATE-MÉTHYL,THIOPHANATE-METHYL,,,,,,,,,,SHARDA CROPCHEM,SHARDA CROPCHEM,Not Approved
THIOPHANATE-MÉTHYL,TOP PLUS,SOCOOPEC,AGRIA S.A,THIOPHANATE-MÉTHYL,THIOPHANATE-MÉTHYL,THIOPHANATE-METHYL,,,,,,,,,,SOCOOPEC,AGRIA S A,Not Approved
TOLFENPYRADE,HACHI-HACHI EC,EL KHADRA,SIPCAM INAGRA,TOLFENPYRADE,TOLFENPYRADE,TOLFENPYRADE,,,,,,,,,,EL KHADRA,SIPCAM INAGRA,Not Approved
TREBUNIRON-METHYL + FLORASULAME,FLAME DUO SG,SOLAGRI,ALBAUGH,TREBUNIRON-METHYL,TREBUNIRON-METHYL,TREBUNIRON-METHYL,FLORASULAME,FLORASULAME,FLORASULAME,,,,,,,SOLAGRI,ALBAUGH,
TRIADIMENOL + SPIROXAMINE + TEBUCONAZOLE,FALCON 460 SC,AGRONOMIC LAND,BAYER CROPSCIENCE,TRIADIMENOL,TRIADIMENOL,TRIADIMENOL,SPIROXAMINE,SPIROXAMINE,SPIROXAMINE,TEBUCONAZOLE,TEBUCONAZOLE,TEBUCONAZOLE,,,,AGRONOMIC LAND,BAYER CROPSCIENCE,Not Approved
TRIBENURON METHYL + FLORASULAM,BOMBA WG,EL KHADRA,JSC(AVGUST),TRIBENURON METHYL,TRIBENURON METHYL,TREBUNIRON-METHYL,FLORASULAM,FLORASULAM,FLORASULAME,,,,,,,EL KHADRA,JSC AVGUST,
TRIBENURON METHYL + FLORASULAM,TRIFLOS,NEGANOR FFT,JSC(AVGUST),TRIBENURON METHYL,TRIBENURON METHYL,TREBUNIRON-METHYL,FLORASULAM,FLORASULAM,FLORASULAME,,,,,,,NEGANOR FFT,JSC AVGUST,
TRIBENURON-METHYL,CORIDA 75 WG,SOCOOPEC,AGRIA,TRIBENURON-METHYL,TRIBENURON-METHYL,TREBUNIRON-METHYL,,,,,,,,,,SOCOOPEC,AGRIA,
TRIBENURON-METHYL,LUXOR,SANABEL AGRO,SHARDA CROPCHEM LIMITED INDE,TRIBENURON-METHYL,TRIBENURON-METHYL,TREBUNIRON-METHYL,,,,,,,,,,SANABEL AGRO,SHARDA CROPCHEM INDE,
TRIBENURON-METHYL,NUANCE,AGROSYSTEMES,CHEMINOVA,TRIBENURON-METHYL,TRIBENURON-METHYL,TREBUNIRON-METHYL,,,,,,,,,,AGROSYSTEMES,CHEMINOVA,
TRIBENURON-METHYL,SKYLLA WDG,AGRONOMIC LAND,ROTAM AGROCHEMICAL CO.LTD,TRIBENURON-METHYL,TRIBENURON-METHYL,TREBUNIRON-METHYL,,,,,,,,,,AGRONOMIC LAND,ROTAM,
TRIBENURON-METHYL,TOSCANA,AGRIPROTEC,PROPLAN/QUME TICA AGRICULTURAL SOLUTIONS SPAIN SLU,TRIBENURON-METHYL,TRIBENURON-METHYL,TREBUNIRON-METHYL,,,,,,,,,,AGRIPROTEC,PROPLAN QUME TICA AGRICULTURAL SOLUTIONS SPAIN SLU,
TRIBENURON-METHYL,TRIBUNEO 75 G,SSCC,AGRIA,TRIBENURON-METHYL,TRIBENURON-METHYL,TREBUNIRON-METHYL,,,,,,,,,,SSCC,AGRIA,
TRIBENURON-METHYL,VOLTEO 75 WG,EL KHADRA,INDUSTRIAS AFRAZA/ALBAU GH EUROPE SARL,TRIBENURON-METHYL,TRIBENURON-METHYL,TREBUNIRON-METHYL,,,,,,,,,,EL KHADRA,INDUSTRIAS AFRAZA ALBAU GH EUROPE,
TRICHODERMA ASPERELLUM ICC012: +TRICHODERMA GAMSII ICC080:,REMEDIER WP,STIMA,ISAGRO SPA/GOWAN,TRICHODERMA ASPERELLUM ICC012:,TRICHODERMA ASPERELLUM ICC012:,TRICHODERMA ASPERELLUM ICC012,TRICHODERMA GAMSII ICC080:,TRICHODERMA GAMSII ICC080:,TRICHODERMA GAMSII ICC080,,,,,,,STIMA,ISAGRO GOWAN,
TRICHODERMA ATROVIRIDE 77B,T-77 WP,ALOHA AGRICULTURE,PLANT HEALTH PRODUCTS (PHY),TRICHODERMA ATROVIRIDE 77B,TRICHODERMA ATROVIRIDE 77B,TRICHODERMA ATROVIRIDE 77B,,,,,,,,,,ALOHA,PLANT HEALTH PRODUCTS PHY,Pending
TRICHODERMAHARZIANUM T-22,TRIANUM –P,NUTRIPLANT,KOPPERT BIOLOGICAL SYSTEMS,TRICHODERMAHARZIANUM T-22,TRICHODERMAHARZIANUM T-22,TRICHODERMAHARZIANUM T-22,,,,,,,,,,NUTRIPLANT,KOPPERT BIOLOGICAL SYSTEMS,Pending
TRIFLOXYSTROBIN,FLINT,PROMOCHIMIE,BAYER CROPSCIENCE,TRIFLOXYSTROBIN,TRIFLOXYSTROBIN,TRIFLOXYSTROBINE,,,,,,,,,,PROMOCHIMIE,BAYER CROPSCIENCE,
TRIFLOXYSTROBIN,ZATO 50 WG,ATLAS AGRICOLE,BAYER CROPSCIENCE,TRIFLOXYSTROBIN,TRIFLOXYSTROBIN,TRIFLOXYSTROBINE,,,,,,,,,,ATLAS,BAYER CROPSCIENCE,
TRIFLUMURON,ALSYSTIN 480 SC,PROMOCHIMIE,BAYER CROPSCIENCE,TRIFLUMURON,TRIFLUMURON,TRIFLUMURON,,,,,,,,,,PROMOCHIMIE,BAYER CROPSCIENCE,Not Approved
TRIFLURALINE,FLURAL,ETS MEZGHANI,INDUSTRIAL Q.,TRIFLURALINE,TRIFLURALINE,TRIFLURALINE,,,,,,,,,,ETS MEZGHANI,INDUSTRIAL Q,Not Approved
TRIFLURALINE,HERBALINE,SEPCM,AAKO,TRIFLURALINE,TRIFLURALINE,TRIFLURALINE,,,,,,,,,,SEPCM,AAKO,Not Approved
TRIFLURALINE,HERBASTAR EC,AGRIPLUS,"JIANGSU FENGSHAN GROUP CO,LTD",TRIFLURALINE,TRIFLURALINE,TRIFLURALINE,,,,,,,,,,AGRIPLUS,JIANGSU FENGSHAN GROUP,Not Approved
TRIFLURALINE,RALINE 480 EC,EL KHADRA,JIANGSU,TRIFLURALINE,TRIFLURALINE,TRIFLURALINE,,,,,,,,,,EL KHADRA,JIANGSU,Not Approved
TRIFLUSULFURON METHYL,SAFARI 50 WG,SEPCM,FMC,TRIFLUSULFURON METHYL,TRIFLUSULFURON METHYL,TRIFLUSULFURON METHYL,,,,,,,,,,SEPCM,FMC,
ZIRAME,THIONICAUTODISPERS IBLE,AGROSYSTEMES,TAMINCO/EASTMAN,ZIRAME,ZIRAME,ZIRAME,,,,,,,,,,AGROSYSTEMES,TAMINCO EASTMAN,
