SUBSTANCE(S) ACTIVE(S),P.COMM,SOCIÉTÉ,FABRICANT,SUBSTANCE_ACTIVE_1,SUBSTANCE_UNIT_1,SUBSTANCE_ACTIVE_2,SUBSTANCE_UNIT_2,SUBSTANCE_ACTIVE_3,SUBSTANCE_UNIT_3,SUBSTANCE_ACTIVE_4,SUBSTANCE_UNIT_4,SOCIÉTÉ_CANONIQUE,FABRICANT_CANONIQUE
ABAMECTINE,AAKOMECTINE,STEC,AAKO BV,ABAMECTINE,ABAMECTINE,N/A,N/A,N/A,N/A,N/A,N/A,STEC,AAKO BV
PYRÉTHRINE,ABANTO 40 EC,EL KHADRA,INDUSTRIAS AFRAZA/ALBAUGH EUROPE SARL,PYRÉTHRINE,PYRÉTHRINE,N/A,N/A,N/A,N/A,N/A,N/A,EL KHADRA,INDUSTRIAS AFRAZA ALBAUGH EUROPE
CHLORANTRANILIPROLE +METHOXYFENOZIDE,ABSOLUT SC,STEC,NANJING AGROCHEMICAL CHINE,CHLORANTRANILIPROLE,CHLORANTRANILIPROLE,METHOXYFENOZIDE,METHOXYFENOZIDE,N/A,N/A,N/A,N/A,STEC,NANJING CHINE
CYPROCONAZOLE + PICOXYSTROBINE,ACANTO PLUS,SEPCM,DU PONT INTERNATIONAL,CYPROCONAZOLE,CYPROCONAZOLE,PICOXYSTROBINE,PICOXYSTROBINE,N/A,N/A,N/A,N/A,SEPCM,DU PONT INTERNATIONAL
SPIRODICLOFEN,ACAROS SC,STEC,SHANDONG KANGQIAO NANJING AGROCHEMICAL,SPIRODICLOFEN,SPIRODICLOFEN,N/A,N/A,N/A,N/A,N/A,N/A,STEC,SHANDONG KANGQIAO NANJING
ACÉTAMEPRID,ACETADE FORT,SANABEL AGRO,SHARDA CROPCHEM,ACÉTAMEPRID,ACÉTAMEPRID,N/A,N/A,N/A,N/A,N/A,N/A,SANABEL AGRO,SHARDA CROPCHEM
DIMETHOMORPHE +MANCOZÈBE,ACROBAT MZ WG,COTUGRAIN IMPEX,BASF,DIMETHOMORPHE,DIMETHOMORPHE,MANCOZÈBE,MANCOZÈBE,N/A,N/A,N/A,N/A,COTUGRAIN IMPEX,BASF
HEXYTHIAZOX,ACRUX SC,AGROSYSTEMES,ASCENZA AGRO,HEXYTHIAZOX,HEXYTHIAZOX,N/A,N/A,N/A,N/A,N/A,N/A,AGROSYSTEMES,ASCENZA AGRO
PYRIMIPHOS METHYL,ACTELLIC,AGRIPROTEC,SYNGENTA,PYRIMIPHOS METHYL,PYRIMIPHOS METHYL,N/A,N/A,N/A,N/A,N/A,N/A,AGRIPROTEC,SYNGENTA
DÉRIVVÉS D'ACIDES GRAS VÉGÉTAUX + HUILE DE PIN,ACTILANDE TM EC,SEPCM,ACTION PIN,DÉRIVVÉS D'ACIDES GRAS VÉGÉTAUX,DÉRIVVÉS D'ACIDES GRAS VÉGÉTAUX,HUILE DE PIN,HUILE DE PIN,N/A,N/A,N/A,N/A,SEPCM,ACTION PIN
ACLONIFEN,ACTION 60 SC,SHARDA CROPCHEM TUNISIA,SHARDA CROPCHEM LIMITED/,ACLONIFEN,ACLONIFEN,N/A,N/A,N/A,N/A,N/A,N/A,SHARDA CROPCHEM,SHARDA CROPCHEM
ABAMECTINE,ACTROSE 18 EC,ETS MEZGHANI,ASTRACHEM,ABAMECTINE,ABAMECTINE,N/A,N/A,N/A,N/A,N/A,N/A,ETS MEZGHANI,ASTRACHEM
EPOXICONAZOLE+FLUXAPYROXAD(XEMIUM),ADEXAR XTRA EC,STIMA,BASF,EPOXICONAZOLE,EPOXICONAZOLE,FLUXAPYROXAD (XEMIUM),FLUXAPYROXAD (XEMIUM),N/A,N/A,N/A,N/A,STIMA,BASF
LINURON,AFALON 50 L SC,SEPCM,AAKO BV,LINURON,LINURON,N/A,N/A,N/A,N/A,N/A,N/A,SEPCM,AAKO BV
GLYPHOSATE +CARFENTRAZONE-ETHYL,AFFINEX,COTUGRAIN IMPEX,FMC,GLYPHOSATE,GLYPHOSATE,CARFENTRAZONE-ETHYL,CARFENTRAZONE-ETHYL,N/A,N/A,N/A,N/A,COTUGRAIN IMPEX,FMC
OXYCHLORURE DE CUIVRE + MANCOZÈBE,AFROSAN DUPLO,EL KHADRA,AFRASA,OXYCHLORURE DE CUIVRE,OXYCHLORURE DE CUIVRE,MANCOZÈBE,MANCOZÈBE,N/A,N/A,N/A,N/A,EL KHADRA,AFRASA
CYMOXANIL + MANCOZEBE,AGREZATE PLUS WP,SOCOOPEC,AGRIA,CYMOXANIL,CYMOXANIL,MANCOZEBE,MANCOZEBE,N/A,N/A,N/A,N/A,SOCOOPEC,AGRIA
GLYPHOSATE,AGRIATECH,AGROSYSTEMES,AGRIA SA,GLYPHOSATE,GLYPHOSATE,N/A,N/A,N/A,N/A,N/A,N/A,AGROSYSTEMES,AGRIA SA
DINOCAP MEPTYL + MYCLOBUTANIL,AGRIKAR STAR,ATLAS AGRICOLE,DOW AGROSCIENCES,DINOCAP MEPTYL,DINOCAP MEPTYL,MYCLOBUTANIL,MYCLOBUTANIL,N/A,N/A,N/A,N/A,ATLAS,DOW AGROSCIENCES
ABAMECTINE,AGRIMEC GOLD 084 SC,BIOPROTECTION,SYNGENTA,ABAMECTINE,ABAMECTINE,N/A,N/A,N/A,N/A,N/A,N/A,BIOPROTECTION,SYNGENTA
THIOPHANATE-MÉTHYL,AGRIPHANATE,AGRIPROTEC,MEGHMANI INDUSTRIES,THIOPHANATE-MÉTHYL,THIOPHANATE-MÉTHYL,N/A,N/A,N/A,N/A,N/A,N/A,AGRIPROTEC,MEGHMANI INDUSTRIES
OXYCHLORURE DE CUIVRE,AGROCUIVRE,AGROSYSTEMES,SPEISS,OXYCHLORURE DE CUIVRE,OXYCHLORURE DE CUIVRE,N/A,N/A,N/A,N/A,N/A,N/A,AGROSYSTEMES,SPEISS
HUILE DE PARAFFINIQUE,AGROIL BLEU EC,PROMOCHIMIE,SIPCAM INAGRA,HUILE DE PARAFFINIQUE,HUILE DE PARAFFINIQUE,N/A,N/A,N/A,N/A,N/A,N/A,PROMOCHIMIE,SIPCAM INAGRA
SOUFRE,AGROSOUFRE,AGROSYSTEMES,AGROSTULLNGMBH,SOUFRE,SOUFRE,N/A,N/A,N/A,N/A,N/A,N/A,AGROSYSTEMES,AGROSTULLNGMBH
CUIVRE MÉTAL,AIRONE,AGRIMATCO,ISAGRO/DISTRIBUTE PAR FRARIMPEX GOWAN CROP,CUIVRE MÉTAL,CUIVRE MÉTAL,N/A,N/A,N/A,N/A,N/A,N/A,AGRIMATCO,ISAGRO DISTRIBUTE PAR FRARIMPEX GOWAN
CHLORPYRIPHOSETHYL,AKOCID 480 EC,STEC,AAKO,CHLORPYRIPHOSETHYL,CHLORPYRIPHOSETHYL,N/A,N/A,N/A,N/A,N/A,N/A,STEC,AAKO
CLÉTHODIME,AKODIM 120 EC,SEPCM,AAKO,CLÉTHODIME,CLÉTHODIME,N/A,N/A,N/A,N/A,N/A,N/A,SEPCM,AAKO
CAPTANE,AKOTAN 830 WP,SEPCM,AAKO,CAPTANE,CAPTANE,N/A,N/A,N/A,N/A,N/A,N/A,SEPCM,AAKO
METALDEHYDE,ALDEM 3% GR,AGRONOMIC LAND,SHARDA,METALDEHYDE,METALDEHYDE,N/A,N/A,N/A,N/A,N/A,N/A,AGRONOMIC LAND,SHARDA
METALDEHYDE,ALDEM 3% GR,EXCEL AGRI,SHARDA CROPCHEM LIMITED INDE,METALDEHYDE,METALDEHYDE,N/A,N/A,N/A,N/A,N/A,N/A,EXCEL AGRI,SHARDA CROPCHEM INDE
FOSÉTHYL-AL,ALIAL,AGRIPROTEC,PROPLAN,FOSÉTHYL-AL,FOSÉTHYL-AL,N/A,N/A,N/A,N/A,N/A,N/A,AGRIPROTEC,PROPLAN
FOSÉTHYL-AL,ALIETTE EXPRESS,SEPCM,BAYER CROPSCIENCE,FOSÉTHYL-AL,FOSÉTHYL-AL,N/A,N/A,N/A,N/A,N/A,N/A,SEPCM,BAYER CROPSCIENCE
THIAMETHOXAM + LAMBDA-CYHALOTHRINE,ALIKA 247 ZC,COTUGRAIN IMPEX,SYNGENTA,THIAMETHOXAM,THIAMETHOXAM,LAMBDA-CYHALOTHRINE,LAMBDA-CYHALOTHRINE,N/A,N/A,N/A,N/A,COTUGRAIN IMPEX,SYNGENTA
INDAZIFLAM,ALION 500 SC,PROMOCHIMIE,BAYER,INDAZIFLAM,INDAZIFLAM,N/A,N/A,N/A,N/A,N/A,N/A,PROMOCHIMIE,BAYER
EPOXICONAZOLE + KRESOXIM-METHYL,ALLEGRO,AGRIMATCO,BASF,EPOXICONAZOLE,EPOXICONAZOLE,KRESOXIM-METHYL,KRESOXIM-METHYL,N/A,N/A,N/A,N/A,AGRIMATCO,BASF
LAMBDA-CYHALOTHRINE,ALLEYA ME,EL KHADRA,AUGUST INC/CORPORATE,LAMBDA-CYHALOTHRINE,LAMBDA-CYHALOTHRINE,N/A,N/A,N/A,N/A,N/A,N/A,EL KHADRA,AUGUST CORPORATE
KRÉSOXIM-MÉTHYL,ALLIAGE DF,AGRIMATCO,BASF,KRÉSOXIM-MÉTHYL,KRÉSOXIM-MÉTHYL,N/A,N/A,N/A,N/A,N/A,N/A,AGRIMATCO,BASF
DIFLUFENICAN + METSULFURON-MÉTHYL,ALLIANCE,BIOPROTECTION,NUFARM S.A,DIFLUFENICAN,DIFLUFENICAN,METSULFURON-MÉTHYL,METSULFURON-MÉTHYL,N/A,N/A,N/A,N/A,BIOPROTECTION,NUFARM S A
AZOXYSTROBINE + DIFENOCONAZOLE,ALLIANCE TOP SC,AGRI PLUS,NANJING AGROCHEMICAL,AZOXYSTROBINE,AZOXYSTROBINE,DIFENOCONAZOLE,DIFENOCONAZOLE,N/A,N/A,N/A,N/A,AGRI PLUS,NANJING
ALPHACYPERMETHRINE,ALLIGATOR,SSCC,GHARDA CHEMICALS LTD,ALPHACYPERMETHRINE,ALPHACYPERMETHRINE,N/A,N/A,N/A,N/A,N/A,N/A,SSCC,GHARDA
FOSETYL –AL,ALLUM WG,EL MOUSSEM AGRICOLE,NUFARM,FOSETYL –AL,FOSETYL –AL,N/A,N/A,N/A,N/A,N/A,N/A,EL MOUSSEM,NUFARM
TRIFLUMURON,ALSYSTIN 480 SC,PROMOCHIMIE,BAYER CROPSCIENCE,TRIFLUMURON,TRIFLUMURON,N/A,N/A,N/A,N/A,N/A,N/A,PROMOCHIMIE,BAYER CROPSCIENCE
CHLORANTRANILIPROLE,ALTACOR 35 WG,AGRIPROTEC,FMC,CHLORANTRANILIPROLE,CHLORANTRANILIPROLE,N/A,N/A,N/A,N/A,N/A,N/A,AGRIPROTEC,FMC
PROPICONAZOLE + CYPROCONAZOLE,ALTO SUPER,BIOPROTECTION,SYNGENTA,PROPICONAZOLE,PROPICONAZOLE,CYPROCONAZOLE,CYPROCONAZOLE,N/A,N/A,N/A,N/A,BIOPROTECTION,SYNGENTA
FOSETYL –AL,ALU-VITE WP,TASMID,LIMIN CHEMICAL CO.LTD,FOSETYL –AL,FOSETYL –AL,N/A,N/A,N/A,N/A,N/A,N/A,TASMID,LIMIN
SULFATE DE CUIVRE TRIBASIQUE + ZOXAMIDE,AMALINE FLOW,EL MOUSSEM AGRICOLE,NUFARM,SULFATE DE CUIVRE TRIBASIQUE,SULFATE DE CUIVRE TRIBASIQUE,ZOXAMIDE,ZOXAMIDE,N/A,N/A,N/A,N/A,EL MOUSSEM,NUFARM
"2,4-D SEL DE DIMETHYLAMINE",AMANORA,AGRIMATCO,UPL,"2,4-D SEL DE DIMETHYLAMINE","2,4-D SEL DE DIMETHYLAMINE",N/A,N/A,N/A,N/A,N/A,N/A,AGRIMATCO,UPL
MÉSOSULFURON-MÉTHYL(MESOMAX) +IODOSULFURON +MÉFENPYRDIÉTHYL,AMILCAR,STEC,BAYER CROPSCIENCE,MÉSOSULFURON-MÉTHYL(MESOMAX),MÉSOSULFURON-MÉTHYL(MESOMAX),IODOSULFURON,IODOSULFURON,MÉFENPYRDIÉTHYL,MÉFENPYRDIÉTHYL,N/A,N/A,STEC,BAYER CROPSCIENCE
MÉSOSULFURON-MÉTHYL+IODOSULFURON – MÉTHYL SODIUM + MÉFENPYRDIÉTHYL (SAFENER),AMILCAR OD,STEC,BAYER CROPSCIENCE,MÉSOSULFURON-MÉTHYL,MÉSOSULFURON-MÉTHYL,IODOSULFURON – MÉTHYL SODIUM,IODOSULFURON – MÉTHYL SODIUM,MÉFENPYRDIÉTHYL (SAFENER),MÉFENPYRDIÉTHYL (SAFENER),N/A,N/A,STEC,BAYER CROPSCIENCE
ACIDE GIBBERELLIQUE,AMINOGIBB,AMINCO,GLOBACHEM,ACIDE GIBBERELLIQUE,ACIDE GIBBERELLIQUE,N/A,N/A,N/A,N/A,N/A,N/A,AMINCO,GLOBACHEM
MANIPROPAMIDE +ZOXAMID,AMPEXIO WG,BIOPROTECTION,SYNGENTA,MANIPROPAMIDE,MANIPROPAMIDE,ZOXAMID,ZOXAMID,N/A,N/A,N/A,N/A,BIOPROTECTION,SYNGENTA
MANDIPROPAMIDE + MANCOZEBE,AMPHORE GOLD WG,SOLAGRI,SYNGENTA,MANDIPROPAMIDE,MANDIPROPAMIDE,MANCOZEBE,MANCOZEBE,N/A,N/A,N/A,N/A,SOLAGRI,SYNGENTA
MANDIPROPAMIDE,AMPHORE SC,SOLAGRI,SYNGENTA,MANDIPROPAMIDE,MANDIPROPAMIDE,N/A,N/A,N/A,N/A,N/A,N/A,SOLAGRI,SYNGENTA
FOSETHYL-AL + CYMOXANIL + FOLPEL,ANTEOR FLASH,ATLAS AGRICOLE,BAYER AG,FOSETHYL-AL,FOSETHYL-AL,CYMOXANIL,CYMOXANIL,FOLPEL,FOLPEL,N/A,N/A,ATLAS,BAYER AG
MÉTALDÉHYDE,ANTILIMACE GRANULE,SEPCM,CEQUISA S.A,MÉTALDÉHYDE,MÉTALDÉHYDE,N/A,N/A,N/A,N/A,N/A,N/A,SEPCM,CEQUISA S A
PROPINÈBE,ANTRACOL,PROMOCHIMIE,BAYER CROPSCIENCE,PROPINÈBE,PROPINÈBE,N/A,N/A,N/A,N/A,N/A,N/A,PROMOCHIMIE,BAYER CROPSCIENCE
CLOFENTEZINE,APOLLO 50,STEC,AAKO BV,CLOFENTEZINE,CLOFENTEZINE,N/A,N/A,N/A,N/A,N/A,N/A,STEC,AAKO BV
IPRODIONE,APRODONE,LIEN AGRICOLE,SHARDA,IPRODIONE,IPRODIONE,N/A,N/A,N/A,N/A,N/A,N/A,LIEN,SHARDA
DIFENOCONAZOLE + METALAXYL –M + THIAMETHOXAM,APRON STAR WS,COTUGRAIN,SYNGENTA,DIFENOCONAZOLE,DIFENOCONAZOLE,METALAXYL –M,METALAXYL –M,THIAMETHOXAM,THIAMETHOXAM,N/A,N/A,COTUGRAIN,SYNGENTA
TEPRALOXYDIM,ARAMO 50 EC,COTUGRAIN IMPEX,BASF,TEPRALOXYDIM,TEPRALOXYDIM,N/A,N/A,N/A,N/A,N/A,N/A,COTUGRAIN IMPEX,BASF
KRÉSOXIM-MÉTHYL,ARIANE WG,FERTITECH,HANGZHOU TOPAGRO BIOSCIENCE/CHINE,KRÉSOXIM-MÉTHYL,KRÉSOXIM-MÉTHYL,N/A,N/A,N/A,N/A,N/A,N/A,FERTITECH,HANGZHOU TOPAGRO BIOSCIENCE CHINE
CHLOROTHALONIL + METALAXYL –M,ARIS GOLD,COTUGRAIN IMPEX,SYNGENTA,CHLOROTHALONIL,CHLOROTHALONIL,METALAXYL –M,METALAXYL –M,N/A,N/A,N/A,N/A,COTUGRAIN IMPEX,SYNGENTA
CUIVRE+ MÉTALAXYL,ARMETIL CUIVRE,SOCOOPEC,IQV DEL VALLES,CUIVRE,CUIVRE,MÉTALAXYL,MÉTALAXYL,N/A,N/A,N/A,N/A,SOCOOPEC,IQV DEL VALLES
CYPRODINIL,ARNATIN WG,SOLAGRI,SYNGENTA,CYPRODINIL,CYPRODINIL,N/A,N/A,N/A,N/A,N/A,N/A,SOLAGRI,SYNGENTA
SPIRODICLOFEN,ASKARI 240 SC,SEPCM,AAKO,SPIRODICLOFEN,SPIRODICLOFEN,N/A,N/A,N/A,N/A,N/A,N/A,SEPCM,AAKO
AZOXYSTROBINE,ASTRO EC,TASMID,ZHEJIANG E-TONG CHEMICAL,AZOXYSTROBINE,AZOXYSTROBINE,N/A,N/A,N/A,N/A,N/A,N/A,TASMID,ZHEJIANG E TONG
CYPROCONAZOLE,ATEMI 10 WG,AGRIPROTEC,SYNGENTA CROP PROTECTION,CYPROCONAZOLE,CYPROCONAZOLE,N/A,N/A,N/A,N/A,N/A,N/A,AGRIPROTEC,SYNGENTA
IODOSULFURON +MESOSULFURON +MEFENPYR,ATLANTIS,ATLAS AGRICOLE,BAYER CROPSCIENCE,IODOSULFURON,IODOSULFURON,MESOSULFURON,MESOSULFURON,MEFENPYR,MEFENPYR,N/A,N/A,ATLAS,BAYER CROPSCIENCE
MÉSOSULFURON-MÉTHYL+IODOSULFURON-METHYL +MÉFENPYRDIÉTHYL,ATLANTIS OD,ATLAS AGRICOLE,BAYER CROPSCIENCE,MÉSOSULFURON-MÉTHYL,MÉSOSULFURON-MÉTHYL,IODOSULFURON-METHYL,IODOSULFURON-METHYL,MÉFENPYRDIÉTHYL,MÉFENPYRDIÉTHYL,N/A,N/A,ATLAS,BAYER CROPSCIENCE
PROPOXYCARBAZON SODIUM,ATTRIBUT 70 SG,EL MOUSSEM AGRICOLE,BAYER CROPSCIENCE,PROPOXYCARBAZON SODIUM,PROPOXYCARBAZON SODIUM,N/A,N/A,N/A,N/A,N/A,N/A,EL MOUSSEM,BAYER CROPSCIENCE
THIOPHANATE-MÉTHYL,AURIGE 70,EL KHADRHA,SIPCAM INAGRA,THIOPHANATE-MÉTHYL,THIOPHANATE-MÉTHYL,N/A,N/A,N/A,N/A,N/A,N/A,EL KHADRHA,SIPCAM INAGRA
CHLOROTHALONIL L +DIMETHOMOPHE,AVANTAGE CT,SANABEL AGRO,ROTAM AGROCHEMICALS,CHLOROTHALONIL L,CHLOROTHALONIL L,DIMETHOMOPHE,DIMETHOMOPHE,N/A,N/A,N/A,N/A,SANABEL AGRO,ROTAM
INDOXACARBE,AVAUNT,SEPCM,DU PONT/FMC,INDOXACARBE,INDOXACARBE,N/A,N/A,N/A,N/A,N/A,N/A,SEPCM,DU PONT FMC
CYMOXANIL + MÉTIRAME DE ZINC,AVISO DF,STIMA,BASF,CYMOXANIL,CYMOXANIL,MÉTIRAME DE ZINC,MÉTIRAME DE ZINC,N/A,N/A,N/A,N/A,STIMA,BASF
PINOXADEN + CLOQUINTOCET-MÉXYL,AXIAL PRATIC,BIOPROTECTION,SYNGENTA,PINOXADEN,PINOXADEN,CLOQUINTOCET-MÉXYL,CLOQUINTOCET-MÉXYL,N/A,N/A,N/A,N/A,BIOPROTECTION,SYNGENTA
AZOXYSTROBINE,AXYTOP 50WG,EXCEL AGRI,SHARDA CROPCHEM INDE,AZOXYSTROBINE,AZOXYSTROBINE,N/A,N/A,N/A,N/A,N/A,N/A,EXCEL AGRI,SHARDA CROPCHEM INDE
AZOXYSTROBINE + DIFÉNOCONAZOLE,AZ-TOP,SLDA,SHARDA CROPCHEM LIMITED,AZOXYSTROBINE,AZOXYSTROBINE,DIFÉNOCONAZOLE,DIFÉNOCONAZOLE,N/A,N/A,N/A,N/A,SLDA,SHARDA CROPCHEM
AZOXYSTROBINE,AZOX SC,ETS MEZGHANNI,"JIANGYIN SULI CHEMICAL CO.LTDI,Q,KEY",AZOXYSTROBINE,AZOXYSTROBINE,N/A,N/A,N/A,N/A,N/A,N/A,ETS MEZGHANNI,JIANGYIN SULI LTDI Q KEY
TÉBUCONAZOLE,AZUROS,SLDA,SHARDA CROPCHEM,TÉBUCONAZOLE,TÉBUCONAZOLE,N/A,N/A,N/A,N/A,N/A,N/A,SLDA,SHARDA CROPCHEM
ACIDE GIBBERELLIQUE,B 40 SG,BIOPROTECTION,VALENTBIOSCIENCE / SUMITOMO,ACIDE GIBBERELLIQUE,ACIDE GIBBERELLIQUE,N/A,N/A,N/A,N/A,N/A,N/A,BIOPROTECTION,VALENTBIOSCIENCE SUMITOMO
"BACILLUS THURINGIENSIS (SPKURSTAKI),SOUCHE ABTS-351",BACTOSPINE DF,SEPCM,VALENT BIOSCIENCE CORPORATION/SUMITOMO CHEMICAL,"BACILLUS THURINGIENSIS (SPKURSTAKI),SOUCHE ABTS-351","BACILLUS THURINGIENSIS (SPKURSTAKI),SOUCHE ABTS-351",N/A,N/A,N/A,N/A,N/A,N/A,SEPCM,VALENT BIOSCIENCE CORPORATION SUMITOMO
CHLOROTHALONIL,BANKO 720 SC,BIOPROTECTION,ARYSTA LIFESCIENCE,CHLOROTHALONIL,CHLOROTHALONIL,N/A,N/A,N/A,N/A,N/A,N/A,BIOPROTECTION,ARYSTA LIFESCIENCE
PROPICONAZOLE,BANNER EC,AGRIPLUS,HEBEI VEYONG BIO- CHEMICAL CO.LTD,PROPICONAZOLE,PROPICONAZOLE,N/A,N/A,N/A,N/A,N/A,N/A,AGRIPLUS,HEBEI VEYONG BIO
BENTAZONE,BASAGRAN,STIMA,BASF,BENTAZONE,BENTAZONE,N/A,N/A,N/A,N/A,N/A,N/A,STIMA,BASF
BENTAZONE,BASASTAR SL,AGRIPLUS,"NANJING FENGSHAN CHEMICAL GROUP CO,LTD",BENTAZONE,BENTAZONE,N/A,N/A,N/A,N/A,N/A,N/A,AGRIPLUS,NANJING FENGSHAN GROUP
CYMOXANIL + MÉTIRAME DE ZINC,BATO,AGRIMATCO,BASF,CYMOXANIL,CYMOXANIL,MÉTIRAME DE ZINC,MÉTIRAME DE ZINC,N/A,N/A,N/A,N/A,AGRIMATCO,BASF
PYRACLOSTROBINE,BAUXIT,STIMA,BASF,PYRACLOSTROBINE,PYRACLOSTROBINE,N/A,N/A,N/A,N/A,N/A,N/A,STIMA,BASF
BEAUVERIA BASSIANA STRAIN R444,BB-PROTEC WP,ALOHA AGRICULTURE,PLANT HEALTH PRODUCTS (PHY)/ANDERMATT PHP(PTY) LTD/ANDERMATT BIOCONTROL GROUP AG,BEAUVERIA BASSIANA STRAIN R444,BEAUVERIA BASSIANA STRAIN R444,N/A,N/A,N/A,N/A,N/A,N/A,ALOHA,PLANT HEALTH PRODUCTS PHY SUD D AFRIQUE ANDERMATT PHP PTY ANDERMATT BIOCONTROL GROUP AG
CYPERMETHRINE,BELEM 0.8 MG,SEPCM,SBM FORMULATION/ CMPA,CYPERMETHRINE,CYPERMETHRINE,N/A,N/A,N/A,N/A,N/A,N/A,SEPCM,SBM FORMULATION CMPA
FOSETHYL-AL + CYMOXANIL + FOLPEL,BELKAP EXTRA,AGROSYSTEMES,PROBELTE,FOSETHYL-AL,FOSETHYL-AL,CYMOXANIL,CYMOXANIL,FOLPEL,FOLPEL,N/A,N/A,AGROSYSTEMES,PROBELTE
CHINOZOLE,BELTANOL-L,AGRIPROTEC,PROBELTE,CHINOZOLE,CHINOZOLE,N/A,N/A,N/A,N/A,N/A,N/A,AGRIPROTEC,PROBELTE
BACILLUS THURINGIENSIS,BELTHIRUL 16SC,AGRIPROTEC,PROBLETE,BACILLUS THURINGIENSIS,BACILLUS THURINGIENSIS,N/A,N/A,N/A,N/A,N/A,N/A,AGRIPROTEC,PROBLETE
THIABENDAZOLE,BENAZOLE,EXCEL AGRI,SHARDA CROPCHEM,THIABENDAZOLE,THIABENDAZOLE,N/A,N/A,N/A,N/A,N/A,N/A,EXCEL AGRI,SHARDA CROPCHEM
CYANTRANILIPROLE,BENEVIA,AGRIMATCO,DU PONT,CYANTRANILIPROLE,CYANTRANILIPROLE,N/A,N/A,N/A,N/A,N/A,N/A,AGRIMATCO,DU PONT
FLUAZIFOP-P-BUTYL,BENFURON,AGRIMED DISTRIBUTION,SHARDA CROPCHEM LIMITED INDE,FLUAZIFOP-P-BUTYL,FLUAZIFOP-P-BUTYL,N/A,N/A,N/A,N/A,N/A,N/A,AGRIMED DISTRIBUTION,SHARDA CROPCHEM INDE
BENTAZONE,BENHUR SL,PROTAGRI,NANJING AGROCHEMICAL,BENTAZONE,BENTAZONE,N/A,N/A,N/A,N/A,N/A,N/A,PROTAGRI,NANJING
BENTAZONE,BENTA SL,EL KHADRA,"NANJING FENGSHAN CHEMICAL GROUP CO,LTD/NANGIN G FENGSHAN",BENTAZONE,BENTAZONE,N/A,N/A,N/A,N/A,N/A,N/A,EL KHADRA,NANJING FENGSHAN GROUP NANGIN G FENGSHAN
BENTAZONE,BENTAPROTEKT SL,LIEN AGRICOLE,ANHUI ZHONGSHAN CHEMICAL(FABRIQUÉ)/CHINE(PROTEKTINGPHYTOSANITARY/ESPAGNE(DIST),BENTAZONE,BENTAZONE,N/A,N/A,N/A,N/A,N/A,N/A,LIEN,ANHUI ZHONGSHAN FABRIQUE CHINE PROTEKTINGPHYTOSANITARY ESPAGNE DIST
ACIDE GIBBERELLIQUE,BERELEX 40 SG,SEPCM,CHEMICAL AGRO EUROPE,ACIDE GIBBERELLIQUE,ACIDE GIBBERELLIQUE,N/A,N/A,N/A,N/A,N/A,N/A,SEPCM,AGRO EUROPE
CHLORANTRANILIPROLE + LAMBDACYHALOTHRINE,BESIEGE 150 ZC,COTUGRAIN IMPEX,SYNGENTA,CHLORANTRANILIPROLE,CHLORANTRANILIPROLE,LAMBDACYHALOTHRINE,LAMBDACYHALOTHRINE,N/A,N/A,N/A,N/A,COTUGRAIN IMPEX,SYNGENTA
PHENMEDIPHAM + DESMEDOPHAM +ETHOFUMESATE,BETASANA TRIO,AGRIPROTEC,UPL LIMITED,PHENMEDIPHAM,PHENMEDIPHAM,DESMEDOPHAM,DESMEDOPHAM,ETHOFUMESATE,ETHOFUMESATE,N/A,N/A,AGRIPROTEC,UPL
PROTEINES HYDROLYSÉES,BIOBAIT,BIOPROTECTION,BIOIBIRICA,PROTEINES HYDROLYSÉES,PROTEINES HYDROLYSÉES,N/A,N/A,N/A,N/A,N/A,N/A,BIOPROTECTION,BIOIBIRICA
ACIBENZOLAR-S- METHYL,BION 50 WG,AGRIPROTEC,SYNGENTA,ACIBENZOLAR-S- METHYL,ACIBENZOLAR-S- METHYL,N/A,N/A,N/A,N/A,N/A,N/A,AGRIPROTEC,SYNGENTA
SODIUM LAURYL ETHER SULFATE (SLES),BIOPOWER SL,ATLAS AGRICOLE,BAYER AG,SODIUM LAURYL ETHER SULFATE (SLES),SODIUM LAURYL ETHER SULFATE (SLES),N/A,N/A,N/A,N/A,N/A,N/A,ATLAS,BAYER AG
AZOXYSTROBINE + DIFENOCONAZOLE,BLACK PANTHER SC,FERTITECH,HANGZHOU TOPAGRO BIOSCIENCE,AZOXYSTROBINE,AZOXYSTROBINE,DIFENOCONAZOLE,DIFENOCONAZOLE,N/A,N/A,N/A,N/A,FERTITECH,HANGZHOU TOPAGRO BIOSCIENCE
GLYPHOSATE,BLANCA,COTUGRAIN IMPEX,SHARDA WORLD WIDE,GLYPHOSATE,GLYPHOSATE,N/A,N/A,N/A,N/A,N/A,N/A,COTUGRAIN IMPEX,SHARDA WORLD WIDE
"2,4-D SEL DE DIMETHYLAMINE",BLITZ 720 SL,EL KHADRA,"JIANGSU FENGSHAN GROUP CO,LTD/NANJING FENGSHAN CHEMICAL","2,4-D SEL DE DIMETHYLAMINE","2,4-D SEL DE DIMETHYLAMINE",N/A,N/A,N/A,N/A,N/A,N/A,EL KHADRA,JIANGSU FENGSHAN GROUP NANJING FENGSHAN
AUREBASIDIUMPILLULAN(2 SOUCHES) :DSM 14940 +DSM 14941,BLOSSOM PROTECT,STIMA,BIO FERM,DSM 14940,DSM 14940,DSM 14941,DSM 14941,N/A,N/A,N/A,N/A,STIMA,BIO FERM
HYDROXYDE DE CUIVRE,BLUE SHIELD 25 WG,SOLAGRI,ALBAUGH.LLC,HYDROXYDE DE CUIVRE,HYDROXYDE DE CUIVRE,N/A,N/A,N/A,N/A,N/A,N/A,SOLAGRI,ALBAUGH
SPIRODICLOFEN,BOLIDO 240 SC,PROMOCHIMIE,BAYER CROPSCIENCE/GOWAN,SPIRODICLOFEN,SPIRODICLOFEN,N/A,N/A,N/A,N/A,N/A,N/A,PROMOCHIMIE,BAYER CROPSCIENCE GOWAN
HELICOVERPA ARMIGERA NUCLEOPOLYHEDROVIRUS,BOLLDEX SC,ALOHA AGRICULTURE,ANDERMATT BIOCONTROL,HELICOVERPA ARMIGERA NUCLEOPOLYHEDROVIRUS,HELICOVERPA ARMIGERA NUCLEOPOLYHEDROVIRUS,N/A,N/A,N/A,N/A,N/A,N/A,ALOHA,ANDERMATT BIOCONTROL
CHLORPYRIFOS+GAMMA – CYHALOTHRIN,BOLTON EC,AGRIPROTEC,CHEMINOVA /FMC,CHLORPYRIFOS,CHLORPYRIFOS,GAMMA – CYHALOTHRIN,GAMMA – CYHALOTHRIN,N/A,N/A,N/A,N/A,AGRIPROTEC,CHEMINOVA FMC
TRIBENURON METHYL + FLORASULAM,BOMBA WG,EL KHADRA,JSC(AVGUST),TRIBENURON METHYL,TRIBENURON METHYL,FLORASULAM,FLORASULAM,N/A,N/A,N/A,N/A,EL KHADRA,JSC AVGUST
ALPHAMÉTHRINE,BONBARD,COTUGRAIN,BASF,ALPHAMÉTHRINE,ALPHAMÉTHRINE,N/A,N/A,N/A,N/A,N/A,N/A,COTUGRAIN,BASF
CHLORPYRIPHOSETHYL,BONSOL,COTUGRAIN,SHARDA,CHLORPYRIPHOSETHYL,CHLORPYRIPHOSETHYL,N/A,N/A,N/A,N/A,N/A,N/A,COTUGRAIN,SHARDA
BOSCALID + PYRACLOSTROBIN,BOOSTER WG,NEGANOR,NANJING AGROCHEMICAL /CHINE,BOSCALID,BOSCALID,PYRACLOSTROBIN,PYRACLOSTROBIN,N/A,N/A,N/A,N/A,NEGANOR,NANJING CHINE
SULFATE TETRACUIVRIQUE TRICALCIQUE,BORDOCURE WG,FERTITECH,ALINTRA,SULFATE TETRACUIVRIQUE TRICALCIQUE,SULFATE TETRACUIVRIQUE TRICALCIQUE,N/A,N/A,N/A,N/A,N/A,N/A,FERTITECH,ALINTRA
ETOXAZOLE,BORNEO 10 SC,BIOPROTECTION,SUMITOMO CHEMICHAL AGRO EUROPE S.A.S,ETOXAZOLE,ETOXAZOLE,N/A,N/A,N/A,N/A,N/A,N/A,BIOPROTECTION,SUMITOMO CHEMICHAL AGRO EUROPE S A S
AUREOBASIDIUMPULLULANS DSM 14940 ET AUREOBASIDIUMPULLULANS DSM 14941,BOTECTOR WG,STIMA,BIOFERM/SAN AGROW/AUTRICHE,AUREOBASIDIUMPULLULANS DSM 14940 ET AUREOBASIDIUMPULLULANS DSM 14941,AUREOBASIDIUMPULLULANS DSM 14940 ET AUREOBASIDIUMPULLULANS DSM 14941,N/A,N/A,N/A,N/A,N/A,N/A,STIMA,BIOFERM SAN AGROW AUTRICHE
"2,4-D SEL DE DIMETHYLAMINE",BOZAR,AGRIPLUS,"JIANGSU FENGSHAN GROUP CO,LTD","2,4-D SEL DE DIMETHYLAMINE","2,4-D SEL DE DIMETHYLAMINE",N/A,N/A,N/A,N/A,N/A,N/A,AGRIPLUS,JIANGSU FENGSHAN GROUP
PYRIPROXYFENE,BRAI EC,RAYEN PHYTAGRI,LAINCO SA,PYRIPROXYFENE,PYRIPROXYFENE,N/A,N/A,N/A,N/A,N/A,N/A,RAYEN PHYTAGRI,LAINCO SA
LAMBDA-CYHALOTHRINE,BREAK ME SC,EL KHADRA,AUGUST INC/CORPORATE,LAMBDA-CYHALOTHRINE,LAMBDA-CYHALOTHRINE,N/A,N/A,N/A,N/A,N/A,N/A,EL KHADRA,AUGUST CORPORATE
POLYETHER MODIFIED TRISILOXANE + POLYETHER,BREAK THRU SL,ATLAS AGRICOLE,EVONIC,POLYETHER MODIFIED TRISILOXANE,POLYETHER MODIFIED TRISILOXANE,POLYETHER,POLYETHER,N/A,N/A,N/A,N/A,ATLAS,EVONIC
FLUMETSULAM,BROADSTRIKE WG,PROMOCHIMIE,DOW AGROSCIENCE,FLUMETSULAM,FLUMETSULAM,N/A,N/A,N/A,N/A,N/A,N/A,PROMOCHIMIE,DOW AGROSCIENCE
BRODIFACOUM,BRODITOP,ETS MEZGHANI,ZAPI SPA,BRODIFACOUM,BRODIFACOUM,N/A,N/A,N/A,N/A,N/A,N/A,ETS MEZGHANI,ZAPI
BRODIFACOUM,BRODITOP WAX BLOCK,ETS MEZGHANI,ZAPI SPA,BRODIFACOUM,BRODIFACOUM,N/A,N/A,N/A,N/A,N/A,N/A,ETS MEZGHANI,ZAPI
GLYPHOSATE + OXYFLUORFÈNE,BROUT,SEPCM,AAKO,GLYPHOSATE,GLYPHOSATE,OXYFLUORFÈNE,OXYFLUORFÈNE,N/A,N/A,N/A,N/A,SEPCM,AAKO
PENCONAZOLE,BUCKLER,AMINCO,GLOBACHEM,PENCONAZOLE,PENCONAZOLE,N/A,N/A,N/A,N/A,N/A,N/A,AMINCO,GLOBACHEM
GLYPHOSATE,BUGGY,INNOVA,SIPCAM INGARA,GLYPHOSATE,GLYPHOSATE,N/A,N/A,N/A,N/A,N/A,N/A,SOCOOPEC,SIPCAM INGARA
CLODINAFOP-PROPAGYL +CLOQUINTOCET-MEXYL,BUGUIS EC,AGRIPROTEC,PROPLAN,CLODINAFOP-PROPAGYL,CLODINAFOP-PROPAGYL,CLOQUINTOCET-MEXYL,CLOQUINTOCET-MEXYL,N/A,N/A,N/A,N/A,AGRIPROTEC,PROPLAN
DIMETHENAMID-P + METAZACHLOR + QUINMERAC,BUTISAN AVANT SE,COTUGRAIN,BASF,DIMETHENAMID-P,DIMETHENAMID-P,METAZACHLOR,METAZACHLOR,QUINMERAC,QUINMERAC,N/A,N/A,COTUGRAIN,BASF
SOUFRE,CABRIDUST,AGROSYSTEMES,THE NATIONAL COMPANY FOR AGROCHEMICALS(AGROCHEM),SOUFRE,SOUFRE,N/A,N/A,N/A,N/A,N/A,N/A,AGROSYSTEMES,THE NATIONAL FOR AGROCHEM
PYRACLOSTROBINE + DIMOTOMORPHE,CABRIO DUO,AGRIPROTEC,BASF,PYRACLOSTROBINE,PYRACLOSTROBINE,DIMOTOMORPHE,DIMOTOMORPHE,N/A,N/A,N/A,N/A,AGRIPROTEC,BASF
PROPYZAMIDE,CADDY SC,RAYEN PHYTAGRI,BARCLAY CHEMICALS LTD,PROPYZAMIDE,PROPYZAMIDE,N/A,N/A,N/A,N/A,N/A,N/A,RAYEN PHYTAGRI,BARCLAY
THIACLOPRIDE,CALYPSO,PROMOCHIMIE,BAYER CROPSCIENCE,THIACLOPRIDE,THIACLOPRIDE,N/A,N/A,N/A,N/A,N/A,N/A,PROMOCHIMIE,BAYER CROPSCIENCE
CHLOROTHALONIL + TEBUCONAZOLE,CAMARO COMBI SC,RAYEN PHYTAGRI,PARIJAT INDUSTRIES,CHLOROTHALONIL,CHLOROTHALONIL,TEBUCONAZOLE,TEBUCONAZOLE,N/A,N/A,N/A,N/A,RAYEN PHYTAGRI,PARIJAT INDUSTRIES
TÉBUCONAZOLE,CAMARO430SC,RAYEN PHYTAGRI,SHARDA CROPCHEM LIMITED INDE,TÉBUCONAZOLE,TÉBUCONAZOLE,N/A,N/A,N/A,N/A,N/A,N/A,RAYEN PHYTAGRI,SHARDA CROPCHEM INDE
ACETAMIPRID + PYRIPROXYFEN,CANVION310 DC,COTUGRAIN,SYNGENTA CROP PROTECTION,ACETAMIPRID,ACETAMIPRID,PYRIPROXYFEN,PYRIPROXYFEN,N/A,N/A,N/A,N/A,COTUGRAIN,SYNGENTA
THIOPHANATE-MÉTHYL,CAP-TOP,NEGANOR,NANJIG(JIANGSU LANFENG BIOCHEMICAL(FABRICANT)),THIOPHANATE-MÉTHYL,THIOPHANATE-MÉTHYL,N/A,N/A,N/A,N/A,N/A,N/A,NEGANOR,NANJIG JIANGSU LANFENG BIOCHEMICAL FABRICANT
FENPROPIMORPHE + EPOXICONAZOLE + METRAFENONE,CAPALO,STIMA,BASF,FENPROPIMORPHE,FENPROPIMORPHE,EPOXICONAZOLE,EPOXICONAZOLE,METRAFENONE,METRAFENONE,N/A,N/A,STIMA,BASF
ACETAMIPRID,CAPILAN SL,NEGANOR,AGROW ALLIED,ACETAMIPRID,ACETAMIPRID,N/A,N/A,N/A,N/A,N/A,N/A,NEGANOR,AGROW ALLIED
CAPTANE,CAPITOL 80 WG,AGRONOMIC LAND,SHARDA,CAPTANE,CAPTANE,N/A,N/A,N/A,N/A,N/A,N/A,AGRONOMIC LAND,SHARDA
CAPTANE,CAPLANT EC,FERTIPLANT,SHARDA CROPCHEM LIMITED,CAPTANE,CAPTANE,N/A,N/A,N/A,N/A,N/A,N/A,FERTIPLANT,SHARDA CROPCHEM
CAPTANE,CAPTAN 83 WP,AGRIPROTEC,ARYSTA LIFESCIENCE/UPL,CAPTANE,CAPTANE,N/A,N/A,N/A,N/A,N/A,N/A,AGRIPROTEC,ARYSTA LIFESCIENCE UPL
MANDIPROPAMIDE + CHLOROTHALONIL,CARIAL OPTI,BIOPROTECTION,SYNGENTA,MANDIPROPAMIDE,MANDIPROPAMIDE,CHLOROTHALONIL,CHLOROTHALONIL,N/A,N/A,N/A,N/A,BIOPROTECTION,SYNGENTA
MANDIPROPAMIDE + DIFENOCONAZOLE,CARIAL TOP,BIOPROTECTION,SYNGENTA,MANDIPROPAMIDE,MANDIPROPAMIDE,DIFENOCONAZOLE,DIFENOCONAZOLE,N/A,N/A,N/A,N/A,BIOPROTECTION,SYNGENTA
DICAMBA +PROSULFURON,CASPER 55 WG,SOLAGRI,SYNGENTA,DICAMBA,DICAMBA,PROSULFURON,PROSULFURON,N/A,N/A,N/A,N/A,SOLAGRI,SYNGENTA
FOSETHYL AL + FOLPEL + IPROVALICARBE,CASSIOPEE WG,PROMOCHIMIE,BAYER AG,FOSETHYL AL,FOSETHYL AL,FOLPEL,FOLPEL,IPROVALICARBE,IPROVALICARBE,N/A,N/A,PROMOCHIMIE,BAYER AG
AZOXYSTROBINE,CAYEN 500 WG,RAYEN PHYTAGRI,SHARDA,AZOXYSTROBINE,AZOXYSTROBINE,N/A,N/A,N/A,N/A,N/A,N/A,RAYEN PHYTAGRI,SHARDA
CHLORMEQUAT-CHLORURE,CEKWAT 750,BIOPROTECTION,NUFARM,CHLORMEQUAT-CHLORURE,CHLORMEQUAT-CHLORURE,N/A,N/A,N/A,N/A,N/A,N/A,BIOPROTECTION,NUFARM
DIFENOCONAZOLE + FLUDIOXONIL,CELEST EXTRA 50 FS,BIOPROTECTION,SYNGENTA,DIFENOCONAZOLE,DIFENOCONAZOLE,FLUDIOXONIL,FLUDIOXONIL,N/A,N/A,N/A,N/A,BIOPROTECTION,SYNGENTA
DIFENOCONAZOLE + FLUDIOXONIL +THIAMETHOXAM,CELESTTOP 312.5,BIOPROTECTION,SYNGENTA,DIFENOCONAZOLE,DIFENOCONAZOLE,FLUDIOXONIL,FLUDIOXONIL,THIAMETHOXAM,THIAMETHOXAM,N/A,N/A,BIOPROTECTION,SYNGENTA
PROTHIOCONAZOLE + TEBUCONAZOLE + SPIROXAMINE,CELLO,AGRONOMIC LAND,BAYER CROPSCIENCE,PROTHIOCONAZOLE,PROTHIOCONAZOLE,TEBUCONAZOLE,TEBUCONAZOLE,SPIROXAMINE,SPIROXAMINE,N/A,N/A,AGRONOMIC LAND,BAYER CROPSCIENCE
HYDROLYSAT DE PROTÉINES,CERABAIT,EL MOUSSEM,EVIE MICHAAILIDES,HYDROLYSAT DE PROTÉINES,HYDROLYSAT DE PROTÉINES,N/A,N/A,N/A,N/A,N/A,N/A,EL MOUSSEM,EVIE MICHAAILIDES
PROTHIOCONAZOLE + BENZOVINDIFLUPYR(SOLATENOL),CERATAVO ERA,BIOPROTECTION,SYNGENTA,PROTHIOCONAZOLE,PROTHIOCONAZOLE,BENZOVINDIFLUPYR (SOLATENOL),BENZOVINDIFLUPYR (SOLATENOL),N/A,N/A,N/A,N/A,BIOPROTECTION,SYNGENTA
HYDROLYSAT DE PROTÉINES+BORAX,CERATRAP (EN BOUTEILLES OU/ET EN PIÈGES JAUNES),BIOPROTECTION,BIOEBERICA S.A,HYDROLYSAT DE PROTÉINES,HYDROLYSAT DE PROTÉINES,BORAX,BORAX,N/A,N/A,N/A,N/A,BIOPROTECTION,BIOEBERICA S A
EPOXICONAZOLE,CERIAZOLE SC,AGRIPROTEC,NUFARM,EPOXICONAZOLE,EPOXICONAZOLE,N/A,N/A,N/A,N/A,N/A,N/A,AGRIPROTEC,NUFARM
HEXYTHIAZOX,CESAR,EL MOUSSEM AGRICOLE,"NIPPON SODA CO., LTD",HEXYTHIAZOX,HEXYTHIAZOX,N/A,N/A,N/A,N/A,N/A,N/A,EL MOUSSEM,NIPPON SODA
METRIBUZINE+ CLOMAZONE,CETUS,AGRIPROTEC,FMC,METRIBUZINE,METRIBUZINE,CLOMAZONE,CLOMAZONE,N/A,N/A,N/A,N/A,AGRIPROTEC,FMC
ACLONIFEN,CHALLENGE 600SC,EL MOUSSEM AGRICOLE,BAYER AG,ACLONIFEN,ACLONIFEN,N/A,N/A,N/A,N/A,N/A,N/A,EL MOUSSEM,BAYER AG
CUIVRE,CHAMP FLO,INNOVA,NUFARM,CUIVRE,CUIVRE,N/A,N/A,N/A,N/A,N/A,N/A,INNOVA,NUFARM
CYPROCONAZOLE + CHLOROTHALONIL,CHAMPION,SOCOOPEC,SHARDA CROPCHEM,CYPROCONAZOLE,CYPROCONAZOLE,CHLOROTHALONIL,CHLOROTHALONIL,N/A,N/A,N/A,N/A,SOCOOPEC,SHARDA CROPCHEM
"2,4-D SEL D’AMINE",CHARDOL 720 SL,BIOPROTECTION,NUFARM,"2,4-D SEL D’AMINE","2,4-D SEL D’AMINE",N/A,N/A,N/A,N/A,N/A,N/A,BIOPROTECTION,NUFARM
CHLORPYRIPHOS ETHYL,CHARTER,SANABEL AGRO,SINON CORPORATION,CHLORPYRIPHOS ETHYL,CHLORPYRIPHOS ETHYL,N/A,N/A,N/A,N/A,N/A,N/A,SANABEL AGRO,SINON CORPORATION
CHLOROTHALONIL +PROPICONAZOLE +CYPROCONAZOLE,"CHEROKEE 487,5 SE",SOLAGRI,SYNGENTA,CHLOROTHALONIL,CHLOROTHALONIL,PROPICONAZOLE,PROPICONAZOLE,CYPROCONAZOLE,CYPROCONAZOLE,N/A,N/A,SOLAGRI,SYNGENTA
CHLOROTHAONIL,CHLORAMAX,SANABEL AGRO,SINON CORPORATION,CHLOROTHAONIL,CHLOROTHAONIL,N/A,N/A,N/A,N/A,N/A,N/A,SANABEL AGRO,SINON CORPORATION
FLUDIOXONIL +CYPRODINIL,CHORUS DOUBLE,BIOPROTECTION,SYNGENTA,FLUDIOXONIL,FLUDIOXONIL,CYPRODINIL,CYPRODINIL,N/A,N/A,N/A,N/A,BIOPROTECTION,SYNGENTA
GLYPHOSATE,CIBLE,AGRIPROTEC,NUFARM,GLYPHOSATE,GLYPHOSATE,N/A,N/A,N/A,N/A,N/A,N/A,AGRIPROTEC,NUFARM
DIFENOCONAZOLE +CYFLUFENAMID,CIDELY TOP 140 DC,AGRIPROTEC,SYNGENTA,DIFENOCONAZOLE,DIFENOCONAZOLE,CYFLUFENAMID,CYFLUFENAMID,N/A,N/A,N/A,N/A,AGRIPROTEC,SYNGENTA
FOLPEL +BENALAXYL +CYMOXANIL,CIFOXIL WP,PROMOCHIMIE,SIPCAM INAGRA,FOLPEL,FOLPEL,BENALAXYL,BENALAXYL,CYMOXANIL,CYMOXANIL,N/A,N/A,PROMOCHIMIE,SIPCAM INAGRA
LUFENURON,CIGNA 50 EC,COTUGRAIN IMPEX,SYNGENTA,LUFENURON,LUFENURON,N/A,N/A,N/A,N/A,N/A,N/A,COTUGRAIN IMPEX,SYNGENTA
CYPERMÉTHRINE,CIRTAN EC,COTUGRAIN IMPEX,ALCOTAN,CYPERMÉTHRINE,CYPERMÉTHRINE,N/A,N/A,N/A,N/A,N/A,N/A,COTUGRAIN IMPEX,ALCOTAN
DELTAMETHRIN,CISTHRIN EC,UNIAGRO,SHANDONG WEIFANG RAINBOW,DELTAMETHRIN,DELTAMETHRIN,N/A,N/A,N/A,N/A,N/A,N/A,UNIAGRO,SHANDONG WEIFANG RAINBOW
HUILE MINÉRALE,CITROLE,EL MOUSSEM AGRICOLE,TOTALENERGIES FLUIDES,HUILE MINÉRALE,HUILE MINÉRALE,N/A,N/A,N/A,N/A,N/A,N/A,EL MOUSSEM,TOTALENERGIES FLUIDES
ARYLEX TM + FORASULAM + CLOQUINTOCET ACIDE +SURFER,CLASSICO WG,SEPCM,DOW AGROSCIENCES,ARYLEX TM,ARYLEX TM,FORASULAM,FORASULAM,CLOQUINTOCET ACIDE,CLOQUINTOCET ACIDE,SURFER,SURFER,SEPCM,DOW AGROSCIENCES
CYROMAZINE,CLAVE WP,ETS MEZGHANI,INDUSTRIAL QUIMICA KEY,CYROMAZINE,CYROMAZINE,N/A,N/A,N/A,N/A,N/A,N/A,ETS MEZGHANI,INDUSTRIAL QUIMICA KEY
FOSETYL ALUMINIUM,CLEANER WP,FERTITECH,HANGZHOU TOPAGRO BIOSCIENCE,FOSETYL ALUMINIUM,FOSETYL ALUMINIUM,N/A,N/A,N/A,N/A,N/A,N/A,FERTITECH,HANGZHOU TOPAGRO BIOSCIENCE
DICHLOROPROP-P,CLEMENTGROS,SANABEL AGRO,NUFARM,DICHLOROPROP-P,DICHLOROPROP-P,N/A,N/A,N/A,N/A,N/A,N/A,SANABEL AGRO,NUFARM
OXYFLUORFENE,CLENOFEN 240,SANABEL AGRO,ZHEJIANG E-TONG CHEMICAL CO LTD,OXYFLUORFENE,OXYFLUORFENE,N/A,N/A,N/A,N/A,N/A,N/A,SANABEL AGRO,ZHEJIANG E-TONG CHEMICAL CO LTD
CLÉTHODIM,CLETHODIM EC SOUS RESERVE DE CHANGEMENT DE NOM,TASMID,PSYCHE M CHEMICALS LIMITED,CLÉTHODIM,CLÉTHODIM,N/A,N/A,N/A,N/A,N/A,N/A,TASMID,PSYCHE M
CHLORANTRANILIPROLE,CLEVEROLE SC,UNIAGRO,SHANDONG WEIFANG RAINBOW CHEMICAL CO.LTD,CHLORANTRANILIPROLE,CHLORANTRANILIPROLE,N/A,N/A,N/A,N/A,N/A,N/A,UNIAGRO,SHANDONG WEIFANG RAINBOW
GLYPHOSATE,CLINIC,EL MOUSSEMAGRI,NUFARM,GLYPHOSATE,GLYPHOSATE,N/A,N/A,N/A,N/A,N/A,N/A,EL MOUSSEMAGRI,NUFARM
FAMOXADONE + MANCOZEBE,CLIP,AGRIMATCO,DU PONT INTERNATIONAL/CORTEVA,FAMOXADONE,FAMOXADONE,MANCOZEBE,MANCOZEBE,N/A,N/A,N/A,N/A,AGRIMATCO,DU PONT INTERNATIONAL CORTEVA
CLETHODIM,CLODIM FORTE 240 EC,SOLAGRI,SYNGENTA,CLETHODIM,CLETHODIM,N/A,N/A,N/A,N/A,N/A,N/A,SOLAGRI,SYNGENTA
CLOPYRALID,CLOPRYD 30 SL,SLDA,SHARDA CROPCHEM,CLOPYRALID,CLOPYRALID,N/A,N/A,N/A,N/A,N/A,N/A,SLDA,SHARDA CROPCHEM
CHLOROTHAONIL,CLORTOSIP 500 SC,ATLAS AGRICOLE,SIPCAM INAGRA,CHLOROTHAONIL,CHLOROTHAONIL,N/A,N/A,N/A,N/A,N/A,N/A,ATLAS,SIPCAM INAGRA
SULFOXAFLOR,CLOSER 240 SC,SEPCM,DOW AGROSCIENCE/CORTEVA,SULFOXAFLOR,SULFOXAFLOR,N/A,N/A,N/A,N/A,N/A,N/A,SEPCM,DOW AGROSCIENCE CORTEVA
IPRODIONE,CLUSTER,RAYEN PHYTAGRI,DIACHEM S.P.A,IPRODIONE,IPRODIONE,N/A,N/A,N/A,N/A,N/A,N/A,RAYEN PHYTAGRI,DIACHEM S P A
FLORASULAME,CLYDE SG,AGRIPROTEC,ALBAUGH EUROPE SARL,FLORASULAME,FLORASULAME,N/A,N/A,N/A,N/A,N/A,N/A,AGRIPROTEC,ALBAUGH EUROPE
CUIVRE MÉTAL,COBRAKEY,ETS MEZGHANI,INDUSTRI. QUIMAGRO,CUIVRE MÉTAL,CUIVRE MÉTAL,N/A,N/A,N/A,N/A,N/A,N/A,ETS MEZGHANI,INDUSTRI QUIMAGRO
CUIVRE METAL,COBRE NORDOX,COTUGRAIN,NORDOX INDUSTRIER A/S,CUIVRE METAL,CUIVRE METAL,N/A,N/A,N/A,N/A,N/A,N/A,COTUGRAIN,NORDOX INDUSTRIER A S
CUIVRE MÉTAL,COBREKEY,ETS MEZGHANI,INDUSTRI.,CUIVRE MÉTAL,CUIVRE MÉTAL,N/A,N/A,N/A,N/A,N/A,N/A,ETS MEZGHANI,INDUSTRI
HUILE DE COLZA,CODACIDE EO,AGRIMATCO,MIROCIDE LTD,HUILE DE COLZA,HUILE DE COLZA,N/A,N/A,N/A,N/A,N/A,N/A,AGRIMATCO,MIROCIDE
BOSCALID +KRÉSOXYM-METHYL,COLLIS 300SC,STIMA,BASF,BOSCALID,BOSCALID,KRÉSOXYM-METHYL,KRÉSOXYM-METHYL,N/A,N/A,N/A,N/A,STIMA,BASF
PROPICONAZOLE + TEBUCONAZOLE,COLLOSAL PRO,EL KHADRA,AUGUST JSC,PROPICONAZOLE,PROPICONAZOLE,TEBUCONAZOLE,TEBUCONAZOLE,N/A,N/A,N/A,N/A,EL KHADRA,AUGUST JSC
TEBUCONAZOLE,COLOSSAL,HALAB TUNISIE,JSC AUGUST INC,TEBUCONAZOLE,TEBUCONAZOLE,N/A,N/A,N/A,N/A,N/A,N/A,HALAB TUNISIE,JSC AUGUST INC
PROPICONAZOLE +TEBUCONAZOLE,COLOSSAL PRO,EL KHADRA,AUGUST CROPROTECTION,PROPICONAZOLE,PROPICONAZOLE,TEBUCONAZOLE,TEBUCONAZOLE,N/A,N/A,N/A,N/A,EL KHADRA,AUGUST CROPROTECTION
CUIVRE MÉTAL,COMAC,AGRIPROTEC,NUFARM,CUIVRE MÉTAL,CUIVRE MÉTAL,N/A,N/A,N/A,N/A,N/A,N/A,AGRIPROTEC,NUFARM
PYRACLOSTROBIN +FENPROPIMORPH,COMET PLUS EC,AGRIPROTEC,BASF,PYRACLOSTROBIN,PYRACLOSTROBIN,FENPROPIMORPH,FENPROPIMORPH,N/A,N/A,N/A,N/A,AGRIPROTEC,BASF
BIFENAZATE,COMITE 240 SC,BIOPROTECTION,CHEMTURA/AR,BIFENAZATE,BIFENAZATE,N/A,N/A,N/A,N/A,N/A,N/A,BIOPROTECTION,CHEMTURA AR
IMIDACLOPRIDE,CONFIDOR,PROMOCHIMIE,BAYER CROPSCIENCE,IMIDACLOPRIDE,IMIDACLOPRIDE,N/A,N/A,N/A,N/A,N/A,N/A,PROMOCHIMIE,BAYER CROPSCIENCE
CYFLUFENAMID,CONFIRM 5 EW,EL MOUSSEM,NIPPON SODA/ NISSO CHEMICAL EUROPE GMBH,CYFLUFENAMID,CYFLUFENAMID,N/A,N/A,N/A,N/A,N/A,N/A,EL MOUSSEM,NIPPON SODA NISSO EUROPE
PROPAMOCARBE +FENAMIDONE,CONSENTO 450,ATLAS AGRICOLE,BAYER CROPSCIENCE/ GOWAN CROP PROTECTION,PROPAMOCARBE,PROPAMOCARBE,FENAMIDONE,FENAMIDONE,N/A,N/A,N/A,N/A,ATLAS,BAYER CROPSCIENCE GOWAN
HYDROXYDE DE CUIVRE,COPPER PROGRESS,AGROSYSTEMES,SPEISS URANIA/COSACO GMBH,HYDROXYDE DE CUIVRE,HYDROXYDE DE CUIVRE,N/A,N/A,N/A,N/A,N/A,N/A,AGROSYSTEMES,SPEISS URANIA COSACO
CUIVRE MÉTAL,COPSIP,AGRIPROTEC,SIPCAM INAGRA,CUIVRE MÉTAL,CUIVRE MÉTAL,N/A,N/A,N/A,N/A,N/A,N/A,AGRIPROTEC,SIPCAM INAGRA
CHLORANTRANILIPROLE,CORAGEN 20 SC,SEPCM,DU PONT/FMC,CHLORANTRANILIPROLE,CHLORANTRANILIPROLE,N/A,N/A,N/A,N/A,N/A,N/A,SEPCM,DU PONT FMC
TÉBUCONAZOLE,CORAIL,PROMOCHIMIE,BAYER CROPSCIENCE,TÉBUCONAZOLE,TÉBUCONAZOLE,N/A,N/A,N/A,N/A,N/A,N/A,PROMOCHIMIE,BAYER CROPSCIENCE
CHLORANTRANILIPROLE,COREGIS SC,PROMOCHIMIE,DU PONT/FMC,CHLORANTRANILIPROLE,CHLORANTRANILIPROLE,N/A,N/A,N/A,N/A,N/A,N/A,PROMOCHIMIE,DU PONT FMC
TRIBENURON-METHYL,CORIDA 75 WG,SOCOOPEC,AGRIA,TRIBENURON-METHYL,TRIBENURON-METHYL,N/A,N/A,N/A,N/A,N/A,N/A,SOCOOPEC,AGRIA
ACLONIFEN,COSTA SC,SANABEL AGRO,SHARDA CROPCHEM LIMITED/,ACLONIFEN,ACLONIFEN,N/A,N/A,N/A,N/A,N/A,N/A,SANABEL AGRO,SHARDA CROPCHEM
AZOXYSTROBINE + CYPROCONAZOLE,COUGAR SC,PROTAGRI,UPL LIMITED,AZOXYSTROBINE,AZOXYSTROBINE,CYPROCONAZOLE,CYPROCONAZOLE,N/A,N/A,N/A,N/A,PROTAGRI,UPL
PYRACLOSTROBIN +BOSCALID,CRYSTAL SC,FERTITECH,HANGZHOU,PYRACLOSTROBIN,PYRACLOSTROBIN,BOSCALID,BOSCALID,N/A,N/A,N/A,N/A,FERTITECH,HANGZHOU
SULPHATE DE CUIVRE TRIBASIQUE,CU MAX,RAYEN PHYTAGRI,DIACHEM S.P.A,SULPHATE DE CUIVRE TRIBASIQUE,SULPHATE DE CUIVRE TRIBASIQUE,N/A,N/A,N/A,N/A,N/A,N/A,RAYEN PHYTAGRI,DIACHEM S P A
SULFATETETRACUIVRIQUE TRICALCIQUE + CYMOXANIL,CUPERTINE SUPER WP,FERTITECH,ALINTRA ESPAGNE,SULFATETETRACUIVRIQUE TRICALCIQUE,SULFATETETRACUIVRIQUE TRICALCIQUE,CYMOXANIL,CYMOXANIL,N/A,N/A,N/A,N/A,FERTITECH,ALINTRA ESPAGNE
CUIVRE + CYMOXANIL,CUPROFIX C WG,EL MOUSSEM,UPL,CUIVRE,CUIVRE,CYMOXANIL,CYMOXANIL,N/A,N/A,N/A,N/A,EL MOUSSEM,UPL
SULFATE DE CUIVRE TRIBASIQUE,CUPROXAT,EL MOUSSEM AGRICOLE,NUFARM,SULFATE DE CUIVRE TRIBASIQUE,SULFATE DE CUIVRE TRIBASIQUE,N/A,N/A,N/A,N/A,N/A,N/A,EL MOUSSEM,NUFARM
OXYCHLORURE DE CUIVRE +CYMOXANIL,CURAME 25 WG,ATLAS AGRICOLE,MANICA SPA,OXYCHLORURE DE CUIVRE,OXYCHLORURE DE CUIVRE,CYMOXANIL,CYMOXANIL,N/A,N/A,N/A,N/A,ATLAS,MANICA
AZOXYSTROBIN + FLUTRIAFOL,CURATEX EXTRA SC,FERTITECH,SHARDA CROPCHEM,AZOXYSTROBIN,AZOXYSTROBIN,FLUTRIAFOL,FLUTRIAFOL,N/A,N/A,N/A,N/A,FERTITECH,SHARDA CROPCHEM
AZOXYSTROBIN + FLUTRIAFOL,CURAX EXTRA SC,AGRIMED DISTRIBUTION,SHARDA CROPCHEM LIMITED,AZOXYSTROBIN,AZOXYSTROBIN,FLUTRIAFOL,FLUTRIAFOL,N/A,N/A,N/A,N/A,AGRIMED DISTRIBUTION,SHARDA CROPCHEM
CYMOXANIL + MANCOZÈBE,CURVAX M,SEPCM,CMPA,CYMOXANIL,CYMOXANIL,MANCOZÈBE,MANCOZÈBE,N/A,N/A,N/A,N/A,SEPCM,CMPA
DIFENOCONAZOLE,CURYGEN EC,EL KHADRA,JSC AUGUST INC,DIFENOCONAZOLE,DIFENOCONAZOLE,N/A,N/A,N/A,N/A,N/A,N/A,EL KHADRA,JSC AUGUST
CYMOXANIL + MANCOZÈBE,CURZATE M,STEC,DU PONT (TAIWAN),CYMOXANIL,CYMOXANIL,MANCOZÈBE,MANCOZÈBE,N/A,N/A,N/A,N/A,STEC,DU PONT TAIWAN
METALAXYL + MANCOZÉBE,CYCLO WP,EL KHADRA,AFRASA,METALAXYL,METALAXYL,MANCOZÉBE,MANCOZÉBE,N/A,N/A,N/A,N/A,EL KHADRA,AFRASA
HYDROXYDE DE CUIVRE +MÉTALAXYL,CYCLO-R-LIQUIDE,EL KHADRA,INDUSTRIAS AFRASA,HYDROXYDE DE CUIVRE,HYDROXYDE DE CUIVRE,MÉTALAXYL,MÉTALAXYL,N/A,N/A,N/A,N/A,EL KHADRA,INDUSTRIAS AFRASA
CYPROCONAZOLE + CHLOROTHALONIL,CYCLONE,SANABEL AGRO,SHARDA CROPCHEM,CYPROCONAZOLE,CYPROCONAZOLE,CHLOROTHALONIL,CHLOROTHALONIL,N/A,N/A,N/A,N/A,SANABEL AGRO,SHARDA CROPCHEM
CYPERMÉTHRINE,CYMBUSH 10,AGRIPROTEC,PROBELTE,CYPERMÉTHRINE,CYPERMÉTHRINE,N/A,N/A,N/A,N/A,N/A,N/A,AGRIPROTEC,PROBELTE
FAMOXADONE + CYMOXANIL,CYMOFLEX WG,PROTAGRI,NANJING AGROCHEMICAL,FAMOXADONE,FAMOXADONE,CYMOXANIL,CYMOXANIL,N/A,N/A,N/A,N/A,PROTAGRI,NANJING
CINNAMOMUM ZEYLANICUM :EXTRAIT DE CANNELLE (CINNAMALDEHYDE),CYNAM EC,COTUGRAIN,LIDA,CINNAMOMUM ZEYLANICUM :EXTRAIT DE CANNELLE (CINNAMALDEHYDE),CINNAMOMUM ZEYLANICUM :EXTRAIT DE CANNELLE (CINNAMALDEHYDE),N/A,N/A,N/A,N/A,N/A,N/A,COTUGRAIN,LIDA
CYPERMÉTHRINE,CYPERCAL 250 EC,BIOPROTECTION,UPL/ARYSTA LIFESCIENCE,CYPERMÉTHRINE,CYPERMÉTHRINE,N/A,N/A,N/A,N/A,N/A,N/A,BIOPROTECTION,UPL ARYSTA LIFESCIENCE
CYPERMETHRINE,CYPERNOVA,AGRINOVA,SHARDA CROPCHEM LIMITED INDE,CYPERMETHRINE,CYPERMETHRINE,N/A,N/A,N/A,N/A,N/A,N/A,AGRINOVA,SHARDA CROPCHEM INDE
CYPERMETHRINE,CYPGOLD 500 EC,EL MOUSSEM,ARYSTA LIFESCIENCE /UPL,CYPERMETHRINE,CYPERMETHRINE,N/A,N/A,N/A,N/A,N/A,N/A,EL MOUSSEM,ARYSTA LIFESCIENCE UPL
CYPERMETHRINE,CYPRINE,TASMID,CROPSAVE PESTICIDES INDIAN PVT.LTD,CYPERMETHRINE,CYPERMETHRINE,N/A,N/A,N/A,N/A,N/A,N/A,TASMID,CROPSAVE PESTICIDES INDIAN PVT
CYPERMETHRINE,CYRUX,PROTAGRI,UPL,CYPERMETHRINE,CYPERMETHRINE,N/A,N/A,N/A,N/A,N/A,N/A,PROTAGRI,UPL
CYPERMETHRINE,CYTHRINE 10 EC,AGRIPROTEC,ARYSTA LIFESCIENCE/IP L,CYPERMETHRINE,CYPERMETHRINE,N/A,N/A,N/A,N/A,N/A,N/A,AGRIPROTEC,ARYSTA LIFESCIENCE IP L
DELTAMETHRINE,D66,ETS MEZGHANNI,INDUSTRIAL QUIMICA KEY,DELTAMETHRINE,DELTAMETHRINE,N/A,N/A,N/A,N/A,N/A,N/A,ETS MEZGHANNI,INDUSTRIAL QUIMICA KEY
METRIBUZINE,DANCOR 70,PROTAGRI,UPL,METRIBUZINE,METRIBUZINE,N/A,N/A,N/A,N/A,N/A,N/A,PROTAGRI,UPL
CYFLUMETOFEN,DANIRANGER 10DC,AGRIMATCO,OAT AGRIOCO.LTD,CYFLUMETOFEN,CYFLUMETOFEN,N/A,N/A,N/A,N/A,N/A,N/A,AGRIMATCO,OAT AGRIOCO
CAPSAICINE +ALLY ISOTHIOCYANATE,DAZITOL,EL KHADRA,CHAMPION MILLENIUM CHEMICALS,CAPSAICINE,CAPSAICINE,ALLY ISOTHIOCYANATE,ALLY ISOTHIOCYANATE,N/A,N/A,N/A,N/A,EL KHADRA,CHAMPION MILLENIUM
KRÉSOXIM-METHYL + DIFENOCONAZOLE,DECIBEL MAX WG,AGROSYSTEMES,ASCENZA GRO S.APORTUGAL,KRÉSOXIM-METHYL,KRÉSOXIM-METHYL,DIFENOCONAZOLE,DIFENOCONAZOLE,N/A,N/A,N/A,N/A,AGROSYSTEMES,ASCENZA GRO S APORTUGAL
DELTAMÉTHRINE,DECIS EC 25,EL MOUSSEM AGRICOLE,BAYER CROPSCIENCE,DELTAMÉTHRINE,DELTAMÉTHRINE,N/A,N/A,N/A,N/A,N/A,N/A,EL MOUSSEM,BAYER CROPSCIENCE
PHOSPHURE DE MAGNÉSIUM +PHOSPHURE D'HY.,DEGUECH PLATE,STIMA,DETIA DEGUECH,PHOSPHURE DE MAGNÉSIUM,PHOSPHURE DE MAGNÉSIUM,PHOSPHURE D'HY.,PHOSPHURE D'HY.,N/A,N/A,N/A,N/A,STIMA,DETIA DEGUECH
DITHIANON,DELAN 500 SC,BIOPROTECTION,BASF,DITHIANON,DITHIANON,N/A,N/A,N/A,N/A,N/A,N/A,BIOPROTECTION,BASF
PROTHIOCONAZOLE + TRIFLOXYSTROBINE,DELARO DUO SC,ATLAS AGRICOLE,BAYER CROPSCIENCE,PROTHIOCONAZOLE,PROTHIOCONAZOLE,TRIFLOXYSTROBINE,TRIFLOXYSTROBINE,N/A,N/A,N/A,N/A,ATLAS,BAYER CROPSCIENCE
BACILLUS THURINGIENSIS,DELFIN WG,AGROSYSTEMES,CERTIS,BACILLUS THURINGIENSIS,BACILLUS THURINGIENSIS,N/A,N/A,N/A,N/A,N/A,N/A,AGROSYSTEMES,CERTIS
CHLORPYRI PHOS ETHYL,DELFOS 5G,ETS MEZGHANI,INDUSTRIAL QUIMICA KEY,CHLORPYRIPHOS ETHYL,CHLORPYRIPHOS ETHYL,N/A,N/A,N/A,N/A,N/A,N/A,ETS MEZGHANI,INDUSTRIAL QUIMICA KEY
DELTAMETHRINE,DELMITOX,SANABEL AGRO,SHARDA CROPCHEM,DELTAMETHRINE,DELTAMETHRINE,N/A,N/A,N/A,N/A,N/A,N/A,SANABEL AGRO,SHARDA CROPCHEM
DELTAMÉTHRINE,DELTA DECIS EC 25,EL MOUSSEM AGRICOLE,BAYER CROPSCIENCE,DELTAMÉTHRINE,DELTAMÉTHRINE,N/A,N/A,N/A,N/A,N/A,N/A,EL MOUSSEM,BAYER CROPSCIENCE
DELTAMÉTHRINE,DELTACAL,BIOPROTECTION,UPL/ARYSTA LIFESCIENCE,DELTAMÉTHRINE,DELTAMÉTHRINE,N/A,N/A,N/A,N/A,N/A,N/A,BIOPROTECTION,UPL ARYSTA LIFESCIENCE
DIMETOMORPHE +FOLPEL,DENIM,RAYEN PHYTAGRI,SHARDA CROPCHEM,DIMETOMORPHE,DIMETOMORPHE,FOLPEL,FOLPEL,N/A,N/A,N/A,N/A,RAYEN PHYTAGRI,SHARDA CROPCHEM
FLOROSULAME + FLUMETSULAM,DERBY,PROMOCHIMIE,DOW AGROSCIENCES/ CORTEVA,FLOROSULAME,FLOROSULAME,FLUMETSULAM,FLUMETSULAM,N/A,N/A,N/A,N/A,PROMOCHIMIE,DOW AGROSCIENCES CORTEVA
"2,4 D –ESTER BUTYLGLYCOL",DESORMONE LOURD,SEPCM,NUFARM,"2,4 D –ESTER BUTYLGLYCOL","2,4 D –ESTER BUTYLGLYCOL",N/A,N/A,N/A,N/A,N/A,N/A,SEPCM,NUFARM
PHOSPHURE D’AL. +PHOSPHURE D’HY.,DETIA GAS,STIMA,DETIA DEGUECH,PHOSPHURE D’AL.,PHOSPHURE D’AL.,PHOSPHURE D’HY.,PHOSPHURE D’HY.,N/A,N/A,N/A,N/A,STIMA,DETIA DEGUECH
DELTAMETHRINE,DEXTRA 25 EC,RAYEN PHYTAGRI,TAGROS CHEMICALS,DELTAMETHRINE,DELTAMETHRINE,N/A,N/A,N/A,N/A,N/A,N/A,RAYEN PHYTAGRI,TAGROS
HEXYTHIAZOX,DIABLO,EL KHADHRA,INDUSTRIAS AFRAZA/ALBAUGH EUROPE SARL,HEXYTHIAZOX,HEXYTHIAZOX,N/A,N/A,N/A,N/A,N/A,N/A,EL KHADHRA,INDUSTRIAS AFRAZA / ALBAUGH EUROPE
HEXYTHIAZOX,DIABLO MAX SC,EL KHADRA,INDUSTRIAS AFRAZA/ALBAU GH EUROPE SARL,HEXYTHIAZOX,HEXYTHIAZOX,N/A,N/A,N/A,N/A,N/A,N/A,EL KHADRA,INDUSTRIAS AFRAZA ALBAU GH EUROPE
"DICAMBA +2,4 – D",DIALEN SUPER,BIOPROTECTION,SYNGENTA,DICAMBA,DICAMBA,"2,4 – D","2,4 – D",N/A,N/A,N/A,N/A,BIOPROTECTION,SYNGENTA
"2,4-D SEL DE DIMETHYLAMINE",DIAMEX SL,COTUGRAIN,UPL,"2,4-D SEL DE DIMETHYLAMINE","2,4-D SEL DE DIMETHYLAMINE",N/A,N/A,N/A,N/A,N/A,N/A,COTUGRAIN,UPL
TEFLUTHRINE,DIASTAR MAXI GR,RAYEN PHYTAGRI,DIACHEM,TEFLUTHRINE,TEFLUTHRINE,N/A,N/A,N/A,N/A,N/A,N/A,RAYEN PHYTAGRI,DIACHEM
"2,4-D SEL D’AMINE",DICOPUR 720 SL,AGRIPROTEC,NUFARM,"2,4-D SEL D’AMINE","2,4-D SEL D’AMINE",N/A,N/A,N/A,N/A,N/A,N/A,AGRIPROTEC,NUFARM
DIFENOCONAZOLE,DIFCOR,AGROSYSTEMES,GLOBACHEM,DIFENOCONAZOLE,DIFENOCONAZOLE,N/A,N/A,N/A,N/A,N/A,N/A,AGROSYSTEMES,GLOBACHEM
DIFENOCONAZOLE + FLUDIOXONIL,DIFEND EXTRA FS,AGROSYSTEMES,GLOBACHEM,DIFENOCONAZOLE,DIFENOCONAZOLE,FLUDIOXONIL,FLUDIOXONIL,N/A,N/A,N/A,N/A,AGROSYSTEMES,GLOBACHEM
DIFENOCONAZOLE,DIFENDER 30 FS,AGROSYSTEMES,GLOBACHEM,DIFENOCONAZOLE,DIFENOCONAZOLE,N/A,N/A,N/A,N/A,N/A,N/A,AGROSYSTEMES,GLOBACHEM
DIMÉTHOATE,DIMETHON,ETS MEZGHANI,INDUST. QUIMICA KEY,DIMÉTHOATE,DIMÉTHOATE,N/A,N/A,N/A,N/A,N/A,N/A,ETS MEZGHANI,INDUST QUIMICA KEY
GLYPHOSATE,DISS,PROTAGRI,UNITED PHOSPHORUS,GLYPHOSATE,GLYPHOSATE,N/A,N/A,N/A,N/A,N/A,N/A,PROTAGRI,UNITED PHOSPHORUS
ABAMECTINE,DIVA 1.8 EW,EL MOUSSEM AGRICOLE,CHEMINOVA,ABAMECTINE,ABAMECTINE,N/A,N/A,N/A,N/A,N/A,N/A,EL MOUSSEM,CHEMINOVA
DIFENOCONAZOLE +MÉTALAXYL-M,DIVIDEND EXTREME 115 FS,SOLAGRI,SYNGENTA,DIFENOCONAZOLE,DIFENOCONAZOLE,MÉTALAXYL-M,MÉTALAXYL-M,N/A,N/A,N/A,N/A,SOLAGRI,SYNGENTA
DIFENOCONAZOLE,DIVISOLE,TASMID,ASTRACHEM,DIFENOCONAZOLE,DIFENOCONAZOLE,N/A,N/A,N/A,N/A,N/A,N/A,TASMID,ASTRACHEM
CYANAMIDE D’HYDROGÈNE,DORMEX,BIOPROTECTION,DEGUSSA AG/ ARYSTA LIFESCIENCE/ALZ-CHEM,CYANAMIDE D’HYDROGÈNE,CYANAMIDE D’HYDROGÈNE,N/A,N/A,N/A,N/A,N/A,N/A,BIOPROTECTION,DEGUSSA AG ARYSTA LIFESCIENCE ALZ CHEM
AZOXYSTROBINE +CYPROCONAZOLE,DOUBLE FORCE,SANABEL AGRO,SHARDA CROPCHEM LIMITED INDE,AZOXYSTROBINE,AZOXYSTROBINE,CYPROCONAZOLE,CYPROCONAZOLE,N/A,N/A,N/A,N/A,SANABEL AGRO,SHARDA CROPCHEM INDE
GLYPHOSATE,DRAGON,FERTITECH,SHARDA CROPCHEM LT,GLYPHOSATE,GLYPHOSATE,N/A,N/A,N/A,N/A,N/A,N/A,FERTITECH,SHARDA CROPCHEM LT
IPRODIONE,DRIZA WG,EL KHADRA,INDSUTRIAS,IPRODIONE,IPRODIONE,N/A,N/A,N/A,N/A,N/A,N/A,EL KHADRA,INDSUTRIAS
S-METOLACHLOR,DUAL GOLD 960 EC,AGRIPROTEC,SYNGENTA,S-METOLACHLOR,S-METOLACHLOR,N/A,N/A,N/A,N/A,N/A,N/A,AGRIPROTEC,SYNGENTA
EPOXICONAZOLE + THIOPHANATE-METHYL,DUETT ULTRA EC,AGRIPROTEC,BASF,EPOXICONAZOLE,EPOXICONAZOLE,THIOPHANATE-METHYL,THIOPHANATE-METHYL,N/A,N/A,N/A,N/A,AGRIPROTEC,BASF
CHLORANTRANILIPROLE + THIAMETHOXAM,DURIVO,SOLAGRI,SYNGENTA,CHLORANTRANILIPROLE,CHLORANTRANILIPROLE,THIAMETHOXAM,THIAMETHOXAM,N/A,N/A,N/A,N/A,SOLAGRI,SYNGENTA
DIFENOCONAZOLE + CYFLUFENAMID,DYNALI DC,SOLAGRI,SYNGENTA,DIFENOCONAZOLE,DIFENOCONAZOLE,CYFLUFENAMID,CYFLUFENAMID,N/A,N/A,N/A,N/A,SOLAGRI,SYNGENTA
DODINE,EFLUZIN 400 SC,SEPCM,ARYSTA LIFE SCIENCE BENELUX / BELGIQUE/ARYSTA,DODINE,DODINE,N/A,N/A,N/A,N/A,N/A,N/A,SEPCM,ARYSTA LIFE BENELUX BELGIQUE ARYSTA
BENZOVINDIFLUPYR +AZOXYSTROBIN +PROPICONAZOLE,ELATUSTM ARC SE,SOLAGRI,SYNGENTA AGRO AG,BENZOVINDIFLUPYR,BENZOVINDIFLUPYR,AZOXYSTROBIN,AZOXYSTROBIN,PROPICONAZOLE,PROPICONAZOLE,N/A,N/A,SOLAGRI,SYNGENTA AGRO AG
SPIROPIDION,ELESTAL300 SC,BIOPROTECTION,SYNGENTA,SPIROPIDION,SPIROPIDION,N/A,N/A,N/A,N/A,N/A,N/A,BIOPROTECTION,SYNGENTA
EMAMECTIN BENZOATE,EMAMECTIN SG,FERTIPLANT,KRISHI RASAYAM,EMAMECTIN BENZOATE,EMAMECTIN BENZOATE,N/A,N/A,N/A,N/A,N/A,N/A,FERTIPLANT,KRISHI RASAYAM
SPIRODICLOFEN,ENVIDOR,STEC,BAYER CROPSCIENCE/GOWAN,SPIRODICLOFEN,SPIRODICLOFEN,N/A,N/A,N/A,N/A,N/A,N/A,STEC,BAYER CROPSCIENCE GOWAN
EPOXICONAZOLE + FENPROPIMORPH,EPIC TOP SE,COTUGRAIN,BASF,EPOXICONAZOLE,EPOXICONAZOLE,FENPROPIMORPH,FENPROPIMORPH,N/A,N/A,N/A,N/A,COTUGRAIN,BASF
EPOXICONAZOLE,EPONEO,AMINCO,CHEMINOVA,EPOXICONAZOLE,EPOXICONAZOLE,N/A,N/A,N/A,N/A,N/A,N/A,AMINCO,CHEMINOVA
FAMOXADONE + CYMOXANIL,EQUALIZER WG,RAYEN PHYTAGRI,"SHENGNONG PESTICIDE, CO. LTD/HANGZHOUTOPAGRO BIOSCIENCE",FAMOXADONE,FAMOXADONE,CYMOXANIL,CYMOXANIL,N/A,N/A,N/A,N/A,RAYEN PHYTAGRI,SHENGNONG PESTICIDE HANGZHOUTOPAGRO BIOSCIENCE
CYMOXANIL + FAMOXADONE,EQUATION PRO,SEPCM,DU PONT (TAIWAN) AGRISCIENCE,CYMOXANIL,CYMOXANIL,FAMOXADONE,FAMOXADONE,N/A,N/A,N/A,N/A,SEPCM,DU PONT TAIWAN AGRISCIENCE
METHALDEHYDE,ESCARGOCHE,SOCOOPEC,SHARDA,METHALDEHYDE,METHALDEHYDE,N/A,N/A,N/A,N/A,N/A,N/A,SOCOOPEC,SHARDA
ACETAMIPRIDE,ESCORT 20 SL,BIOPROTECTION,UPL/(NIPPON,ACETAMIPRIDE,ACETAMIPRIDE,N/A,N/A,N/A,N/A,N/A,N/A,BIOPROTECTION,UPL NIPPON
ALKYLPHENOLEXY-ETHYLÈNE,ETALDYNE 95,SEPCM,CMPA/ESPAGNE,ALKYLPHENOLEXY-ETHYLÈNE,ALKYLPHENOLEXY-ETHYLÈNE,N/A,N/A,N/A,N/A,N/A,N/A,SEPCM,CMPA ESPAGNE
FLUCARBAZONE-SODIUM,EVEREST 70 WG,AGRIPROTEC,ARYSTA LIFESCIENCE,FLUCARBAZONE-SODIUM,FLUCARBAZONE-SODIUM,N/A,N/A,N/A,N/A,N/A,N/A,AGRIPROTEC,ARYSTA LIFESCIENCE
THIOCYCLAME HYDROGÈNE OXALATE,EVISECT,BIOPROTECTION,NIPPON KAYAKU/,THIOCYCLAME HYDROGÈNE OXALATE,THIOCYCLAME HYDROGÈNE OXALATE,N/A,N/A,N/A,N/A,N/A,N/A,BIOPROTECTION,NIPPON KAYAKU
FLUOXASTROBINE,EVITO 480 SC,EL MOUSSEM AGRICOLE,ARYSTA LIFESCIENCE/UPL,FLUOXASTROBINE,FLUOXASTROBINE,N/A,N/A,N/A,N/A,N/A,N/A,EL MOUSSEM,ARYSTA LIFESCIENCE UPL
FLUOXASTROBINE + PROPAMOCARB HYDROCHLORIDE,EVITO P,EL MOUSSEM,ARYSTA LIFESCIENCE/ UPL,FLUOXASTROBINE,FLUOXASTROBINE,PROPAMOCARB HYDROCHLORIDE,PROPAMOCARB HYDROCHLORIDE,N/A,N/A,N/A,N/A,EL MOUSSEM,ARYSTA LIFESCIENCE UPL
FLUOXASTROBINE + TEBUCONAZOLE,EVITO T,EL MOUSSEM AGRICOLE,ARYSTA LIFESCIENCE/UPL,FLUOXASTROBINE,FLUOXASTROBINE,TEBUCONAZOLE,TEBUCONAZOLE,N/A,N/A,N/A,N/A,EL MOUSSEM,ARYSTA LIFESCIENCE UPL
CHLORPYRIPHOS-MÉTHYL,EXAQ EC,ATLAS AGRICOLE,DOW AGROSCIENCES,CHLORPYRIPHOS-MÉTHYL,CHLORPYRIPHOS-MÉTHYL,N/A,N/A,N/A,N/A,N/A,N/A,ATLAS,DOW AGROSCIENCES
HEXYTHIAZOX,EXITOX,ETS MEZGHANI,INDUSTRIAL QUIMICA KEY,HEXYTHIAZOX,HEXYTHIAZOX,N/A,N/A,N/A,N/A,N/A,N/A,ETS MEZGHANI,INDUSTRIAL QUIMICA KEY
LAMBDA-CYHALOTHRINE,EXPERT,SANABEL AGRO,SHARDA WORLDWIDE,LAMBDA-CYHALOTHRINE,LAMBDA-CYHALOTHRINE,N/A,N/A,N/A,N/A,N/A,N/A,SANABEL AGRO,SHARDA WORLDWIDE
ACIDE BETA INDOLBUTIRIQUE,EXUBERONE,SEPCM,N/A,ACIDE BETA INDOLBUTIRIQUE,ACIDE BETA INDOLBUTIRIQUE,N/A,N/A,N/A,N/A,N/A,N/A,SEPCM,N/A
TRIADIMENOL + SPIROXAMINE + TEBUCONAZOLE,FALCON 460 SC,AGRONOMIC LAND,BAYER CROPSCIENCE,TRIADIMENOL,TRIADIMENOL,SPIROXAMINE,SPIROXAMINE,TEBUCONAZOLE,TEBUCONAZOLE,N/A,N/A,AGRONOMIC LAND,BAYER CROPSCIENCE
FLUBENDIAMIDE,FAME 480 SC,ATLAS AGRICOLE,BAYER,FLUBENDIAMIDE,FLUBENDIAMIDE,N/A,N/A,N/A,N/A,N/A,N/A,ATLAS,BAYER
CHLOROTHALONIL,FAUDEL,SEPCM,AAKO,CHLOROTHALONIL,CHLOROTHALONIL,N/A,N/A,N/A,N/A,N/A,N/A,SEPCM,AAKO
PYRACLOSTROBINE +EPOXICONAZOLE,FAVIA MAX,COTUGRAIN IMPEX,BASF,PYRACLOSTROBINE,PYRACLOSTROBINE,EPOXICONAZOLE,EPOXICONAZOLE,N/A,N/A,N/A,N/A,COTUGRAIN IMPEX,BASF
ACIDE GIBBÉRELLIQUE +PHENOTHIOL,FENGIB EC,INNOVA,SIPCAM INAGRA S.A,ACIDE GIBBÉRELLIQUE,ACIDE GIBBÉRELLIQUE,PHENOTHIOL,PHENOTHIOL,N/A,N/A,N/A,N/A,INNOVA,SIPCAM INAGRA S A
DIFENOCONAZOLE,FESTIVAL 250 EC,SANABEL AGRO,SHARDA WORLD WIDE,DIFENOCONAZOLE,DIFENOCONAZOLE,N/A,N/A,N/A,N/A,N/A,N/A,SANABEL AGRO,SHARDA WORLD WIDE
CYMOXANIL + BOUILLIE BORDELAISE,FESTIVAL WP,RAYEN PHYTAGRI,"LAINCO, S, A/ESPAGNE",CYMOXANIL,CYMOXANIL,BOUILLIE BORDELAISE,BOUILLIE BORDELAISE,N/A,N/A,N/A,N/A,RAYEN PHYTAGRI,LAINCO S A ESPAGNE
BENTAZONE,FIGHTER,COTUGRAIN,BASF,BENTAZONE,BENTAZONE,N/A,N/A,N/A,N/A,N/A,N/A,COTUGRAIN,BASF
FOSÉTHYL-AL,FILAL,EL KHADRA,AFRASA,FOSÉTHYL-AL,FOSÉTHYL-AL,N/A,N/A,N/A,N/A,N/A,N/A,EL KHADRA,AFRASA
CAPTANE,FILDER,EL MOUSSEM,ARYSTA LIFESCIENCE/UPL,CAPTANE,CAPTANE,N/A,N/A,N/A,N/A,N/A,N/A,EL MOUSSEM,ARYSTA LIFESCIENCE UPL
PROPAMOCARBE + FOSETHYL- AL,FILEX ENERGY,ATLAS AGRICOLE,BAYER CROPSCIENCE,PROPAMOCARBE,PROPAMOCARBE,FOSETHYL- AL,FOSETHYL- AL,N/A,N/A,N/A,N/A,ATLAS,BAYER CROPSCIENCE
ACIDE GIBBERELLIQUE,FITOGIB,BIOPROTECTION,NUFARM,ACIDE GIBBERELLIQUE,ACIDE GIBBERELLIQUE,N/A,N/A,N/A,N/A,N/A,N/A,BIOPROTECTION,NUFARM
TREBUNIRON-METHYL + FLORASULAME,FLAME DUO SG,SOLAGRI,ALBAUGH,TREBUNIRON-METHYL,TREBUNIRON-METHYL,FLORASULAME,FLORASULAME,N/A,N/A,N/A,N/A,SOLAGRI,ALBAUGH
FENPYROXIMATE,FLASH EVO,EL KHADRA,SIPCAM INAGRA (ANCIENTFABRICANT: NIHON NOHYAKU CO. LTD),FENPYROXIMATE,FENPYROXIMATE,N/A,N/A,N/A,N/A,N/A,N/A,EL KHADRA,SIPCAM INAGRA ANCIENTFABRICANT NIHON NOHYAKU
FENPYROXIMATE,FLASH UM,EL KHADRA,SIPCAM INAGRA (ANCIENT FABRICANT: NIHON NOHYAKU CO. LTD),FENPYROXIMATE,FENPYROXIMATE,N/A,N/A,N/A,N/A,N/A,N/A,EL KHADRA,SIPCAM INAGRA ANCIENT FABRICANT NIHON NOHYAKU
TRIFLOXYSTROBIN,FLINT,PROMOCHIMIE,BAYER CROPSCIENCE,TRIFLOXYSTROBIN,TRIFLOXYSTROBIN,N/A,N/A,N/A,N/A,N/A,N/A,PROMOCHIMIE,BAYER CROPSCIENCE
FLONICAMID,FLOPUS WG,NEGANOR FFT,NANJING(D)SHA ANXI HENGTIAN BIOLOGICAL AGRICULTURE(FAB),FLONICAMID,FLONICAMID,N/A,N/A,N/A,N/A,N/A,N/A,NEGANOR FFT,NANJING D SHA ANXI HENGTIAN BIOLOGICAL FAB
DIMETOMORPHE +FOLPEL,FLOPY DUO,AGRINOVA,SHARDA CROPCHEM,DIMETOMORPHE,DIMETOMORPHE,FOLPEL,FOLPEL,N/A,N/A,N/A,N/A,AGRINOVA,SHARDA CROPCHEM
PYROXSULAM +FLORASULAM +CLOQUINTOCETMEXYL,FLORAMIX,SEPCM,DOW AGROSCIENCES,PYROXSULAM,PYROXSULAM,FLORASULAM,FLORASULAM,CLOQUINTOCETMEXYL,CLOQUINTOCETMEXYL,N/A,N/A,SEPCM,DOW AGROSCIENCES
MYCLOBUTANIL,FLUANCE 125 EC,EL MOUSSEM AGRICOLE,INDOFIL INDUSTRIES LIMITED/ARISTEAS AGRO,MYCLOBUTANIL,MYCLOBUTANIL,N/A,N/A,N/A,N/A,N/A,N/A,EL MOUSSEM,INDOFIL INDUSTRIES ARISTEAS AGRO
TRIFLURALINE,FLURAL,ETS MEZGHANI,INDUSTRIAL Q.,TRIFLURALINE,TRIFLURALINE,N/A,N/A,N/A,N/A,N/A,N/A,ETS MEZGHANI,INDUSTRIAL Q
FLUROXYPYR (ESTER1-METHYLHEPTYL),FLUROSTAR 200,AGROSYSTEMES,GLOBACHEM,FLUROXYPYR (ESTER1-METHYLHEPTYL),FLUROXYPYR (ESTER1-METHYLHEPTYL),N/A,N/A,N/A,N/A,N/A,N/A,AGROSYSTEMES,GLOBACHEM
FLUTRIAFOL,FLUTRI 125 SC,RAYEN PHYTAGRI,SHARDA,FLUTRIAFOL,FLUTRIAFOL,N/A,N/A,N/A,N/A,N/A,N/A,RAYEN PHYTAGRI,SHARDA
PROTEINES HYDROLYSÉES,FLYRAL,AGRIPROTEC,BIOIBIRICA,PROTEINES HYDROLYSÉES,PROTEINES HYDROLYSÉES,N/A,N/A,N/A,N/A,N/A,N/A,AGRIPROTEC,BIOIBIRICA
FOLPEL +BENALAXYL +CYMOXANIL,FOBECI,INNOVA,SIPCAM INAGRA,FOLPEL,FOLPEL,BENALAXYL,BENALAXYL,CYMOXANIL,CYMOXANIL,N/A,N/A,INNOVA,SIPCAM INAGRA
CYCLOXIDIME,FOCUS ULTRA,STIMA,BASF,CYCLOXIDIME,CYCLOXIDIME,N/A,N/A,N/A,N/A,N/A,N/A,STIMA,BASF
FLUAZINAM,FOLY,SEPCM,AAKO,FLUAZINAM,FLUAZINAM,N/A,N/A,N/A,N/A,N/A,N/A,SEPCM,AAKO
DIMÉTHOMORPHE +FLUAZINAM,FOLY STAR 400 SC,SEPCM,AAKO,DIMÉTHOMORPHE,DIMÉTHOMORPHE,FLUAZINAM,FLUAZINAM,N/A,N/A,N/A,N/A,SEPCM,AAKO
GLYPHOSATE,FORTIN,ETS MEZGHANI,INDUSTRLQUIMICAKEY,GLYPHOSATE,GLYPHOSATE,N/A,N/A,N/A,N/A,N/A,N/A,ETS MEZGHANI,INDUSTRLQUIMICAKEY
FOSETHYL-AL +CYMOXANIL +FOLPET,FOSBEL EXTRA,AGRIPROTEC,PROBELTE,FOSETHYL-AL,FOSETHYL-AL,CYMOXANIL,CYMOXANIL,FOLPET,FOLPET,N/A,N/A,AGRIPROTEC,PROBELTE
PHOSMET,FOSLETE 50,EL KHADHRA,SIPCAM INAGRA,PHOSMET,PHOSMET,N/A,N/A,N/A,N/A,N/A,N/A,EL KHADHRA,SIPCAM INAGRA
FLUAZIFOP-P-BUTYL,FOUIR,EL KHADRA,SHARDA CROPCHEM LIMITED INDE,FLUAZIFOP-P-BUTYL,FLUAZIFOP-P-BUTYL,N/A,N/A,N/A,N/A,N/A,N/A,EL KHADRA,SHARDA CROPCHEM INDE
FLUAZIFOP-P-BUTYL,FOUZILE EC,ETS MEZGHANI,INDUST. QUIMICA KEY,FLUAZIFOP-P-BUTYL,FLUAZIFOP-P-BUTYL,N/A,N/A,N/A,N/A,N/A,N/A,ETS MEZGHANI,INDUST QUIMICA KEY
PYRACLOSTROBIN + BOSCALID,FOXTON 30 SC,AGRIMATCO,"LOATINGYOLOO BIO-TECHNOLOGY CO ,LTD/CHINE",PYRACLOSTROBIN,PYRACLOSTROBIN,BOSCALID,BOSCALID,N/A,N/A,N/A,N/A,AGRIMATCO,LOATINGYOLOO BIO TECHNOLOGY CHINE
FÉNOXAPROP-P-ETHYL,FOXTROT,AGROSYSTEMES,FMC,FÉNOXAPROP-P-ETHYL,FÉNOXAPROP-P-ETHYL,N/A,N/A,N/A,N/A,N/A,N/A,AGROSYSTEMES,FMC
DIETHOFENCARB,FRUGICO SC,AGROSYTEME,GLOBACHEM,DIETHOFENCARB,DIETHOFENCARB,N/A,N/A,N/A,N/A,N/A,N/A,AGROSYTEME,GLOBACHEM
DELTAMÉTHRINE,FRUITHRINE,PROTAGRI,UNITED PHOSPHORUS LTD,DELTAMÉTHRINE,DELTAMÉTHRINE,N/A,N/A,N/A,N/A,N/A,N/A,PROTAGRI,UNITED PHOSPHORUS
IPRODIONE,FUGIX SC,EL KHADRA,SIPCAM INAGRA,IPRODIONE,IPRODIONE,N/A,N/A,N/A,N/A,N/A,N/A,EL KHADRA,SIPCAM INAGRA
AZOXYSTROBINE + DIFENOCONAZOLE,FULL TOP SC,NEGANOR,JIANGYIN SULI CHEMICALCO,AZOXYSTROBINE,AZOXYSTROBINE,DIFENOCONAZOLE,DIFENOCONAZOLE,N/A,N/A,N/A,N/A,NEGANOR,JIANGYIN SULI CHEMICALCO
MÉTAM SODIUM,FUMICAL,BIOPROTECTION,UPL/ARYSTA LIFESCIENCE,MÉTAM SODIUM,MÉTAM SODIUM,N/A,N/A,N/A,N/A,N/A,N/A,BIOPROTECTION,UPL ARYSTA LIFESCIENCE
MALATHION,FYFANON 50,SEPCM,CHEMINOVA,MALATHION,MALATHION,N/A,N/A,N/A,N/A,N/A,N/A,SEPCM,CHEMINOVA
CLETHODIM,FYTODIM EC,FERTITECH,TOPAGRO BIOSCIENCE,CLETHODIM,CLETHODIM,N/A,N/A,N/A,N/A,N/A,N/A,FERTITECH,TOPAGRO BIOSCIENCE
HUILE NON IONIQUE,GARAL EC,SOLAGRI,SYNGENTA,HUILE NON IONIQUE,HUILE NON IONIQUE,N/A,N/A,N/A,N/A,N/A,N/A,SOLAGRI,SYNGENTA
PROMETRYN,GESAGARD 500 FW,BIOPROTECTION,SYNGENTA CROP PROTECTION,PROMETRYN,PROMETRYN,N/A,N/A,N/A,N/A,N/A,N/A,BIOPROTECTION,SYNGENTA
MÉTALDÉHYDE,GHLALA,SANABEL AGRO,UPL,MÉTALDÉHYDE,MÉTALDÉHYDE,N/A,N/A,N/A,N/A,N/A,N/A,SANABEL AGRO,UPL
ACIDE GIBBERELLIQUE,GIB GRO,BIOPROTECTION,NUFARM,ACIDE GIBBERELLIQUE,ACIDE GIBBERELLIQUE,N/A,N/A,N/A,N/A,N/A,N/A,BIOPROTECTION,NUFARM
ACIDE GIBBERELLIQUE,GIBB 3,AGROSYSTEMES,GLOBACHEM,ACIDE GIBBERELLIQUE,ACIDE GIBBERELLIQUE,N/A,N/A,N/A,N/A,N/A,N/A,AGROSYSTEMES,GLOBACHEM
ACIDE GIBBERELLIQUE,GIBERKEY,ETS MEZGHANNI,INDUSTRIAL QUIMICA KEY,ACIDE GIBBERELLIQUE,ACIDE GIBBERELLIQUE,N/A,N/A,N/A,N/A,N/A,N/A,ETS MEZGHANNI,INDUSTRIAL QUIMICA KEY
IMIDACLOPRID+TEBUCONAZOLE,GIZMO SUPER FS,AGRIPROTEC,NUFARM,IMIDACLOPRID,IMIDACLOPRID,TEBUCONAZOLE,TEBUCONAZOLE,N/A,N/A,N/A,N/A,AGRIPROTEC,NUFARM
FLOMETOQUIN,GLADIUS 10 SC,EL MOUSSEM AGRICOLE,"NIPPON KAYAKU CO.,LTD/SUMMIT AGRO INTERNATIONAL LTD",FLOMETOQUIN,FLOMETOQUIN,N/A,N/A,N/A,N/A,N/A,N/A,EL MOUSSEM,NIPPON KAYAKU SUMMIT AGRO INTERNATIONAL
GLYPHOSATE,GLISO 360,EL KHADRA,SIPCAM INGARA,GLYPHOSATE,GLYPHOSATE,N/A,N/A,N/A,N/A,N/A,N/A,EL KHADRA,SIPCAM INGARA
GLYPHOSATE,GLITAN,COTUGRAIN IMPEX,ALCOTAN,GLYPHOSATE,GLYPHOSATE,N/A,N/A,N/A,N/A,N/A,N/A,COTUGRAIN IMPEX,ALCOTAN
AZOXYSTROBINE,GLOBAZTAR 250 SC,AGROSYSTEMES,GLOBACHEM,AZOXYSTROBINE,AZOXYSTROBINE,N/A,N/A,N/A,N/A,N/A,N/A,AGROSYSTEMES,GLOBACHEM
GLUFOSINATE D'ALUMINIUM,GLUFOSAM SL,SHARDA CROCHEM TUNISIE,SHARDA CROPCHEM,GLUFOSINATE D'ALUMINIUM,GLUFOSINATE D'ALUMINIUM,N/A,N/A,N/A,N/A,N/A,N/A,SHARDA CROCHEM,SHARDA CROPCHEM
GLYPHOSATE,GLYCEL,AGRIMATCO,EXCEL CROP CARE/SUMITOMO CHEMICAL,GLYPHOSATE,GLYPHOSATE,N/A,N/A,N/A,N/A,N/A,N/A,AGRIMATCO,EXCEL CARE SUMITOMO
GLYPHOSATE,GLYFAST 450 SL,AGRIPROTEC,BRACLAY CHEMICALS,GLYPHOSATE,GLYPHOSATE,N/A,N/A,N/A,N/A,N/A,N/A,AGRIPROTEC,BRACLAY
GLYPHOSATE,GLYFOSTAR,SLDA,SHARDA CROPCHEM LTD,GLYPHOSATE,GLYPHOSATE,N/A,N/A,N/A,N/A,N/A,N/A,SLDA,SHARDA CROPCHEM
GLYPHOSATE,GLYPHO-CAP,NEGANOR FFT,HOCKLEY INTERNATIONAL LIMITED,GLYPHOSATE,GLYPHOSATE,N/A,N/A,N/A,N/A,N/A,N/A,NEGANOR FFT,HOCKLEY INTERNATIONAL
GLYPHOSATE,GLYPHOGAN,SOCOOPEC,AAKO,GLYPHOSATE,GLYPHOSATE,N/A,N/A,N/A,N/A,N/A,N/A,SOCOOPEC,AAKO
GLYPHOSATE,GLYPHOS,AGROSYSTEMES,CHEMINOVA,GLYPHOSATE,GLYPHOSATE,N/A,N/A,N/A,N/A,N/A,N/A,AGROSYSTEMES,CHEMINOVA
GLYPHOSATE,GLYPHOTEC,STEC,AAKO BV,GLYPHOSATE,GLYPHOSATE,N/A,N/A,N/A,N/A,N/A,N/A,STEC,AAKO BV
GLYPHOSATE,GLYSTER,SANABEL AGRO,SINON CORPORATION,GLYPHOSATE,GLYPHOSATE,N/A,N/A,N/A,N/A,N/A,N/A,SANABEL AGRO,SINON CORPORATION
GLYPHOSATE,GLYWEED,ATLAS INDUSTRIE,COROMANDEL LTD,GLYPHOSATE,GLYPHOSATE,N/A,N/A,N/A,N/A,N/A,N/A,ATLAS INDUSTRIE,COROMANDEL LTD
OXYFLUORFENE,GOAL,INNOVA,DOW AGROSCIENCES,OXYFLUORFENE,OXYFLUORFENE,N/A,N/A,N/A,N/A,N/A,N/A,INNOVA,DOW AGROSCIENCES
OXYFLUORFENE,GOAL,PROMOCHIMIE,HANGZHOU NUTRICHEM/S,OXYFLUORFENE,OXYFLUORFENE,N/A,N/A,N/A,N/A,N/A,N/A,PROMOCHIMIE,HANGZHOU NUTRICHEM S
FLUXAMETAMIDE,GRACIA 100 EC,AGRIMATCO,NISSAN CHEMICAL CORPORATION,FLUXAMETAMIDE,FLUXAMETAMIDE,N/A,N/A,N/A,N/A,N/A,N/A,AGRIMATCO,NISSAN CORPORATION
FLORASULAM + TRIBENURON-METHYL,GRANSTAR MAX WG,AGRIPROTEC,CHENMINOVA/FMC,FLORASULAM,FLORASULAM,TRIBENURON-METHYL,TRIBENURON-METHYL,N/A,N/A,N/A,N/A,AGRIPROTEC,CHENMINOVA FMC
TÉBUCONAZOLE +TRIFLOXYSTROBINE,GREEN STAR,AGRIPROTEC,BAYER CROPSCIENCE,TÉBUCONAZOLE,TÉBUCONAZOLE,TRIFLOXYSTROBINE,TRIFLOXYSTROBINE,N/A,N/A,N/A,N/A,AGRIPROTEC,BAYER CROPSCIENCE
TOLFENPYRADE,HACHI-HACHI EC,EL KHADRA,SIPCAM INAGRA,TOLFENPYRADE,TOLFENPYRADE,N/A,N/A,N/A,N/A,N/A,N/A,EL KHADRA,SIPCAM INAGRA
BACILLUS THURINGIENSIS KURSTAKI,HALT WP,NEGANOR,BIOSTADT INDE,BACILLUS THURINGIENSIS KURSTAKI,BACILLUS THURINGIENSIS KURSTAKI,N/A,N/A,N/A,N/A,N/A,N/A,NEGANOR,BIOSTADT INDE
SAFLUFENACIL,HEAT,AGRIPROTEC,BASF CORPORATION,SAFLUFENACIL,SAFLUFENACIL,N/A,N/A,N/A,N/A,N/A,N/A,AGRIPROTEC,BASF CORPORATION
HYDROXYDE DE CUIVRE (400 G/L DE CUIVRE MÉTAL),HELIOCUIVRE,BIOPROTECTION,ACTION PIN/AAKO,HYDROXYDE DE CUIVRE (400 G/L DE CUIVRE MÉTAL),HYDROXYDE DE CUIVRE (400 G/L DE CUIVRE MÉTAL),N/A,N/A,N/A,N/A,N/A,N/A,BIOPROTECTION,ACTION PIN AAKO
SOUFRE,HELIOSOUFRE S,BIOPROTECTION,ACTION PIN/AAKO,SOUFRE,SOUFRE,N/A,N/A,N/A,N/A,N/A,N/A,BIOPROTECTION,ACTION PIN AAKO
TRIFLURALINE,HERBALINE,SEPCM,AAKO,TRIFLURALINE,TRIFLURALINE,N/A,N/A,N/A,N/A,N/A,N/A,SEPCM,AAKO
TRIFLURALINE,HERBASTAR EC,AGRIPLUS,"JIANGSU FENGSHAN GROUP CO,LTD",TRIFLURALINE,TRIFLURALINE,N/A,N/A,N/A,N/A,N/A,N/A,AGRIPLUS,JIANGSU FENGSHAN GROUP
CUIVRE MÉTAL,HIDROCOBRE 50 VALLES,SOCOOPEC,IQV DEL VALLES,CUIVRE MÉTAL,CUIVRE MÉTAL,N/A,N/A,N/A,N/A,N/A,N/A,SOCOOPEC,IQV DEL VALLES
HYDROXYDE DE CUIVRE,HIDROCURE WG,FERTITECH,ALINTRA,HYDROXYDE DE CUIVRE,HYDROXYDE DE CUIVRE,N/A,N/A,N/A,N/A,N/A,N/A,FERTITECH,ALINTRA
INDOXACARB,HOPROLE XTRA,DELTA AGRICOLE PLUS,SHANDONG WEIFANG RAINBOW CHEMICAL,INDOXACARB,INDOXACARB,N/A,N/A,N/A,N/A,N/A,N/A,DELTA PLUS,SHANDONG WEIFANG RAINBOW
TÉBUCONAZOLE,HORIZON 250 EW,PROMOCHIMIE,BAYER CROPSCIENCE,TÉBUCONAZOLE,TÉBUCONAZOLE,N/A,N/A,N/A,N/A,N/A,N/A,PROMOCHIMIE,BAYER CROPSCIENCE
ESTERS SULFURIQUES,HURRICAINE,EL MOUSSEM,SOCIETE OCCITANE DE FABRICATIONS ET,ESTERS SULFURIQUES,ESTERS SULFURIQUES,N/A,N/A,N/A,N/A,N/A,N/A,EL MOUSSEM,SOCIETE OCCITANE DE FABRICATIONS ET
FÉNOXAPROP-P-ETHYL + IODOSULFURON-MÉTHYL SODIUM + MÉFENPYR - DIÉTHYL,HUSSAR EVOLUTION,AGRIPROTEC,BAYER CROPSCIENCE,FÉNOXAPROP-P-ETHYL,FÉNOXAPROP-P-ETHYL,IODOSULFURON-MÉTHYL SODIUM,IODOSULFURON-MÉTHYL SODIUM,MÉFENPYR - DIÉTHYL,MÉFENPYR - DIÉTHYL,N/A,N/A,AGRIPROTEC,BAYER CROPSCIENCE
AZOXYSTROBINE,HYDO 250 SC,STEC,NANJING AGROCHEMICAL/JIANGYIN SULI CHEMICAL,AZOXYSTROBINE,AZOXYSTROBINE,N/A,N/A,N/A,N/A,N/A,N/A,STEC,NANJING JIANGYIN SULI
CUIVRE,HYDRO FLO,BIOPROTECTION,NUFARM,CUIVRE,CUIVRE,N/A,N/A,N/A,N/A,N/A,N/A,BIOPROTECTION,NUFARM
HYDROLYSAT DE PROTÉINES,HYDROLYSAT-PROT,STEC,INDUSTRIAL QUIMICA KEY,HYDROLYSAT DE PROTÉINES,HYDROLYSAT DE PROTÉINES,N/A,N/A,N/A,N/A,N/A,N/A,STEC,INDUSTRIAL QUIMICA KEY
IPRODIONE,ICARO,INNOVA,SIPCAM INAGRA,IPRODIONE,IPRODIONE,N/A,N/A,N/A,N/A,N/A,N/A,INNOVA,SIPCAM INAGRA
PHOSMET,IMIDAN 50 A,AGRIPROTEC,GOWAN/ESPAGNE,PHOSMET,PHOSMET,N/A,N/A,N/A,N/A,N/A,N/A,AGRIPROTEC,GOWAN ESPAGNE
FLUTRIAFOL,IMPACT S,AGRIPROTEC,CHEMINOVA/FMC,FLUTRIAFOL,FLUTRIAFOL,N/A,N/A,N/A,N/A,N/A,N/A,AGRIPROTEC,CHEMINOVA FMC
INDOXACARB,INDO SUPER SC,STÉ ELKHADRA,NINGBO SUNJOY AGROSCIENCE CO .LTD,INDOXACARB,INDOXACARB,N/A,N/A,N/A,N/A,N/A,N/A,STE ELKHADRA,NINGBO SUNJOY AGROSCIENCE
INDOXACARB,INDOXAL XTRA WDG,AGRINOVA,AGROBEATS TECH CHINE,INDOXACARB,INDOXACARB,N/A,N/A,N/A,N/A,N/A,N/A,AGRINOVA,AGROBEATS TECH CHINE
HUILE MINÉRALE,INSECTICIDA KEY,ETS MEZGHANI,INDUSTRIALQUIMICA KEY,HUILE MINÉRALE,HUILE MINÉRALE,N/A,N/A,N/A,N/A,N/A,N/A,ETS MEZGHANI,INDUSTRIALQUIMICA KEY
DIFENOCONAZOLE + CYPRODINIL,INSPIRE PLUS EW,BIOPROTECTION,SYNGENTA,DIFENOCONAZOLE,DIFENOCONAZOLE,CYPRODINIL,CYPRODINIL,N/A,N/A,N/A,N/A,BIOPROTECTION,SYNGENTA
THIOPHANATE ETHYL + IPRODIONE,IPROMISE,BIOPROTECTION,ARYSTALIFESCIENCE,THIOPHANATE ETHYL,THIOPHANATE ETHYL,IPRODIONE,IPRODIONE,N/A,N/A,N/A,N/A,BIOPROTECTION,ARYSTALIFESCIENCE
METSULFURON MÉTHYL,ISOMEXX,AGRIPROTEC,NUFARM,METSULFURON MÉTHYL,METSULFURON MÉTHYL,N/A,N/A,N/A,N/A,N/A,N/A,AGRIPROTEC,NUFARM
LAMBDA-CYHALOTHRINE,JACKPOT,SANABEL AGRO,ROTAM AGROCHEMICALS,LAMBDA-CYHALOTHRINE,LAMBDA-CYHALOTHRINE,N/A,N/A,N/A,N/A,N/A,N/A,SANABEL AGRO,ROTAM
QUIZALOFOP –P-ETHYL,JAGUAR 100 EC,EL KHADRA,"JIANGSU FENGSHAN GROUP CO,LTD/NANJING FENGSHAN CHEMICAL",QUIZALOFOP –P-ETHYL,QUIZALOFOP –P-ETHYL,N/A,N/A,N/A,N/A,N/A,N/A,EL KHADRA,JIANGSU FENGSHAN GROUP NANJING FENGSHAN
HEXYTHIAZOX,JALISCO,AGRIPROTEC,PROPLAN/QUME TICA AGRICULTURAL SOLUTIONS SPAIN SLU,HEXYTHIAZOX,HEXYTHIAZOX,N/A,N/A,N/A,N/A,N/A,N/A,AGRIPROTEC,PROPLAN QUME TICA AGRICULTURAL SOLUTIONS SPAIN SLU
EMAMECTIN BENZOATE,JEMSTAR,FERTIPLANT,KRISHLIFESCIENCE,EMAMECTIN BENZOATE,EMAMECTIN BENZOATE,N/A,N/A,N/A,N/A,N/A,N/A,FERTIPLANT,KRISHLIFESCIENCE
FLORASULAM + IODOSULFURON-MÉTHYL-SODIUM + DIFLUFÉNICAN,JOYSTICK WG,AGROSYSTEMES,ASCENZA AGRO,FLORASULAM,FLORASULAM,IODOSULFURON-MÉTHYL-SODIUM,IODOSULFURON-MÉTHYL-SODIUM,DIFLUFÉNICAN,DIFLUFÉNICAN,N/A,N/A,AGROSYSTEMES,ASCENZA AGRO
LAMBDA CYHALOTHRIN,JUDO,STIMA,SHARDA,LAMBDA CYHALOTHRIN,LAMBDA CYHALOTHRIN,N/A,N/A,N/A,N/A,N/A,N/A,STIMA,SHARDA
IMIDACHLOPRIDE + LAMBDA CYALOTHRINE,JUDOKA GOLD,SANABEL AGRO,ROTAM AGOCHEMICALS,IMIDACHLOPRIDE,IMIDACHLOPRIDE,LAMBDA CYALOTHRINE,LAMBDA CYALOTHRINE,N/A,N/A,N/A,N/A,SANABEL AGRO,ROTAM AGOCHEMICALS
PENTHIOPYRAD,KABUTO,EL MOUSSEM,"MITSUI CHEMICALS CROP&LIFESOLUTIONS,INC(FAB) / SUMMIT AGRO INTERNATIONAL LTD(FOURNISSEUR)",PENTHIOPYRAD,PENTHIOPYRAD,N/A,N/A,N/A,N/A,N/A,N/A,EL MOUSSEM,MITSUI LIFESOLUTIONS FAB SUMMIT AGRO INTERNATIONAL FOURNISSEUR
LAMBADA CYHALOTHRINE,KAISO 5%,EL MOUSSEM AGRICOLE,NUFARM,LAMBADA CYHALOTHRINE,LAMBADA CYHALOTHRINE,N/A,N/A,N/A,N/A,N/A,N/A,EL MOUSSEM,NUFARM
CAPTANE,KAPI-TOP 48 EC,AGRINOVA,SHARDA CROPCHEM LIMITED INDE,CAPTANE,CAPTANE,N/A,N/A,N/A,N/A,N/A,N/A,AGRINOVA,SHARDA CROPCHEM INDE
METSULFURON MÉTHYL,KARAL,BIOPROTECTION,NUFARM,METSULFURON MÉTHYL,METSULFURON MÉTHYL,N/A,N/A,N/A,N/A,N/A,N/A,BIOPROTECTION,NUFARM
LAMBDA-CYHALOTHRINE,KARATÉ 10 CS ZEON,AGRIPROTEC,SYNGENTA,LAMBDA-CYHALOTHRINE,LAMBDA-CYHALOTHRINE,N/A,N/A,N/A,N/A,N/A,N/A,AGRIPROTEC,SYNGENTA
FOSETHYL-AL +CYMOXANIL +FOLPET,KATANGA TRIPLE WP,NEGANOR,PROPLAN,FOSETHYL-AL,FOSETHYL-AL,CYMOXANIL,CYMOXANIL,FOLPET,FOLPET,N/A,N/A,NEGANOR,PROPLAN
LAMBADA CYHALOTHRINE,KEMPO EG,BIOPROTECTION,NUFARM,LAMBADA CYHALOTHRINE,LAMBADA CYHALOTHRINE,N/A,N/A,N/A,N/A,N/A,N/A,BIOPROTECTION,NUFARM
ISOFETAMID,KENJA SC,AGRIPROTEC,ISK BIOSCIENCES EUROPE N.V(FABRICANT)/UPL(FOURNISSEUR),ISOFETAMID,ISOFETAMID,N/A,N/A,N/A,N/A,N/A,N/A,AGRIPROTEC,ISK BIOSCIENCES EUROPE N V FABRICANT UPL FOURNISSEUR
PROTHIOCONAZOLE + TEBUCONAZOLE,KESTREL 240 EC,JADWA AGROTEC,BAYER CROPSCIENCE,PROTHIOCONAZOLE,PROTHIOCONAZOLE,TEBUCONAZOLE,TEBUCONAZOLE,N/A,N/A,N/A,N/A,JADWA AGROTEC,BAYER CROPSCIENCE
FOSETYL-AL,KEYFOL 80 WP,ETS MEZGHANI,LIMIN CHEMICAL CO.LTD,FOSETYL-AL,FOSETYL-AL,N/A,N/A,N/A,N/A,N/A,N/A,ETS MEZGHANI,LIMIN
FLUROXYPYR,KEYNYL HERBICIDE EC,ETSMEZGHANI,INDUSTRIALQUIMICAKEY,FLUROXYPYR,FLUROXYPYR,N/A,N/A,N/A,N/A,N/A,N/A,ETSMEZGHANI,INDUSTRIALQUIMICAKEY
MALATHION,KEYTHION,ETS MEZGHANI,INDUSTRIAL QUIMICA KEY,MALATHION,MALATHION,N/A,N/A,N/A,N/A,N/A,N/A,ETS MEZGHANI,INDUSTRIAL QUIMICA KEY
TEBUCONAZOLE,KEYZOL SC,EL KHADRA,AVGUST CROP CORPORATION,TEBUCONAZOLE,TEBUCONAZOLE,N/A,N/A,N/A,N/A,N/A,N/A,EL KHADRA,AVGUST CORPORATION
PROPAQUIZAFOP,KIFEN EC,SANABEL AGRO,SHARDA CROPCHEM LIMITED,PROPAQUIZAFOP,PROPAQUIZAFOP,N/A,N/A,N/A,N/A,N/A,N/A,SANABEL AGRO,SHARDA CROPCHEM
ETOXAZOLE (FAMILLE CHIMIQUE : OXAZOLINES),KILLMITE,BIOPROTECTION,ARYSTA LIFESCIENCE,ETOXAZOLE,ETOXAZOLE,N/A,N/A,N/A,N/A,N/A,N/A,BIOPROTECTION,ARYSTA LIFESCIENCE
IMIDACLOPRIDE + LAMBDA-CYHALOTHRINE,KILTER,BIOPROTECTION,NUFARM,IMIDACLOPRIDE,IMIDACLOPRIDE,LAMBDA-CYHALOTHRINE,LAMBDA-CYHALOTHRINE,N/A,N/A,N/A,N/A,BIOPROTECTION,NUFARM
PROCHLORAZE +TRITICONAZOLE,KINTO DUO,STIMA,BASF,PROCHLORAZE,PROCHLORAZE,TRITICONAZOLE,TRITICONAZOLE,N/A,N/A,N/A,N/A,STIMA,BASF
FLUROXYPYR +CLOPYRALID,KINVARA ME,AGRIPROTEC,BRACLAY,FLUROXYPYR,FLUROXYPYR,CLOPYRALID,CLOPYRALID,N/A,N/A,N/A,N/A,AGRIPROTEC,BRACLAY
GLYPHOSATE,KLEEN UP,BIOPROTECTION,NUFARM,GLYPHOSATE,GLYPHOSATE,N/A,N/A,N/A,N/A,N/A,N/A,BIOPROTECTION,NUFARM
BRODIFACOUM,KLERAT,AGRIPROTEC,SYNGENTA,BRODIFACOUM,BRODIFACOUM,N/A,N/A,N/A,N/A,N/A,N/A,AGRIPROTEC,SYNGENTA
TÉBUCONAZOLE,KONAN EW,ETS MEZGHANI,INDUSTRIAL QUIMICA KEY,TÉBUCONAZOLE,TÉBUCONAZOLE,N/A,N/A,N/A,N/A,N/A,N/A,ETS MEZGHANI,INDUSTRIAL QUIMICA KEY
CHLORANTRANILIPROLE,KORTEX,NEGANOR FFT,SHANDONG WEIFANG RAINBOW CHEMICAL CO.LTD,CHLORANTRANILIPROLE,CHLORANTRANILIPROLE,N/A,N/A,N/A,N/A,N/A,N/A,NEGANOR FFT,SHANDONG WEIFANG RAINBOW
KRÉSOXIM-MÉTHYL,KRESOXYSTAR 350SC,ETS MEZGHANI,ANHUI HUAXING CHEMICAL INDUSTRY CO.LTD/CHINE(NANJINGAGROCHEM,KRÉSOXIM-MÉTHYL,KRÉSOXIM-MÉTHYL,N/A,N/A,N/A,N/A,N/A,N/A,ETS MEZGHANI,ANHUI HUAXING INDUSTRY CHINE NANJINGAGROCHEM
PYRETHRINES,KRISANT EC,PROMOCHIMIE,SIPCAM INGRA ESPAGNE,PYRETHRINES,PYRETHRINES,N/A,N/A,N/A,N/A,N/A,N/A,PROMOCHIMIE,SIPCAM INGRA ESPAGNE
MÉTHOMYL,KUIK 400 SP,SANABEL AGRO,ROTAM AGROCHEMICAL,MÉTHOMYL,MÉTHOMYL,N/A,N/A,N/A,N/A,N/A,N/A,SANABEL AGRO,ROTAM
SOUFRE,KUMULUS DF,STIMA,BASF,SOUFRE,SOUFRE,N/A,N/A,N/A,N/A,N/A,N/A,STIMA,BASF
LAMBDA-CYHALOTHRINE,KUNG FU,SOLAGRI,SYNGENTA,LAMBDA-CYHALOTHRINE,LAMBDA-CYHALOTHRINE,N/A,N/A,N/A,N/A,N/A,N/A,SOLAGRI,SYNGENTA
PYRIOFENONE,KUSABI SC,AGRIPROTEC,ISK BIOSCIENCES EUROPE N.V/UPL,PYRIOFENONE,PYRIOFENONE,N/A,N/A,N/A,N/A,N/A,N/A,AGRIPROTEC,ISK BIOSCIENCES EUROPE N V UPL
2.4-D + GLYPHOSPHATE,KYLEO,EL MOUSSEM AGRICOLE,NUFARM,2.4-D,2.4-D,GLYPHOSPHATE,GLYPHOSPHATE,N/A,N/A,N/A,N/A,EL MOUSSEM,NUFARM
THIOPHANATE-MÉTHYL,LAGROPHANATE 70,STEC,CEQUISA / PHOSPHONIA/UPL,THIOPHANATE-MÉTHYL,THIOPHANATE-MÉTHYL,N/A,N/A,N/A,N/A,N/A,N/A,STEC,CEQUISA PHOSPHONIA UPL
HUILE DE PARAFFINIQUE,LAINCOIL EC,FERTITECH,LAINCO,HUILE DE PARAFFINIQUE,HUILE DE PARAFFINIQUE,N/A,N/A,N/A,N/A,N/A,N/A,FERTITECH,LAINCO
PYRIMETHANIL,LAITANE SC,RAYEN PHYTAGRI,"LAINCO ,S,A/ESPAGNE",PYRIMETHANIL,PYRIMETHANIL,N/A,N/A,N/A,N/A,N/A,N/A,RAYEN PHYTAGRI,LAINCO S A ESPAGNE
LAMBDA-CYHALOTHRINE,LAMBDATROL,AGRIPROTEC,SIPCAM INAGRA,LAMBDA-CYHALOTHRINE,LAMBDA-CYHALOTHRINE,N/A,N/A,N/A,N/A,N/A,N/A,AGRIPROTEC,SIPCAM INAGRA
AMINOPYRALYDES + FLORASULAM,LANCELOT 450 WG,SEPCM,DOW AGROSCIENCES,AMINOPYRALYDES,AMINOPYRALYDES,FLORASULAM,FLORASULAM,N/A,N/A,N/A,N/A,SEPCM,DOW AGROSCIENCES
AMINOPYRALYDES + FLORASULAM,LANCELOT NEO 450 WG,SEPCM,DOW AGROSCIENCES,AMINOPYRALYDES,AMINOPYRALYDES,FLORASULAM,FLORASULAM,N/A,N/A,N/A,N/A,SEPCM,DOW AGROSCIENCES
MÉTHOMYL,LANNATE 20 L,SEPCM,DU PONT,MÉTHOMYL,MÉTHOMYL,N/A,N/A,N/A,N/A,N/A,N/A,SEPCM,DU PONT
MÉTHOMYL,LANNATE 25,SEPCM,DU PONT (TAIWAN) AGRISCIENCE/CORTEVA,MÉTHOMYL,MÉTHOMYL,N/A,N/A,N/A,N/A,N/A,N/A,SEPCM,DU PONT TAIWAN AGRISCIENCE CORTEVA
ABAMECTINE,LAOTTA,ATLAS AGRICOLE,LAINCO,ABAMECTINE,ABAMECTINE,N/A,N/A,N/A,N/A,N/A,N/A,ATLAS,LAINCO
CHLORANTRANILIPROLE + LAMBDACYHALOTHRIN,LASTROLE EC,UNIAGRO,SHANDONG WEIFANG RAINBOW CHEMICAL CO.LTD,CHLORANTRANILIPROLE,CHLORANTRANILIPROLE,LAMBDACYHALOTHRIN,LAMBDACYHALOTHRIN,N/A,N/A,N/A,N/A,UNIAGRO,SHANDONG WEIFANG RAINBOW
AZOXYSTROBINE,LEGADO 250 SC,EL KHADRA,INDUSTRIAS AFRAZA/ALBAUGH EUROPE SARL,AZOXYSTROBINE,AZOXYSTROBINE,N/A,N/A,N/A,N/A,N/A,N/A,EL KHADRA,INDUSTRIAS AFRAZA ALBAUGH EUROPE
AMISULBROM,LEIMAY 20 SC,EL MOUSSEM AGRICOLE,NISSAN CHEMICAL EUROPE SAS/ARYSTA LIFESCIENCES,AMISULBROM,AMISULBROM,N/A,N/A,N/A,N/A,N/A,N/A,EL MOUSSEM,NISSAN EUROPE ARYSTA LIFESCIENCES
BACILLUS THURINGIENSIS SUBSP-KURSTAKISOUCHE EG-2348,LEPINOX PLUS WP,COTUGRAIN,CBC (EUROPE)/BIOGARD,BACILLUS THURINGIENSIS SUBSP-KURSTAKISOUCHE EG-2348,BACILLUS THURINGIENSIS SUBSP-KURSTAKISOUCHE EG-2348,N/A,N/A,N/A,N/A,N/A,N/A,COTUGRAIN,CBC EUROPE BIOGARD
LUFENURON,LIBERO,NEGANOR,JINGBO AGROCHEMICALS,LUFENURON,LUFENURON,N/A,N/A,N/A,N/A,N/A,N/A,NEGANOR,JINGBO
METALDEHYDE,LIMAGRAM,EL KHADRA,SIPCAM INAGRA,METALDEHYDE,METALDEHYDE,N/A,N/A,N/A,N/A,N/A,N/A,EL KHADRA,SIPCAM INAGRA
CHLORPYRIPHOS ETHYL,LORSBAN 5G,INNOVA,DOW AGROSCIENCES,CHLORPYRIPHOS ETHYL,CHLORPYRIPHOS ETHYL,N/A,N/A,N/A,N/A,N/A,N/A,INNOVA,DOW AGROSCIENCES
FOSETYL –AL,LOTUS,SANABEL AGRO,NUFARM,FOSETYL –AL,FOSETYL –AL,N/A,N/A,N/A,N/A,N/A,N/A,SANABEL AGRO,NUFARM
HUILE MINÉRALE,LUMIERE EC,COTUGRAIN,TOTALENERGIES FLUIDES A TRAVERS KOPPERT,HUILE MINÉRALE,HUILE MINÉRALE,N/A,N/A,N/A,N/A,N/A,N/A,COTUGRAIN,TOTALENERGIES FLUIDES A TRAVERS KOPPERT
FLUOPYRAM + TEBUCONAZOLE,LUNA EXPERIENCE 400 SC,SEPCM,BAYER CROPSCIENCE,FLUOPYRAM,FLUOPYRAM,TEBUCONAZOLE,TEBUCONAZOLE,N/A,N/A,N/A,N/A,SEPCM,BAYER CROPSCIENCE
FLUOPYRAM + TRIFLOXYSTROBINE,LUNA SENSATION,ATLAS AGRICOLE,BAYER CROPSCIENCE,FLUOPYRAM,FLUOPYRAM,TRIFLOXYSTROBINE,TRIFLOXYSTROBINE,N/A,N/A,N/A,N/A,ATLAS AGRICOLE,BAYER CROPSCIENCE
METIRAME DE ZINC,LUTIRAM WG,AGRIPROTEC,BASF,METIRAME DE ZINC,METIRAME DE ZINC,N/A,N/A,N/A,N/A,N/A,N/A,AGRIPROTEC,BASF
TRIBENURON-METHYL,LUXOR,SANABEL AGRO,SHARDA CROPCHEM LIMITED INDE,TRIBENURON-METHYL,TRIBENURON-METHYL,N/A,N/A,N/A,N/A,N/A,N/A,SANABEL AGRO,SHARDA CROPCHEM INDE
HYDROLYSAT DE PROTÉINES,LYSATEX,SEPCM,SYNTHRON SAS,HYDROLYSAT DE PROTÉINES,HYDROLYSAT DE PROTÉINES,N/A,N/A,N/A,N/A,N/A,N/A,SEPCM,SYNTHRON
DITHIANON + PYRACHLOSTROBIN,MACCANI,COTUGRAIN IMPEX,BASF,DITHIANON,DITHIANON,PYRACHLOSTROBIN,PYRACHLOSTROBIN,N/A,N/A,N/A,N/A,COTUGRAIN IMPEX,BASF
PROTHIOCONAZOLE + TRIFLOXYSTROBINE,MADISON 263 SC,SEPCM,BAYER CROPSCIENCE,PROTHIOCONAZOLE,PROTHIOCONAZOLE,TRIFLOXYSTROBINE,TRIFLOXYSTROBINE,N/A,N/A,N/A,N/A,SEPCM,BAYER CROPSCIENCE
METRIBUZINE,MAESTRO 75 WG,BIOPROTECTION,AAKO,METRIBUZINE,METRIBUZINE,N/A,N/A,N/A,N/A,N/A,N/A,BIOPROTECTION,AAKO
PYRIPROXYFEN,MAGIC EC,FERTITECH,HANGZHOU TOPAGRO BIOSCIENCE,PYRIPROXYFEN,PYRIPROXYFEN,N/A,N/A,N/A,N/A,N/A,N/A,FERTITECH,HANGZHOU TOPAGRO BIOSCIENCE
FENAZAQUIN,MAGISTER,SEPCM,GOWAN ESPAGNE,FENAZAQUIN,FENAZAQUIN,N/A,N/A,N/A,N/A,N/A,N/A,SEPCM,GOWAN ESPAGNE
FOSETHYL-AL +CYMOXANIL +FOLPET,MAGMA TRIPLE,EL KHADRA,INDUSTRIAS AFRAZA/ALBAUGH EUROPE SARL,FOSETHYL-AL,FOSETHYL-AL,CYMOXANIL,CYMOXANIL,FOLPET,FOLPET,N/A,N/A,EL KHADRA,INDUSTRIAS AFRAZA ALBAUGH EUROPE
PHOSPHURE DE MAGNÉSIUM +PHOSPHURE D'HY.,MAGNAPHOS,PROTAGRI,UNITED PHOSPHORUS LTD,PHOSPHURE DE MAGNÉSIUM,PHOSPHURE DE MAGNÉSIUM,PHOSPHURE D'HY.,PHOSPHURE D'HY.,N/A,N/A,N/A,N/A,PROTAGRI,UNITED PHOSPHORUS
"DELTAMETRINE+ACETATE D’AMMONIUM+TRIMETHYLAMINE HCL+1,4DIAMINOBUTANE (=PUTRESCINE)",MAGNET MED,NUTRIPLANT,KOPPERT,DELTAMETRINE,DELTAMETRINE,ACETATE D’AMMONIUM,ACETATE D’AMMONIUM,TRIMETHYLAMINE HCL,TRIMETHYLAMINE HCL,"1,4DIAMINOBUTANE (=PUTRESCINE)","1,4DIAMINOBUTANE (=PUTRESCINE)",NUTRIPLANT,KOPPERT
SPIROTETRAMAT,MAGNUS SC,STEC,AAKO,SPIROTETRAMAT,SPIROTETRAMAT,N/A,N/A,N/A,N/A,N/A,N/A,STEC,AAKO
MALATHION,MALATHION 96,SEPCM,CHEMINOVA,MALATHION,MALATHION,N/A,N/A,N/A,N/A,N/A,N/A,SEPCM,CHEMINOVA
CAPTANE,MALVIN80 WG,BIOPROTECTION,UPL/ARYSTA LIFESCIENCE,CAPTANE,CAPTANE,N/A,N/A,N/A,N/A,N/A,N/A,BIOPROTECTION,UPL ARYSTA LIFESCIENCE
GLYPHOSATE,MAMBA 360 SL,INNOVA,DOW AGROSCIENCES,GLYPHOSATE,GLYPHOSATE,N/A,N/A,N/A,N/A,N/A,N/A,INNOVA,DOW AGROSCIENCES
MANCOZÉBE,MANCOFLASH,RAYEN PHYTAGRI,INDOFIL,MANCOZÉBE,MANCOZÉBE,N/A,N/A,N/A,N/A,N/A,N/A,RAYEN PHYTAGRI,INDOFIL
CARBANDAZIME,MANDARIN,SANABEL AGRO,SINON CORPORATION/ TAIWAN,CARBANDAZIME,CARBANDAZIME,N/A,N/A,N/A,N/A,N/A,N/A,SANABEL AGRO,SINON CORPORATION TAIWAN
MANÈBE,MANKEY,ETS. MEZGHANI,INDUST. QUIMICA KEY,MANÈBE,MANÈBE,N/A,N/A,N/A,N/A,N/A,N/A,ETS MEZGHANI,INDUST QUIMICA KEY
LAMBDA-CYHALOTHRINE,MARKATE,AMINCO,GLOBACHEM,LAMBDA-CYHALOTHRINE,LAMBDA-CYHALOTHRINE,N/A,N/A,N/A,N/A,N/A,N/A,AMINCO,GLOBACHEM
PROPICONAZOLE,MATADOR PLUS EC,AGRIPLUS,NINGBO SUNJOY AGROSCIENCE INDUSTRY,PROPICONAZOLE,PROPICONAZOLE,N/A,N/A,N/A,N/A,N/A,N/A,AGRIPLUS,NINGBO SUNJOY AGROSCIENCE INDUSTRY
TÉBUCONAZOLE,MATIZ,SANABEL AGRO,ROTAM AGROCHEMICAL,TÉBUCONAZOLE,TÉBUCONAZOLE,N/A,N/A,N/A,N/A,N/A,N/A,SANABEL AGRO,ROTAM
CHROMAFÉNOZIDE,MATRIC,BIOPROTECTION,UPL/ARYSTA LIFESCIENCE,CHROMAFÉNOZIDE,CHROMAFÉNOZIDE,N/A,N/A,N/A,N/A,N/A,N/A,BIOPROTECTION,UPL ARYSTA LIFESCIENCE
METRIBUZINE,MAYA,SLDA,UPL,METRIBUZINE,METRIBUZINE,N/A,N/A,N/A,N/A,N/A,N/A,SLDA,UPL
GLYPHOSATE,MAYNOZATE,AMINCO,AGRIA SA,GLYPHOSATE,GLYPHOSATE,N/A,N/A,N/A,N/A,N/A,N/A,AMINCO,AGRIA SA
MANCOZÈBE,MAYNOZEBE,AMINCO,AGRIA SA,MANCOZÈBE,MANCOZÈBE,N/A,N/A,N/A,N/A,N/A,N/A,AMINCO,AGRIA SA
ABAMECTINE,MECTINE PRO,JADWA AGROTEC,AAKO BV,ABAMECTINE,ABAMECTINE,N/A,N/A,N/A,N/A,N/A,N/A,JADWA AGROTEC,AAKO BV
DIFENOCONAZOLE +CYFLUFENAMID,MELCAR TOP 140 DC,COTUGRAIN IMPEX,SYNGENTA,DIFENOCONAZOLE,DIFENOCONAZOLE,CYFLUFENAMID,CYFLUFENAMID,N/A,N/A,N/A,N/A,COTUGRAIN IMPEX,SYNGENTA
CYPROCONAZOLE + PROPICINAZOLE,MENARA 410 EC,AGRIPROTEC,SYNGENTA,CYPROCONAZOLE,CYPROCONAZOLE,PROPICINAZOLE,PROPICINAZOLE,N/A,N/A,N/A,N/A,AGRIPROTEC,SYNGENTA
"ACETATE D’AMMONIUM + TRIMETHYLAMINE HCL + 1,4-DIAMINOBUTANE (PUTRESCINE) + DDVP",MERCERATITE KEY,ETS MEZGHANI,KEY,ACETATE D’AMMONIUM,ACETATE D’AMMONIUM,TRIMETHYLAMINE HCL,TRIMETHYLAMINE HCL,"1,4-DIAMINOBUTANE (PUTRESCINE)","1,4-DIAMINOBUTANE (PUTRESCINE)",DDVP,DDVP,ETS MEZGHANI,KEY
METHIOCARBE,MESUROL 200 SC,ATLAS AGRICOLE,BAYER CROPSCIENCE,METHIOCARBE,METHIOCARBE,N/A,N/A,N/A,N/A,N/A,N/A,ATLAS,BAYER CROPSCIENCE
MÉTALDÉHYDE,METAKEY,ETS.MEZGHANI,INDUS QUIMICAKEY,MÉTALDÉHYDE,MÉTALDÉHYDE,N/A,N/A,N/A,N/A,N/A,N/A,ETS MEZGHANI,INDUS QUIMICAKEY
MÉTALDÉHYDE,METAPRO,PROTAGRI,UNITED PHOSPHORUS,MÉTALDÉHYDE,MÉTALDÉHYDE,N/A,N/A,N/A,N/A,N/A,N/A,PROTAGRI,UNITED PHOSPHORUS
METALDEHYDE,METAX,DELTA AGRICOLE PLUS,SHARDA CROPCHEM LIMITED INDE,METALDEHYDE,METALDEHYDE,N/A,N/A,N/A,N/A,N/A,N/A,DELTA PLUS,SHARDA CROPCHEM INDE
SULFATE DE CUIVRE + FOLPEL +CYMOXANIL,METEOR,EL MOUSSEM AGRICOLE,NUFARM,SULFATE DE CUIVRE,SULFATE DE CUIVRE,FOLPEL,FOLPEL,CYMOXANIL,CYMOXANIL,N/A,N/A,EL MOUSSEM,NUFARM
THIOPHANATE-MÉTHYL,METHYL-T,BIOPROTECTION,ARYSTA LIFESCIENCE,THIOPHANATE-MÉTHYL,THIOPHANATE-MÉTHYL,N/A,N/A,N/A,N/A,N/A,N/A,BIOPROTECTION,ARYSTA LIFESCIENCE
TÉBUCONAZOLE,METROSTAR SC,AGRIPLUS,NINGBO SUNJOY AGROSCIENCE INDUSTRY,TÉBUCONAZOLE,TÉBUCONAZOLE,N/A,N/A,N/A,N/A,N/A,N/A,AGRIPLUS,NINGBO SUNJOY AGROSCIENCE INDUSTRY
METSULFURON MÉTHYL,METSY WG,PROTAGRI,UNITED PHOSPHORUS,METSULFURON MÉTHYL,METSULFURON MÉTHYL,N/A,N/A,N/A,N/A,N/A,N/A,PROTAGRI,UNITED PHOSPHORUS
CUIVRE +METALAXYL,MEVAXIL CUIVRE WP,NEGANOR,IQV DEL VALLES,CUIVRE,CUIVRE,METALAXYL,METALAXYL,N/A,N/A,N/A,N/A,NEGANOR,IQV DEL VALLES
SULFATE DE CUIVRE TRIBASIQUE,MEXIRAM TRI HI BIO WG,EL MOUSSEM AGRICOLE,ALBAUGH EUROPE SARL,SULFATE DE CUIVRE TRIBASIQUE,SULFATE DE CUIVRE TRIBASIQUE,N/A,N/A,N/A,N/A,N/A,N/A,EL MOUSSEM,ALBAUGH EUROPE
SOUFRE,MICRO-CAP,NEGANOR,AGROW ALLIED,SOUFRE,SOUFRE,N/A,N/A,N/A,N/A,N/A,N/A,NEGANOR,AGROW ALLIED
FOLPET+ FOSÉTHYL-AL,MIKAL FLASH,SEPCM,BAYER CROPSCIENCE,FOLPET,FOLPET,FOSÉTHYL-AL,FOSÉTHYL-AL,N/A,N/A,N/A,N/A,SEPCM,BAYER CROPSCIENCE
THIOPHANATE-MÉTHYL,MIL TOP,DELTA AGRICOLE PLUS,MEGHMANI INDUSTRIES,THIOPHANATE-MÉTHYL,THIOPHANATE-MÉTHYL,N/A,N/A,N/A,N/A,N/A,N/A,DELTA PLUS,MEGHMANI INDUSTRIES
MILBEMECTIN,MILBEKNOCK,AGRIPROTEC,"MITSUI CHEMICALS AGRO,INC",MILBEMECTIN,MILBEMECTIN,N/A,N/A,N/A,N/A,N/A,N/A,AGRIPROTEC,MITSUI AGRO
TEBUFENOZIDE,MIMIC 240 SC,EL MOUSSEM AGRICOLE,NIPPON SODA/JAPAN,TEBUFENOZIDE,TEBUFENOZIDE,N/A,N/A,N/A,N/A,N/A,N/A,EL MOUSSEM,NIPPON SODA JAPAN
PYRACLOSTROBIN + BOSCALID,MIRACLE WDG,SHARDA CROPCHEM TUNISIE,SHARDA CROPCHEM LIMITED,PYRACLOSTROBIN,PYRACLOSTROBIN,BOSCALID,BOSCALID,N/A,N/A,N/A,N/A,SHARDA CROPCHEM,SHARDA CROPCHEM
PROTHIOCONAZOLE,MIRAGE EC,SHARDA CROPCHEM LIMITED TUNISIE,SHARDA CROPCHEM LIMITED INDE,PROTHIOCONAZOLE,PROTHIOCONAZOLE,N/A,N/A,N/A,N/A,N/A,N/A,SHARDA CROPCHEM,SHARDA CROPCHEM INDE
ADEPIDYN+ DIFENOCONAZOLE,MIRAVIS DUO SC,BIOPROTECTION,ARYSTA LIFESCIENCES,ADEPIDYN,ADEPIDYN,DIFENOCONAZOLE,DIFENOCONAZOLE,N/A,N/A,N/A,N/A,BIOPROTECTION,ARYSTA LIFESCIENCES
SOUFRE,MISTRAL,BIOPROTECTION,ESSECO SARL/AAKO,SOUFRE,SOUFRE,N/A,N/A,N/A,N/A,N/A,N/A,BIOPROTECTION,ESSECO AAKO
FENPYROXIMATE,MITACID,INNOVA,SIPCAM INAGRA (ANCIENTFABRICANT: NIHON NOHYAKU CO. LTD),FENPYROXIMATE,FENPYROXIMATE,N/A,N/A,N/A,N/A,N/A,N/A,INNOVA,SIPCAM INAGRA ANCIENTFABRICANT NIHON NOHYAKU
CAPTANE,MITANE,SOCOOPEC,SHARDA,CAPTANE,CAPTANE,N/A,N/A,N/A,N/A,N/A,N/A,SOCOOPEC,SHARDA
ETHOPROPHOS,MOCAP,SEPCM,AMVAC CHEMICAL CORPORATION),ETHOPROPHOS,ETHOPROPHOS,N/A,N/A,N/A,N/A,N/A,N/A,SEPCM,AMVAC CORPORATION
SULFATE DE CUIVRE TRIBASIQUE + CYMOXANIL,MOLTOVIN,BIOPROTECTION,NUFARM,SULFATE DE CUIVRE TRIBASIQUE,SULFATE DE CUIVRE TRIBASIQUE,CYMOXANIL,CYMOXANIL,N/A,N/A,N/A,N/A,BIOPROTECTION,NUFARM
PENCYCURON,MONCEREN,PROMOCHIMIE,BAYER,PENCYCURON,PENCYCURON,N/A,N/A,N/A,N/A,N/A,N/A,PROMOCHIMIE,BAYER
FLUOPYRAM + TEBUCONAZOLE,MOON EXPERIENCE SC,ATLAS AGRICOLE,BAYER CROPSCIENCE,FLUOPYRAM,FLUOPYRAM,TEBUCONAZOLE,TEBUCONAZOLE,N/A,N/A,N/A,N/A,ATLAS,BAYER CROPSCIENCE
CHLOROTHALONIL,MORFUS 720 SC,SANABEL AGRO,ROTAM AGROCHEMICAL,CHLOROTHALONIL,CHLOROTHALONIL,N/A,N/A,N/A,N/A,N/A,N/A,SANABEL AGRO,ROTAM
DIMETOMORPHE +FOLPEL,MORPHEE 71.3 WG,BIOPROTECTION,AAKO,DIMETOMORPHE,DIMETOMORPHE,FOLPEL,FOLPEL,N/A,N/A,N/A,N/A,BIOPROTECTION,AAKO
SPIROTETRAMAT,MOVENTO 150 OD,ATLAS AGRICOLE,BAYER CROPSCIENCE,SPIROTETRAMAT,SPIROTETRAMAT,N/A,N/A,N/A,N/A,N/A,N/A,ATLAS,BAYER CROPSCIENCE
PYRIPROXYFENE,MULIGAN,AGRIPROTEC,PROPLAN,PYRIPROXYFENE,PYRIPROXYFENE,N/A,N/A,N/A,N/A,N/A,N/A,AGRIPROTEC,PROPLAN
ETHAMETSULFURON METHYL,MUSTER 75 WG,SSCC,FMC,ETHAMETSULFURON METHYL,ETHAMETSULFURON METHYL,N/A,N/A,N/A,N/A,N/A,N/A,SSCC,FMC
MYCLOBUTANIL,MYCLONE 24 EC,RAYENPHYTAGRI,SHARDA CROPCHEM LIMITED INDE,MYCLOBUTANIL,MYCLOBUTANIL,N/A,N/A,N/A,N/A,N/A,N/A,RAYENPHYTAGRI,SHARDA CROPCHEM INDE
TEBUCONAZOLE,MYCOSEEDS FS 60,EL KHADRA,SHARDA WORLD WIDE,TEBUCONAZOLE,TEBUCONAZOLE,N/A,N/A,N/A,N/A,N/A,N/A,EL KHADRA,SHARDA WORLD WIDE
SPORES DE LECANICILLUMMUSCARIUM SOUCHE 1979,MYCOTAL WG,NUTRIPLANT,KOPPERT BIOLOGICAL SYSTEM,SPORES DE LECANICILLUMMUSCARIUM SOUCHE 1979,SPORES DE LECANICILLUMMUSCARIUM SOUCHE 1979,N/A,N/A,N/A,N/A,N/A,N/A,NUTRIPLANT,KOPPERT BIOLOGICAL SYSTEM
TEBUCONAZOLE +PROCHLORAZ,MYSTIC PRO,AGRIPROTEC,NUFARM SAS,TEBUCONAZOLE,TEBUCONAZOLE,PROCHLORAZ,PROCHLORAZ,N/A,N/A,N/A,N/A,AGRIPROTEC,NUFARM
FLUAZINAM,NANDO,BIOPROTECTION,NUFARM,FLUAZINAM,FLUAZINAM,N/A,N/A,N/A,N/A,N/A,N/A,BIOPROTECTION,NUFARM
DIFENOCONAZOLE,NANJI 250 EC,STEC,JIANGSU FENGDENG(FAB),DIFENOCONAZOLE,DIFENOCONAZOLE,N/A,N/A,N/A,N/A,N/A,N/A,STEC,JIANGSU FENGDENG FAB
DIFENOCONAZOLE+PROPICONAZOLE,NANJI PLUS EC,STEC,JIANGYIN FENGDENG CROP SCIENCE CO,DIFENOCONAZOLE,DIFENOCONAZOLE,PROPICONAZOLE,PROPICONAZOLE,N/A,N/A,N/A,N/A,STEC,JIANGYIN FENGDENG
GLYPHOSATE,NASA 36 SL,SOCOOPEC,ZENITH CROPSCIENCES/AGRIA,GLYPHOSATE,GLYPHOSATE,N/A,N/A,N/A,N/A,N/A,N/A,SOCOOPEC,ZENITH CROPSCIENCES AGRIA
TÉBUCONAZOLE + TRIFLOXYSTROBINE,NATIVO 300 SC,STEC,BAYER CROPSCIENCE,TÉBUCONAZOLE,TÉBUCONAZOLE,TRIFLOXYSTROBINE,TRIFLOXYSTROBINE,N/A,N/A,N/A,N/A,STEC,BAYER CROPSCIENCE
SPIROTETRAMAT,NATRAMAT 240SC,AGRIPROTEC,JIANGSU UNITED AGROCHEMICAL,SPIROTETRAMAT,SPIROTETRAMAT,N/A,N/A,N/A,N/A,N/A,N/A,AGRIPROTEC,JIANGSU UNITED
BEAUVERIA BASSIANA STRAIN ATCC 74040,NATURALIS,COTUGRAIN,CBC EUROPE/ITALIE,BEAUVERIA BASSIANA STRAIN ATCC 74040,BEAUVERIA BASSIANA STRAIN ATCC 74040,N/A,N/A,N/A,N/A,N/A,N/A,COTUGRAIN,CBC EUROPE ITALIE
BEAUVERIA BASSIANA STRAIN ATCC 74040,NATURALIS SC,COTUGRAIN,CBC EUROPE,BEAUVERIA BASSIANA STRAIN ATCC 74040,BEAUVERIA BASSIANA STRAIN ATCC 74040,N/A,N/A,N/A,N/A,N/A,N/A,COTUGRAIN,CBC EUROPE
CLODINAFOP-PROPAGYL + CLOQUINTOCET-MEXYL,NAVIGATOR,BIOPROTECTION,SYNGENTA,CLODINAFOP-PROPAGYL,CLODINAFOP-PROPAGYL,CLOQUINTOCET-MEXYL,CLOQUINTOCET-MEXYL,N/A,N/A,N/A,N/A,BIOPROTECTION,SYNGENTA
GARLIC EXTRACT,NEM GUARD SC,STIMA,ECOSPRAY LIMITED,GARLIC EXTRACT,GARLIC EXTRACT,N/A,N/A,N/A,N/A,N/A,N/A,STIMA,ECOSPRAY
PHENAMIPHOS,NEMACUR 10 G,PROMOCHIMIE,AMVAC CHEMICAL CORPORATION,PHENAMIPHOS,PHENAMIPHOS,N/A,N/A,N/A,N/A,N/A,N/A,PROMOCHIMIE,AMVAC CORPORATION
CHLORPROPHAME,NEO STOP,PROTAGRI,AGRIPHAR,CHLORPROPHAME,CHLORPROPHAME,N/A,N/A,N/A,N/A,N/A,N/A,PROTAGRI,AGRIPHAR
CHLOROPROPHAME,NEOSTOP 500 HN,PROTAGRI,AGRIPHAR,CHLOROPROPHAME,CHLOROPROPHAME,N/A,N/A,N/A,N/A,N/A,N/A,PROTAGRI,AGRIPHAR
PYRIDABÈNE,NEXTER 10 SC,AGRIPROTEC,NISSAN CHEMICAL CORPORATION/ BASF,PYRIDABÈNE,PYRIDABÈNE,N/A,N/A,N/A,N/A,N/A,N/A,AGRIPROTEC,NISSAN CORPORATION BASF
"2,4-D ACIDE +FLORASULAM",NIKOS 306 SE,ATLAS AGRICOLE,DOW AGROSCIENCES/CORTEVA,"2,4-D ACIDE","2,4-D ACIDE",FLORASULAM,FLORASULAM,N/A,N/A,N/A,N/A,ATLAS,DOW AGROSCIENCES CORTEVA
AMINOPYRALYDES + FLORASULAM + 2.4 D EHE,NIKOS FORTE,ATLAS AGRICOLE,DOW AGROSCIENCES,AMINOPYRALYDES,AMINOPYRALYDES,FLORASULAM,FLORASULAM,2.4 D EHE,2.4 D EHE,N/A,N/A,ATLAS,DOW AGROSCIENCES
"AZADIRACHTINE (0,03 %) + HUILE DE NEEM",NIMBICIDINE,TASMID,T. STANES &CO.LTD.,"AZADIRACHTINE (0,03 %)","AZADIRACHTINE (0,03 %)",HUILE DE NEEM,HUILE DE NEEM,N/A,N/A,N/A,N/A,TASMID,T STANES
BUPIRIMATE,NIMROD,SEPCM,AAKO BV,BUPIRIMATE,BUPIRIMATE,N/A,N/A,N/A,N/A,N/A,N/A,SEPCM,AAKO BV
METARHIZIUMRILEYI STRAIN,NOMU-PROTEC,ALOHA,ANDERMATT PHP (PTY) AFRIQUE DE SUD,METARHIZIUMRILEYI STRAIN,METARHIZIUMRILEYI STRAIN,N/A,N/A,N/A,N/A,N/A,N/A,ALOHA,ANDERMATT PHP PTY AFRIQUE DE SUD
HUILE ESSENTIELLE DE THYM (THYMOL),NOPATH EW,NUTRIPLANT,KOPPERT BIOLOGICAL SYSTEM,HUILE ESSENTIELLE DE THYM (THYMOL),HUILE ESSENTIELLE DE THYM (THYMOL),N/A,N/A,N/A,N/A,N/A,N/A,NUTRIPLANT,KOPPERT BIOLOGICAL SYSTEM
SULFATE DE CUIVRE TRIBASIQUE,NOVICURE,PROTAGRI,UPL,SULFATE DE CUIVRE TRIBASIQUE,SULFATE DE CUIVRE TRIBASIQUE,N/A,N/A,N/A,N/A,N/A,N/A,PROTAGRI,UPL
TRIBENURON-METHYL,NUANCE,AGROSYSTEMES,CHEMINOVA,TRIBENURON-METHYL,TRIBENURON-METHYL,N/A,N/A,N/A,N/A,N/A,N/A,AGROSYSTEMES,CHEMINOVA
2.4-D +GLYPHOSPHATE,NUFOSATESL,AGRIPROTEC,NUFARM,2.4-D,2.4-D,GLYPHOSPHATE,GLYPHOSPHATE,N/A,N/A,N/A,N/A,AGRIPROTEC,NUFARM
ABAMECTINE,NUMECTIN,AGRIPROTEC,NUFARM FRANCE,ABAMECTINE,ABAMECTINE,N/A,N/A,N/A,N/A,N/A,N/A,AGRIPROTEC,NUFARM
EPOXICONAZOLE,NUPOXYN,EL MOUSSEM AGRICOLE,NUFARM,EPOXICONAZOLE,EPOXICONAZOLE,N/A,N/A,N/A,N/A,N/A,N/A,EL MOUSSEM,NUFARM
SPIROMESIFEN,OBERON 240 SC,ATLAS AGRICOLE,BAYER CROPSCIENCE,SPIROMESIFEN,SPIROMESIFEN,N/A,N/A,N/A,N/A,N/A,N/A,ATLAS,BAYER CROPSCIENCE
EPOXICONAZOLE + KRESOXIM METHYL,OGAM,STIMA,BASF-ESPAGNOLA,EPOXICONAZOLE,EPOXICONAZOLE,KRESOXIM METHYL,KRESOXIM METHYL,N/A,N/A,N/A,N/A,STIMA,BASF ESPAGNOLA
AZADIRACHTINE 32 G/L,OIKOS MAX,EL KHADRA,SIPCAM INAGRA,AZADIRACHTINE 32 G/L,AZADIRACHTINE 32 G/L,N/A,N/A,N/A,N/A,N/A,N/A,EL KHADRA,SIPCAM INAGRA
HUILE DE PARAFFINIQUE,OLEO CAP EC,NEGANOR,LAINCO,HUILE DE PARAFFINIQUE,HUILE DE PARAFFINIQUE,N/A,N/A,N/A,N/A,N/A,N/A,NEGANOR,LAINCO
HUILE D’ESSENCE D’ORANGE,OLEORA EC,BIOPROTECTION,UPL,HUILE D’ESSENCE D’ORANGE,HUILE D’ESSENCE D’ORANGE,N/A,N/A,N/A,N/A,N/A,N/A,BIOPROTECTION,UPL
PROMOCARB,OMIX 607 SL,NEGANOR,AGRIA,PROMOCARB,PROMOCARB,N/A,N/A,N/A,N/A,N/A,N/A,NEGANOR,AGRIA
PROMOCARB +CYMOXANIL,OMIX DUO 450 SC,NEGANOR,AGRIA,PROMOCARB,PROMOCARB,CYMOXANIL,CYMOXANIL,N/A,N/A,N/A,N/A,NEGANOR,AGRIA
PYRACLOSTROBINE METCONAZOLE,OPTIMO DUO EC,AGRIPROTEC,BASF,PYRACLOSTROBINE METCONAZOLE,PYRACLOSTROBINE METCONAZOLE,N/A,N/A,N/A,N/A,N/A,N/A,AGRIPROTEC,BASF
FOSETHYL-AL +SULFATE DE CUIVRE TRIBASIQUE,OPTIX R WG,BIOPROTECTION,UPL,FOSETHYL-AL,FOSETHYL-AL,SULFATE DE CUIVRE TRIBASIQUE,SULFATE DE CUIVRE TRIBASIQUE,N/A,N/A,N/A,N/A,BIOPROTECTION,UPL
EPOXICONAZOLE,OPUS,STIMA,BASF,EPOXICONAZOLE,EPOXICONAZOLE,N/A,N/A,N/A,N/A,N/A,N/A,STIMA,BASF
EPOXICONAZOLE,ORAGE,SANABEL AGRO,SINON CORPORATION,EPOXICONAZOLE,EPOXICONAZOLE,N/A,N/A,N/A,N/A,N/A,N/A,SANABEL AGRO,SINON CORPORATION
PYRACLOSTROBIN +FLUXAPYROXAD,ORKESTRA SC,BIOPROTECTION,BASF,PYRACLOSTROBIN,PYRACLOSTROBIN,FLUXAPYROXAD,FLUXAPYROXAD,N/A,N/A,N/A,N/A,BIOPROTECTION,BASF
MANDIPROPAMID + OXATHIAPIPROLIN,ORONDIS ULTRA280 SC,COTUGRAIN,SYNGENTA CROP PROTECTION,MANDIPROPAMID,MANDIPROPAMID,OXATHIAPIPROLIN,OXATHIAPIPROLIN,N/A,N/A,N/A,N/A,COTUGRAIN,SYNGENTA
BORAX,OROTUN,RAYEN PHYTAGRI,ORO AGRI,BORAX,BORAX,N/A,N/A,N/A,N/A,N/A,N/A,RAYEN PHYTAGRI,ORO AGRI
AZOXYSTROBINE +DIFENOCONAZOLE,ORTIVA TOP,SLOGRI,SYNGENTA,AZOXYSTROBINE,AZOXYSTROBINE,DIFENOCONAZOLE,DIFENOCONAZOLE,N/A,N/A,N/A,N/A,SLOGRI,SYNGENTA
AMETOCTRADIN + DIMETHOMORPH,ORVEGO,AGRIPROTEC,BASF,AMETOCTRADIN,AMETOCTRADIN,DIMETHOMORPH,DIMETHOMORPH,N/A,N/A,N/A,N/A,AGRIPROTEC,BASF
ACRINATHRINE,ORYTIS,ATLAS AGRICOLE,CHEMINOVA,ACRINATHRINE,ACRINATHRINE,N/A,N/A,N/A,N/A,N/A,N/A,ATLAS,CHEMINOVA
EPOXICONAZOLE + METCONAZOLE,OSIRIS,AGRIPROTEC,BASF,EPOXICONAZOLE,EPOXICONAZOLE,METCONAZOLE,METCONAZOLE,N/A,N/A,N/A,N/A,AGRIPROTEC,BASF
CUIVRE MÉTAL,OSSICLOR 50 PB MANICA,ATLAS AGRICOLE,MANICA SPA,CUIVRE MÉTAL,CUIVRE MÉTAL,N/A,N/A,N/A,N/A,N/A,N/A,ATLAS,MANICA
HUILE MINÉRALE,OVIPHYT,ATLAS INDUSTRIE,COMPTOIR COMMERCIAL DES LUBRIFIANTS/S ANGOSSE,HUILE MINÉRALE,HUILE MINÉRALE,N/A,N/A,N/A,N/A,N/A,N/A,ATLAS INDUSTRIE,COMPTOIR COMMERCIAL DES LUBRIFIANTS S ANGOSSE
HUILE DE PARAFFINE,OVIPRON TOP,BIOPROTECTION,UPL,HUILE DE PARAFFINE,HUILE DE PARAFFINE,N/A,N/A,N/A,N/A,N/A,N/A,BIOPROTECTION,UPL
INDOXACARBE,OXAL SC,NEGANOR,JINGBOAGROCHEMICALS TECHNOLOGIE,INDOXACARBE,INDOXACARBE,N/A,N/A,N/A,N/A,N/A,N/A,NEGANOR,JINGBOAGROCHEMICALS TECHNOLOGIE
OXYFLUORFENE,OXISTAR 24%,SOCOOPEC,ZHEJIANG E-TONG CHEMICAL CO LTD,OXYFLUORFENE,OXYFLUORFENE,N/A,N/A,N/A,N/A,N/A,N/A,SOCOOPEC,ZHEJIANG E-TONG CHEMICAL CO LTD
PYROXSULAM,PALLAS 45 OD,SEPCM,DOW AGROSCIENCES,PYROXSULAM,PYROXSULAM,N/A,N/A,N/A,N/A,N/A,N/A,SEPCM,DOW AGROSCIENCES
HYDROXYDE DE CUIVRE,PATROL 50 WP,AMINCO,SPEISS URANIA/COSACO GMBH,HYDROXYDE DE CUIVRE,HYDROXYDE DE CUIVRE,N/A,N/A,N/A,N/A,N/A,N/A,AMINCO,SPEISS URANIA COSACO
DIAFENTHIURON,PEGASUS 500 SC,BIOPROTECTION,SYNGENTA,DIAFENTHIURON,DIAFENTHIURON,N/A,N/A,N/A,N/A,N/A,N/A,BIOPROTECTION,SYNGENTA
THIOPHANATE-MÉTHYL,PELT 500 SC,ATLAS AGRICOLE,BAYER AG.,THIOPHANATE-MÉTHYL,THIOPHANATE-MÉTHYL,N/A,N/A,N/A,N/A,N/A,N/A,ATLAS,BAYER AG
PROTHIOCONAZOLE + TEBUCONAZOLE,PERFECTO EC,SHARDA CROPCHEM TUNISIE,SHARDA CROPCHEM,PROTHIOCONAZOLE,PROTHIOCONAZOLE,TEBUCONAZOLE,TEBUCONAZOLE,N/A,N/A,N/A,N/A,SHARDA CROPCHEM,SHARDA CROPCHEM
MANDIPROPAMIDE + MANCOZEBE,PERGADO MZ 65 WG,AGRIPROTEC,SYNGENTA,MANDIPROPAMIDE,MANDIPROPAMIDE,MANCOZEBE,MANCOZEBE,N/A,N/A,N/A,N/A,AGRIPROTEC,SYNGENTA
HUILE MINÉRALE,PETROIL,SOCOOPEC,PETRONAS LUBRICANTS,HUILE MINÉRALE,HUILE MINÉRALE,N/A,N/A,N/A,N/A,N/A,N/A,SOCOOPEC,PETRONAS LUBRICANTS
GLYPHOSATE,PHARON,INNOVA,NUFARM S.A,GLYPHOSATE,GLYPHOSATE,N/A,N/A,N/A,N/A,N/A,N/A,INNOVA,NUFARM S A
"(E,Z,Z)-3,8,11TETRADECATRIEN 1-Y ACETATE (E,Z)-3,8TETRADECATRIEN1- Y ACETATE",PHERODIS TUTA ABSOLUTA,NUTRIPLANT,KOPPERT,"(E,Z,Z)-3,8,11TETRADECATRIEN 1-Y ACETATE (E,Z)-3,8TETRADECATRIEN1- Y ACETATE","(E,Z,Z)-3,8,11TETRADECATRIEN 1-Y ACETATE (E,Z)-3,8TETRADECATRIEN1- Y ACETATE",N/A,N/A,N/A,N/A,N/A,N/A,NUTRIPLANT,KOPPERT
E3Z8Z11-14AC + BHT,PHERONORM-TUTA,STIMA,ANDERMATT BIOCONTROL AG,E3Z8Z11-14AC,E3Z8Z11-14AC,BHT,BHT,N/A,N/A,N/A,N/A,STIMA,ANDERMATT BIOCONTROL AG
ACÉTATE D'AMMONIUM MIN 8.75 G/SACHET +TRIMETHYLAMINEHYDROCHLORIDE 1.25 G/SACHET + DIAMINUBUTANE 0.04 G/SACHET +KILLDISC INSECTICIDE À BASE D'ESFENVALERATE 0.04 G/PIÉGE,PHEROSANCERATITIS,NUTRIPLANT,SANSAN PRODESING/,ACÉTATE D'AMMONIUM MIN 8.75 G/SACHET,ACÉTATE D'AMMONIUM MIN 8.75 G/SACHET,TRIMETHYLAMINEHYDROCHLORIDE 1.25 G/SACHET,TRIMETHYLAMINEHYDROCHLORIDE 1.25 G/SACHET,DIAMINUBUTANE 0.04 G/SACHET,DIAMINUBUTANE 0.04 G/SACHET,KILLDISC INSECTICIDE À BASE D'ESFENVALERATE 0.04 G/PIÉGE,KILLDISC INSECTICIDE À BASE D'ESFENVALERATE 0.04 G/PIÉGE,NUTRIPLANT,SANSAN PRODESING
POLYOXYETHYLENE AMINE,PHYDEAL SL,FERTIPLANT,SDP/FRANCE,POLYOXYETHYLENE AMINE,POLYOXYETHYLENE AMINE,N/A,N/A,N/A,N/A,N/A,N/A,FERTIPLANT,SDP
FLUOPICOLIDE + PROPAMOCARBHYDROCHLORIDE,PICOCARB SC,UNIAGRO,SHANDONG WEIFANG,FLUOPICOLIDE,FLUOPICOLIDE,PROPAMOCARBHYDROCHLORIDE,PROPAMOCARBHYDROCHLORIDE,N/A,N/A,N/A,N/A,UNIAGRO,SHANDONG WEIFANG
PYRACLOSTROBINE +TEBUCONAZOLE,PILARTEP SC,RAYEN PHYTAGRI,PILARQUIIM (JIANGSU) CO.LTD CHINE,PYRACLOSTROBINE,PYRACLOSTROBINE,TEBUCONAZOLE,TEBUCONAZOLE,N/A,N/A,N/A,N/A,RAYEN PHYTAGRI,PILARQUIIM JIANGSU CHINE
PYRETHRINS,PIRECRIS,ATLAS AGRICOLE,SEIPASAS.A,PYRETHRINS,PYRETHRINS,N/A,N/A,N/A,N/A,N/A,N/A,ATLAS,SEIPASAS A
PYRETHRINS,PIRETRO VERDE,STIMA,COPYR S.P.A,PYRETHRINS,PYRETHRINS,N/A,N/A,N/A,N/A,N/A,N/A,STIMA,COPYR S P A
PYRIMICARBE,PIRI,AGROSYSTEMES,GLOBACHEM,PYRIMICARBE,PYRIMICARBE,N/A,N/A,N/A,N/A,N/A,N/A,AGROSYSTEMES,GLOBACHEM
INDOXACARB,PIXEL SC,FERTITECH,TOPAGRO BIOSCIENCE,INDOXACARB,INDOXACARB,N/A,N/A,N/A,N/A,N/A,N/A,FERTITECH,TOPAGRO BIOSCIENCE
HUILE MINÉRALE,PLANT OIL,STE EL KHADRA,INDUSTRIAS AFRAZA/ALBAU GH EUROPE SARL,HUILE MINÉRALE,HUILE MINÉRALE,N/A,N/A,N/A,N/A,N/A,N/A,STE EL KHADRA,INDUSTRIAS AFRAZA ALBAU GH EUROPE
MANÈBE,PLANTINEB 80WP,SANABEL AGRO,UPL,MANÈBE,MANÈBE,N/A,N/A,N/A,N/A,N/A,N/A,SANABEL AGRO,UPL
PROPICONAZOLE,PLAZMA,AGRIPLUS,NINGBO SUNJOY AGROSCIENCE INDUSTRY,PROPICONAZOLE,PROPICONAZOLE,N/A,N/A,N/A,N/A,N/A,N/A,AGRIPLUS,NINGBO SUNJOY AGROSCIENCE INDUSTRY
CYANTRANILIPROLE + ACIBENZOLAR-S-METHYL,PLESIVA ALPHA SC,BIOPROTECTION,SYNGENTA,CYANTRANILIPROLE,CYANTRANILIPROLE,ACIBENZOLAR-S-METHYL,ACIBENZOLAR-S-METHYL,N/A,N/A,N/A,N/A,BIOPROTECTION,SYNGENTA
CHLORANTRANILIPROLE + LAMBDACYHALOTHRIN,PLIGO ZC,NEGANOR FFT,SHANDONG WEIFANG RAINBOW CHEMICAL CO.LTD,CHLORANTRANILIPROLE,CHLORANTRANILIPROLE,LAMBDACYHALOTHRIN,LAMBDACYHALOTHRIN,N/A,N/A,N/A,N/A,NEGANOR FFT,SHANDONG WEIFANG RAINBOW
FLUTRIAFOL + TÉBUCONAZOLE,POINTER DUO,AGROSYSTEMES,CHEMINOVA/FMC,FLUTRIAFOL,FLUTRIAFOL,TÉBUCONAZOLE,TÉBUCONAZOLE,N/A,N/A,N/A,N/A,AGROSYSTEMES,CHEMINOVA FMC
LAMBDA-CYHALOTHRINE,POINTER100 CS,INNOVA,SIPCAM INAGRA,LAMBDA-CYHALOTHRINE,LAMBDA-CYHALOTHRINE,N/A,N/A,N/A,N/A,N/A,N/A,INNOVA,SIPCAM INAGRA
DIFLUFENICAN + METSULFURON-MÉTHYL,POLYMER WG,AGRIPROTEC,NUFARM S.A,DIFLUFENICAN,DIFLUFENICAN,METSULFURON-MÉTHYL,METSULFURON-MÉTHYL,N/A,N/A,N/A,N/A,AGRIPROTEC,NUFARM S A
METIRAME DE ZINC,POLYRAM DF,STIMA,BASF,METIRAME DE ZINC,METIRAME DE ZINC,N/A,N/A,N/A,N/A,N/A,N/A,STIMA,BASF
ACETAMEPRID,POLYSECT,SOCOOPEC,SHARDA,ACETAMEPRID,ACETAMEPRID,N/A,N/A,N/A,N/A,N/A,N/A,SOCOOPEC,SHARDA
CHLORANTRANILIPROLE +LAMBDA-CYHALOTHRINE,POLYVALENT SC,STÉ EL KHADRA,"EASTCHEM CO,LTD CHINE",CHLORANTRANILIPROLE,CHLORANTRANILIPROLE,LAMBDA-CYHALOTHRINE,LAMBDA-CYHALOTHRINE,N/A,N/A,N/A,N/A,STE EL KHADRA,EASTCHEM CHINE
PYTHIUM OLIGANDRUM,POLYVERSUM,FERTIPLANT,BIOPREPARATY,PYTHIUM OLIGANDRUM,PYTHIUM OLIGANDRUM,N/A,N/A,N/A,N/A,N/A,N/A,FERTIPLANT,BIOPREPARATY
IPROVALICARBE + OXYCHLORURE DE CUIVRE,POSITRON 49,ATLAS AGRICOLE,BAYER CROPSCIENCE,IPROVALICARBE,IPROVALICARBE,OXYCHLORURE DE CUIVRE,OXYCHLORURE DE CUIVRE,N/A,N/A,N/A,N/A,ATLAS,BAYER CROPSCIENCE
ACETAMIPRID,POTEGON 20 SP,PLANETE VERTE,ASTRANOVA,ACETAMIPRID,ACETAMIPRID,N/A,N/A,N/A,N/A,N/A,N/A,PLANETE VERTE,ASTRANOVA
ABAMECTINE,POTENZA 1.8,SANABEL AGRO,SINON CORPORATION,ABAMECTINE,ABAMECTINE,N/A,N/A,N/A,N/A,N/A,N/A,SANABEL AGRO,SINON CORPORATION
INDOXACARB,POTER,PROTAGRI,NANJING AGROCHEMICA L,INDOXACARB,INDOXACARB,N/A,N/A,N/A,N/A,N/A,N/A,PROTAGRI,NANJING AGROCHEMICA L
LAMBDA CYHALOTHRIN,POWER WDG,FERTITECH,SHARDA,LAMBDA CYHALOTHRIN,LAMBDA CYHALOTHRIN,N/A,N/A,N/A,N/A,N/A,N/A,FERTITECH,SHARDA
BORAX,PREV-AM,EL MOUSSEM,ORO AGRI,BORAX,BORAX,N/A,N/A,N/A,N/A,N/A,N/A,EL MOUSSEM,ORO AGRI
PROPAMOCARBE + FOSETHYL- AL,PREVICUR ENERGY,EL MOUSSEM AGRICOLE,BAYER CROPSCIENCE,PROPAMOCARBE,PROPAMOCARBE,FOSETHYL- AL,FOSETHYL- AL,N/A,N/A,N/A,N/A,EL MOUSSEM,BAYER CROPSCIENCE
PROPAMOCARBE +FOSETHYL-AL,PREVICUR ENERGY,EL MOUSSEM,BAYER CROPSCIENCE,PROPAMOCARBE,PROPAMOCARBE,FOSETHYL-AL,FOSETHYL-AL,N/A,N/A,N/A,N/A,EL MOUSSEM,BAYER CROPSCIENCE
CYANTRANILIPROLE,PREZA OD,AGRIPROTEC,DU PONT/FMC,CYANTRANILIPROLE,CYANTRANILIPROLE,N/A,N/A,N/A,N/A,N/A,N/A,AGRIPROTEC,DU PONT FMC
FLUXAPYROXAD + PYRACLOSTROBINE,PRIAXOR SE,COTUGRAIN IMPEX,BASF,FLUXAPYROXAD,FLUXAPYROXAD,PYRACLOSTROBINE,PYRACLOSTROBINE,N/A,N/A,N/A,N/A,COTUGRAIN IMPEX,BASF
FENAZAQUIN,PRIDE 200,INNOVA,GOWAN ESPAGNE,FENAZAQUIN,FENAZAQUIN,N/A,N/A,N/A,N/A,N/A,N/A,INNOVA,GOWAN ESPAGNE
AZOXYSTROBINE + DIFECONAZOLE,PRIORI GOLD 250 SC,SOLAGRI,SYNGENTA CROP PROTECTION,AZOXYSTROBINE,AZOXYSTROBINE,DIFECONAZOLE,DIFECONAZOLE,N/A,N/A,N/A,N/A,SOLAGRI,SYNGENTA
AZOXYSTROBINE + CHLOROTHALONIL,PRIORI OPTI,BIOPROTECTION,SYNGENTA,AZOXYSTROBINE,AZOXYSTROBINE,CHLOROTHALONIL,CHLOROTHALONIL,N/A,N/A,N/A,N/A,BIOPROTECTION,SYNGENTA
CHLOROTHALONIL + PROPICONAZOLE + CYPROCONAZOLE,PRIORI XTRA,SOLAGRI,SYNGENTA,CHLOROTHALONIL,CHLOROTHALONIL,PROPICONAZOLE,PROPICONAZOLE,CYPROCONAZOLE,CYPROCONAZOLE,N/A,N/A,SOLAGRI,SYNGENTA
PYROXSULAM,PRIORITY,ATLAS AGRICOLE,DOW AGROSCIENCES,PYROXSULAM,PYROXSULAM,N/A,N/A,N/A,N/A,N/A,N/A,ATLAS,DOW AGROSCIENCES
BOSCALID +PYRACLOSTROBIN,PRISTINE WG,AGRIPROTEC,BASF,BOSCALID,BOSCALID,PYRACLOSTROBIN,PYRACLOSTROBIN,N/A,N/A,N/A,N/A,AGRIPROTEC,BASF
EMAMECTIN BENZOATE,PROACT 50 EC,TASMID,ASTRACHEM,EMAMECTIN BENZOATE,EMAMECTIN BENZOATE,N/A,N/A,N/A,N/A,N/A,N/A,TASMID,ASTRACHEM
DICAMBA-SEL DIMETHYLAMINE (DMA),PROCAMBA,SSCC,GHARDA CHEMICAL,DICAMBA-SEL DIMETHYLAMINE (DMA),DICAMBA-SEL DIMETHYLAMINE (DMA),N/A,N/A,N/A,N/A,N/A,N/A,SSCC,GHARDA
ACIDE CHLORO 4 PHÉNOXYACÉTIQUE +NAPHOXY 2ACÉTAMIDE,PROCARPIL,SEPCM,CMPA,ACIDE CHLORO 4 PHÉNOXYACÉTIQUE,ACIDE CHLORO 4 PHÉNOXYACÉTIQUE,NAPHOXY 2ACÉTAMIDE,NAPHOXY 2ACÉTAMIDE,N/A,N/A,N/A,N/A,SEPCM,CMPA
EMAMECTIN BENZOATE,PROCLAIM 05 SG,BIOPROTECTION,SYNGENTA,EMAMECTIN BENZOATE,EMAMECTIN BENZOATE,N/A,N/A,N/A,N/A,N/A,N/A,BIOPROTECTION,SYNGENTA
PROPAQUIZAFOP,PRODIGE,FERTITECH,SHARDA CROPCHEM LIMITED,PROPAQUIZAFOP,PROPAQUIZAFOP,N/A,N/A,N/A,N/A,N/A,N/A,FERTITECH,SHARDA CROPCHEM
EMAMECTIN BENZOATE,PROFAST EC,PLANETE VERTE,ASTRACHEM/ASTRANOVA,EMAMECTIN BENZOATE,EMAMECTIN BENZOATE,N/A,N/A,N/A,N/A,N/A,N/A,PLANETE VERTE,ASTRACHEM ASTRANOVA
ACIDE GIBBERELLIQUE,PROGIBB 40 SG,BIOPROTECTION,VALENTBIOSCIENCE / SUMITOMO,ACIDE GIBBERELLIQUE,ACIDE GIBBERELLIQUE,N/A,N/A,N/A,N/A,N/A,N/A,BIOPROTECTION,VALENTBIOSCIENCE SUMITOMO
THIOPHANATE-MÉTHYL,PROLATOP,EL MOUSSEM AGRICOLE,NUFARM,THIOPHANATE-MÉTHYL,THIOPHANATE-MÉTHYL,N/A,N/A,N/A,N/A,N/A,N/A,EL MOUSSEM,NUFARM
FENPYRAZAMINE,PROLECTUS 50WG,SEPCM,SUMITOMO CHEMICAL AGRO EUROPE,FENPYRAZAMINE,FENPYRAZAMINE,N/A,N/A,N/A,N/A,N/A,N/A,SEPCM,SUMITOMO AGRO EUROPE
METROBROMURON,PROMAN,NEGANOR,BELCHIM CROP PROTECTION,METROBROMURON,METROBROMURON,N/A,N/A,N/A,N/A,N/A,N/A,NEGANOR,BELCHIM
PROPAMOCARBE,PROMESS,JADWA AGROTEC,ARYSTA LIFE SCIENCE BENELUX / BELGIQUE/ARYSTALIFESCIENCE,PROPAMOCARBE,PROPAMOCARBE,N/A,N/A,N/A,N/A,N/A,N/A,JADWA AGROTEC,ARYSTA LIFE BENELUX BELGIQUE ARYSTALIFESCIENCE
PROPAMOCARBE,PROMORE 722 SL,ETS MEZGHANI,ASTRACHEM,PROPAMOCARBE,PROPAMOCARBE,N/A,N/A,N/A,N/A,N/A,N/A,ETS MEZGHANI,ASTRACHEM
MYCLOBUTANIL,PROMY,AGRINOVA,SHARDA CROPCHEM LIMITED INDE,MYCLOBUTANIL,MYCLOBUTANIL,N/A,N/A,N/A,N/A,N/A,N/A,AGRINOVA,SHARDA CROPCHEM INDE
PROMOCARB,PROPAMIX SL,TASMID,AGRIA,PROMOCARB,PROMOCARB,N/A,N/A,N/A,N/A,N/A,N/A,TASMID,AGRIA
PROPYZAMIDE,PROPER FLO SC,AGROSYSTEMES,GLOBACHEM,PROPYZAMIDE,PROPYZAMIDE,N/A,N/A,N/A,N/A,N/A,N/A,AGROSYSTEMES,GLOBACHEM
PROPAMOCARBE,PROPLANT,PROTAGRI,ARYSTA LIFE SCIENCE BENELUX / BELGIQUE,PROPAMOCARBE,PROPAMOCARBE,N/A,N/A,N/A,N/A,N/A,N/A,PROTAGRI,ARYSTA LIFE BENELUX BELGIQUE
CHLORANTRANILIPROLE + EMAMECTIN BENZOATE,PROPROLE (SC),TASMID,"NANJING AGROCHEMICAL CO., LTD.",CHLORANTRANILIPROLE,CHLORANTRANILIPROLE,EMAMECTIN BENZOATE,EMAMECTIN BENZOATE,N/A,N/A,N/A,N/A,TASMID,NANJING
PROPYZAMIDE,PROPYZ,AGRIPROTEC,BARCLAY CHEMICALS LTD,PROPYZAMIDE,PROPYZAMIDE,N/A,N/A,N/A,N/A,N/A,N/A,AGRIPROTEC,BARCLAY
PROTHIOCONAZOLE + TEBUCONAZOLE,PROSARO 250 EC,PROMOCHIMIE,BAYER CROPSCIENCE,PROTHIOCONAZOLE,PROTHIOCONAZOLE,TEBUCONAZOLE,TEBUCONAZOLE,N/A,N/A,N/A,N/A,PROMOCHIMIE,BAYER CROPSCIENCE
SPIROXAMINE,PROSPER 300 CS,ATLAS AGRICOLE,BAYER CROPSCIENCE,SPIROXAMINE,SPIROXAMINE,N/A,N/A,N/A,N/A,N/A,N/A,ATLAS,BAYER CROPSCIENCE
SPIROXAMINE,PROSPER 500 EC,ATLAS AGRICOLE,BAYER CROPSCIENCE,SPIROXAMINE,SPIROXAMINE,N/A,N/A,N/A,N/A,N/A,N/A,ATLAS,BAYER CROPSCIENCE
ACIDE GIBBERELLIQUE,PROTAGIBB,PROTAGRI,UNITED PHOSPHORUS,ACIDE GIBBERELLIQUE,ACIDE GIBBERELLIQUE,N/A,N/A,N/A,N/A,N/A,N/A,PROTAGRI,UNITED PHOSPHORUS
PROTHIOCONAZOLE + TEBUCONAZOLE,PROTECT PLUS EC,EXCEL AGRI,SHARDA CROPCHEM,PROTHIOCONAZOLE,PROTHIOCONAZOLE,TEBUCONAZOLE,TEBUCONAZOLE,N/A,N/A,N/A,N/A,EXCEL AGRI,SHARDA CROPCHEM
DIFENOCONAZOLE,PROTECTOR,AMINCO,GLOBACHEM,DIFENOCONAZOLE,DIFENOCONAZOLE,N/A,N/A,N/A,N/A,N/A,N/A,AMINCO,GLOBACHEM
HYDROLYSAT DE PROTÉINES,PROTEINKEY,ETS.MEZGHANI,INDUSTRIAL QUIMICA KEY,HYDROLYSAT DE PROTÉINES,HYDROLYSAT DE PROTÉINES,N/A,N/A,N/A,N/A,N/A,N/A,ETS MEZGHANI,INDUSTRIAL QUIMICA KEY
PROTHIOCONAZOLE,PROTEZOLE EC,SANABEL AGRO,SHARDA CROPCHEM,PROTHIOCONAZOLE,PROTHIOCONAZOLE,N/A,N/A,N/A,N/A,N/A,N/A,SANABEL AGRO,SHARDA CROPCHEM
CAPTANE,PROTHANE,DELTA AGRICOLE PLUS,SHARDA,CAPTANE,CAPTANE,N/A,N/A,N/A,N/A,N/A,N/A,DELTA PLUS,SHARDA
PROMOCARB + CYMOXANIL,PROXANIL 450 SC,BIOPROTECTION,ARYSTALIFESCIENCE,PROMOCARB,PROMOCARB,CYMOXANIL,CYMOXANIL,N/A,N/A,N/A,N/A,BIOPROTECTION,ARYSTALIFESCIENCE
PYRIPROXYFENE,PROXIMO EC,EL KHADRA,INDUSTRIAS,PYRIPROXYFENE,PYRIPROXYFENE,N/A,N/A,N/A,N/A,N/A,N/A,EL KHADRA,INDUSTRIAS
EMAMECTIN BENZOATE + PYRIPROXYFEN,PROXYSAFE EC,PLANETE VERTE,SHANDONG WEIFANG RAINBOW CHEMICAL CO.LTD,EMAMECTIN BENZOATE,EMAMECTIN BENZOATE,PYRIPROXYFEN,PYRIPROXYFEN,N/A,N/A,N/A,N/A,PLANETE VERTE,SHANDONG WEIFANG RAINBOW
DIFENOCONAZOLE,PROZOLE 250 EC,ETS MEZGHANI,ASTRACHEM,DIFENOCONAZOLE,DIFENOCONAZOLE,N/A,N/A,N/A,N/A,N/A,N/A,ETS MEZGHANI,ASTRACHEM
NATURAL PYRETHRIN,PULSEI EC,COTUGRAIN,SPEISA SA ESPAGNE,NATURAL PYRETHRIN,NATURAL PYRETHRIN,N/A,N/A,N/A,N/A,N/A,N/A,COTUGRAIN,SPEISA SA ESPAGNE
FÉNOXAPROP-P-ETHYL + IODOSULFURON-MÉTHYL SODIUM + MÉFENPYR - DIÉTHYL,PUMA EVOLUTION,JADWA AGROTEC,BAYER CROPSCIENCE,FÉNOXAPROP-P-ETHYL,FÉNOXAPROP-P-ETHYL,IODOSULFURON-MÉTHYL SODIUM,IODOSULFURON-MÉTHYL SODIUM,MÉFENPYR - DIÉTHYL,MÉFENPYR - DIÉTHYL,N/A,N/A,JADWA AGROTEC,BAYER CROPSCIENCE
PYRIMÉTHANIL,PYRAMIDE,EXCEL AGRI,SHARDA CROPCHEM LIMITED INDE,PYRIMÉTHANIL,PYRIMÉTHANIL,N/A,N/A,N/A,N/A,N/A,N/A,EXCEL AGRI,SHARDA CROPCHEM INDE
CHLORPYRIPHOSETHYL,PYRIFOS,FERTITECH,SHARDA,CHLORPYRIPHOSETHYL,CHLORPYRIPHOSETHYL,N/A,N/A,N/A,N/A,N/A,N/A,FERTITECH,SHARDA
PYRIMÉTHANIL,PYRMA SC,SHARDA CROPCHEM LIMITED TUNISIE,SHARDA CROPCHEM LIMITED INDE,PYRIMÉTHANIL,PYRIMÉTHANIL,N/A,N/A,N/A,N/A,N/A,N/A,SHARDA CROPCHEM,SHARDA CROPCHEM INDE
PYRIMÉTHANIL,PYRUS 400 SC,STEC,UPL,PYRIMÉTHANIL,PYRIMÉTHANIL,N/A,N/A,N/A,N/A,N/A,N/A,STEC,UPL
FLUFENOXURON,QATAR,AGROSYSTEMES,GLOBACHEM,FLUFENOXURON,FLUFENOXURON,N/A,N/A,N/A,N/A,N/A,N/A,AGROSYSTEMES,GLOBACHEM
FENAZAQUIN 20%,QUEEN PRO SC,SHARDA CROPCHEM LIMITED TUNISIA,SHARDA CROPCHEM LIMITED INDE,FENAZAQUIN 20%,FENAZAQUIN 20%,N/A,N/A,N/A,N/A,N/A,N/A,SHARDA CROPCHEM,SHARDA CROPCHEM INDE
FENAZAQUIN 20%,QUEEN SC,SHARDA CROPCHEM LIMITED TUNISIA,SHARDA CROPCHEM LIMITED INDE,FENAZAQUIN 20%,FENAZAQUIN 20%,N/A,N/A,N/A,N/A,N/A,N/A,SHARDA CROPCHEM,SHARDA CROPCHEM INDE
PHOSPHURE D’AL. +PHOSPHURE D’HY.,QUICKPHOS,PROTAGRI,UNITED PHOSPHORUS LTD,PHOSPHURE D’AL.,PHOSPHURE D’AL.,PHOSPHURE D’HY.,PHOSPHURE D’HY.,N/A,N/A,N/A,N/A,PROTAGRI,UNITED PHOSPHORUS
KRÉSOXIM-MÉTHYL,QUIMERA WG,EL KHADRA,INDUSTRIAS AFRAZA/ALBAUGH EUROPE SARL,KRÉSOXIM-MÉTHYL,KRÉSOXIM-MÉTHYL,N/A,N/A,N/A,N/A,N/A,N/A,EL KHADRA,INDUSTRIAS AFRAZA ALBAUGH EUROPE
THIOPHANATE-MÉTHYL,RACHET WP,AGRIPROTEC,NUFARM,THIOPHANATE-MÉTHYL,THIOPHANATE-MÉTHYL,N/A,N/A,N/A,N/A,N/A,N/A,AGRIPROTEC,NUFARM
FLUTRIAFOL,RADIKAL SC,AGRIMED DISTRIBUTION,SHARDA,FLUTRIAFOL,FLUTRIAFOL,N/A,N/A,N/A,N/A,N/A,N/A,AGRIMED DISTRIBUTION,SHARDA
BENTAZONE,RAINZONE EC,NEGANOR FFT,SHANDONG WEIFANG RAINBOW CHEMICAL CO.LTD CHINE,BENTAZONE,BENTAZONE,N/A,N/A,N/A,N/A,N/A,N/A,NEGANOR FFT,SHANDONG WEIFANG RAINBOW CHINE
TRIFLURALINE,RALINE 480 EC,EL KHADRA,JIANGSU,TRIFLURALINE,TRIFLURALINE,N/A,N/A,N/A,N/A,N/A,N/A,EL KHADRA,JIANGSU
CUIVRE(OXYCHLORURE DE CUIVRE 605 G/KG),RAMCU 35 WG,STIMA,MANICA S.P.A,CUIVRE(OXYCHLORURE DE CUIVRE 605 G/KG),CUIVRE(OXYCHLORURE DE CUIVRE 605 G/KG),N/A,N/A,N/A,N/A,N/A,N/A,STIMA,MANICA S P A
CYAZOFAMID,RANMAN TOP SC,AGRIPROTEC,ISK BIOSCIENCES EUROPE N.V,CYAZOFAMID,CYAZOFAMID,N/A,N/A,N/A,N/A,N/A,N/A,AGRIPROTEC,ISK BIOSCIENCES EUROPE N V
METAZACHLOR +QUINMERAC,RAPSAN TDI SC,AGROSYSTEMES,GLOBACHEM,METAZACHLOR,METAZACHLOR,QUINMERAC,QUINMERAC,N/A,N/A,N/A,N/A,AGROSYSTEMES,GLOBACHEM
BRODIFACOUM,RATICIDE DETIA,STIMA,DETIA,BRODIFACOUM,BRODIFACOUM,N/A,N/A,N/A,N/A,N/A,N/A,STIMA,DETIA
LAMBDA-CYHALOTHRINE,RAVANE,AGROSYSTEMES,GLOBACHEM,LAMBDA-CYHALOTHRINE,LAMBDA-CYHALOTHRINE,N/A,N/A,N/A,N/A,N/A,N/A,AGROSYSTEMES,GLOBACHEM
DIFENOCONAZOLE,RAYOK,HALAB TUNISIE,JSC AUGUST INC,DIFENOCONAZOLE,DIFENOCONAZOLE,N/A,N/A,N/A,N/A,N/A,N/A,HALAB,JSC AUGUST
PROCHLORAZE + TRITICONAZOLE,REAL SUPER,AGRIPROTEC,BASF,PROCHLORAZE,PROCHLORAZE,TRITICONAZOLE,TRITICONAZOLE,N/A,N/A,N/A,N/A,AGRIPROTEC,BASF
CYMOXANIL+ ZOXAMID,REBOOT WG,AGRIMATCO,GOWAN CROP PROTECTION LIMITED,CYMOXANIL,CYMOXANIL,ZOXAMID,ZOXAMID,N/A,N/A,N/A,N/A,AGRIMATCO,GOWAN
PROHEXADIONE-CALCIUM,REGALIS,AGRIPROTEC,BASF,PROHEXADIONE-CALCIUM,PROHEXADIONE-CALCIUM,N/A,N/A,N/A,N/A,N/A,N/A,AGRIPROTEC,BASF
CHLORPYRIPHOS-MÉTHYL,RELDAN 40 EC,INNOVA,DOW AGROSCIENCES,CHLORPYRIPHOS-MÉTHYL,CHLORPYRIPHOS-MÉTHYL,N/A,N/A,N/A,N/A,N/A,N/A,INNOVA,DOW AGROSCIENCES
DIFLUFENICAN +FLUFENACET,RELIANCE SC,BIOPROTECTION,UPL,DIFLUFENICAN,DIFLUFENICAN,FLUFENACET,FLUFENACET,N/A,N/A,N/A,N/A,BIOPROTECTION,UPL
ALPHACYPERMETHRINE,REMAX EC,FERTITECH,SHARDA CROPCHEM,ALPHACYPERMETHRINE,ALPHACYPERMETHRINE,N/A,N/A,N/A,N/A,N/A,N/A,FERTITECH,SHARDA CROPCHEM
TRICHODERMA ASPERELLUM ICC012: +TRICHODERMA GAMSII ICC080:,REMEDIER WP,STIMA,ISAGRO SPA/GOWAN,TRICHODERMA ASPERELLUM ICC012:,TRICHODERMA ASPERELLUM ICC012:,TRICHODERMA GAMSII ICC080:,TRICHODERMA GAMSII ICC080:,N/A,N/A,N/A,N/A,STIMA,ISAGRO GOWAN
THIAMÉTOXAM,RENOVA,PROTAGRI,UNITED PHOSPHORUS LTD,THIAMÉTOXAM,THIAMÉTOXAM,N/A,N/A,N/A,N/A,N/A,N/A,PROTAGRI,UNITED PHOSPHORUS
PYRACLOSTROBINE+EPOXICONAZOLE,RETENGO PLUS EC,RAYEN PHYTAGRI,BASF,PYRACLOSTROBINE,PYRACLOSTROBINE,EPOXICONAZOLE,EPOXICONAZOLE,N/A,N/A,N/A,N/A,RAYEN PHYTAGRI,BASF
MANDIPROPAMIDE,REVUS 250 SC,EL MOUSSEM AGRICOLE,SYNGENTA,MANDIPROPAMIDE,MANDIPROPAMIDE,N/A,N/A,N/A,N/A,N/A,N/A,EL MOUSSEM,SYNGENTA
MANIPROPAMIDE + OXYCHLORURE DE CUIVRE,REVUS C,BIOPROTECTION,SYNGENTA,MANIPROPAMIDE,MANIPROPAMIDE,OXYCHLORURE DE CUIVRE,OXYCHLORURE DE CUIVRE,N/A,N/A,N/A,N/A,BIOPROTECTION,SYNGENTA
MEFENTRIFLUCONAZOLE + PYRACLOSTROBIN,REVYCARE EC,AGRIPROTEC,BASF,MEFENTRIFLUCONAZOLE,MEFENTRIFLUCONAZOLE,PYRACLOSTROBIN,PYRACLOSTROBIN,N/A,N/A,N/A,N/A,AGRIPROTEC,BASF
MEFENTRIFLUCONAZOLE,REVYSTAR EC,AGRIMATCO,BASF,MEFENTRIFLUCONAZOLE,MEFENTRIFLUCONAZOLE,N/A,N/A,N/A,N/A,N/A,N/A,AGRIMATCO,BASF
MEFENTRIFLUCONAZOLE+FLUXAPYROXADE,REVYTREX EC,BIOPROTECTION,BASF,MEFENTRIFLUCONAZOLE,MEFENTRIFLUCONAZOLE,FLUXAPYROXADE,FLUXAPYROXADE,N/A,N/A,N/A,N/A,BIOPROTECTION,BASF
EPOXICONAZOLE + THIOPHANATE-METHYL,REX DUO,STIMA,BASF,EPOXICONAZOLE,EPOXICONAZOLE,THIOPHANATE-METHYL,THIOPHANATE-METHYL,N/A,N/A,N/A,N/A,STIMA,BASF
REYNOUTRIA SACHALINENSIS,REYSANA,BIOPROTECTION,ELEPHANT VERT EUROPE SA,REYNOUTRIA SACHALINENSIS,REYNOUTRIA SACHALINENSIS,N/A,N/A,N/A,N/A,N/A,N/A,BIOPROTECTION,ELEPHANT VERT EUROPE SA
PYRADABEN,RHAMSES 20 WP,PLANETE VERTE,ASTRANOVA,PYRADABEN,PYRADABEN,N/A,N/A,N/A,N/A,N/A,N/A,PLANETE VERTE,ASTRANOVA
MANÈBE,RIDANÈBE,SEPCM,CEREXAGRI/UPL,MANÈBE,MANÈBE,N/A,N/A,N/A,N/A,N/A,N/A,SEPCM,CEREXAGRI UPL
PROMOCARB + CYMOXANIL,RIVAL DUO 450 SC,AGRONOMIC LAND,AGRIA,PROMOCARB,PROMOCARB,CYMOXANIL,CYMOXANIL,N/A,N/A,N/A,N/A,AGRONOMIC LAND,AGRIA
HEXYTHIAZOX +ABAMECTINE,ROCINANTE,AGRIPROTEC,PROPLAN/QUME TICA AGRICULTURAL SOLUTIONS SPAIN SLU,HEXYTHIAZOX,HEXYTHIAZOX,ABAMECTINE,ABAMECTINE,N/A,N/A,N/A,N/A,AGRIPROTEC,PROPLAN QUME TICA AGRICULTURAL SOLUTIONS SPAIN SLU
ABAMECTINE,ROMECTIN EC,AGRONOMIC LAND,"ROTAM CHEMISTRY CO.,LTD",ABAMECTINE,ABAMECTINE,N/A,N/A,N/A,N/A,N/A,N/A,AGRONOMIC LAND,ROTAM CHEMISTRY
IPRODIONE,ROVRALAQUAFLO,COTUGRAIN IMPEX,FMC,IPRODIONE,IPRODIONE,N/A,N/A,N/A,N/A,N/A,N/A,COTUGRAIN IMPEX,FMC
EPOXICONAZOLE,RUBRIC,AGROSYSTEMES,CHEMINOVA,EPOXICONAZOLE,EPOXICONAZOLE,N/A,N/A,N/A,N/A,N/A,N/A,AGROSYSTEMES,CHEMINOVA
ACRINATHRINE,"RUFAST 7,5 EW",EL MOUSSEM AGRICOLE,CHEMINOVA,ACRINATHRINE,ACRINATHRINE,N/A,N/A,N/A,N/A,N/A,N/A,EL MOUSSEM,CHEMINOVA
METHOXYFENOZIDE,RUNNER,PROMOCHIMIE,DOW AGROSCIENCES,METHOXYFENOZIDE,METHOXYFENOZIDE,N/A,N/A,N/A,N/A,N/A,N/A,PROMOCHIMIE,DOW AGROSCIENCES
METHOXYFENOZIDE,RUNNER,INNOVA,DOW AGROSCIENCES,METHOXYFENOZIDE,METHOXYFENOZIDE,N/A,N/A,N/A,N/A,N/A,N/A,INNOVA,DOW AGROSCIENCES
PYRIFLUQUINAZON,RYCAR SC,EL KHADRA,SIPCAM INAGRAS,PYRIFLUQUINAZON,PYRIFLUQUINAZON,N/A,N/A,N/A,N/A,N/A,N/A,EL KHADRA,SIPCAM INAGRAS
DINOCAP MEPTYL + MYCLOBUTANIL,SABITHANE GOLD,PROMOCHIMIE,DOW AGROSCIENCES,DINOCAP MEPTYL,DINOCAP MEPTYL,MYCLOBUTANIL,MYCLOBUTANIL,N/A,N/A,N/A,N/A,PROMOCHIMIE,DOW AGROSCIENCES
IPRODIONE,SABUESO,AGRIPROTEC,PROPLAN,IPRODIONE,IPRODIONE,N/A,N/A,N/A,N/A,N/A,N/A,AGRIPROTEC,PROPLAN
TRIFLUSULFURON METHYL,SAFARI 50 WG,SEPCM,FMC,TRIFLUSULFURON METHYL,TRIFLUSULFURON METHYL,N/A,N/A,N/A,N/A,N/A,N/A,SEPCM,FMC
FLUAZAINDOLZINE,SALIBRO 500 SC,AGRIPROTEC,CORTEVA,FLUAZAINDOLZINE,FLUAZAINDOLZINE,N/A,N/A,N/A,N/A,N/A,N/A,AGRIPROTEC,CORTEVA
FLUAZAINDOLZINE,SALIBRO 500 SC,BARAKA AGRICOLE,CORTEVA,FLUAZAINDOLZINE,FLUAZAINDOLZINE,N/A,N/A,N/A,N/A,N/A,N/A,BARAKA,CORTEVA
"2,4-D SEL D’AMINE",SANAPHEN D 720 SL,ATLAS AGRICOLE,DOW,"2,4-D SEL D’AMINE","2,4-D SEL D’AMINE",N/A,N/A,N/A,N/A,N/A,N/A,ATLAS,DOW
DIFLUFENICAN +FLUFENACET,SC,BIOPROTECTION,UPL,DIFLUFENICAN,DIFLUFENICAN,FLUFENACET,FLUFENACET,N/A,N/A,N/A,N/A,BIOPROTECTION,UPL
EPOXICONAZOLE,SCOOBY DOO,AMINCO,GLOBACHEM,EPOXICONAZOLE,EPOXICONAZOLE,N/A,N/A,N/A,N/A,N/A,N/A,AMINCO,GLOBACHEM
DIFENOCONAZOLE,SCORE 250 EC,BIOPROTECTION,SYNGENTA,DIFENOCONAZOLE,DIFENOCONAZOLE,N/A,N/A,N/A,N/A,N/A,N/A,BIOPROTECTION,SYNGENTA
THIOPHANATE-MÉTHYL,SEGNOR 70 WP,SANABEL AGRO,UPL,THIOPHANATE-MÉTHYL,THIOPHANATE-MÉTHYL,N/A,N/A,N/A,N/A,N/A,N/A,SANABEL AGRO,UPL
CINNAMALDHEYDE,SEICAN EC,ATLAS AGRICOLE,SEIPASA S.A,CINNAMALDHEYDE,CINNAMALDHEYDE,N/A,N/A,N/A,N/A,N/A,N/A,ATLAS,SEIPASA S A
AMIDOSULFURON + IODOSULFURON + MEFEMPYR DIETHYL,SEKATOR OD,AGRONOMIC LAND,BAYER CROPSCIENCES,AMIDOSULFURON,AMIDOSULFURON,IODOSULFURON,IODOSULFURON,MEFEMPYR DIETHYL,MEFEMPYR DIETHYL,N/A,N/A,AGRONOMIC LAND,BAYER CROPSCIENCES
CLÉTHODIME,SELECT SUPER,BIOPROTECTION,UPL/ARYSTA LIFESCIENCE,CLÉTHODIME,CLÉTHODIME,N/A,N/A,N/A,N/A,N/A,N/A,BIOPROTECTION,UPL/ARYSTA LIFESCIENCE
CYPERMÉTHRINE,SELENE,ETS. MEZGHANI,INDUSTRIAL QUIMICA KEY,CYPERMÉTHRINE,CYPERMÉTHRINE,N/A,N/A,N/A,N/A,N/A,N/A,ETS MEZGHANI,INDUSTRIAL QUIMICA KEY
METRIBUZINE,SENCOR 600SC,PROMOCHIMIE,BAYER CROPSCIENCE,METRIBUZINE,METRIBUZINE,N/A,N/A,N/A,N/A,N/A,N/A,PROMOCHIMIE,BAYER CROPSCIENCE
FLUXAPYROXAD + DIFENOCONAZOLE,SERCADIS PLUS SC,AGRIPROTEC,BASF,FLUXAPYROXAD,FLUXAPYROXAD,DIFENOCONAZOLE,DIFENOCONAZOLE,N/A,N/A,N/A,N/A,AGRIPROTEC,BASF
"2,4-D SEL D’AMINE",SHARMINA 720 SL,AGRINOVA,SHARDA,"2,4-D SEL D’AMINE","2,4-D SEL D’AMINE",N/A,N/A,N/A,N/A,N/A,N/A,AGRINOVA,SHARDA
CYPERMÉTHRINE,SHERPA,JADWA AGROTEC,CMPA,CYPERMÉTHRINE,CYPERMÉTHRINE,N/A,N/A,N/A,N/A,N/A,N/A,JADWA AGROTEC,CMPA
"(E,Z,Z)-3,8 ,11-TETRADECADIEN -1-YL ACETATE( 53.8 MG/DIFFUSEUR) (E,Z)-3,8 –TETRADECAD IEN -1-YL ACETATE(6.2 MG/DIFFUSEUR)",SHIN –ETSU MD T,COTUGRAIN,SHIN ETSU CHEMICAL/ CBC (EUROPE),"(E,Z,Z)-3,8 ,11-TETRADECADIEN -1-YL ACETATE( 53.8 MG/DIFFUSEUR) (E,Z)-3,8 –TETRADECAD IEN -1-YL ACETATE(6.2 MG/DIFFUSEUR)","(E,Z,Z)-3,8 ,11-TETRADECADIEN -1-YL ACETATE( 53.8 MG/DIFFUSEUR) (E,Z)-3,8 –TETRADECAD IEN -1-YL ACETATE(6.2 MG/DIFFUSEUR)",N/A,N/A,N/A,N/A,N/A,N/A,COTUGRAIN,SHIN ETSU CBC EUROPE
LAMBDA-CYHALOTHRINE,SIAL ME,NEGANOR FFT,AUGUST INC/CORPORATE,LAMBDA-CYHALOTHRINE,LAMBDA-CYHALOTHRINE,N/A,N/A,N/A,N/A,N/A,N/A,NEGANOR FFT,AUGUST CORPORATE
SIMAZINE,SIMAKEY,ETS MEZGHANI,INDUSTRIAL QUIMICA KEY/,SIMAZINE,SIMAZINE,N/A,N/A,N/A,N/A,N/A,N/A,ETS MEZGHANI,INDUSTRIAL QUIMICA KEY
CYPERMETHRINE,SINOCYPER,EL KHADRA,CROPSAVE PESTICIDES INDIAN PVT.LTD,CYPERMETHRINE,CYPERMETHRINE,N/A,N/A,N/A,N/A,N/A,N/A,EL KHADRA,CROPSAVE PESTICIDES INDIAN PVT
IPRODIONE,SINPRO SC,SANABEL AGRO,SINON,IPRODIONE,IPRODIONE,N/A,N/A,N/A,N/A,N/A,N/A,SANABEL AGRO,SINON
AZOXYSTROBINE,SINSTAR SC,SANABEL AGRO,SINON CORPORATION,AZOXYSTROBINE,AZOXYSTROBINE,N/A,N/A,N/A,N/A,N/A,N/A,SANABEL AGRO,SINON CORPORATION
CUIVRE,SISCOP 60 SC,SEPCM,AAKO BV,CUIVRE,CUIVRE,N/A,N/A,N/A,N/A,N/A,N/A,SEPCM,AAKO BV
DIFENOCONAZOLE,SITARA FS,SANABEL AGRO,SHARDA CROPCHEM,DIFENOCONAZOLE,DIFENOCONAZOLE,N/A,N/A,N/A,N/A,N/A,N/A,SANABEL AGRO,SHARDA CROPCHEM
FLUPYRADIFURONE,SIVANTO PRIME 200 SL,ATLAS AGRICOLE,BAYER A.G,FLUPYRADIFURONE,FLUPYRADIFURONE,N/A,N/A,N/A,N/A,N/A,N/A,ATLAS,BAYER A G
TRIBENURON-METHYL,SKYLLA WDG,AGRONOMIC LAND,ROTAM AGROCHEMICAL CO.LTD,TRIBENURON-METHYL,TRIBENURON-METHYL,N/A,N/A,N/A,N/A,N/A,N/A,AGRONOMIC LAND,ROTAM
PROTHIOCONAZOLE + TEBUCONAZOLE + BIXAFEN,SKYWAY XPRO EC,PROMOCHIMIE,BAYER AG,PROTHIOCONAZOLE,PROTHIOCONAZOLE,TEBUCONAZOLE,TEBUCONAZOLE,BIXAFEN,BIXAFEN,N/A,N/A,PROMOCHIMIE,BAYER AG
EMAMECTIN BENZOATE + SPINOSAD,SMECTO SC,NEGANOR FFT,SHANDONG WEIFANG RAINBOW CHEMICAL CO.LTD,EMAMECTIN BENZOATE,EMAMECTIN BENZOATE,SPINOSAD,SPINOSAD,N/A,N/A,N/A,N/A,NEGANOR FFT,SHANDONG WEIFANG RAINBOW
AMETOCTRADINE,SNOOKER SC,STIMA,BASF,AMETOCTRADINE,AMETOCTRADINE,N/A,N/A,N/A,N/A,N/A,N/A,STIMA,BASF
PROTHIOCONAZOLE + TEBUCONAZOLE + SPIROXAMINE,SOLIGOR 425,ATLAS AGRICOLE,BAYER CROPSCIENCE,PROTHIOCONAZOLE,PROTHIOCONAZOLE,TEBUCONAZOLE,TEBUCONAZOLE,SPIROXAMINE,SPIROXAMINE,N/A,N/A,ATLAS,BAYER CROPSCIENCE
ABAMECTIN +THIAMETHOXAM,SOLVIGO 185 SC,COTUGRAIN IMPEX,SYNGENTA,ABAMECTIN,ABAMECTIN,THIAMETHOXAM,THIAMETHOXAM,N/A,N/A,N/A,N/A,COTUGRAIN IMPEX,SYNGENTA
TEBUCONAZOLE,SONG EC,ATLAS AGRICOLE,SIPCAM INAGRA,TEBUCONAZOLE,TEBUCONAZOLE,N/A,N/A,N/A,N/A,N/A,N/A,ATLAS,SIPCAM INAGRA
EPOXICONAZOLE,SOPRANO,SEPCM,AAKO,EPOXICONAZOLE,EPOXICONAZOLE,N/A,N/A,N/A,N/A,N/A,N/A,SEPCM,AAKO
AZOXYSTROBINE,SORBISTAR,SOCOOPEC,ZHEJIANG E-TONG CHEMICAL,AZOXYSTROBINE,AZOXYSTROBINE,N/A,N/A,N/A,N/A,N/A,N/A,SOCOOPEC,ZHEJIANG E TONG
DIFENACOUM,SOREXA PELLETS,AGRIPROTEC,BASF,DIFENACOUM,DIFENACOUM,N/A,N/A,N/A,N/A,N/A,N/A,AGRIPROTEC,BASF
SOUFRE,SOUFRUSTULLN,AMINCO,AGROSTULLNGMBH,SOUFRE,SOUFRE,N/A,N/A,N/A,N/A,N/A,N/A,AMINCO,AGROSTULLNGMBH
SPINOSADE,SPANVIC,UNIAGRO,SHANDONG,SPINOSADE,SPINOSADE,N/A,N/A,N/A,N/A,N/A,N/A,UNIAGRO,SHANDONG
EMAMECTIN BENZOATE + SPINOSAD,SPANVIC PLUS SC,UNIAGRO,SHANDONG,EMAMECTIN BENZOATE,EMAMECTIN BENZOATE,SPINOSAD,SPINOSAD,N/A,N/A,N/A,N/A,UNIAGRO,SHANDONG
DIFENOCONAZOLE,SPECTRO 30 FS,BIOPROTECTION,SYNGENTA,DIFENOCONAZOLE,DIFENOCONAZOLE,N/A,N/A,N/A,N/A,N/A,N/A,BIOPROTECTION,SYNGENTA
DIFENOCONAZOLE +MÉTALAXYL-M,SPECTROEXTREME 115 FS,BIOPROTECTION,SYNGENTA,DIFENOCONAZOLE,DIFENOCONAZOLE,MÉTALAXYL-M,MÉTALAXYL-M,N/A,N/A,N/A,N/A,BIOPROTECTION,SYNGENTA
TÉBUCONAZOLE,SPEEDY SC,EL KHADRA,NINGBO SUNJOY AGROSCIENCE INDUSTRY/CROPIDEA,TÉBUCONAZOLE,TÉBUCONAZOLE,N/A,N/A,N/A,N/A,N/A,N/A,EL KHADRA,NINGBO SUNJOY AGROSCIENCE INDUSTRY CROPIDEA
SPIRODICLOFEN,SPIDER EXTRA SC,SANABEL AGRO,SHARDA CROPCHEM,SPIRODICLOFEN,SPIRODICLOFEN,N/A,N/A,N/A,N/A,N/A,N/A,SANABEL AGRO,SHARDA CROPCHEM
EPOXICONAZOLE,SPIKE,AGROSYSTEMES,GLOBACHEM,EPOXICONAZOLE,EPOXICONAZOLE,N/A,N/A,N/A,N/A,N/A,N/A,AGROSYSTEMES,GLOBACHEM
SPINOSADE,SPINO 480 SC,EL KHADRA,"BAICO BIOTECH CO,LTD/",SPINOSADE,SPINOSADE,N/A,N/A,N/A,N/A,N/A,N/A,EL KHADRA,BAICO BIOTECH
SPINOSADE,SPINTOR,ATLAS AGRICOLE,DOW AGROSCIENCE/CORTEVA AGRISCIENCE,SPINOSADE,SPINOSADE,N/A,N/A,N/A,N/A,N/A,N/A,ATLAS,DOW AGROSCIENCE CORTEVA AGRISCIENCE
SPIRODICLOFEN,SPIRIDOR 240 SC,SHARDA CROPCHEM TUNISIE,SHARDA CROPCHEM,SPIRODICLOFEN,SPIRODICLOFEN,N/A,N/A,N/A,N/A,N/A,N/A,SHARDA CROPCHEM,SHARDA CROPCHEM
SPIRODICLOFEN,SPIROFEN,STE ELKHADRA,EASTCHEM CO.LTD,SPIRODICLOFEN,SPIRODICLOFEN,N/A,N/A,N/A,N/A,N/A,N/A,STE ELKHADRA,EASTCHEM
SPIROXAMINE +DIFECONAZOLE,SPIROX D EC,BIOPROTECTION,ARYSTALIFESCIENCE/UPL,SPIROXAMINE,SPIROXAMINE,DIFECONAZOLE,DIFECONAZOLE,N/A,N/A,N/A,N/A,BIOPROTECTION,ARYSTALIFESCIENCE UPL
CHLORMEQUAT-CHLORURE,STABILAN750,AGRIPROTEC,NUFARM,CHLORMEQUAT-CHLORURE,CHLORMEQUAT-CHLORURE,N/A,N/A,N/A,N/A,N/A,N/A,AGRIPROTEC,NUFARM
PENDIMETHALINE +CLOMAZON,STALLION,AGRIPROTEC,FMC,PENDIMETHALINE,PENDIMETHALINE,CLOMAZON,CLOMAZON,N/A,N/A,N/A,N/A,AGRIPROTEC,FMC
INDOXACARBE,STARCARB,SSCC,GARDA CHEMICAL,INDOXACARBE,INDOXACARBE,N/A,N/A,N/A,N/A,N/A,N/A,SSCC,GARDA
THIOPHANATE-MÉTHYL,STARNET 70 WG,PROMOCHIMIE,BAYER CROPSCIENCE,THIOPHANATE-MÉTHYL,THIOPHANATE-MÉTHYL,N/A,N/A,N/A,N/A,N/A,N/A,PROMOCHIMIE,BAYER CROPSCIENCE
FOSTETYL –ALUMINIUM,STIN 80 WP,PLANETE VERTE,ASTRANOVA,FOSTETYL –ALUMINIUM,FOSTETYL –ALUMINIUM,N/A,N/A,N/A,N/A,N/A,N/A,PLANETE VERTE,ASTRANOVA
CYPROCONAZOLE + PICOXYSTROBINE,STINGER SC,ATLAS AGRICOLE,DU PONT INTERNATIONAL,CYPROCONAZOLE,CYPROCONAZOLE,PICOXYSTROBINE,PICOXYSTROBINE,N/A,N/A,N/A,N/A,ATLAS,DU PONT INTERNATIONAL
"2,4-D SEL D’AMINE",STOPWEEDS,SANABEL AGRO,SHARDA,"2,4-D SEL D’AMINE","2,4-D SEL D’AMINE",N/A,N/A,N/A,N/A,N/A,N/A,SANABEL AGRO,SHARDA
CYCLOXIDIME,STRATOS ULTRA EC,AGRIPROTEC,BASF,CYCLOXIDIME,CYCLOXIDIME,N/A,N/A,N/A,N/A,N/A,N/A,AGRIPROTEC,BASF
KRÉSOXIM-MÉTHYL,STROBY DF,STIMA,BASF,KRÉSOXIM-MÉTHYL,KRÉSOXIM-MÉTHYL,N/A,N/A,N/A,N/A,N/A,N/A,STIMA,BASF
SPINOSAD,SUCCESS SC,PROTAGRI,NANJING AGROHEMICAL CHINE,SPINOSAD,SPINOSAD,N/A,N/A,N/A,N/A,N/A,N/A,PROTAGRI,NANJING AGROHEMICAL CHINE
KREOXIM-METHYL,SUGOBY WG,RAYEN PHYTAGRI,"LAINCO ,S,A/ESPAGNE",KREOXIM-METHYL,KREOXIM-METHYL,N/A,N/A,N/A,N/A,N/A,N/A,RAYEN PHYTAGRI,LAINCO S A ESPAGNE
SOUFRE,SULFINOVA 80WDG,AGRINOVA,AGROW ALLIED,SOUFRE,SOUFRE,N/A,N/A,N/A,N/A,N/A,N/A,AGRINOVA,AGROW ALLIED
SOUFRE,SULFOMAX,EL KHARDA,AFEPASA,SOUFRE,SOUFRE,N/A,N/A,N/A,N/A,N/A,N/A,EL KHARDA,AFEPASA
SOUFRE,SULFOSTAR DF,AGRIPROTEC,BASF,SOUFRE,SOUFRE,N/A,N/A,N/A,N/A,N/A,N/A,AGRIPROTEC,BASF
SOUFRE,SULPEX,AGRIMATCO,AGROSTULLN GMBH,SOUFRE,SOUFRE,N/A,N/A,N/A,N/A,N/A,N/A,AGRIMATCO,AGROSTULLN
PYRIDALYL,SUMIPLEO50EC,AGRIMATCO,SUMITOMO,PYRIDALYL,PYRIDALYL,N/A,N/A,N/A,N/A,N/A,N/A,AGRIMATCO,SUMITOMO
HUILE MINÉRALE,SUNOIL,AGRIMATCO,PETRONAS LUBRICANTS BELGIUM NV,HUILE MINÉRALE,HUILE MINÉRALE,N/A,N/A,N/A,N/A,N/A,N/A,AGRIMATCO,PETRONAS LUBRICANTS BELGIUM NV
CHLORPYRIPHOSETHYL,SUPER CHLORPY,EL MOUSSEM,GHARDA,CHLORPYRIPHOSETHYL,CHLORPYRIPHOSETHYL,N/A,N/A,N/A,N/A,N/A,N/A,EL MOUSSEM,GHARDA
MÉTALDÉHYDE,SUPER META,STEC,"CEQUISA/PHOSPHONIA, SL)",MÉTALDÉHYDE,MÉTALDÉHYDE,N/A,N/A,N/A,N/A,N/A,N/A,STEC,CEQUISA PHOSPHONIA SL
CHLOROTHALONIL +TEBUCONAZOLE,SUPER PLAZMA SC,AGRIPROTEC,NUFARM,CHLOROTHALONIL,CHLOROTHALONIL,TEBUCONAZOLE,TEBUCONAZOLE,N/A,N/A,N/A,N/A,AGRIPROTEC,NUFARM
TÉBUCONAZOLE,SUPREME 25 EW,COTUGRAIN IMPEX,UPL LIMITED,TÉBUCONAZOLE,TÉBUCONAZOLE,N/A,N/A,N/A,N/A,N/A,N/A,COTUGRAIN IMPEX,UPL
HUILE PARAFINIQUE,SUSPRAY,SEPCM,COMPTOIR COMMERCIAL DES LUBRIFIANTS,HUILE PARAFINIQUE,HUILE PARAFINIQUE,N/A,N/A,N/A,N/A,N/A,N/A,SEPCM,COMPTOIR COMMERCIAL DES LUBRIFIANTS
EPOXICONAZOLE + DIMOXYSTROBINE,SWING GOLD,STIMA,BASF,EPOXICONAZOLE,EPOXICONAZOLE,DIMOXYSTROBINE,DIMOXYSTROBINE,N/A,N/A,N/A,N/A,STIMA,BASF
PINOXADEN + CLODINAFOP-PROPARGYL + FLORASULAM + CLOQUINTOCET-MEXYL,SWIPE,BIOPROTECTON,SYNGENTA,PINOXADEN,PINOXADEN,CLODINAFOP-PROPARGYL,CLODINAFOP-PROPARGYL,FLORASULAM,FLORASULAM,CLOQUINTOCET-MEXYL,CLOQUINTOCET-MEXYL,BIOPROTECTON,SYNGENTA
FLUDIOXONIL +CYPRODINIL,"SWITCH 62,5 WG",BIOPROTECTION,SYNGENTA,FLUDIOXONIL,FLUDIOXONIL,CYPRODINIL,CYPRODINIL,N/A,N/A,N/A,N/A,BIOPROTECTION,SYNGENTA
DODINE,SYLLIT 400 SC,PROTAGRI,ARYSTA LIFE SCIENCE BENELUX / BELGIQUE/UPL,DODINE,DODINE,N/A,N/A,N/A,N/A,N/A,N/A,PROTAGRI,ARYSTA LIFE BENELUX BELGIQUE UPL
QUIZALOFOP –P-ETHYL,SYMBA EC,AGRIPLUS,"JIANGSU FENGSHAN GROUP CO,LTD",QUIZALOFOP –P-ETHYL,QUIZALOFOP –P-ETHYL,N/A,N/A,N/A,N/A,N/A,N/A,AGRIPLUS,JIANGSU FENGSHAN GROUP
CYPERMETHRINE,SYNCHRO,EL KHADRA,SHARDA WORLDWIDE,CYPERMETHRINE,CYPERMETHRINE,N/A,N/A,N/A,N/A,N/A,N/A,EL KHADRA,SHARDA WORLDWIDE
MYCLOBUTANIL,SYSTHANE 240 EC,SEPCM,DOW,MYCLOBUTANIL,MYCLOBUTANIL,N/A,N/A,N/A,N/A,N/A,N/A,SEPCM,DOW
PROPICONAZOLE,SYTERNA EC,ETS MEZGHANI,FENGDENG USA,PROPICONAZOLE,PROPICONAZOLE,N/A,N/A,N/A,N/A,N/A,N/A,ETS MEZGHANI,FENGDENG USA
TRICHODERMA ATROVIRIDE 77B,T-77 WP,ALOHA AGRICULTURE,PLANT HEALTH PRODUCTS (PHY),TRICHODERMA ATROVIRIDE 77B,TRICHODERMA ATROVIRIDE 77B,N/A,N/A,N/A,N/A,N/A,N/A,ALOHA,PLANT HEALTH PRODUCTS PHY
HYMEXAZOLE,TACHIGAREN,AGRIPROTEC,"MITSUI CHEMICALS AGRO,INC",HYMEXAZOLE,HYMEXAZOLE,N/A,N/A,N/A,N/A,N/A,N/A,AGRIPROTEC,MITSUI AGRO
BACILLUS AMYLOLIQUEFACIENS SOUCHE FZB24:,TAEGRO,COTUGRAIN,NOVOZYMESBIOLOGICALS INC/SYNGENTA,BACILLUS AMYLOLIQUEFACIENS SOUCHE FZB24:,BACILLUS AMYLOLIQUEFACIENS SOUCHE FZB24:,N/A,N/A,N/A,N/A,N/A,N/A,COTUGRAIN,NOVOZYMESBIOLOGICALS SYNGENTA
FLUBENDIAMIDE,TAKITOP WG,STÉ EL KHADRA,"EASTCHEM CO,LTD CHINE",FLUBENDIAMIDE,FLUBENDIAMIDE,N/A,N/A,N/A,N/A,N/A,N/A,STE EL KHADRA,EASTCHEM CHINE
FLUBENDIAMIDE,TAKUMI 20 WG,EL MOUSSEM AGRICOLE,NIHON NOHYAKU / NICHINO EUROPE,FLUBENDIAMIDE,FLUBENDIAMIDE,N/A,N/A,N/A,N/A,N/A,N/A,EL MOUSSEM,NIHON NOHYAKU NICHINO EUROPE
PROQUINAZID,TALENDO,SEPCM,DU PONT,PROQUINAZID,PROQUINAZID,N/A,N/A,N/A,N/A,N/A,N/A,SEPCM,DU PONT
INDOXACARBE,TALENT 150 SC,ETS MEZGHANI,ASTRACHEM,INDOXACARBE,INDOXACARBE,N/A,N/A,N/A,N/A,N/A,N/A,ETS MEZGHANI,ASTRACHEM
METAM POTASSIUM,TAMIFUME,AGRO-SYSTEMES,TAMINCO,METAM POTASSIUM,METAM POTASSIUM,N/A,N/A,N/A,N/A,N/A,N/A,AGRO SYSTEMES,TAMINCO
ARYLEX ACTIVE(HALAUXIFEN-METHYL) + PYROXSULAM +CLOQUINTOCET ACIDE,TARZEK + UPTAKE SL,COTUGRAIN,DOW AGROSCIENCES,ARYLEX ACTIVE(HALAUXIFEN-METHYL),ARYLEX ACTIVE(HALAUXIFEN-METHYL),PYROXSULAM,PYROXSULAM,CLOQUINTOCET ACIDE,CLOQUINTOCET ACIDE,N/A,N/A,COTUGRAIN,DOW AGROSCIENCES
ARYLEX ACTIVE(HALAUXIFEN-METHYL) + PYROXSULAM +CLOQUINTOCET ACIDE,TARZEK + UPTAKE SL,ATLAS AGRICOLE,DOW AGROSCIENCES,ARYLEX ACTIVE(HALAUXIFEN-METHYL),ARYLEX ACTIVE(HALAUXIFEN-METHYL),PYROXSULAM,PYROXSULAM,CLOQUINTOCET ACIDE,CLOQUINTOCET ACIDE,N/A,N/A,ATLAS,DOW AGROSCIENCES
ARYLEX ACTIVE (HALAUXIFEN-METHYL) + PYROXSULAM + CLOQUINTOCET ACIDE,TARZEK WG,ATLAS AGRICOLE,DOW AGROSCIENCES,ARYLEX ACTIVE (HALAUXIFEN-METHYL),ARYLEX ACTIVE (HALAUXIFEN-METHYL),PYROXSULAM,PYROXSULAM,CLOQUINTOCET ACIDE,CLOQUINTOCET ACIDE,N/A,N/A,ATLAS AGRICOLE,DOW AGROSCIENCES
GLYPHOSATE,TAYARA,EL MOUSSEM AGRI,NUFARM AMERICAS,GLYPHOSATE,GLYPHOSATE,N/A,N/A,N/A,N/A,N/A,N/A,EL MOUSSEM AGRI,NUFARM AMERICAS
AZOXYSTROBINE + EPOXICONAZOLE,TAZER XPERT SC,EL MOUSSEM,NUFARM,AZOXYSTROBINE,AZOXYSTROBINE,EPOXICONAZOLE,EPOXICONAZOLE,N/A,N/A,N/A,N/A,EL MOUSSEM,NUFARM
CYPROCONAZOLE + PROPICINAZOLE,TAZOLE 410 EC,AGRONOMIC LAND,SHARDA,CYPROCONAZOLE,CYPROCONAZOLE,PROPICINAZOLE,PROPICINAZOLE,N/A,N/A,N/A,N/A,AGRONOMIC LAND,SHARDA
CYPROCONAZOLE + PROPICONAZOLE,TAZOLE 410 EC,EXCEL AGRI,SHARDA,CYPROCONAZOLE,CYPROCONAZOLE,PROPICONAZOLE,PROPICONAZOLE,N/A,N/A,N/A,N/A,EXCEL AGRI,SHARDA
TÉBUCONAZOLE,TEBUCUR,AGROSYSTEMES,GLOBACHEM,TÉBUCONAZOLE,TÉBUCONAZOLE,N/A,N/A,N/A,N/A,N/A,N/A,AGROSYSTEMES,GLOBACHEM
TÉBUCONAZOLE,TEBUNOVA SC,AGRINOVA,SHARDA,TÉBUCONAZOLE,TÉBUCONAZOLE,N/A,N/A,N/A,N/A,N/A,N/A,AGRINOVA,SHARDA
TEBUCONAZOLE,TEBUSHA 6 FS,AGRINOVA,SHARDA WORLD WIDE,TEBUCONAZOLE,TEBUCONAZOLE,N/A,N/A,N/A,N/A,N/A,N/A,AGRINOVA,SHARDA WORLD WIDE
TÉBUCONAZOLE,TEBUZOL 25 EW,AGRIPROTEC,UPL LIMITED,TÉBUCONAZOLE,TÉBUCONAZOLE,N/A,N/A,N/A,N/A,N/A,N/A,AGRIPROTEC,UPL
FENHEXAMIDE,TELDOR,PROMOCHIMIE,BAYER CROPSCIENCE,FENHEXAMIDE,FENHEXAMIDE,N/A,N/A,N/A,N/A,N/A,N/A,PROMOCHIMIE,BAYER CROPSCIENCE
THIABENDAZOLE,TENAZOLE,SHARDA CROPCHEM TUNISIE,SHARDA CROPCHEM,THIABENDAZOLE,THIABENDAZOLE,N/A,N/A,N/A,N/A,N/A,N/A,SHARDA CROPCHEM,SHARDA CROPCHEM
S-METOLACHLOR,TENDER 960 EC,SOLAGRI,SYNGENTA,S-METOLACHLOR,S-METOLACHLOR,N/A,N/A,N/A,N/A,N/A,N/A,SOLAGRI,SYNGENTA
FLONICAMID,TEPPEKI WG,AGRIPROTEC,ISK BIOSCIENCES EUROPE N.V(FABRICANT)/UPL(FOURNISSEUR),FLONICAMID,FLONICAMID,N/A,N/A,N/A,N/A,N/A,N/A,AGRIPROTEC,ISK BIOSCIENCES EUROPE N V FABRICANT UPL FOURNISSEUR
TERBUTHYLAZINE,TERBUZINE 75 WG,PROMOCHIMIE,SIPCAM INAGRA,TERBUTHYLAZINE,TERBUTHYLAZINE,N/A,N/A,N/A,N/A,N/A,N/A,PROMOCHIMIE,SIPCAM INAGRA
TERBUTHYLAZINE,TERBYNE 75 WG,EL KHADRA,SIPCAM INAGRA,TERBUTHYLAZINE,TERBUTHYLAZINE,N/A,N/A,N/A,N/A,N/A,N/A,EL KHADRA,SIPCAM INAGRA
ABAMECTINE,TERVIGO 020 SC,BIOPROTECTION,SYNGENTA CROP PROTECTION AG,ABAMECTINE,ABAMECTINE,N/A,N/A,N/A,N/A,N/A,N/A,BIOPROTECTION,SYNGENTA AG
TÉBUCONAZOLE,TESON,AMINCO,GLOBACHEM,TÉBUCONAZOLE,TÉBUCONAZOLE,N/A,N/A,N/A,N/A,N/A,N/A,AMINCO,GLOBACHEM
THIAMÉTOXAM,THIAMEX 25 WG,SLDA,UNITED PHOSPHORUS LTD,THIAMÉTOXAM,THIAMÉTOXAM,N/A,N/A,N/A,N/A,N/A,N/A,SLDA,UNITED PHOSPHORUS
THIOPHANATE-MÉTHYL,THIO 50 SC,COTUGRAIN,SHARDA CROPCHEM,THIOPHANATE-MÉTHYL,THIOPHANATE-MÉTHYL,N/A,N/A,N/A,N/A,N/A,N/A,COTUGRAIN,SHARDA CROPCHEM
SOUFRE,THIOMAX JET,COTUGRAIN,SYNGENTA,SOUFRE,SOUFRE,N/A,N/A,N/A,N/A,N/A,N/A,COTUGRAIN,SYNGENTA
THIOPHANATE-MÉTHYL,THIOMIL,PROTAGRI,MEGHMANI INDUSTRIES,THIOPHANATE-MÉTHYL,THIOPHANATE-MÉTHYL,N/A,N/A,N/A,N/A,N/A,N/A,PROTAGRI,MEGHMANI INDUSTRIES
ZIRAME,THIONICAUTODISPERS IBLE,AGROSYSTEMES,TAMINCO/EASTMAN,ZIRAME,ZIRAME,N/A,N/A,N/A,N/A,N/A,N/A,AGROSYSTEMES,TAMINCO EASTMAN
THIOPHANATE-MÉTHYL,THIOPHANATE,AGRIMED DISTRIBUTION,MEGHMANI INDUSTRIES,THIOPHANATE-MÉTHYL,THIOPHANATE-MÉTHYL,N/A,N/A,N/A,N/A,N/A,N/A,AGRIMED DISTRIBUTION,MEGHMANI INDUSTRIES
THIOPHANATE-MÉTHYL,THIOPHANATE M,AGRIMED DISTRIBUTION,MEGHMANI INDUSTRIES,THIOPHANATE-MÉTHYL,THIOPHANATE-MÉTHYL,N/A,N/A,N/A,N/A,N/A,N/A,AGRIMED DISTRIBUTION,MEGHMANI INDUSTRIES
THIOPHANATE-MÉTHYL,THIOPHYL 50 SC,SHARDA,SHARDA CROPCHEM,THIOPHANATE-MÉTHYL,THIOPHANATE-MÉTHYL,N/A,N/A,N/A,N/A,N/A,N/A,SHARDA,SHADRA CROPCHEM
THIOPHANATE-MÉTHYL,THIOPHYL 50 SC,SHARDA CROPCHEM TUNISIE,SHARDA CROPCHEM,THIOPHANATE-MÉTHYL,THIOPHANATE-MÉTHYL,N/A,N/A,N/A,N/A,N/A,N/A,SHARDA CROPCHEM,SHARDA CROPCHEM
SOUFRE,THIOPRON SC,BIOPROTECTION,UPL,SOUFRE,SOUFRE,N/A,N/A,N/A,N/A,N/A,N/A,BIOPROTECTION,UPL
PROPICONAZOLE,TIFO 25 EC,FERTIPLANT,SHARDA CROPCHEM,PROPICONAZOLE,PROPICONAZOLE,N/A,N/A,N/A,N/A,N/A,N/A,FERTIPLANT,SHARDA CROPCHEM
CHLOROTHALONIL + TEBUCONAZOLE,TIGER,EL MOUSSEM AGRICOLE,PARIJAT INDUSTRIES,CHLOROTHALONIL,CHLOROTHALONIL,TEBUCONAZOLE,TEBUCONAZOLE,N/A,N/A,N/A,N/A,EL MOUSSEM,PARIJAT INDUSTRIES
TÉBUCONAZOLE + PROTHIOCONAZOLE,TILMOR 240 EC,JADWA AGROTEC,BAYER CROPSCIENCE,TÉBUCONAZOLE,TÉBUCONAZOLE,PROTHIOCONAZOLE,PROTHIOCONAZOLE,N/A,N/A,N/A,N/A,JADWA AGROTEC,BAYER CROPSCIENCE
PROPICONAZOLE,TILT 250,BIOPROTECTION,SYNGENTA,PROPICONAZOLE,PROPICONAZOLE,N/A,N/A,N/A,N/A,N/A,N/A,BIOPROTECTION,SYNGENTA
TEBUCONAZOLE,TIMER FS 060,STEC,BAYER CROPSCIENCE,TEBUCONAZOLE,TEBUCONAZOLE,N/A,N/A,N/A,N/A,N/A,N/A,STEC,BAYER CROPSCIENCE
CHLOROTHALONIL + TEBUCONAZOLE,TIMPANI,EL MOUSSEM AGRICOLE,NUFARM,CHLOROTHALONIL,CHLOROTHALONIL,TEBUCONAZOLE,TEBUCONAZOLE,N/A,N/A,N/A,N/A,EL MOUSSEM,NUFARM
ABAMECTINE,TINA EC,ETS MEZGHANI,INDUSTRIAL QUIMICA KEY,ABAMECTINE,ABAMECTINE,N/A,N/A,N/A,N/A,N/A,N/A,ETS MEZGHANI,INDUSTRIAL QUIMICA KEY
THIOPHANATE-METHYL,TIOKEY WP,ETS MEZGHANI,HAILI GUIXI CHEMICAL PESTICIDE CO.LTD,THIOPHANATE-METHYL,THIOPHANATE-METHYL,N/A,N/A,N/A,N/A,N/A,N/A,ETS MEZGHANI,HAILI GUIXI PESTICIDE
SOUFRE,TIOSOL 80,ATLAS AGRICOLE,SIPCAM,SOUFRE,SOUFRE,N/A,N/A,N/A,N/A,N/A,N/A,ATLAS,SIPCAM
THIOPHANATE-MÉTHYL,TOP PLUS,SOCOOPEC,AGRIA S.A,THIOPHANATE-MÉTHYL,THIOPHANATE-MÉTHYL,N/A,N/A,N/A,N/A,N/A,N/A,SOCOOPEC,AGRIA S A
PENCONAZOLE,TOPAZE 100,BIOPROTECTION,SYNGENTA,PENCONAZOLE,PENCONAZOLE,N/A,N/A,N/A,N/A,N/A,N/A,BIOPROTECTION,SYNGENTA
PENCONAZOLE,TOPENCO 100 EC,AGROSYSTEMES,GLOBACHEM,PENCONAZOLE,PENCONAZOLE,N/A,N/A,N/A,N/A,N/A,N/A,AGROSYSTEMES,GLOBACHEM
"2,4-D SEL D’AMINE",TOPOL,EL KHADRA,SHARDA,"2,4-D SEL D’AMINE","2,4-D SEL D’AMINE",N/A,N/A,N/A,N/A,N/A,N/A,EL KHADRA,SHARDA
PYRIMICARBE,TORNADO,AMINCO,GLOBACHEM,PYRIMICARBE,PYRIMICARBE,N/A,N/A,N/A,N/A,N/A,N/A,AMINCO,GLOBACHEM
TRIBENURON-METHYL,TOSCANA,AGRIPROTEC,PROPLAN/QUME TICA AGRICULTURAL SOLUTIONS SPAIN SLU,TRIBENURON-METHYL,TRIBENURON-METHYL,N/A,N/A,N/A,N/A,N/A,N/A,AGRIPROTEC,PROPLAN QUME TICA AGRICULTURAL SOLUTIONS SPAIN SLU
"BACILLUS THURINGIENSIS (SPKURSTAKI),SOUCHE ABTS-351",TOUTA STOP WP,ETS MEZGHANI,INDUSTRIAL QUIMICA KEY,"BACILLUS THURINGIENSIS (SPKURSTAKI), SOUCHE ABTS-351","BACILLUS THURINGIENSIS (SPKURSTAKI), SOUCHE ABTS-351",N/A,N/A,N/A,N/A,N/A,N/A,ETS MEZGHANI,INDUSTRIAL QUIMICA KEY
SULFOXAFLOR,TRANSFORM SC,EL BARAKA,DOW AGROSCIENCE/CORTEVA,SULFOXAFLOR,SULFOXAFLOR,N/A,N/A,N/A,N/A,N/A,N/A,EL BARAKA,DOW AGROSCIENCE CORTEVA
PINOXADEN +CLODINAFOP-PROPARGYL+CLOQUINTOCET-MEXYL,TRAXOSPRATIC,BIOPROTECTION,SYNGENTA,PINOXADEN,PINOXADEN,CLODINAFOP-PROPARGYL,CLODINAFOP-PROPARGYL,CLOQUINTOCET-MEXYL,CLOQUINTOCET-MEXYL,N/A,N/A,BIOPROTECTION,SYNGENTA
ETOFENPROX,TREBON EC,ATLAS AGRICOLE,SIPCAM INAGRA S.S,ETOFENPROX,ETOFENPROX,N/A,N/A,N/A,N/A,N/A,N/A,ATLAS AGRICOLE,SIPCAM INAGRA S.S
HALAUXIFEN-METHYL +AMINOPYRALID +CLOQUINTOCET –MEXYL,TREZAK EC,EL BARAKA AGRICOLE,DOW AGROSCIENCE,HALAUXIFEN-METHYL,HALAUXIFEN-METHYL,AMINOPYRALID,AMINOPYRALID,CLOQUINTOCET –MEXYL,CLOQUINTOCET –MEXYL,N/A,N/A,EL BARAKA,DOW AGROSCIENCE
TRICHODERMAHARZIANUM T-22,TRIANUM –P,NUTRIPLANT,KOPPERT BIOLOGICAL SYSTEMS,TRICHODERMAHARZIANUM T-22,TRICHODERMAHARZIANUM T-22,N/A,N/A,N/A,N/A,N/A,N/A,NUTRIPLANT,KOPPERT BIOLOGICAL SYSTEMS
SULFATE DE CUIVRE TRIBASIQUE,TRIBASE -FLOW SC,ATLAS AGRICOLE,NUFARM,SULFATE DE CUIVRE TRIBASIQUE,SULFATE DE CUIVRE TRIBASIQUE,N/A,N/A,N/A,N/A,N/A,N/A,ATLAS,NUFARM
TRIBENURON-METHYL,TRIBUNEO 75 G,SSCC,AGRIA,TRIBENURON-METHYL,TRIBENURON-METHYL,N/A,N/A,N/A,N/A,N/A,N/A,SSCC,AGRIA
TRIBENURON METHYL + FLORASULAM,TRIFLOS,NEGANOR FFT,JSC(AVGUST),TRIBENURON METHYL,TRIBENURON METHYL,FLORASULAM,FLORASULAM,N/A,N/A,N/A,N/A,NEGANOR FFT,JSC AVGUST
CYROMAZINE,TRIGARD,BIOPROTECTION,SYNGENTA,CYROMAZINE,CYROMAZINE,N/A,N/A,N/A,N/A,N/A,N/A,BIOPROTECTION,SYNGENTA
CYROMAZINE,TRIGARD,ETS MEZGHANI,INDUST. QUIMICA KEY,CYROMAZINE,CYROMAZINE,N/A,N/A,N/A,N/A,N/A,N/A,ETS MEZGHANI,INDUST QUIMICA KEY
MANÈBE,TRIMANGOL,STEC,CEREXAGRI,MANÈBE,MANÈBE,N/A,N/A,N/A,N/A,N/A,N/A,STEC,CEREXAGRI
ACRINATHRINE +ABAMECTINE,TRIPSOL EW,AGROSYSTEME,CHEMINOVA/FMC,ACRINATHRINE,ACRINATHRINE,ABAMECTINE,ABAMECTINE,N/A,N/A,N/A,N/A,AGROSYSTEME,CHEMINOVA FMC
FLUAZIFOP-P-BUTYL,TRIVKO,SOLAGRI,SYNGENTA,FLUAZIFOP-P-BUTYL,FLUAZIFOP-P-BUTYL,N/A,N/A,N/A,N/A,N/A,N/A,SOLAGRI,SYNGENTA
MANCOZÈBE,TRIZIMAN 80,AGRIPROTEC,UPL,MANCOZÈBE,MANCOZÈBE,N/A,N/A,N/A,N/A,N/A,N/A,AGRIPROTEC,UPL
BENTAZONE,TROY 480 SL,AGRIPROTEC,UPL LIMITED,BENTAZONE,BENTAZONE,N/A,N/A,N/A,N/A,N/A,N/A,AGRIPROTEC,UPL
METAZACHLORE,TWIGA,BIOPROTECTION,AAKO BV,METAZACHLORE,METAZACHLORE,N/A,N/A,N/A,N/A,N/A,N/A,BIOPROTECTION,AAKO BV
CYPROCONAZOLE + PROPICINAZOLE,TWIST SUPER EC,ATLAS AGRICOLE,SHARDA,CYPROCONAZOLE,CYPROCONAZOLE,PROPICINAZOLE,PROPICINAZOLE,N/A,N/A,N/A,N/A,ATLAS,SHARDA
CHLOROTOLURON +PENDIMEYHALIN+ DIFLUFENICAN,UMBRA 590 SC,BIOPROTECTION,SYNGENTA,CHLOROTOLURON,CHLOROTOLURON,PENDIMEYHALIN,PENDIMEYHALIN,DIFLUFENICAN,DIFLUFENICAN,N/A,N/A,BIOPROTECTION,SYNGENTA
CYPRODINIL,UNIX 50 WG,EL MOUSSEM AGRICOLE,SYNGENTA,CYPRODINIL,CYPRODINIL,N/A,N/A,N/A,N/A,N/A,N/A,EL MOUSSEM,SYNGENTA
CHINOZOLE,V-NOL,AGROSYSTEMES,PROBELTE,CHINOZOLE,CHINOZOLE,N/A,N/A,N/A,N/A,N/A,N/A,AGROSYSTEMES,PROBELTE
LAMINARIN,VACCIPLANT,EL MOUSSEM,GOEMAR SAS/ARYSTA/UPL,LAMINARIN,LAMINARIN,N/A,N/A,N/A,N/A,N/A,N/A,EL MOUSSEM,GOEMAR ARYSTA UPL
PROPICONAZOLE,VALEO 25 EC,DELTA AGRICOLE PLUS,SHARDA CROPCHEM,PROPICONAZOLE,PROPICONAZOLE,N/A,N/A,N/A,N/A,N/A,N/A,DELTA PLUS,SHARDA CROPCHEM
OXYCHLORURE DE CUIVRE,VALTONEX FLOW SC,NEGANOR,IQV,OXYCHLORURE DE CUIVRE,OXYCHLORURE DE CUIVRE,N/A,N/A,N/A,N/A,N/A,N/A,NEGANOR,IQV
OXYCHLORURE DE CUIVRE,VALTOSAN WP,FERTITECH,ALINTRA-ESPAGNE,OXYCHLORURE DE CUIVRE,OXYCHLORURE DE CUIVRE,N/A,N/A,N/A,N/A,N/A,N/A,FERTITECH,ALINTRA ESPAGNE
GAMMA-CYHALOTHRINE,VANTEX,AGROSYSTEMES,FMC,GAMMA-CYHALOTHRINE,GAMMA-CYHALOTHRINE,N/A,N/A,N/A,N/A,N/A,N/A,AGROSYSTEMES,FMC
ABAMECTINE,VARGAS ULTRA EC,SOLAGRI,"ROTAM CHEMISTRY CO.,LTD/ALBAUGH",ABAMECTINE,ABAMECTINE,N/A,N/A,N/A,N/A,N/A,N/A,SOLAGRI,ROTAM CHEMISTRY ALBAUGH
INDOXACARBE,VAULENT,TASMID,ASTRACHEM,INDOXACARBE,INDOXACARBE,N/A,N/A,N/A,N/A,N/A,N/A,TASMID,ASTRACHEM
FLUROXYPYR +CLOPYRALID,VEGA EC,AGRIMED DISTRIBUTION,SHARDA CROPCHEM,FLUROXYPYR,FLUROXYPYR,CLOPYRALID,CLOPYRALID,N/A,N/A,N/A,N/A,AGRIMED DISTRIBUTION,SHADRA CROPCHEM
CYFLUMETOFEN,VELAR 20 SC,COTUGRAIN,OAT AGRIO(FAB)/JAPO(LIDA PLANT RESEARCH/FOURNISSEUR),CYFLUMETOFEN,CYFLUMETOFEN,N/A,N/A,N/A,N/A,N/A,N/A,COTUGRAIN,OAT AGRIO FAB JAPO LIDA PLANT RESEARCH FOURNISSEUR
FLUOPYRAM,VELUM PRIME 400 SC,ATLAS AGRICOLE,BAYER AG,FLUOPYRAM,FLUOPYRAM,N/A,N/A,N/A,N/A,N/A,N/A,ATLAS,BAYER AG
SULFATE DE CUIVRE TRIBASIQUE + ZOXAMIDE,VENTARO,STEC,NUFARM,SULFATE DE CUIVRE TRIBASIQUE,SULFATE DE CUIVRE TRIBASIQUE,ZOXAMIDE,ZOXAMIDE,N/A,N/A,N/A,N/A,STEC,NUFARM
FAMOXADONE + CYMOXANIL,VENUS WG,STIMA,"SHENGNONG PESTICIDE, CO. LTD/HANGZHOUTOPAGRO BIOSCIENCE",FAMOXADONE,FAMOXADONE,CYMOXANIL,CYMOXANIL,N/A,N/A,N/A,N/A,STIMA,SHENGNONG PESTICIDE HANGZHOUTOPAGRO BIOSCIENCE
LENACIL,VENZAR,SEPCM,FMC,LENACIL,LENACIL,N/A,N/A,N/A,N/A,N/A,N/A,SEPCM,FMC
CYANTRANILIPROLE,VERIMARK SC,SEPCM,FMC,CYANTRANILIPROLE,CYANTRANILIPROLE,N/A,N/A,N/A,N/A,N/A,N/A,SEPCM,FMC
FENAMIDONE + FOSETHYL-AL,VERITA,STEC,BAYER CROPSCIENCE,FENAMIDONE,FENAMIDONE,FOSETHYL-AL,FOSETHYL-AL,N/A,N/A,N/A,N/A,STEC,BAYER CROPSCIENCE
INDOXACARB,VEROX WDG,SANABEL AGRO,AGROBEATS TECH CHINE,INDOXACARB,INDOXACARB,N/A,N/A,N/A,N/A,N/A,N/A,SANABEL AGRO,AGROBEATS TECH CHINE
METAFLUMIZONE,VERSIMO 240 SC,AGRIPROTEC,BASF,METAFLUMIZONE,METAFLUMIZONE,N/A,N/A,N/A,N/A,N/A,N/A,AGRIPROTEC,BASF
ABAMECTINE,VERTIMEC,BIOPROTECTION,SYNGENTA,ABAMECTINE,ABAMECTINE,N/A,N/A,N/A,N/A,N/A,N/A,BIOPROTECTION,SYNGENTA
MEFENTRIFLUCONAZOLE + FLUXAPYROXADE,VERYDOR,COTUGRAIN,BASF,MEFENTRIFLUCONAZOLE,MEFENTRIFLUCONAZOLE,FLUXAPYROXADE,FLUXAPYROXADE,N/A,N/A,N/A,N/A,COTUGRAIN,BASF
FLUDIOXONIL + SEDAXANE,VIBRANCE DUO FS,BIOPROTECTION,SYNGENTA,FLUDIOXONIL,FLUDIOXONIL,SEDAXANE,SEDAXANE,N/A,N/A,N/A,N/A,BIOPROTECTION,SYNGENTA
DIFENOCONAZOLE + FLUDIOXONIL +SEDEXANE,VIBRANCE GOLD,BIOPROTECTION,SYNGENTA,DIFENOCONAZOLE,DIFENOCONAZOLE,FLUDIOXONIL,FLUDIOXONIL,SEDEXANE,SEDEXANE,N/A,N/A,BIOPROTECTION,SYNGENTA
METALAXYL-M +FLUDIOXINIL + SEDAXANE,VIBRANCE MAXX FS,BIOPROTECTION,SYNGENTA,METALAXYL-M,METALAXYL-M,FLUDIOXINIL,FLUDIOXINIL,SEDAXANE,SEDAXANE,N/A,N/A,BIOPROTECTION,SYNGENTA
DIFLUFENICAN + FLUFENACET + FLURTAMONE,VIGON 420 SC,PROMOCHIMIE,BAYER CROPSCIENCE,DIFLUFENICAN,DIFLUFENICAN,FLUFENACET,FLUFENACET,FLURTAMONE,FLURTAMONE,N/A,N/A,PROMOCHIMIE,BAYER CROPSCIENCE
FLUTRIAFOL + THIABENDAZOLE,VINCIT F,AGRIPROTEC,CHEMINOVA,FLUTRIAFOL,FLUTRIAFOL,THIABENDAZOLE,THIABENDAZOLE,N/A,N/A,N/A,N/A,AGRIPROTEC,CHEMINOVA
METRAFENONE,VIVANDO,AGRIPROTEC,BASF / SBM FORMULATION,METRAFENONE,METRAFENONE,N/A,N/A,N/A,N/A,N/A,N/A,AGRIPROTEC,BASF SBM FORMULATION
PROPAMOCARBE + FLUOPICOLIDE,VOLARE,EL MOUSSEM AGRICOLE,BAYER AG,PROPAMOCARBE,PROPAMOCARBE,FLUOPICOLIDE,FLUOPICOLIDE,N/A,N/A,N/A,N/A,EL MOUSSEM,BAYER AG
PYRAFLUFEN-ETHYL,VOLCAN EC,ATLAS AGRICOLE,SPICAM INAGRA SA,PYRAFLUFEN-ETHYL,PYRAFLUFEN-ETHYL,N/A,N/A,N/A,N/A,N/A,N/A,ATLAS,SPICAM INAGRA SA
CHLORANTRANILIPROLE + ABAMECTINE,VOLIAMTARGO 063 SC,BIOPROTECTION,SYNGENTA,CHLORANTRANILIPROLE,CHLORANTRANILIPROLE,ABAMECTINE,ABAMECTINE,N/A,N/A,N/A,N/A,BIOPROTECTION,SYNGENTA
TRIBENURON-METHYL,VOLTEO 75 WG,EL KHADRA,INDUSTRIAS AFRAZA/ALBAU GH EUROPE SARL,TRIBENURON-METHYL,TRIBENURON-METHYL,N/A,N/A,N/A,N/A,N/A,N/A,EL KHADRA,INDUSTRIAS AFRAZA ALBAU GH EUROPE
TEFLUTHRINE,VOLTRA 0.5 G,COTUGRAIN,SYNGENTA,TEFLUTHRINE,TEFLUTHRINE,N/A,N/A,N/A,N/A,N/A,N/A,COTUGRAIN,SYNGENTA
FLUCARBAZONE-SODIUM,VULCANO,AGRIPROTEC,ARYSTA LIFESCIENCE,FLUCARBAZONE-SODIUM,FLUCARBAZONE-SODIUM,N/A,N/A,N/A,N/A,N/A,N/A,AGRIPROTEC,ARYSTA LIFESCIENCE
OXAMYL,VYDATE 10 L,AGRIPROTEC,DU PONT,OXAMYL,OXAMYL,N/A,N/A,N/A,N/A,N/A,N/A,AGRIPROTEC,DU PONT
OXAMYL,VYDATE GR,AGRIMATCO,DUPONT,OXAMYL,OXAMYL,N/A,N/A,N/A,N/A,N/A,N/A,AGRIMATCO,DUPONT
GLYPHOSATE,WEED KILLER,EL KHADRA,SHARDA WORLD WIDE,GLYPHOSATE,GLYPHOSATE,N/A,N/A,N/A,N/A,N/A,N/A,EL KHADRA,SHARDA WORLD WIDE
KEROMONE 42.5 ML ACETATE D'ETHYLE,WEEVIL MAGNET (KEROMONE),BIOPROTECTION,CHEMTICA INTERNATIONAL,KEROMONE 42.5 ML ACETATE D'ETHYLE,KEROMONE 42.5 ML ACETATE D'ETHYLE,N/A,N/A,N/A,N/A,N/A,N/A,BIOPROTECTION,CHEMTICA INTERNATIONAL
TEBUCONAZOLE +PROCHLORAZ,WINNER,BIOPROTECTION,NUFARM SAS,TEBUCONAZOLE,TEBUCONAZOLE,PROCHLORAZ,PROCHLORAZ,N/A,N/A,N/A,N/A,BIOPROTECTION,NUFARM
CYPROCONAZOLE + PROPICINAZOLE,WINTER 41 EC,AGRIMED DISTRIBUTION,SHARDA,CYPROCONAZOLE,CYPROCONAZOLE,PROPICINAZOLE,PROPICINAZOLE,N/A,N/A,N/A,N/A,AGRIMED DISTRIBUTION,SHARDA
KINETIN,X-CYTE SL,NUTRIPLANT,STOLLER EUROPE,KINETIN,KINETIN,N/A,N/A,N/A,N/A,N/A,N/A,NUTRIPLANT,STOLLER EUROPE
CYPROCONAZOLE,XPERT WG,EL KHADRA,SHARDA,CYPROCONAZOLE,CYPROCONAZOLE,N/A,N/A,N/A,N/A,N/A,N/A,EL KHADRA,SHARDA
PYROXASULFONE,YAMATO 85 WG,AGRIMATCO,KUMAI CHEMICAL INDUSTRY,PYROXASULFONE,PYROXASULFONE,N/A,N/A,N/A,N/A,N/A,N/A,AGRIMATCO,KUMAI INDUSTRY
TRIFLOXYSTROBIN,ZATO 50 WG,ATLAS AGRICOLE,BAYER CROPSCIENCE,TRIFLOXYSTROBIN,TRIFLOXYSTROBIN,N/A,N/A,N/A,N/A,N/A,N/A,ATLAS,BAYER CROPSCIENCE
FENPROPIDINE + PROPICONAZOLE,ZENITH 575 EC,SOLAGRI,SYNGENTA,FENPROPIDINE,FENPROPIDINE,PROPICONAZOLE,PROPICONAZOLE,N/A,N/A,N/A,N/A,SOLAGRI,SYNGENTA
ABAMECTINE,ZORO,SSCC,CHEMINOVA/ FMC,ABAMECTINE,ABAMECTINE,N/A,N/A,N/A,N/A,N/A,N/A,SSCC,CHEMINOVA FMC
OXATHIAPIPROLIN + FAMOXADONE,ZORVEC ENCANTIA SE,EL BARAKA,CORTEVA,OXATHIAPIPROLIN,OXATHIAPIPROLIN,FAMOXADONE,FAMOXADONE,N/A,N/A,N/A,N/A,EL BARAKA,CORTEVA
OXATHIAPIPROLIN +ZOXAMIDE,ZORVEC VINABEL SE,ATLAS AGRICOLE,CORTEVA,OXATHIAPIPROLIN,OXATHIAPIPROLIN,ZOXAMIDE,ZOXAMIDE,N/A,N/A,N/A,N/A,ATLAS,CORTEVA