Substance(s) active(s),P.Comm,Société,Fabricant
Abamectine,Numectin,AGRIPROTEC,NUFARM FRANCE
Abamectine,Agrimec Gold 084 SC,BIOPROTECTION,SYNGENTA
Abamectine,ROMECTIN EC,AGRONOMIC LAND,"ROTAM CHEMISTRY CO.,Ltd"
Abamectine,Vertimec,BIOPROTECTION,SYNGENTA
Abamectin +Thiamethoxam,SOLVIGO 185 SC,COTUGRAIN IMPEX,SYNGENTA
Acetameprid,ACETADE FORT,SANABEL Agro,SHARDA CROPCHEM
Acetameprid,Polysect,SOCOOPEC,SHARDA
Acetamipride,Escort 20 SL,BIOPROTECTION,UPL/(NIPPON
Acrinathrine +Abamectine,TRIPSOL EW,AGROSYSTEME,Cheminova/fmc
Alphaméthrine,Bonbard,COTUGRAIN,Non spécifié
Chlorpyrifos,DELFOS 5G,ETS MEZGHANI,INDUSTRIAL QUIMICA KEY
Chlorpyrifos+Gamma – cyhalothrin,BOLTON EC,AGRIPROTEC,CHEMINOVA /FMC
Cyperméthrine,Selene,ETS. MEZGHANI,INDUSTRIAL QUIMICA KEY
Cyperméthrine,Sherpa,JADWA AGROTEC,CMPA
Cyromazine,clave WP,ets mezghani,industrial quimica key
Cyromazine,Trigard,BIOPROTECTION,SYNGENTA
Deltamethrine,D66,ETS MEZGHANNI,INDUSTRIAL QUIMICA KEY
Deltamethrine,Dextra 25 EC,RAYEN PHYTAGRI,TAGROS CHEMICALS
Deltamethrine,Delmitox,SANABEL AGRO,SHARDA CROPCHEM
Deltaméthrine,Deltacal,BIOPROTECTION,UPL/ARYSTA LIFESCIENCE
Diméthoate,Dimethon,ETS MEZGHANI,INDUST. QUIMICA KEY
Fenpyroximate,Mitacid,INNOVA,SIPCAM INAGRA (ancientfabricant: NIHON NOHYAKU Co. Ltd)
Flonicamid,TEPPEKI WG,AGRIPROTEC,ISK Biosciences Europe N.V(fabricant)/upl(fournisseur)
Fluopyram,VELUM PRIME 400 SC,ATLAS AGRICOLE,BAYER AG
Flupyradifurone,SIVANTO PRIME 200 SL,ATLAS AGRICOLE,Bayer A.G
Imidaclopride,Confidor,PROMOCHIMIE,BAYER CROPSCIENCE
Indoxacarbe,Avaunt,SEPCM,DU PONT/FMC
Indoxacarbe,STARCARB,SSCC,GARDA CHEMICAL
Indoxacarb,Hoprole Xtra,DELTA AGRICOLE PLUS,Shandong weifang rainbow chemical
Lambada cyhalothrine,Kempo EG,BIOPROTECTION,NUFARM
Lambada cyhalothrine,KAISO 5%,EL MOUSSEM AGRICOLE,NUFARM
Lambda cyhalothrin,JUDO,STIMA,Sharda
Methiocarbe,Mesurol 200 SC,ATLAS AGRICOLE,BAYER CROPSCIENCE
Méthomyl,Kuik 400 SP,SANABEL AGRO,ROTAM AGROCHEMICAL
Méthomyl,Lannate 25,SEPCM,DU PONT (Taiwan) AGRISCIENCE/corteva
Méthomyl,Lannate 20 L,SEPCM,DU PONT
Methoxyfenozide,Runner,PROMOCHIMIE,DOW AGROSCIENCES
Milbemectin,Milbeknock,AGRIPROTEC,"Mitsui Chemicals Agro,Inc"
Oxamyl,Vydate 10 L,AGRIPROTEC,DU PONT
Phénamiphos,Nemacur 10 G,PROMOCHIMIE,AMVAC Chemical Corporation
Phosmet,Imidan 50 A,AGRIPROTEC,GOWAN/Espagne
Phosphure d’Al. +Phosphure d’Hy.,Quickphos,PROTAGRI,UNITED PHOSPHORUS LTD
Phosphure d’Al. +Phosphure d’Hy.,Detia Gas,STIMA,DETIA DEGUECH
Pyriproxyfene,BRAI EC,RAYEN PHYTAGRI,LAINCO SA
Pyrifluquinazon,RYCAR SC,EL KHADRA,SIPCAM INAGRAS
Tefluthrine,DIASTAR MAXI GR,RAYEN PHYTAGRI,DIACHEM
Thiaclopride,Calypso,PROMOCHIMIE,BAYER CROPSCIENCE
Adepidyn+ Difenoconazole,Miravis duo Sc,BIOPROTECTION,ARYSTA LIFESCIENCES
Ametoctradin+ Dimethomorph,Orvego,AGRIPROTEC,BASF
Ametoctradine,SNOOKER SC,STIMA,BASF
Amisulbrom,LEIMAY 20 SC,EL MOUSSEM AGRICOLE,NISSAN CHEMICAL EUROPE SAS/ARYSTA LIFESCIENCES
Bacillus amyloliquefaciens souche FZB24:,Taegro,COTUGRAIN,Novozymesbiologicals inc/syngenta
Captane,Akotan 830 WP,SEPCM,AAKO
Carbandazime,Mandarin,SANABEL AGRO,SINON CORPORATION/ TAIWAN
Cuivre Métal,CobraKey,ETS MEZGHANI,INDUSTRI. QUIMAGRO
Cymoxanil + Mancozebe,AGREZATE PLUS WP,SOCOOPEC,AGRIA
Cymoxanil + Mancozèbe,Curvax M,SEPCM,CMPA
Cymoxanil + Mancozèbe,CURZATE M,STEC,DU PONT (Taiwan)
Cyproconazole +Propiconazole,TWIST SUPER EC,ATLAS AGRICOLE,SHARDA
Cyproconazole + chlorothalonil,CHAMPION,SOCOOPEC,SHARDA CROPCHEM
Cyproconazole +chlorothalonil,CYCLONE,SANABEL AGRO,SHARDA CROPCHEM
Diméthomorphe +Fluazinam,FOLY STAR 400 SC,SEPCM,AAKO
Dimethomorphe +Mancozèbe,Acrobat MZ WG,COTUGRAIN IMPEX,BASF
Dinocap Meptyl + Myclobutanil,AGRIKAR STAR,ATLAS AGRICOLE,DOW AGROSCIENCES
Dinocap Meptyl + Myclobutanil,SABITHANE GOLD,PROMOCHIMIE,DOW AGROSCIENCES
Dithianon,DELAN 500 SC,BIOPROTECTION,BASF
Fenhexamide,Teldor,PROMOCHIMIE,BAYER CROPSCIENCE
Fenpropidine +Propiconazole,Zenith 575 EC,SOLAGRI,SYNGENTA
Fenpropimorphe + Epoxiconazole + Metrafenone,Non spécifié,Non spécifié,Non spécifié
Fluoxastrobine + Tebuconazole,Evito T,EL MOUSSEM AGRICOLE,ARYSTA LIFESCIENCE
Flutriafol,Impact S,AGRIPROTEC,CHEMINOVA/FMC
Folpel +Benalaxyl +cymoxanil,CIFOXIL WP,promochimie,SIPCAM INAGRA
Folpel +Benalaxyl +cymoxanil,FOBECI,INNOVA,SIPCAM INAGRA
Folpet+ Foséthyl-Al,Mikal Flash,SEPCM,BAYER CROPSCIENCE
Hydroxyde de cuivre +Métalaxyl,CYCLO-R-LIQUIDE,EL KHADRA,INDUSTRIAS AFRASA
Hymexazole,Tachigaren,AGRIPROTEC,"Mitsui Chemicals Agro,Inc"
Iprovalicarbe +Oxychlorure de cuivre,Positron 49,ATLAS AGRICOLE,BAYER CROPSCIENCE
Isofetamid,Kenja SC,Agriprotec,ISK Biosciences Europe N.V(fabricant)/upl(fournisseur)
Krésoxim-méthyl,Kresoxystar 350SC,Ets Mezghani,ANHUI HUAXING CHEMICAL INDUSTRY CO.Ltd/CHINE(Nanjingagrochem
Krésoxim-méthyl,Stroby DF,STIMA,BASF
Pyriofenone,KUSABI SC,AGRIPROTEC,ISK Biosciences Europe N.V/UPL
Mancozèbe,Maynozebe,AMINCO,AGRIA SA
Manèbe,Trimangol,STEC,CEREXAGRI
Penconazole,Topaze 100,BIOPROTECTION,SYNGENTA
Pencycuron,Monceren,PROMOCHIMIE,BAYER
Prochloraze +Triticonazole,Kinto Duo,STIMA,BASF
Propamocarbe,PROMORE 722 SL,Ets MEZGHANI,ASTRACHEM
Propamocarbe,Promess,JADWA AGROTEC,ARYSTA Life Science Benelux / Belgique/arystalifescience
Sedaxane+Fludioxonil,VIBRANCE DUO FS,BIOPROTECTION,SYNGENTA AGRO AG
Soufre,Sulpex,AGRIMATCO,Agrostulln GmbH
Tébuconazole,METROSTAR SC,AGRIPLUS,NINGBO SUNJOY AGROSCIENCE INDUSTRY
Tébuconazole,Corail,PROMOCHIMIE,BAYER CROPSCIENCE
Tébuconazole,Camaro430SC,RAYEN PHYTAGRI,SHARDA
Thiophanate-Méthyl,Pelt 500 SC,ATLAS AGRICOLE,BAYER AG.
Thiophanate-Méthyl,thiophyl 50 SC,SHARDA,Non spécifié
"2,4 D –Ester butylglycol",Desormone lourd,SEPCM,NUFARM
"2,4-D Acide +Florasulam",Nikos 306 SE,ATLAS AGRICOLE,DOW AGROSCIENCES/corteva
"2,4-D Sel d’amine",Dicopur 720 SL,AGRIPROTEC,NUFARM
"2,4-D Sel d’amine",Sanaphen D 720 SL,ATLAS AGRICOLE,DOW
Chlorotoluron +pendimeyhalin+ diflufenican,UMBRA 590 SC,BIOPROTECTION,SYNGENTA
Cycloxidime,stratos ultra EC,agriprotec,BASF
Dicamba-Sel Dimethylamine (DMA),procamba,SSCC,gharda chemical
Iodosulfuron +Mesosulfuron +Mefenpyr,Atlantis,ATLAS AGRICOLE,BAYER CROPSCIENCE
Indaziflam,Alion 500 SC,PROMOCHIMIE,BAYER
Lenacil,VENZAR,SEPCM,FMC
Metazachlor +Quinmerac,RAPSAN TDI SC,AGROSYSTEMES,Globachem
Metazachlore,TWIGA,BIOPROTECTION,AAKO BV
Metribuzine+Clomazone,CETUS,AGRIPROTEC,FMC
Metsulfuron Méthyl,Isomexx,AGRIPROTEC,NUFARM
Propyzamide,PROPYZ,AGRIPROTEC,BARCLAY CHEMICALS Ltd
Propyzamide,PROPER FLO SC,AGROSYSTEMES,Globachem
Pyroxsulam,PRIORITY,ATLAS AGRICOLE,DOW AGROSCIENCES
Pyroxsulam,Pallas 45 OD,SEPCM,DOW AGROSCIENCES
Pyroxasulfone,YAMATO 85 WG,AGRIMATCO,Kumai chemical industry
S-metolachlor,TENDER 960 EC,SOLAGRI,SYNGENTA
Tepraloxydim,Aramo 50 EC,COTUGRAIN IMPEX,BASF
Tribenuron-Methyl,SKYLLA WDG,AGRONOMIC LAND,ROTAM AGROCHEMICAL CO.LTD
Tribenuron-Methyl,Nuance,AGROSYSTEMES,CHEMINOVA
ACIBENZOLAR-S-METHYL,BION 50 WG,AGRIPROTEC,SYNGENTA
Chlormequat-chlorure,Stabilan750,AGRIPROTEC,NUFARM
Acide gibberellique,b 40 SG,BIOPROTECTION,VALENTBioscience / SUMITOMO
Acide gibberellique,Fitogib,BIOPROTECTION,NUFARM
Acide gibberellique,GIB GRO,BIOPROTECTION,NUFARM
Chlormequat-chlorure,Cekwat 750,BIOPROTECTION,NUFARM
Cyanamide d’hydrogène,Dormex,BIOPROTECTION,DEGUSSA AG/
"Trimethylamine HCl +1,4-diaminobutane (Putrescine) +DDVP",MERCERATITE KEY,Ets MEZGHANI,Key
Acide gibberellique,Giberkey,ETS MEZGHANNI,Industrial Quimica Key
Métaldéhyde,Metakey,ETS.MEZGHANI,INDUS QUIMICAKEY
Polyoxyethylene amine,PHYDEAL SL,FERTIPLANT,SDP/France
"Deltametrine+Acetate d’ammonium+Trimethylamine HCl+1,4diaminobutane (=Putrescine)",Magnet Med,NUTRIPLANT,KOPPERT
"(E,Z,Z)-3,8,11Tetradecatrien 1-y acetate (E,Z)-3,8Tetradecatrien1- y acetate",PHERODIS Tuta absoluta,NUTRIPLANT,KOPPERT
Chloroprophame,Neostop 500 HN,PROTAGRI,AGRIPHAR
Métaldéhyde,Metapro,PROTAGRI,United Phosphorus
Métaldéhyde,GHLALA,SANABEL AGRO,UPL
Acide Beta indolbutirique,Exuberone,SEPCM,Non spécifié
Dérivvés d'acides gras végétaux + Huile de pin,ACTILANDE TM EC,SEPCM,Action PIN
Polyether modified trisiloxane + polyether,BREAK THRU SL,ATLAS AGRICOLE,EVONIC
Ethoprophos,Mocap,SEPCM,AMVAC Chemical Corporation)
Abamectine,TERVIGO 020 SC,BIOPROTECTION,Syngenta Crop Protection AG
Garlic extract,NEM guard SC,STIMA,Ecospray limited
Cyantraniliprole,Benevia,AGRIMATCO,DU PONT
Cyperméthrine,Cypercal 250 EC,BIOPROTECTION,ARYSTA LIFESCIENCE
Emamectin benzoate,Proclaim 05 SG,BIOPROTECTION,SYNGENTA
Emamectin benzoate,Proact 50 EC,TASMID,ASTRACHEM
Etofenprox,TREBON EC,Non spécifié,Non spécifié
Non spécifié,Killmite,BIOPROTECTION,ARYSTA LIFESCIENCE
Fenazaquin,Pride 200,INNOVA,GOWAN Espagne
Fenazaquin,MAGISTER,SEPCM,GOWAN Espagne
Fenpyroximate,FLASH UM,EL KHADRA,SIPCAM INAGRA (ancient fabricant: NIHON NOHYAKU Co. Ltd)
Gamma-cyhalothrine,Vantex,AGROSYSTEMES,FMC
Helicoverpa armigera nucleopolyhedrovirus,BOLLDEX SC,ALOHA Agriculture,ANDERMATT BIOCONTROL
Hexythiazox,Cesar,EL MOUSSEM AGRICOLE,"NIPPON SODA CO., LTD"
Hexythiazox,Diablo,EL KHADHRA,INDUSTRIAS AFRAZA
Huile minérale,PetrOil,SOCOOPEC,PETRONAS LUBRICANTS
Imidaclopride + lambda-cyhalothrine,Kilter,BIOPROTECTION,NUFARM
Imidachlopride + Lambda cyalothrine,JUDOKA GOLD,SANABEL AGRO,ROTAM AGOCHEMICALS
Imidacloprid Tebuconazole,GIZMO SUPER FS,AGRIPROTEC,NUFARM
Indoxacarbe,TALENT 150 SC,Ets MEZGHANI,ASTRACHEM
Lambda-cyhalothrine,POINTER100 CS,INNOVA,SIPCAM INAGRA
Lambda-cyhalothrine,LAMBDATROL,AGRIPROTEC,SIPCAM INAGRA
Non spécifié,Ravane,AGROSYSTEMES,GLOBACHEM
Non spécifié,Expert,SANABEL AGRO,SHARDA WORLDWIDE
Non spécifié,Markate,AMINCO,GLOBACHEM
Lambda-cyhalothrine,Jackpot,SANABEL AGRO,ROTAM AGROCHEMICALS
Lambda-cyhalothrine,Karaté 10 CS Zeon,Non spécifié,Non spécifié
Lambda-cyhalothrine,Kung Fu,Non spécifié,Non spécifié
Methoxyfenozide,Runner,INNOVA,DOW AGROSCIENCES
Milbemectin,Milbeknock,AGRIPROTEC,MITSUI CHEMICALS AGRO
Phosmet,Foslete 50,EL KHADHRA,SIPCAM INAGRA
Thiamethoxam + Lambda-cyhalothrine,ALIKA 247 ZC,COTUGRAIN IMPEX,SYNGENTA
Thiocyclame hydrogène oxalate,Evisect,BIOPROTECTION,NIPPON KAYAKU/
Triflumuron,Alsystin 480 SC,PROMOCHIMIE,BAYER CROPSCIENCE
AMETOCTRADIN + DIMETHOMORPH,Orvego,AGRIPROTEC,BASF
Amisulbrom,LEIMAY 20 SC,Non spécifié,Non spécifié
Chlorothalonil,Banko 720 SC,BIOPROTECTION,ARYSTA LIFESCIENCE
Chlorothalonil,Faudel,SEPCM,AAKO
Chlorothalonil,Morfus 720 SC,SANABEL AGRO,ROTAM AGROCHEMICAL
Non spécifié,ARIS GOLD,COTUGRAIN IMPEX,SYNGENTA
Chlorothalonil + Tebuconazole,Tiger,EL MOUSSEM AGRICOLE,PARIJAT INDUSTRIES
Chlorothalonil + Tebuconazole,Timpani,EL MOUSSEM AGRICOLE,NUFARM
Chlorothalonil + Propiconazole + Cyproconazole,Priori Xtra,SOLAGRI,SYNGENTA
Cyproconazole + chlorothalonil,CYCLONE,SANABEL AGRO,SHARDA CROPCHEM
Cyproconazole + Propicinazole,Menara 410 EC,AGRIPROTEC,SYNGENTA
Cyproconazole + Propicinazole,TAZOLE 410 EC,AGRONOMIC Land,SHARDA
Cyproconazole + Propicinazole,TWIST SUPER EC,ATLAS AGRICOLE,SHARDA
Cyproconazole + Propicinazole,WINTER 41 EC,AGRIMED DISTRIBUTION,SHARDA
Cyproconazole + Picoxystrobine,Acanto plus,SEPCM,DU PONT INTERNATIONAL
Cyproconazole + Picoxystrobine,STINGER SC,ATLAS AGRICOLE,DU PONT INTERNATIONAL
Difenoconazole,Score 250 EC,BIOPROTECTION,SYNGENTA
Non spécifié,Difcor,AGROSYSTEMES,GLOBACHEM
Non spécifié,Protector,AMINCO,GLOBACHEM
Non spécifié,Divisole,TASMID,ASTRACHEM
Non spécifié,PROZOLE 250 EC,Ets MEZGHANI,ASTRACHEM
Fenpropimorphe + Epoxiconazole + Metrafenone,Capalo,STIMA,BASF
Fenpropidine + Propiconazole,Zenith 575 EC,SOLAGRI,SYNGENTA
Fluazinam,FOLY,SEPCM,AAKO
Fluazinam,Nando,Non spécifié,Non spécifié
Flutriafol + Thiabendazole,Vincit F,AGRIPROTEC,CHEMINOVA
Fluxapyroxad + Pyraclostrobine,PRIAXOR SE,COTUGRAIN IMPEX,BASF
Mandipropamide + Difenoconazole,CARIAL TOP,BIOPROTECTION,SYNGENTA
Mandipropamide + Chlorothalonil,Carial Opti,BIOPROTECTION,SYNGENTA
Mandipropamide + Mancozebe,Pergado MZ 65 WG,AGRIPROTEC,SYNGENTA
Metalaxyl + Mancozébe,Cyclo WP,EL KHADRA,AFRASA
Métalaxyl + Cuivre,Armetil cuivre,SOCOOPEC,IQV DEL VALLES
Propiconazole,PLAZMA,AGRIPLUS,NINGBO SUNJOY AGROSCIENCE INDUSTRY
Propiconazole,TIFO 25 EC,FERTIPLANT,Sharda cropchem
Propiconazole,BANNER EC,AGRIPLUS,HEBEI VEYONG BIO- CHEMICAL CO.LTD
Propiconazole + Cyproconazole,Alto super,BIOPROTECTION,SYNGENTA
Propiconazole + Tebuconazole,Collosal Pro,EL KHADRA,AUGUST JSC
Spiroxamine,Prosper 500 EC,ATLAS AGRICOLE,BAYER CROPSCIENCE
Sulfate de cuivre + Folpel +Cymoxanil,METEOR,EL MOUSSEM AGRICOLE,NUFARM
Tebuconazole,Timer FS 060,STEC,BAYER CROPSCIENCE
Non spécifié,Mycoseeds FS 60,EL KHADRA,Sharda World wide
Tebuconazole,SONG EC,ATLAS AGRICOLE,SIPCAM INAGRA
Tébuconazole,Matiz,SANABEL AGRO,ROTAM AGROCHEMICAL
Metsulfuron Méthyl,Karal,BIOPROTECTION,NUFARM
Metsulfuron Méthyl,Metsy WG,PROTAGRI,UNITED PHOSPHORUS
Oxyfluorfene,Goal,Non spécifié,Non spécifié
Oxyfluorfene,Oxistar 24%,Non spécifié,Non spécifié
Oxyfluorfene,Clenofen 240,Non spécifié,Non spécifié
Metam potassium,Tamifume,AGRO-SYSTEMES,TAMINCO
Métam sodium,Fumical,BIOPROTECTION,ARYSTA LIFESCIENCE
Oxamyl,Vydate GR,AGRIMATCO,DUPONT
Phenamiphos,Nemacur 10 G,PROMOCHIMIE,AMVAC Chemical Corporation
Brodifacoum,Klérat,AGRIPROTEC,SYNGENTA
Brodifacoum,Broditop wax block,ETS MEZGHANI,ZAPI SPA
Brodifacoum,Broditop,ETS MEZGHANI,ZAPI SPA
Brodifacoum,Raticide detia,STIMA,DETIA
Acide Beta indolbutirique,Exuberone,Non spécifié,Non spécifié
Chlorprophame,NEO STOP,PROTAGRI,AGRIPHAR
Huile non ionique,GARAL EC,SOLAGRI,Syngenta
Huile parafinique,Suspray,SEPCM,COMPTOIR COMMERCIAL DES LUBRIFIANTS
Hydrolysat de Protéines,Lysatex,SEPCM,SYNTHRON SAS
Hydrolysat de Protéines,Hydrolysat-Prot,STEC,INDUSTRIAL QUIMICA KEY
Hydrolysat de Protéines,Proteinkey,ETS.MEZGHANI,INDUSTRIAL QUIMICA KEY
Alphacypermethrine,ALLIGATOR,SSCC,GHARDA CHEMICALS LTD
"Azadirachtine (0,03 %) + huile de neem",Nimbicidine,TASMID,T. STANES &Co.Ltd.
Azadirachtine 32 g/L,OIKOS MAX,EL KHADRA,SIPCAM INAGRA
Bacillus thuringiensis,BELTHIRUL,Non spécifié,Non spécifié
Bacillus thuringiensis kurstaki,HALT WP,NEGANOR,BIOSTADT INDE
Bacillus thuringiensis,Delfin WG,AGROSYSTEMES,CERTIS
"Bacillus thuringiensis (spKurstaki),souche ABTS-351",BACTOSPINE DF,SEPCM,VALENT BIOSCIENCE CORPORATION/sumitomo chemical
"Bacillus thuringiensis (spKurstaki),souche ABTS-351",touta stop WP,etsmezghani,industrialquimica key
Bacillus thuringiensis subsp-kurstakisouche EG-2348,LEPINOX PLUS WP,COTUGRAIN,CBC (EUROPE)/BIOGARD
Beauveriabassianastrain R444,Bb-Protec WP,ALOHA Agriculture,Plant Health Products (phy)/Sud d'afrique/Andermatt PHP(Pty) Ltd/ANDERMATT BIOCONTROL GROUP AG
Bifenazate,COMITE 240 SC,BIOPROTECTION,CHEMTURA/AR
Cypermethrine,Belem 0.8 MG,SEPCM,SBM FORMULATION/ CMPA
Cyperméthrine,Cypercal 250 EC,BIOPROTECTION,UPL/ARYSTA LIFESCIENCE
Difenoconazole + Cyprodinil,INSPIRE PLUS EW,BIOPROTECTION,SYNGENTA
Deltamethrin,CISTHRIN EC,UNIAGRO,SHANDONG WEIFANG RAINBOW
Diafenthiuron,Pegasus 500 SC,BIOPROTECTION,SYNGENTA
Difenoconazole,NANJI 250 EC,STEC,JIANGSU FENGDENG(fab)
Fenazaquin,MAGISTER,SEPCM,GOWAN
Flubendiamide,FAME 480 SC,ATLAS AGRICOLE,BAYER
Flubendiamide,TAKITOP WG,Sté EL KHADRA,"EASTCHEM CO,Ltd CHINE"
Flubendiamide,Takumi 20 WG,EL MOUSSEM AGRICOLE,NIHON NOHYAKU / NICHINO EUROPE
Flufenoxuron,Qatar,AGROSYSTEMES,GLOBACHEM
Huile minérale,LUMIERE EC,COTUGRAIN,TotalEnergies Fluides A travers KOPPERT
Milbemectin,Milbeknock,AGRIPROTEC,"Mitsui Chemicals Agro,Inc/summit agro"
Pyriproxyfen,MAGIC EC,Fertitech,HANGZHOU TOPAGRO BIOSCIENCE
Pyriproxyfene,PROXIMO EC,EL KHADRA,INDUSTRIAS
Spinosade,Spanvic,UNIAGRO,SHANDONG
Spiropidion,ELESTAL300 SC,BIOPROTECTION,SYNGENTA
Spirodiclofen,SPIDER EXTRA SC,SANABEL AGRO,SHARDA CROPCHEM
Spirodiclofen,Bolido 240 SC,PROMOCHIMIE,BAYER CROPSCIENCE/GOWAN
Spirodiclofen,Envidor,STEC,BAYER CROPSCIENCE/gowan
Spirodiclofen,ASKARI 240 SC,SEPCM,AAKO
Spirodiclofen,ACAROS SC,STEC,Shandong Kangqiao NANJING Agrochemical
Spirodiclofen,SPIROFEN,Ste ELKHADRA,EASTCHEM CO.Ltd
Spiromesifen,Oberon 240 SC,ATLAS AGRICOLE,BAYER CROPSCIENCE
Spirotetramat,Movento 150 OD,ATLAS AGRICOLE,BAYER CROPSCIENCE
Spirotetramat,Natramat 240SC,AGRIPROTEC,Jiangsu United Agrochemical
Spirotetramat,MAGNUS SC,STEC,AAKO
Non spécifié,MYCOTAL WG,NUTRIPLANT,KOPPERT BIOLOGICAL SYSTEM
Sulfoxaflor,Closer 240 SC,SEPCM,DOW AGROSCIENCE/corteva
Sulfoxaflor,TRANSFORM SC,EL BARAKA,DOW AGROSCIENCE/corteva
Adepidyn+ Difenoconazole,Miravis duo Sc,BIOPROTECTION,SYNGENTA
Amisulbrom,LEIMAY 20 SC,EL MOUSSEM AGRICOLE,NISSAN CHEMICAL EUROPE SAS/ARYSTA LIFESCIENCES/UPL
Aureobasidiumpullulans DSM 14940 et aureobasidiumpullulans DSM 14941,BOTECTOR WG,STIMA,BIOFERM/SAN AGROW/autriche
Azoxystrobine,SORBISTAR,SOCOOPEC,ZHEJIANG E-TONG CHEMICAL
Azoxystrobine,ASTRO EC,TASMID,ZHEJIANG E-TONG CHEMICAL
Azoxystrobine,LEGADO 250 SC,EL KHADRA,INDUSTRIAS AFRAZA/ALBAUGH EUROPE SARL
Azoxystrobine +Difeconazole,PRIORI GOLD 250 SC,SOLAGRI,SYNGENTA Crop Protection
Azoxystrobine +difenoconazole,Black panther SC,FERTITECH,HANGZHOU TOPAGRO BIOSCIENCE
Boscalid +Krésoxym-Methyl,Collis 300SC,STIMA,BASF
Boscalid +Pyraclostrobin,Pristine WG,AGRIPROTEC,BASF
Captane,Captan 83 WP,AGRIPROTEC,ARYSTA LIFESCIENCE/UPL
CINNAMOMUM ZEYLANICUM :Extrait de Cannelle (Cinnamaldehyde),Cynam EC,COTUGRAIN,LIDA
Chinozole,Beltanol-L,AGRIPROTEC,PROBELTE
Chinozole,V-NOL,AGROSYSTEMES,PROBELTE
Cuivre +cymoxanil,Cuprofix C WG,EL MOUSSEM,UPL
Cuivre+ Métalaxyl,Armetil cuivre,SOCOOPEC,IQV DEL VALLES
Cuivre +Metalaxyl,Mevaxil Cuivre WP,NEGANOR,IQV DEL VALLES
Cyazofamid,RANMAN TOP SC,AGRIPROTEC,ISK Biosciences Europe N.V
Cyflufenamid,CONFIRM 5 EW,EL MOUSSEM,NIPPON SODA/ Nisso Chemical Europe GmbH
Cymoxanil +Famoxadone,Equation Pro,SEPCM,DU PONT (Taiwan) AGRISCIENCE
Cymoxanil + Métirame de Zinc,BATO,AGRIMATCO,BASF
Cymoxanil + Métirame de Zinc,Aviso DF,STIMA,BASF
Cyprodinil,arnatin WG,SOLAGRI,SYNGENTA
Diethofencarb,FRUGICO SC,AGROSYTEME,GLOBACHEM
Difenoconazole,Difcor,AGROSYSTEMES,GLOBACHEM
Difenoconazole,Difender 30 FS,AGROSYSTEMES,GLOBACHEM
Difenoconazole,Spectro 30 FS,BIOPROTECTION,SYNGENTA
Difenoconazole+Cyflufenamid,DYNALI DC,SOLAGRI,SYNGENTA
Difenoconazole + Fludioxonil,DIFEND EXTRA FS,AGROSYSTEMES,Globachem
Difenoconazole + Fludioxonil,Celest Extra 50 FS,BIOPROTECTION,SYNGENTA
Fludioxonil +Cyprodinil,Chorus Double,BIOPROTECTION,SYNGENTA
Fluopicolide + PropamocarbHydrochloride,PICOCARB SC,UNIAGRO,SHANDONG WEIFANG
Fluopyram + Tebuconazole,Moon Experience SC,ATLAS AGRICOLE,BAYER CROPSCIENCE
Fluopyram + Trifloxystrobine,Non spécifié,Non spécifié,Non spécifié
Flutriafol + Tébuconazole,Pointer Duo,AGROSYSTEMES,CHEMINOVA/FMC
Fosethyl-Al +Cymoxanil +Folpet,Fosbel extra,AGRIPROTEC,PROBELTE
Fosethyl-Al +Cymoxanil +Folpet,Magma Triple,EL KHADRA,INDUSTRIAS AFRAZA/ALBAUGH EUROPE SARL
Huile essentielle de thym (thymol),NOPATH EW,NUTRIPLANT,KOPPERT BIOLOGICAL SYSTEM
Hydroxyde de cuivre,Copper Progress,AGROSYSTEMES,SPEISS URANIA/COSACO GmbH
Hydroxyde de cuivre,Patrol 50 WP,AMINCO,SPEISS URANIA/COSACO GmbH
Hydroxyde de cuivre,BLUE SHIELD 25 WG,SOLAGRI,Albaugh.LLC
Hydroxyde de Cuivre (400 g/l de cuivre métal),Heliocuivre,BIOPROTECTION,Action Pin/AAKO
Hydroxyde de cuivre,Hidrocure WG,FERTITECH,ALINTRA
Hymexazole,Tachigaren,AGRIPROTEC,"Mitsui Chemicals Agro,Inc/summit agro"
Krésoxim-methyl + difenoconazole,DECIBEL MAX WG,AGROSYSTEMES,ASCENZA GRO S.APORTUGAL
Mefentrifluconazole +Fluxapyroxade,VERYDOR,COTUGRAIN,BASF
Myclobutanil,Systhane 240 EC,SEPCM,DOW
Penconazole,BuckleR,AMINCO,GLOBACHEM
Pencycuron,Monceren,PROMOCHIMIE,BAYER CROPSCIENCE/GowanCrop Protection
Penthiopyrad,KABUTO,EL MOUSSEM,"Mitsui Chemicals crop&lifesolutions,Inc(fab) / Summit Agro International Ltd(fournisseur)"
Propamocarbe,PROPLANT,PROTAGRI,ARYSTA Life Science Benelux / Belgique
Promocarb,omix 607 SL,NEGANOR,Agria
Pyrimethanil,LAITANE SC,RAYEN PHYTAGRI,"LAINCO ,S,A/ESPAGNE"
Prochloraze +Triticonazole,REAL SUPER,AGRIPROTEC,BASF
Promocarb,PROPAMIX SL,TASMID,AGRIA
Propamocarbe +Fosethyl-Al,Previcur Energy,EL MOUSSEM,BAYER CROPSCIENCE
Prothioconazole +Tebuconazole,Kestrel 240 SC,JADWA AGROTEC,BAYER CROPSCIENCE
Prothioconazole +Tebuconazole,Prosaro 250 EC,PROMOCHIMIE,BAYER CROPSCIENCE
Pyraclostrobin +Fenpropimorph,COMET PLUS EC,Agriprotec,BASF
Pyraclostrobin +fluxapyroxad,ORKESTRA SC,BIOPROTECTION,BASF
Soufre,Agrosoufre,AGROSYSTEMES,AgrostullnGmbH
Soufre,Cabridust,AGROSYSTEMES,The national company for agrochemicals(AGROCHEM)
Soufre,Soufrustulln,AMINCO,AgrostullnGmbH
Soufre,TIOSOL 80,ATLAS AGRICOLE,SIPCAM
Soufre,Mistral,BIOPROTECTION,ESSECO sarl/AAKO
Soufre,THIOMAX JET,COTUGRAIN,SYNGENTA
Soufre,Kumulus DF,STIMA,BASF
Soufre,SULFOSTAR DF,AGRIPROTEC,BASF
Tébuconazole,TEBUNOVA SC,AGRINOVA,SHARDA
Tébuconazole,Matiz,SANABEL AGRO,ROTAM AGROCHEMICAL(rival)
Tébuconazole,AZUROS,SLDA,SHARDA CROPCHEM Ltd
Tébuconazole,Tebucur,AGROSYSTEMES,GLOBACHEM
Tebuconazole+Prochloraz,Mystic Pro,AGRIPROTEC,NUFARM SAS
Tebuconazole+Prochloraz,Winner,BIOPROTECTION,NUFARM SAS
Tébuconazole +Trifloxystrobine,Nativo 300 SC,STEC,BAYER CROPSCIENCE
Thiabendazole,BENAZOLE,EXCEL AGRI,SHARDA CROPCHEM
Thiabendazole,TENAZOLE,SHARDA CROPCHEM Tunisie,SHARDA CROPCHEM
Trifloxystrobin,Zato 50 WG,ATLAS AGRICOLE,BAYER CROPSCIENCE
Trifloxystrobin,Flint,PROMOCHIMIE,BAYER CROPSCIENCE
Trichoderma Asperellum ICC012: +Trichoderma Gamsii ICC080:,REMEDIER WP,STIMA,ISAGRO SPA/GOWAN
Aclonifen,Challenge 600SC,EL MOUSSEM AGRICOLE,Bayer AG
Aclonifen,ACTION 60 SC,SHARDA CROPCHEM TUNISIA,SHARDA CROPCHEM limited/
Aclonifen,COSTA SC,SANABEL AGRO,SHARDA CROPCHEM limited/
Aminopyralydes + Florasulam +2.4 D EHE,Nikos forte,ATLAS AGRICOLE,DOW AGROSCIENCES/ CORTEVA
Amidosulfuron + Iodosulfuron +MefempyrDiethyl,Sekator OD,AGRONOMIC Land,BAYER CROPSCIENCES
Aminopyralydes + Florasulam,Lancelot NEO 450 WG,SEPCM,DOW AGROSCIENCES
Arylex active(halauxifen-methyl) + pyroxsulam +cloquintocet acide,TARZEK + UPTAKE SL,COTUGRAIN,Dow Agrosciences
Cléthodime,Select Super,Non spécifié,Non spécifié
Cléthodime,Akodim 120 EC,SEPCM,AAKO
Diflufenican + Metsulfuron-méthyl,Alliance,BIOPROTECTION,NUFARM S.A
Diflufenican + Metsulfuron-méthyl,polymer WG,AGRIPROTEC,NUFARM S.A
Diflufenican +flufenacet,SC,BIOPROTECTION,UPL
Dimethenamid-P+Metazachlor +Quinmerac,BUTISAN AVANT SE,COTUGRAIN,BASF
Fluroxypyr +Clopyralid,KINVARA ME,AGRIPROTEC,BRACLAY
Propaquizafop,PRODIGE,FERTITECH,SHARDA CROPCHEM limited
Propaquizafop,KIFEN EC,SANABEL AGRO,SHARDA CROPCHEM limited
Propyzamide,CADDY SC,RAYEN PHYTAGRI,BARCLAY CHEMICALS Ltd
Trifluraline,Herbaline,SEPCM,AAKO
Trifluraline,RALINE 480 EC,EL KHADRA,JIANGSU
Acide gibbérellique +phenothiol,FENGIB EC,INNOVA,SIPCAM INAGRA S.A
Alkylphenolexy-Ethylène,Etaldyne 95,SEPCM,CMPA/Espagne
Aurebasidiumpillulan(2 souches) :DSM 14940 +DSM 14941,Blossom protect,STIMA,BIO FERM
Chlorprophame,Neostop 500 HN,PROTAGRI,AGRIPHAR
Huile de colza,codacide EO,AGRIMATCO,Mirocide Ltd
Hydrolysat de Protéines,CeraBait,EL MOUSSEM,EVIE MICHAAILIDES
Sodium lauryl ether sulfate (SLES),Biopower SL,ATLAS AGRICOLE,BAYER AG
Trichodermaharzianum T-22,Trianum –P,NUTRIPLANT,KOPPERT BIOLOGICAL SYSTEMS
Capsaicine +Ally Isothiocyanate,Dazitol,EL KHADRA,CHAMPION MILLENIUM CHEMICALS
Garlicextract,NEM guard SC,STIMA,Ecospraylimited
Brodifacoum,Klerat,AGRIPROTEC,SYNGENTA
Difenacoum,SOREXA PELLETS,AGRIPROTEC,BASF
Acétameprid,ACETADE FORT,SANABEL Agro,SHARDA CROPCHEM
Acrinathrine,"Rufast 7,5 EW",EL MOUSSEM AGRICOLE,CHEMINOVA
Acrinathrine,Orytis,ATLAS AGRICOLE,CHEMINOVA
Borax,Prev-am,EL MOUSSEM,ORO AGRI
Borax,Orotun,RAYEN PHYTAGRI,ORO AGRI
Chlorantraniliprole,Coragen 20 SC,SEPCM,DU PONT
Chlorpyri phos Ethyl,DELFOS 5G,ETS MEZGHANI,INDUSTRIAL QUIMICA KEY
Chlorpyriphos Ethyl,LORSBAN 5G,INNOVA,Dow Agrosciences
Chlorpyriphos ethyl,Charter,SANABEL AGRO,SINON CORPORATION
Chlorpyriphos-Méthyl,Reldan 40 EC,INNOVA,DOW AGROSCIENCES
Chlorpyriphos-Méthyl,EXAQ EC,ATLAS AGRICOLE,DOW AGROSCIENCES
Cyperméthrine,Cymbush 10,AGRIPROTEC,PROBELTE
Cyperméthrine,Cirtan EC,COTUGRAIN IMPEX,ALCOTAN
Cypermethrine,Belem 0.8 MG,SEPCM,SBM FORMULATION
Cypermethrine,CYRUX,PROTAGRI,UPL
Cyromazine,Trigard,ETS MEZGHANI,INDUST. QUIMICA KEY
Fenazaquin,Pride 200,INNOVA,GOWAN
Fenpyroximate,FLASH UM,EL KHADRA,SIPCAM INAGRA
Malathion,Malathion 96,SEPCM,CHEMINOVA
Malathion,Fyfanon 50,SEPCM,CHEMINOVA
Malathion,Keythion,ETS MEZGHANI,INDUSTRIAL QUIMICA KEY
Pyridalyl,Sumipleo50EC,AGRIMATCO,SUMITOMO
Pyrimicarbe,Piri,AGROSYSTEMES,GLOBACHEM
Pyrimicarbe,Tornado,AMINCO,GLOBACHEM
Pyrimiphos methyl,Actellic,AGRIPROTEC,SYNGENTA
Epoxiconazole,Opus,STIMA,BASF
Epoxiconazole,Soprano,SEPCM,AAKO
Epoxiconazole,Scooby doo,AMINCO,GLOBACHEM
Epoxiconazole,Spike,AGROSYSTEMES,GLOBACHEM
Epoxiconazole,Eponeo,AMINCO,Cheminova
Epoxiconazole,Orage,SANABEL AGRO,SINON CORPORATION
Epoxiconazole,Nupoxyn,EL MOUSSEM AGRICOLE,NUFARM
Mandipropamide +Mancozebe,Pergado MZ 65 WG,AGRIPROTEC,SYNGENTA
Propinèbe,Antracol,PROMOCHIMIE,BAYER CROPSCIENCE
Tebuconazole,Mycoseeds FS 60,EL KHADRA,Sharda World wide
Thiophanate-Méthyl,Methyl-T,BIOPROTECTION,ARYSTA LIFESCIENCE
Thiophanate-Méthyl,Lagrophanate 70,STEC,CEQUISA / PHOSPHONIA/UPL
Thiophanate-Méthyl,Aurige 70,EL KHADRHA,SIPCAM INAGRA
Thiophanate-Méthyl,Prolatop,EL MOUSSEM AGRICOLE,Nufarm
Thiophanate-Méthyl,SEGNOR 70 WP,SANABEL AGRO,UPL
Thiophanate-Méthyl,Mil Top,DELTA AGRICOLE PLUS,MEGHMANI INDUSTRIES
Thiophanate-Méthyl,Agriphanate,AGRIPROTEC,MEGHMANI INDUSTRIES
Thiophanate-Méthyl,Thiomil,PROTAGRI,MEGHMANI INDUSTRIES
Thiophanate-Méthyl,THIOPHANATE,AGRIMED DISTRIBUTION,MEGHMANI INDUSTRIES
Thiophanate-Méthyl,Starnet 70 WG,PROMOCHIMIE,BAYER CROPSCIENCE
Thiophanate-methyl,TIOKEY WP,Ets MEZGHANI,HAILI GUIXI CHEMICAL PESTICIDE CO.LTD
Triadimenol + Spiroxamine + Tebuconazole,Falcon 460 SC,AGRONOMIC Land,BAYER CROPSCIENCE
Glyphosate,Clinic,BIOPROTECTION,ARYSTA LIFESCIENCE
Glyphosate,Fortin,SEPCM,DOW AGROSCIENCES
Glyphosate,Glyphotec,EL MOUSSEMAGRI.,NUFARM
Glyphosate,Cible,ETS MEZGHANI,Non spécifié
Glyphosate,Glyster,STEC,Non spécifié
Glyphosate,Agriatech,AGRIPROTEC,Non spécifié
Glyphosate,Maynozate,SANABEL AGRO,Non spécifié
Glyphosate,Glycel,AGROSYSTEMES,Non spécifié
Glyphosate,Glyphogan,AMINCO,Non spécifié
Glyphosate,Glitan,AGRIMATCO,Non spécifié
Glyphosate,Buggy,SOCOOPEC,Non spécifié
Glyphosate,GLISO 360,COTUGRAIN IMPEX,Non spécifié
Glyphosate,Mamba 360 SL,INNOVA,Non spécifié
Glyphosate,Glyweed,EL KHADRA,Non spécifié
Glyphosate,Diss,INNOVA,Non spécifié
Glyphosate,Tayara,EL MOUSSEM AGRI,NUFARM AMERICAS
Glyphosate,Kleen Up,BIOPROTECTION,NUFARM
Glyphosate,Glyphos,AGROSYSTEMES,Cheminova
Glyphosate,Pharon,INNOVA,NUFARM S.A
Glyphosate,Blanca,COTUGRAIN IMPEX,Sharda World Wide
Glyphosate,Weed Killer,EL KHADRA,Sharda World Wide
Glyphosate,Nasa 36 SL,SOCOOPEC,ZENITH CROPSCIENCES/agria
Glyphosate,DRAGON,FERTITECH,SHARDA CROPCHEM Lt
Non spécifié,CETUS,Non spécifié,Non spécifié
Phenamiphos,Nemacur 10 G,PROMOCHIMIE,AMVAC Chemical Corporation)
"Acetate d’ammonium + Trimethylamine HCl + 1,4-diaminobutane (Putrescine) + DDVP",MERCERATITE KEY,Ets MEZGHANI,Key
ESTERS SULFURIQUES,Hurricaine,EL MOUSSEM,SOCIETE OCCITANE DE FABRICATIONS ET
Métaldéhyde,LIMAGRAM,EL KHADRA,SIPCAM INAGRA
Metaldehyde,ALDEM 3% GR,AGRONOMIC Land,SHARDA
E3Z8Z11-14Ac + BHT,PHERONORM-TUTA,STIMA,ANDERMATT BIOCONTROL AG
Prohexadione-Calcium,Regalis,AGRIPROTEC,BASF
Abamectine,Diva 1.8 EW,EL MOUSSEM AGRICOLE,CHEMINOVA DANNEMARK
Abamectine,ACTROSE 18 EC,Ets MEZGHANI,ASTRACHEM ARABIE SAOUDITE
Acetamiprid + pyriproxyfen,CANVION310 DC,COTUGRAIN,Syngenta Crop Protection
Chlorpyriphosethyl,BONSOL,COTUGRAIN,SHARDA
ChlorpyriphosEthyl,Super Chlorpy,EL MOUSSEM,GHARDA
Chlorpyriphosethyl,PYRIFOS,FERTITECH,SHARDA
Chlorpyriphosethyl,Charter,SANABEL AGRO,SINON CORPORATION
ChlorpyriphosEthyl,Akocid 480 EC,STEC,AAKO
Emamectin benzoate,Emamectin SG,FERTIPLANT,Krishi rasayam
Etofenprox,TREBON EC,ATLAS AGRICOLE,SIPCAM INAGRA S.S
Etoxazole,Borneo 10 SC,BIOPROTECTION,SUMITOMO CHEMICHAL AGRO EUROPE S.A.S
"(E,Z,Z)-3,8,11-Tetradecadien -1- yl acetate( 53.8 mg/diffuseur) (E,Z)-3,8 –Tetradecad ien -1-yl acetate(6.2 mg/diffuseur)",SHIN –ETSU MD T,COTUGRAIN,Shin ETSU chemical/ CBC (EUROPE)
Fenazaquin 20%,QUEEN SC,SHARDA CROPCHEM LIMITED TUNISIA,SHARDA CROPCHEM LIMITED INDE
Fenazaquin 20%,QUEEN PRO SC,SHARDA CROPCHEM LIMITED TUNISIA,SHARDA CROPCHEM LIMITED INDE
Fenpyroximate,FLASH EVO,EL KHADRA,SIPCAM INAGRA (ancientfabricant: NIHON NOHYAKU Co. Ltd)
Flometoquin,GLADIUS 10 SC,EL MOUSSEM AGRICOLE,"Nippon kayaku Co.,Ltd/Summit Agro international Ltd"
Flonicamid,TEPPEKI WG,AGRIPROTEC,ISK Biosciences Europe N.V(fabricant)/upl( fournisseur)
Flonicamid,FLOPUS WG,NEGANOR FFT,NANJING(D)SHA ANXI HENGTIAN BIOLOGICAL Agriculture(fab)
Fluxametamide,GRACIA 100 EC,AGRIMATCO,NISSAN CHEMICAL CORPORATION
Helicoverpaarmigeranucleopolyhe drovirus,BOLLDEX SC,ALOHA Agriculture,ANDERMATT BIOCONTROL
Hexythiazox,Jalisco,AGRIPROTEC,PROPLAN/QUME TICA AGRICULTURAL SOLUTIONS SPAIN SLU
Hexythiazox,Diablo,EL KHADHRA,INDUSTRIAS AFRAZA/ALBAU GH EUROPE SARL
Hexythiazox,Cesar,EL MOUSSEM AGRICOLE,"NIPPON SODA CO., LTD/ARYSTA/UP L"
Hexythiazox,Exitox,Ets MEZGHANI,INDUSTRIAL QUIMICA KEY
Hexythiazox,ACRUX SC,AGROSYSTEMES,Ascenza Agro
Hexythiazox,DIABLO MAX SC,EL KHADRA,INDUSTRIAS AFRAZA/ALBAU GH EUROPE SARL
Hexythiazox +Abamectine,ROCINANTE,AGRIPROTEC,PROPLAN/QUME TICA AGRICULTURAL SOLUTIONS SPAIN SLU
Huile d’essence d’orange,OLEORA EC,BIOPROTECTION,UPL
Huile de paraffine,OVIPRON TOP,BIOPROTECTION,UPL
Huile de paraffinique,LAINCOIL EC,FERTITECH,LAINCO
Huile de paraffinique,OLEO CAP EC,NEGANOR,LAINCO
Huile de paraffinique,AGROIL BLEU EC,PROMOCHIMIE,SIPCAM INAGRA
Huile minérale,SunOIL,AGRIMATCO,PETRONAS LUBRICANTS BELGIUM NV
Huile minérale,Oviphyt,ATLAS INDUSTRIE,COMPTOIR COMMERCIAL DES LUBRIFIANTS/S ANGOSSE
Huile minérale,Citrole,EL MOUSSEM AGRICOLE,TotalEnergies Fluides
Huile minérale,Insecticida KEY,ETS MEZGHANI,IndustrialQuimica Key
Huile minérale,Plant oil,STE EL KHADRA,INDUSTRIAS AFRAZA/ALBAU GH EUROPE SARL
Indoxacarb,PIXEL SC,FERTITECH,TOPAGRO BIOSCIENCE
Indoxacarb,POTER,PROTAGRI,NANJING AGROCHEMICA L
Indoxacarb,INDOXAL XTRA WDG,AGRINOVA,AGROBEATS TECH CHINE
Indoxacarb,VEROX WDG,SANABEL AGRO,AGROBEATS TECH CHINE
Indoxacarbe,OXAL SC,NEGANOR,Jingboagrochemicals technologie
Indoxacarbe,STARCARB,SSCC,GHARDA CHEMICALS LTD
Indoxacarb,INDO SUPER SC,Sté ELKHADRA,NINGBO SUNJOY AGROSCIENCE CO .LTD
Indoxacarb,Hoprole Xtra,DELTA AGRICOLE PLUS,Shandong weifang rainbow chemical0
Lufenuron,CIGNA 50 EC,COTUGRAIN IMPEX,SYNGENTA
Lufenuron,LIBERO,NEGANOR,Jingbo agrochemicals
Méthomyl,Lannate 25,SEPCM,DU PONT (Taiwan)
Spinosade,Spintor,ATLAS AGRICOLE,DOW AGROSCIENCE/corteva agriscience
Spirodiclofen,SPIRIDOR 240 SC,SHARDA CROPCHEM Tunisie,SHARDA CROPCHEM
Azoxystrobine +Difenoconazole,FULL TOP SC,NEGANOR,JIANGYIN SULI CHEMICALCO
Azoxystrobine +Epoxiconazole,TAZER XPERT SC,el moussem,NUFARM
Bupirimate,Nimrod,SEPCM,AAKO BV
Captane,CAPITOL 80 WG,AGRONOMIC LAND,SHARDA
Captane,Malvin80 WG,BIOPROTECTION,UPL/ARYSTA LIFESCIENCE
Chlorothalonil +Tebuconazole,Tiger,EL MOUSSEM AGRICOLE,PARIJAT INDUSTRIES
Chlorothalonil +Tebuconazole,CAMARO COMBI SC,RAYEN PHYTAGRI,PARIJAT INDUSTRIES
Chlorothalonil +Tebuconazole,Timpani,EL MOUSSEM AGRICOLE,NUFARM
Chlorothalonil +Tebuconazole,SUPER PLAZMA SC,AGRIPROTEC,NUFARM
Chlorothalonil l +Dimethomophe,AVANTAGE CT,SANABEL Agro,ROTAM AGROCHEMICALS
Chlorothaonil,CLORTOSIP 500 SC,ATLAS AGRICOLE,SIPCAM INAGRA
Chlorothaonil,CHLORAMAX,SANABEL AGRO,SINON CORPORATION
Cuivre,Hydro Flo,BIOPROTECTION,NUFARM
Cyproconazole,Xpert WG,EL KHADRA,Sharda
Cyproconazole +Azoxystrobin,Priori Xtra,SOLAGRI,SYNGENTA
Cyproconazole +Propiconazole,WINTER 41 EC,AGRIMED DISTRIBUTION,SHARDA
Cyproconazole +Propiconazole,TAZOLE 410 EC,EXCEL AGRI,SHARDA
Difenoconazole,CURYGEN EC,EL KHADRA,JSC AUGUST INC
Difenoconazole,PROZOLE 250 EC,Ets MEZGHANI,ASTRACHEM
Difenoconazole,RAYOK,HALAB TUNISIE,JSC AUGUST INC
Dithianon +Pyrachlostrobin,MACCANI,COTUGRAIN IMPEX,BASF
Dodine,Syllit 400 SC,PROTAGRI,ARYSTA Life Science Benelux / Belgique/UPL
Epoxiconazole,ceriazole SC,agriprotec,NUFARM
Epoxiconazole+Fluxapyroxad(xemium),ADEXAR XTRA EC,STIMA,BASF
Famoxadone + Mancozebe,Clip,AGRIMATCO,DU PONT INTERNATIONAL/corteva
Famoxadone +cymoxanil,VENUS WG,STIMA,"Shengnong Pesticide,"
Mancozébe,MANCOFLASH,RAYEN PHYTAGRI,INDOFIL
Mancozèbe,Triziman 80,AGRIPROTEC,UPL
Mandipropamide +Difenoconazole,CARIAL TOP,BIOPROTECTION,SYNGENTA
Mandipropamide +Mancozebe,amphore gold WG,SOLAGRI,SYNGENTA
Mandipropamid+ Oxathiapiprolin,ORONDIS ULTRA280 SC,Cotugrain,Syngenta Crop Protection
Penconazole,Topenco 100 EC,AGROSYSTEMES,GLOBACHEM
Pencycuron,Monceren,PROMOCHIMIE,BAYER CROPSCIENCE/Gowan Crop Protection
Penthiopyrad,KABUTO,EL MOUSSEM,"Mitsui Chemicals Agro,Inc"
Propiconazole,VALEO 25 EC,delta agricole plus,Sharda cropchem
Propiconazole,Tilt 250,BIOPROTECTION,SYNGENTA
Proquinazid,Talendo,SEPCM,DU PONT
Prothioconazole,PROTEZOLE EC,SANABEL AGRO,SHARDA CROPCHEM
Prothioconazole,Mirage EC,SHARDA CROPCHEM tunisie,SHARDA CROPCHEM
Prothioconazole +benzovindiflupyr(SOLATENOL),CERATAVO ERA,BIOPROTECTION,SYNGENTA
Prothioconazole + Trifloxystrobine,Madison 263 SC,SEPCM,BAYER CROPSCIENCE
Prothioconazole +Tebuconazole,PROTECT PLUS EC,EXCEL AGRI,SHARDA CROPCHEM
Prothioconazole +Tebuconazole,Perfecto EC,SHARDA CROPCHEM tunisie,SHARDA CROPCHEM
Prothioconazole +Tebuconazole+Bixafen,SKYWAY XPRO EC,PROMOCHIMIE,BAYER AG
Pyraclostrobine Metconazole,OPTIMO DUO EC,AGRIPROTEC,BASF
Pyraclostrobin + Boscalid,MIRACLE WDG,SHARDA CROPCHEM Tunisie,SHARDA CROPCHEM LIMITED
Pyriméthanil,PYRUS 400 SC,STEC,UPL
Pythium oligandrum 1*106oospores( 10-25% w/w) de polyversum,Non spécifié,ELEPHANT VERT EUROPE SA,USA
Tébuconazole,SPEEDY SC,EL KHADRA,NINGBO SUNJOY AGROSCIENCE INDUSTRY/Cropidea
Thiophanate ethyl + Iprodione,Ipromise,BIOPROTECTION,ArystaLifescience
Thiophanate-Méthyl,thiophyl 50 SC,SHARDA CROPCHEM tunisie,sharda cropchem
Thiophanate-Méthyl,THIO 50 SC,COTUGRAIN,sharda cropchem
Thiophanate-Méthyl,THIOPHANATE M,AGRIMED DISTRIBUTION,MEGHMANI INDUSTRIES
Thiophanate-Méthyl,rachet WP,agriprotec,Nufarm
Cléthodime,Select Super,BIOPRO,Non spécifié
Glyphosate,Fortin,ETS MEZGHANI,INDUSTRLQUIMICA
Terbuthylazine,TERBYNE 75 WG,EL KHADRA,SIPCAM INAGRA
Terbuthylazine,Terbuzine 75 WG,promochimie,SIPCAM INAGRA
Triflusulfuron methyl,SAFARI 50 WG,SEPCM,FMC
ACIBENZOLAR-S- METHYL,BION 50 WG,AGRIPROTEC,SYNGENTA
Prothioconazole +Tebuconazole,Perfecto EC,SHARDA,Non spécifié
Azoxystrobin + Flutriafol,CURAX EXTRA SC,Sharda Cropchem Tunisie,Sharda Cropchem limited
Prothioconazole + Tebuconazole + Spiroxamine,Soligor 425,ATLAS AGRICOLE,BAYER CROPSCIENCE
Abamectine,Numectin,AGRIPROTEC,NUFARM
Abamectine,LAOTTA,ATLAS AGRICOLE,LAINCO
Emamectin benzoate,PROFAST EC,PLANETE VERTE,ASTRACHEM/ASTRANOVA
Emamectin benzoate,JEMSTAR,FERTIPLANT,Krishlifescience
Emamectin Benzoate + Pyriproxyfen,PROXYSAFE EC,PLANETE VERTE,SHANDONG WEIFANG RAINBOW CHEMICAL CO.LTD
Emamectin benzoate + Spinosad,SPANVIC PLUS SC,UNIAGRO,SHANDONG
Spiropidion,ELESTAL300 SC,Non spécifié,Non spécifié
Cuivre Métal,Hidrocobre 50 valles,SOCOOPEC,IQV DEL VALLES
Famoxadone +cymoxanil,VENUS WG,STIMA,"Shengnong Pesticide, Co. Ltd/hangzhouTopagro Bioscience"
Fenpyrazamine,PROLECTUS 50WG,SEPCM,SUMITOMO CHEMICAL AGRO Europe
Pyraclostrobin +Boscalid,FOXTON 30 SC,AGRIMATCO,"LoatingYoloo Bio-Technology Co ,Ltd/chine"
Promocarb +Cymoxanil,proxanil 450 SC,BIOPROTECTION,arystalifescience
Promocarb +Cymoxanil,Rival duo 450 SC,AGRONOMIC Land,Agria
Propamocarbe +Fosethyl-Al,Previcur Energy,EL MOUSSEM,Non spécifié
Prothioconazole + Trifloxystrobine,DELARO DUO SC,ATLAS AGRICOLE,BAYER CROPSCIENCE
Prothioconazole +Tebuconazole + Spiroxamine,Cello,AGRONOMIC Land,BAYER CROPSCIENCE
Tebuconazole,KEYZOL SC,EL KHADRA,AVGUST CROP CORPORATION
Tébuconazole,Horizon 250 EW,PROMOCHIMIE,BAYER CROPSCIENCE
"(E,Z,Z)-3,8 ,11-Tetradecadien -1- yl acetate( 53.8 mg/diffuseur) (E,Z)-3,8 –Tetradecad ien -1-yl acetate(6.2 mg/diffuseur)",SHIN –ETSU MD T,COTUGRAIN,Shin ETSU chemical/ CBC (EUROPE)/BIOGARD
Abamectine,VARGAS ULTRA EC,SOLAGRI,"ROTAM CHEMISTRY CO.,Ltd/ALBAUGH"
Abamectine,Diva 1.8 EW,EL MOUSSEM AGRICOLE,CHEMINOVA
Chlorantraniliprole,COREGIS SC,PROMOCHIMIE,DU PONT/FMC
Chlorantraniliprole,CLEVEROLE SC,UNIAGRO,SHANDONG WEIFANG RAINBOW CHEMICAL CO.LTD
Chlorantraniliprole,KORTEX,NEGANOR FFT,SHANDONG WEIFANG RAINBOW CHEMICAL CO.LTD
Chlorantraniliprole + Emamectin benzoate,PROPROLE (SC),TASMID,"Nanjing Agrochemical Co., Ltd."
Chlorantraniliprole + lambdacyhalothrin,LASTROLE EC,UNIAGRO,SHANDONG WEIFANG RAINBOW CHEMICAL CO.LTD
Chlorantraniliprole + lambdacyhalothrin,PLIGO ZC,NEGANOR FFT,SHANDONG WEIFANG RAINBOW CHEMICAL CO.LTD
Chlorantraniliprole + Abamectine,VoliamTargo 063 SC,BIOPROTECTION,SYNGENTA
Chlorantraniliprole +LambdaCyhalothrine,BESIEGE 150 ZC,COTUGRAIN IMPEX,SYNGENTA
Cyflumetofen,DANIRANGER 10DC,AGRIMATCO,OAT AgrioCO.Ltd
Cyflumetofen,VELAR 20 SC,cotugrain,OAT agrio(fab)/Japo(LIDA PLANT RESEARCH/Fournisseur)
Cuivre Métal,CobreKey,ETS MEZGHANI,INDUSTRI.
Hydroxyde de cuivre +Métalaxyl,CYCLO-R-LIQUIDE,EL KHADRA,INDUSTRIAS AFRAZA/ALBAUGH EUROPE SARL
Kreoxim-methyl,SUGOBY WG,RAYEN PHYTAGRI,"LAINCO ,S,A/ESPAGNE"
Krésoxim-méthyl,QUIMERA WG,EL KHADRA,INDUSTRIAS AFRAZA/ALBAUGH EUROPE SARL
Krésoxim-méthyl,ALLIAGE DF,AGRIMATCO,BASF
Krésoxim-méthyl,Kresoxystar 350SC,Ets Mezghani,ANHUI HUAXING CHEMICAL INDUSTRY CO.Ltd/CHINE( Nanjing agrochemical
Tebuconazole,TEBUSHA 6 FS,AGRINOVA,Sharda World wide
Tebuconazole,COLOSSAL,Non spécifié,Non spécifié
"Bacillus thuringiensis (spKurstaki),souche ABTS-351",touta stop WP,ets mezghani,industrial quimica key
Tefluthrine,VOLTRA 0.5 G,COTUGRAIN,SYNGENTA
Thiamétoxam,THIAMEX 25 WG,SLDA,United Phosphorus Ltd
Thiamétoxam,Renova,PROTAGRI,United Phosphorus Ltd
Benzovindiflupyr +Azoxystrobin +Propiconazole,ELATUSTM Arc SE,SOLAGRI,SYNGENTA AGRO AG
Borax,Orotun,RAYEN PHYTAGRI,Non spécifié
Captane,FILDER,EL MOUSSEM,ARYSTA LIFESCIENCE/UPL
Captane,Captan 83 WP,AGRIPROTEC,ARYSTA
Difenoconazole+propiconazole,NANJI PLUS EC,STEC,JIANGYIN FENGDENG CROP SCIENCE CO
Difenoconazole + Fludioxonil +Sedexane,Vibrance Gold,BIOPROTECTION,SYNGENTA
Epoxiconazole + Fenpropimorph,EPIC TOP SE,COTUGRAIN,BASF
Epoxiconazole + Kresoxim-methyl,ALLEGRO,AGRIMATCO,BASF
Epoxiconazole + Kresoxim-methyl,Ogam,STIMA,BASF
Famoxadone +cymoxanil,VENUS WG,STIMA,"Shengnong Pesticide, Co. Ltd"
Fludioxonil +Cyprodinil,"switch 62,5 WG",BIOPROTECTION,SYNGENTA
Fluopyram + Tebuconazole,Luna Experience 400 SC,SEPCM,BAYER CROPSCIENCE
Propamocarbe +Fosethyl- Al,Filex Energy,ATLAS AGRICOLE,BAYER CROPSCIENCE
Propamocarbe +Fosethyl- Al,Previcur Energy,EL MOUSSEM AGRICOLE,BAYER CROPSCIENCE
Propiconazole,syterna EC,ets mezghani,fengdeng usa
Propiconazole,BANNER EC,AGRIPLUS,HEBEI VEYONG BIO-CHEMICAL CO.LTD
Propiconazole,MATADOR PLUS EC,AGRIPLUS,NINGBO SUNJOY AGROSCIENCE INDUSTRY
Propiconazole +Cyproconazole,Alto super,BIOPROTECTION,SYNGENTA
Propiconazole +Tebuconazole,Colossal Pro,EL KHADRA,AUGUST CROPROTECTION
Pyraclostrobine,BAUXIT,STIMA,BASF
pyraclostrobine+epoxiconazole,RETENGO PLUS EC,Rayen phytagri,BASF
Pyraclostrobin +boscalid,Crystal SC,FERTITECH,HANGZHOU
Tebuconazole,COLOSSAL,HALAB TUNISIE,AVGUST CROP CORPORATION
Tébuconazole,Konan EW,ETS MEZGHANI,INDUSTRIAL QUIMICA KEY
Tébuconazole,TEBUZOL 25 EW,Agriprotec,UPL LIMITED
Tebuconazole +Prochloraz,Mystic Pro,AGRIPROTEC,NUFARM SAS
Tebuconazole +Prochloraz,Winner,BIOPROTECTION,NUFARM SAS
Trichoderma atroviride 77B,T-77 WP,Aloha agriculture,Plant Health Products (phy)
Trifluraline,HERBASTAR EC,AGRIPLUS,"JIANGSU FENGSHAN GROUP CO,LTD"
Trifluraline,Flural,Ets MEZGHANI,INDUSTRIAL Q.
M,ARIS GOLD,COTUGRAIN IMPEX,SYNGENTA
Iprovalicarbe + Oxychlorure de cuivre,Positron 49,ATLAS AGRICOLE,BAYER CROPSCIENCE
Manèbe,Mankey,ETS. MEZGHANI,INDUST. QUIMICA KEY
Manèbe,Trimangol,STEC,CEREXAGRI BV
Manèbe,Ridanèbe,SEPCM,CEREXAGRI/UPL
Bacillus thuringiensis,BELTHIRUL,AGRIPROTEC,PROBLETE
Beauveria bassiana strain R444,Bb-Protec WP,ALOHA Agriculture,Plant Health Products (phy)/Sud d'afrique/Andermatt PHP(Pty) Ltd/ANDERMATT BIOCONTROL GROUP AG
Beauveria bassiana strain ATCC 74040,Naturalis SC,COTUGRAIN,CBC europe
Chlorantraniliprole +Thiamethoxam,DURIVO,SOLAGRI,SYNGENTA
Chlorantraniliprole,ALTACOR 35 WG,AGRIPROTEC,FMC
Cyantraniliprole +Acibenzolar-S-methyl,PLESIVA ALPHA SC,BIOPROTECTION,SYNGENTA
Borax,Orotun,RAYEN,Non spécifié
Cuivre,Siscop 60 SC,SEPCM,AAKO BV
Cuivre Métal,AIRONE,AGRIMATCO,ISAGRO/distribute par frarimpex GOWAN CROP
Cuivre Métal,Comac,AGRIPROTEC,NUFARM
Cuivre Métal,OSSICLOR 50 PB MANICA,ATLAS AGRICOLE,MANICA Spa
Difenoconazole+propiconazole,NANJI PLUS EC,STEC,JIANGYIN FENGDENG CROP SCIENCE CO (Fabriquant)/NANJING Arochemical (distributeur)/chine
Difenoconazole +Cyflufenamid,CIDELY TOP 140 DC,AGRIPROTEC,SYNGENTA
Difenoconazole +Cyflufenamid,MELCAR TOP 140 DC,COTUGRAIN IMPEX,SYNGENTA
Difenoconazole +Métalaxyl-M,SpectroExtreme 115 FS,BIOPROTECTION,SYNGENTA
Dodine,Efluzin 400 SC,SEPCM,ARYSTA Life Science Benelux / Belgique/ARYSTA
Epoxiconazole,Rubric,AGROSYSTEMES,Cheminova
Manèbe,PLANTINEB 80WP,SANABEL AGRO,UPL
Prothioconazole +Tebuconazole,Perfecto EC,SHARDA CROPCHEM tunisie,Sharda Cropchem inde
Pythium oligandrum 1*106oospores( 10-25% w/w) de polyversum,POLYVERSUM,FERTIPLANT,BIOPREPARATY
Sulfate tetracuivrique tricalcique,Bordocure WG,FERTITECH,ALINTRA
Tebuconazole,COLOSSALSous réserve de changement de DC,HALAB TUNISIE,AVGUST CROP CORPORATION
Bentazone,Basagran,STIMA,BASF
Bentazone,BENTAPROTEKT SL,LIEN AGRICOLE,ANHUI
Tribenuron-Methyl,Corida 75 WG,SOCOOPEC,AGRIA
Tribenuron-Methyl,TRIBUNEO 75 G,SSCC,AGRIA
Trebuniron-methyl + Florasulame,FLAME DUO SG,SOLAGRI,ALBAUGH
Captane,MITANE,SOCOOPEC,SHARDA
Captane,PROTHANE,DELTA AGRICOLE PLUS,SHARDA
Captane,Captan 83 WP,AGRIPROTEC,ARYSTA LIFESCIENCE
Captane,Akotan 830 WP,SEPCM,ARYSTA LIFESCIENCE
CUIVRE METAL,COBRE NORDOX,COTUGRAIN,NORDOX INDUSTRIER A/S
Cuivre(oxychlorure de cuivre 605 g/kg),RAMCU 35 WG,STIMA,Manica S.P.A
Cuivre,Champ Flo,INNOVA,NUFARM
Sulphate de cuivre tribasique,CU MAX,RAYEN PHYTAGRI,DIACHEM S.P.A
Sulfate de cuivre tribasique,Novicure,PROTAGRI,UPL
Sulfate de cuivre tribasique + Zoxamide,Amaline Flow,EL MOUSSEM AGRICOLE,NUFARM
Epoxiconazole + Dimoxystrobine,Swing Gold,STIMA,BASF
Epoxiconazole + Metconazole,OSIRIS,AGRIPROTEC,BASF
Fludioxonil + Sedaxane,VIBRANCE DUO FS,BIOPROTECTION,SYNGENTA
Flutriafol,Impact S,AGRIPROTEC,CHEMINOVA
Mandipropamide,Revus 250 SC,EL MOUSSEM AGRICOLE,SYNGENTA
Tébuconazole + Prothioconazole,Tilmor 240 EC,JADWA AGROTEC,BAYER CROPSCIENCE
Bentazone,TROY 480 SL,AGRIPROTEC,UPL LIMITED
CS,CETUS,Non spécifié,Non spécifié
Clodinafop-propagyl +Cloquintocet-mexyl,BUGUIS EC,AGRIPROTEC,PROPLAN
Propoxycarbazon Sodium,Attribut 70 SG,EL MOUSSEM AGRICOLE,BAYER CROPSCIENCE
Azoxystrobine +Cyproconazole,COUGAR SC,PROTAGRI,UPL LIMITED
Azoxystrobine +Cyproconazole,DOUBLE FORCE,SANABEL AGRO,SHARDA
Azoxystrobine +Difenoconazole,ALLIANCE TOP SC,AGRI PLUS,NANJING AGROCHEMICAL
Fosetyl aluminium,CLEANER WP,FERTITECH,HANGZHOU TOPAGRO BIOSCIENCE
Fostetyl –aluminium,STIN 80 WP,PLANETE VERTE,ASTRANOVA
Fosetyl –al,lotus,SANABEL AGRO,NUFARM
Fosethyl-al +sulfate de cuivre tribasique,Optix R WG,BIOPROTECTION,UPL
Metirame de zinc,Polyram DF,STIMA,BASF
Metirame de zinc,LUTIRAM WG,AGRIPROTEC,BASF
Metrafenone,VIVANDO,AGRIPROTEC,BASF / SBM FORMULATION
sulfate de cuivre tribasique,MEXIRAM TRI HI BIO WG,EL MOUSSEM AGRICOLE,ALBAUGH EUROPE SARL
Tébuconazole,Camaro430SC,RAYEN PHYTAGRI,SHARDA CROPCHEM LIMITED INDE
Fluroxypyr,keynyl herbicide EC,etsmezghani,industrialquimicakey
Fluroxypyr (ester1-methylheptyl),Flurostar 200,AGROSYSTEMES,GLOBACHEM
Fluroxypyr +Clopyralid,VEGA EC,AGRIMED DISTRIBUTION,Non spécifié
Abamectine,ZORO,SSCC,CHEMINOVA/ FMC
Abamectine,ACTROSE 18 EC,Ets MEZGHANI,ASTRACHEM
Abamectine,TINA EC,ETS MEZGHANI,INDUSTRIAL QUIMICA KEY
Abamectine,MECTINE PRO,JADWA AGROTEC,AAKO BV
Abamectine,Potenza 1.8,SANABEL AGRO,SINON CORPORATION
Abamectine,Aakomectine,STEC,AAKO BV
Beauveria bassiana strain ATCC 74040,Naturalis,COTUGRAIN,CBC europe/italie
Chlorantraniliprole +Lambda-cyhalothrine,POLYVALENT SC,Sté El Khadra,"EASTCHEM CO,Ltd CHINE"
Chlorantraniliprole +methoxyfenozide,ABSOLUT SC,STEC,NANJING AGROCHEMICAL CHINE
Chromafénozide,Matric,BIOPROTECTION,UPL/ARYSTA LIFESCIENCE
CINNAMALDHEYDE,SEICAN EC,ATLAS AGRICOLE,SEIPASA S.A
Clofentezine,Apollo 50,STEC,AAKO BV
Cyantraniliprole,VERIMARK SC,SEPCM,FMC
Cyantraniliprole,Preza OD,Agriprotec,DU PONT/FMC
Cyflumetofen,VELAR 20 SC,cotugrain,OAT agrio(fab)/Japo(LI
Cypermethrine,CYTHRINE 10 EC,AGRIPROTEC,ARYSTA LIFESCIENCE/IP L
Cypermethrine,CYPRINE,TASMID,CROPSAVE PESTICIDES INDIAN PVT.LTD
Cypermethrine,CYPERNOVA,AGRINOVA,SHARDA CROPCHEM LIMITED INDE
Cypermethrine,CYPGOLD 500 EC,EL MOUSSEM,ARYSTA LIFESCIENCE /UPL
Deltaméthrine,Decis EC 25,EL MOUSSEM AGRICOLE,BAYER CROPSCIENCE
Deltaméthrine,Fruithrine,PROTAGRI,United Phosphorus Ltd
Manipropamide +Oxychlorure de cuivre,REVUS C,BIOPROTECTION,SYNGENTA
Metaflumizone,VERSIMO 240 SC,AGRIPROTEC,BASF
Métam sodium,Fumical,BIOPROTECTION,UPL/ARYSTA LIFESCIENCE
metarhiziumrileyi strain,Nomu-Protec,ALOHA,ANDERMATT PHP (Pty) AFRIQUE DE SUD
Methoxyfenozide,Runner,PROMOCHIMIE,DOW AGROSCIENCES/ corteva
Natural Pyrethrin,PULSEI EC,COTUGRAIN,SPEISA SA ESPAGNE
Phosphure de Magnésium +Phosphure d'Hy.,Magnaphos,PROTAGRI,UNITED PHOSPHORUS LTD
Phosphure de Magnésium +Phosphure d'Hy.,Deguech plate,STIMA,DETIA DEGUECH
Pyradaben,RHAMSES 20 WP,PLANETE VERTE,ASTRANOVA
Pyréthrine,ABANTO 40 EC,EL KHADRA,INDUSTRIAS AFRAZA/ALBAUGH EUROPE SARL
Pyrethrines,KRISANT EC,PROMOCHIMIE,SIPCAM INGRA ESPAGNE
Pyrethrins,PIRECRIS,ATLAS AGRICOLE,Seipasas.A
Pyrethrins,Piretro Verde,STIMA,COPYR S.p.A
Pyridabène,NEXTER 10 SC,AGRIPROTEC,NISSAN CHEMICAL CORPORATION/ BASF
Tolfenpyrade,HACHI-HACHI EC,EL KHADRA,SIPCAM INAGRA
Azoxystrobine,Azox SC,Ets MEZGHANNI,"JIANGYIN SULI CHEMICAL CO.LTDi,Q,Key"
Azoxystrobine +Cyproconazole,DOUBLE FORCE,SANABEL AGRO,SHARDA CROPCHEM LIMITED INDE
Bacillus amyloliquefaciens souche FZB24:,Taegro,COTUGRAIN,Novozymesbiologicalsinc/ syngenta
captane,KAPI-TOP 48 EC,Agrinova,SHARDA CROPCHEM LIMITED INDE
Cuivre Métal,COPSIP,AGRIPROTEC,SIPCAM INAGRA
Cymoxanil +Famoxadone,Equation Pro,SEPCM,DU PONT (Taiwan) AGRISCIENCE/CORTEV A
Dimetomorphe +Folpel,MORPHEE 71.3 WG,BIOPROTECTION,AAKO
Fluoxastrobine,EVITO 480 SC,EL MOUSSEM AGRICOLE,ARYSTA LIFESCIENCE
Fluoxastrobine + Propamocarb hydrochloride,EVITO P,EL MOUSSEM,ARYSTA LIFESCIENCE/ UPL
Fosethyl-Al +Cymoxanil + Folpel,BELKAP EXTRA,AGROSYSTEMES,PROBELTE
Fosethyl-Al +Cymoxanil + Folpel,Anteor flash,ATLAS AGRICOLE,BAYER AG
Fosetyl –al,ALU-VITE WP,TASMID,LIMIN CHEMICAL CO.LTD
Fosetyl –al,ALLUM WG,EL MOUSSEM AGRICOLE,NUFARM
Fosetyl-Al,KEYFOL 80 WP,Ets MEZGHANI,LIMIN CHEMICAL CO.LTD
Krésoxim-méthyl,ARIANE WG,FERTITECH,HANGZHOU TOPAGRO BIOSCIENCE/CHINE
Mefentrifluconazole,REVYSTAR EC,AGRIMATCO,BASF
Mefentrifluconazole + Pyraclostrobin,REVYCARE EC,AGRIPROTEC,BASF
Mefentrifluconazole+Fluxapyroxade,REVYTREX EC,BIOPROTECTION,BASF
Oxychlorure de cuivre,VALTOSAN WP,FERTITECH,ALINTRA-ESPAGNE
Oxychlorure de Cuivre,Agrocuivre,AGROSYSTEMES,SPEISS
Oxychlorure de cuivre +cymoxanil,Curame 25 WG,ATLAS AGRICOLE,Manica SPA
Prothioconazole,PROTEZOLE EC,SANABEL AGRO,SHARDA CROPCHEM LIMITED INDE
Prothioconazole,Mirage EC,SHARDA CROPCHEM LIMITED tunisie,SHARDA CROPCHEM LIMITED INDE
Prothioconazole +Tebuconazole,PROTECT PLUS EC,EXCEL AGRI,SHARDA CROPCHEM LIMITED INDE
Soufre,Heliosoufre S,BIOPROTECTION,Action Pin/AAKO
Soufre,SULFOMAX,EL KHARDA,AFEPASA
Soufre,Micro-cap,NEGANOR,AGROW ALLIED
Soufre,SULFINOVA 80WDG,AGRINOVA,AGROW ALLIED
Sulfate de cuivre tribasique + Cymoxanil,Moltovin,BIOPROTECTION,NUFARM
Sulfate de cuivre tribasique + Zoxamide,ventaro,STEC,NUFARM
Tébuconazole,TEBUNOVA SC,AGRINOVA,SHARDA CROPCHEM LIMITED INDE
Tébuconazole,SUPREME 25 EW,COTUGRAIN Impex,UPL LIMITED
Tébuconazole +Trifloxystrobine,GREEN STAR,AGRIPROTEC,BAYER CROPSCIENCE
Bentazone,BENTA SL,EL KHADRA,"NANJING FENGSHAN CHEMICAL GROUP CO,LTD/NANGIN G FENGSHAN"
Bentazone,BASASTAR SL,AGRIPLUS,"NANJING FENGSHAN CHEMICAL GROUP CO,LTD"
Bentazone,fighter,cotugrain,BASF
Bentazone,RAINZONE EC,NEGANOR FFT,SHANDONG WEIFANG RAINBOW CHEMICAL CO.LTD CHINE
Bentazone,BENHUR SL,PROTAGRI,NANJING AGROCHEMICAL
Clethodim,FYTODIM EC,Non spécifié,Non spécifié
Diflufenican + Flufenacet + Flurtamone,Vigon 420 SC,PROMOCHIMIE,BAYER CROPSCIENCE
Florosulame + Flumetsulam,Derby,promochimie,DOW AGROSCIENCES/ corteva
Fluazifop-P-Butyl,Benfuron,AGRIMED DISTRIBUTION,SHARDA CROPCHEM LIMITED INDE
Fluazifop-P-Butyl,Fouir,EL KHADRA,SHARDA CROPCHEM LIMITED INDE
Fluazifop-P-Butyl,Trivko,SOLAGRI,SYNGENTA
Flucarbazone-sodium,Everest 70 WG,AGRIPROTEC,ARYSTA LIFESCIENCE
Flumetsulam,BROADSTRIKE WG,PROMOCHIMIE,DOW AGROSCIENCE
Glyphosate,Glycel,AGRIMATCO,excel crop care/Sumitomo chemical
Tribenuron methyl + Florasulam,TRIFLOS,NEGANOR FFT,JSC(AVGUST)
Tribenuron-Methyl,TOSCANA,AGRIPROTEC,PROPLAN/QUME TICA AGRICULTURAL SOLUTIONS SPAIN SLU
Tribenuron-Methyl,Volteo 75 WG,EL KHADRA,INDUSTRIAS AFRAZA/ALBAU GH EUROPE SARL
Tribenuron-Methyl,LUXOR,SANABEL AGRO,SHARDA CROPCHEM LIMITED INDE
"Acetate d'ammonium + TrimethylamineHCl +1,4- diaminobutane (Putrescine) +DDVP",MERCERATITE KEY,Ets MEZGHANI,Key
Acétate d'ammonium min 8.75 g/sachet +Trimethylaminehydrochloride 1.25 g/sachet + diaminubutane 0.04 g/sachet +KILLDISC insecticide à base d'Esfenvalerate 0.04 g/piége,PherosanCeratitis,NUTRIPLANT,SANSAN PRODESING/
Acide chloro 4 phénoxyacétique +Naphoxy 2acétamide,Procarpil,SEPCM,CMPA
Acide gibberellique,Gibb 3,AGROSYSTEMES,GLOBACHEM
Acide gibberellique,Aminogibb,AMINCO,GLOBACHEM
Acide gibberellique,progibb 40 SG,BIOPROTECTION,VALENTBioscience / SUMITOMO
Acide gibberellique,Giberkey,ETS MEZGHANNI,IndustrialQuimica Key
Acide gibberellique,Protagibb,PROTAGRI,United Phosphorus
Acide gibberellique,Berelex 40 SG,SEPCM,CHEMICAL Agro Europe
Kinetin,X-CYTE SL,NUTRIPLANT,STOLLER EUROPE
Keromone 42.5 ml acetate d'ethyle,Weevil magnet (keromone),BIOPROTECTION,Chemtica international
Hydrolysat de Protéines+Borax,Ceratrap (en bouteilles ou/et en pièges jaunes),BIOPROTECTION,BIOEBERICA S.A
Metaldehyde,ALDEM 3% GR,EXCEL AGRI,SHARDA CROPCHEM LIMITED INDE
Metaldehyde,METAX,DELTA AGRICOLE PLUS,SHARDA CROPCHEM LIMITED INDE
Metaldehyde,LIMAGRAM,EL KHADRA,SIPCAM INAGRA
Proteines hydrolysées,BIOBAIT,BIOPROTECTION,BIOIBIRICA
Proteines hydrolysées,FLYRAL,AGRIPROTEC,BIOIBIRICA
Fluazaindolzine,SALIBRO 500 SC,AGRIPROTEC,CORTEVA
"(E,Z,Z)-3,8 ,11-Tetradecadien -1-yl acetate( 53.8 mg/diffuseur) (E,Z)-3,8 –Tetradecad ien -1-yl acetate(6.2 mg/diffuseur)",SHIN –ETSU MD T,COTUGRAIN,Shin ETSU chemical/ CBC (EUROPE)
Lambda cyhalothrin,power WDG,fertitech,Sharda
Pyriproxyfene,MULIGAN,AGRIPROTEC,PROPLAN
Pyriproxyfene,PROXIMO EC,EL KHADRA,Indsutrias
Azoxystrobine,HYDO 250 SC,STEC,nanjing agrochemical/JIANGYIN SULI CHEMICAL
Cymoxanil+ Zoxamid,REBOOT WG,AGRIMATCO,GOWAN CROP PROTECTION LIMITED
Cyproconazole,Atemi 10 WG,AGRIPROTEC,SYNGENTA CROP PROTECTION
Difenoconazole,Festival 250 EC,SANABEL AGRO,Sharda World Wide
Difenoconazole,SITARA FS,SANABEL AGRO,SHARDA CROPCHEM
Fosetyl-Al,KEYFOL 80 WP,Ets MEZGHANI,LIMIN CHEMICAL
Soufre,Thiopron SC,BIOPROTECTION,UPL
Fluroxypyr +Clopyralid,VEGA EC,AGRIMED DISTRIBUTION,Sharda cropchem
Tribenuron methyl + Florasulam,BOMBA WG,EL KHADRA,JSC(AVGUST)
Tribenuron-Methyl,TOSCANA,AGRIPROTEC,PROPLAN
Cyanamide d’hydrogène,Dormex,BIOPROTECTION,DEGUSSA AG/ ARYSTA LifeScience/ALZ-CHEM
Bacillus thuringiensis,BELTHIRUL 16SC,AGRIPROTEC,PROBLETE
Cypermethrine,CYPGOLD 500 EC,EL MOUSSEM,ARYSTA LIFESCIENCE
Azoxystrobin + Flutriafol,CURAX EXTRA SC,SHARDA CROPCHEM TUNISIE,SHARDA CROPCHEM
Azoxystrobin + Flutriafol,CURATEX EXTRA SC,FERTITECH,SHARDA CROPCHEM
Azoxystrobine +Difenoconazole,Ortiva TOP,SLOGRI,SYNGENTA
Iprodione,SABUESO,AGRIPROTEC,PROPLAN
Iprodione,RovralAquaflo,COTUGRAIN IMPEX,FMC
Iprodione,APRODONE,LIEN AGRICOLE,SHARDA
Iprodione,CLUSTER,RAYEN PHYTAGRI,DIACHEM S.P.A
Iprodione,SINPRO SC,SANABEL AGRO,SINON
Manipropamide +zoxamid,Ampexio WG,BIOPROTECTION,SYNGENTA
Oxathiapiprolin +famoxadone,Zorvec encantia SE,EL BARAKA,CORTEVA
Promocarb +Cymoxanil,proxanil 450 SC,BIOPROTECTION,arysta lifescience
Promocarb +Cymoxanil,OMIX DUO 450 SC,NEGANOR,Agria
Propamocarbe + Fluopicolide,Volare,EL MOUSSEM AGRICOLE,BAYER AG
Propamocarbe +Fenamidone,Consento 450,ATLAS AGRICOLE,BAYER CROPSCIENCE/ Gowan Crop Protection
Propamocarbe +Fosethyl-Al,Filex Energy,ATLAS AGRICOLE,BAYER CROPSCIENCE
Propamocarbe +Fosethyl-Al,Previcur Energy,EL MOUSSEM AGRICOLE,BAYER CROPSCIENCE
Pyraclostrobine + Dimotomorphe,Cabrio Duo,AGRIPROTEC,BASF
Pyraclostrobine +Epoxiconazole,Favia Max,COTUGRAIN IMPEX,BASF
Thiophanate-Méthyl,CAP-TOP,NEGANOR,NANJIG(JIANGSU LANFENG BIOCHEMICAL(fabricant))
Thiophanate-methyl,TIOKEY WP,Ets MEZGHANI,HAILI GUIXI CHEMICAL
Quizalofop –p-ethyl,JAGUAR 100 EC,EL KHADRA,"JIANGSU FENGSHAN GROUP CO,LTD/NANJING FENGSHAN CHEMICAL"
Quizalofop –p-ethyl,SYMBA EC,AGRIPLUS,"JIANGSU FENGSHAN GROUP CO,LTD"
Cyproconazole + Azoxystrobin,Priori Xtra,SOLAGRI,SYNGENTA
Epoxiconazole + Kresoxim methyl,Ogam,STIMA,BASF-ESPAGNOLA
Famoxadone + Mancozebe,Clip,AGRIMATCO,DU PONT INTERNATIONAL
Fenamidone + Fosethyl-Al,Verita,STEC,BAYER CROPSCIENCE
Pencycuron,Monceren,PROMOCHIMIE,BAYER CROPSCIENCE
Prothioconazole +Tebuconazole,Kestrel 240 EC,JADWA AGROTEC,BAYER CROPSCIENCE
Prothioconazole +Tebuconazole +Bixafen,SKYWAY XPRO EC,PROMOCHIMIE,BAYER AG
Prothioconazole + Tebuconazole + Spiroxamine,Cello,AGRONOMIC Land,Non spécifié
Aminopyralydes + Florasulam + 2.4 D EHE,Nikos forte,ATLAS AGRICOLE,Non spécifié
Amidosulfuron + Iodosulfuron + Mefempyr Diethyl,Sekator OD,Non spécifié,Non spécifié
Aminopyralydes + Florasulam,Lancelot 450 WG,Non spécifié,Non spécifié
Arylex active (halauxifen-methyl) + Pyroxsulam + Cloquintocet acide,TARZEK WG,Non spécifié,Non spécifié
Clodinafop-propagyl +Cloquintocet-mexyl,Navigator,BIOPROTECTION,SYNGENTA
Acetamiprid,POtegon 20 SP,PLANETE VERTE,ASTRANOVA
Alphacypermethrine,REMAX EC,FERTITECH,SHARDA CROPCHEM
Chlorantraniliprole,Coragen 20 SC,SEPCM,DU PONT/FMC
Cypermethrine,SYNCHRO,EL KHADRA,SHARDA WORLDWIDE
Cypermethrine,SINOCYPER,EL KHADRA,CROPSAVE PESTICIDES INDIAN PVT.LTD
Captane,CAPLANT EC,FERTIPLANT,Sharda Cropchem Limited
captane,KAPI-TOP 48 EC,Agrinova,SHARDA CROPCHEM
Fluopyram + Trifloxystrobine,Luna sensation,ATLAS AGRICOLE,BAYER CROPSCIENCE
Fluoxastrobine,EVITO 480 SC,EL MOUSSEM AGRICOLE,ARYSTA LIFESCIENCE/UPL
Fluoxastrobine + Tebuconazole,Evito T,EL MOUSSEM AGRICOLE,ARYSTA LIFESCIENCE/UPL
Fluoxastrobine + Propamocarbhydrochloride,EVITO P,EL MOUSSEM,ARYSTA LIFESCIENCE/ UPL
Laminarin,VACCIPLANT,EL MOUSSEM,GOEMAR SAS/ARYSTA/UPL
Mandipropamide,amphore SC,SOLAGRI,SYNGENTA
Myclobutanil,FLUANCE 125 EC,EL MOUSSEM AGRICOLE,Indofil Industries Limited/ARISTEAS Agro
Pyraclostrobine +Tebuconazole,PILARTEP SC,RAYEN PHYTAGRI,PILARQUIIM (jiangsu) CO.LTD CHINE
Spiroxamine +difeconazole,SPIROX D EC,BIOPROTECTION,arystalifescience/UPL
Sulfate de cuivre tribasique,TRIBASE -FLOW SC,Atlas Agricole,NUFARM
Sulfate de cuivre tribasique,Cuproxat,EL MOUSSEM AGRICOLE,NUFARM
sulfatetetracuivrique tricalcique)+ cymoxanil,CUPERTINE SUPER WP,FERTITECH,ALINTRA ESPAGNE
Trichodermaatroviride 77B,T-77 WP,Aloha agriculture,Plant Health Products (phy)/Sud d'afriquePlant Health Products (phy)
Zirame,Thionicautodispers ible,AGROSYSTEMES,TAMINCO/EASTMAN
Fluroxypyr,keynyl herbicide EC,etsmezghani,industrialquimicak ey
Fluazaindolzine,SALIBRO 500 SC,BARAKA Agricole,CORTEVA
Metaflumizone,VERSIMO 240 SC,AGRIPROTEC,BASF
Métam sodium,Fumical,BIOPROTECTION,UPL/ARYSTA LIFESCIENCE
Azoxystrobin + Flutriafol,CURAX EXTRA SC,SHARDA CROPCHEM TUNISIE,SHARDA CROPCHEM
Azoxystrobin + Flutriafol,CURATEX EXTRA SC,FERTITECH,SHARDA CROPCHEM
Chlorothalonil +Propiconazole +Cyproconazole,"Cherokee 487,5 SE",SOLAGRI,SYNGENTA
Chlorothalonil +Metalaxyl –M,ARIS GOLD,COTUGRAIN IMPEX,SYNGENTA
Difenoconazole +Cyflufenamid,DYNALI DC,SOLAGRI,SYNGENTA
Difenoconazole + Fludioxonil,DIFEND EXTRA FS,AGROSYSTEMES,Globachem
Difenoconazole + Fludioxonil,Celest Extra 50 FS,BIOPROTECTION,SYNGENTA
Difenoconazole + Fludioxonil +Thiamethoxam,CelestTop 312.5,BIOPROTECTION,SYNGENTA
Difenoconazole+propiconazole,NANJI PLUS EC,STEC,JIANGYIN FENGDENG CROP SCIENCE CO (Fabriquant)/NANJING Arochemical (distributeur)/chine
Difenoconazole + Fludioxonil +Sedexane,Vibrance Gold,BIOPROTECTION,SYNGENTA
Difenoconazole +Cyflufenamid,CIDELY TOP 140 DC,AGRIPROTEC,SYNGENTA
Difenoconazole +Cyflufenamid,MELCAR TOP 140 DC,COTUGRAIN IMPEX,SYNGENTA
Difenoconazole +Métalaxyl-M,SpectroExtreme 115 FS,BIOPROTECTION,SYNGENTA
Difenoconazole +Métalaxyl-M,DIVIDEND EXTREME 115 FS,SOLAGRI,SYNGENTA
Difenoconazole + Metalaxyl –M + Thiamethoxam,APRON STAR WS,COTUGRAIN,SYNGENTA
Diméthomorphe +Fluazinam,FOLY STAR 400 SC,SEPCM,AAKO
Dimethomorphe +Mancozèbe,Acrobat MZ WG,COTUGRAIN IMPEX,BASF
Dimetomorphe +Folpel,MORPHEE 71.3 WG,BIOPROTECTION,AAKO
Dimetomorphe +Folpel,DENIM,RAYEN PHYTAGRI,Sharda cropchem
Dimetomorphe +Folpel,FLOPY DUO,AGRINOVA,Sharda cropchem
Dinocap Meptyl + Myclobutanil,AGRIKAR STAR,ATLAS AGRICOLE,DOW AGROSCIENCES
Dinocap Meptyl + Myclobutanil,SABITHANE GOLD,PROMOCHIMIE,DOW AGROSCIENCES
Dithianon,DELAN 500 SC,BIOPROTECTION,BASF
Epoxiconazole + Fenpropimorph,EPIC TOP SE,COTUGRAIN,BASF
Epoxiconazole + Kresoxim-methyl,ALLEGRO,AGRIMATCO,BASF
Epoxiconazole + Kresoxim-methyl,Ogam,STIMA,BASF
Epoxiconazole + Thiophanate-methyl,Rex Duo,STIMA,BASF
Epoxiconazole + Thiophanate-methyl,DUETT ULTRA EC,AGRIPROTEC,BASF
Epoxiconazole+Fluxapyroxad(xemium),ADEXAR XTRA EC,STIMA,BASF
Famoxadone + Mancozebe,Clip,AGRIMATCO,DU PONT INTERNATIONAL/corteva
Famoxadone +cymoxanil,VENUS WG,STIMA,"Shengnong Pesticide,"
Fludioxonil +Cyprodinil,"switch 62,5 WG",BIOPROTECTION,SYNGENTA
Fludioxonil +Cyprodinil,Chorus Double,BIOPROTECTION,SYNGENTA
Fluopyram + Tebuconazole,Luna Experience 400 SC,SEPCM,BAYER CROPSCIENCE
Fluopyram + Trifloxystrobine,Luna Sensation,ATLAS AGRICOLE,BAYER CROPSCIENCE
Fluoxastrobine,EVITO 480 SC,EL MOUSSEM AGRICOLE,ARYSTA LIFESCIENCE
Flutriafol,Radikal SC,AGRIMED DISTRIBUTION,SHARDA
Flutriafol,Flutri 125 SC,RAYEN PHYTAGRI,SHARDA
Flutriafol +Thiabendazole,Vincit F,AGRIPROTEC,CHEMINOVA/FMC
Flutriafol + Tébuconazole,Pointer Duo,AGROSYSTEMES,CHEMINOVA/FMC
Fluxapyroxad + Pyraclostrobine,PRIAXOR SE,COTUGRAIN IMPEX,BASF
Folpel +Benalaxyl +cymoxanil,CIFOXIL WP,promochimie,SIPCAM INAGRA
Folpel +Benalaxyl +cymoxanil,FOBECI,INNOVA,SIPCAM INAGRA
Folpet+ Foséthyl-Al,Mikal Flash,SEPCM,BAYER CROPSCIENCE
Fosethyl al + Folpel + Iprovalicarbe,CASSIOPEE WG,PROMOCHIMIE,BAYER AG
Foséthyl-Al,Filal,EL KHADRA,AFRASA
Foséthyl-Al,Alial,AGRIPROTEC,PROPLAN
Foséthyl-Al,Aliette express,SEPCM,BAYER CROPSCIENCE
Fosetyl aluminium,CLEANER WP,FERTITECH,HANGZHOU TOPAGRO BIOSCIENCE
Fosethyl-Al +Cymoxanil +Folpet,Fosbel extra,AGRIPROTEC,PROBELTE
Fosethyl-Al +Cymoxanil +Folpet,Magma Triple,EL KHADRA,AFRASA
Fosethyl-Al +Cymoxanil +Folpet,Katanga Triple WP,NEGANOR,PROPLAN
Imidacloprid+Tebuconazole,GIZMO SUPER FS,AGRIPROTEC,NUFARM
Iprodione,FUGIX SC,EL KHADRA,SIPCAM INAGRA
Iprodione,Icaro,INNOVA,SIPCAM INAGRA
Mefentrifluconazole +Fluxapyroxade,VERYDOR,COTUGRAIN,BASF
Metalaxyl-M +fludioxinil + sedaxane,VIBRANCE MAXX FS,BIOPROTECTION,SYNGENTA
Metirame de zinc,Polyram DF,STIMA,BASF
Oxathiapiprolin +zoxamide,ZorvecVinabel SE,ATLAS AGRICOLE,CORTEVA
Oxychlorure de cuivre,Valtonex flow SC,NEGANOR,IQV
Oxychlorure de cuivre + Mancozèbe,AFROSAN DUPLO,EL KHADRA,AFRASA
Prochloraze +Triticonazole,REAL SUPER,AGRIPROTEC,BASF
Propiconazole +Cyproconazole,Alto super,BIOPROTECTION,SYNGENTA
Propiconazole +Tebuconazole,Colossal Pro,EL KHADRA,AUGUST CROPROTECTION
Prothioconazole +Tebuconazole + Spiroxamine,Cello,AGRONOMIC Land,BAYER CROPSCIENCE
Prothioconazole +Tebuconazole+Bixafen,SKYWAY XPRO EC,PROMOCHIMIE,BAYER AG
Pyraclostrobine + Dimotomorphe,Cabrio Duo,AGRIPROTEC,BASF
Pyraclostrobine +Epoxiconazole,Favia Max,COTUGRAIN IMPEX,BASF
Pythium oligandrum,POLYVERSUM,FERTIPLANT,BIOPREPARATY
Reynoutria sachalinensis,REYSANA,BIOPROTECTION,ELEPHANT VERT EUROPE SA
Sedaxane+Fludioxonil,VIBRANCE DUO FS,BIOPROTECTION,SYNGENTA AGRO AG
Soufre,Sulpex,AGRIMATCO,Agrostulln GmbH
Thiophanate-Méthyl,Top Plus,SOCOOPEC,AGRIA S.A
Thiophanate-Méthyl,Lagrophanate 70,STEC,CEQUISA / PHOSPHONIA/UPL
"2,4-D Sel d’amine",Chardol 720 SL,BIOPROTECTION,NUFARM
"2,4-D Sel d’amine",Topol,EL KHADRA,SHARDA
"2,4-D Sel d’amine",SHARMINA 720 SL,AGRINOVA,SHARDA
"2,4-D Sel d’amine",Stopweeds,SANABEL AGRO,SHARDA
"2,4-D Sel de Dimethylamine",Amanora,AGRIMATCO,UPL
"2,4-D Sel de Dimethylamine",DIAMEX SL,COTUGRAIN,UPL
"2,4-D Sel de Dimethylamine",BLITZ 720 SL,EL KHADRA,"JIANGSU FENGSHAN GROUP CO,LTD/NANJING FENGSHAN CHEMICAL"
"2,4-D Sel de Dimethylamine",BOZAR,AGRIPLUS,"JIANGSU FENGSHAN GROUP CO,LTD"
2.4-D + Glyphosphate,KYLEO,EL MOUSSEM AGRICOLE,NUFARM
2.4-D +Glyphosphate,NUFOSATESL,AGRIPROTEC,NUFARM
Aclonifen,Challenge 600SC,EL MOUSSEM AGRICOLE,Bayer AG
Iodosulfuron + MefempyrDiethyl,Sekator OD,AGRONOMIC Land,BAYER CROPSCIENCES
Aminopyralydes + Florasulam,Lancelot NEO 450 WG,SEPCM,DOW AGROSCIENCES
Aminopyralydes + Florasulam +2.4 D EHE,Nikos forte,ATLAS AGRICOLE,DOW AGROSCIENCES
Arylex active(halauxifen-methyl) + pyroxsulam +cloquintocet acide,TARZEK + UPTAKE SL,ATLAS AGRICOLE,Dow Agrosciences
Clethodim,CLODIM FORTE 240 EC,SOLAGRI,SYNGENTA
"Dicamba +2,4 – D",Dialen Super,BIOPROTECTION,SYNGENTA
Dicamba +Prosulfuron,CASPER 55 WG,SOLAGRI,Syngenta
Diflufenican + Flufenacet + Flurtamone,Vigon 420 SC,PROMOCHIMIE,BAYER CROPSCIENCE
Diflufenican + Metsulfuron-méthyl,Alliance,BIOPROTECTION,NUFARM S.A
Diflufenican + Metsulfuron-méthyl,polymer WG,AGRIPROTEC,NUFARM S.A
Diflufenican +flufenacet,RELIANCE SC,BIOPROTECTION,UPL
Dimethenamid-P+Metazachlor +Quinmerac,BUTISAN AVANT SE,COTUGRAIN,BASF
Florasulam +tribenuron-methyl,GRANSTAR MAX WG,AGRIPROTEC,chenminova/FMC
Fluazifop-P-Butyl,FOUZILE EC,ETS MEZGHANI,INDUST. QUIMICA KEY
Flucarbazone-sodium,Everest 70 WG,AGRIPROTEC,ARYSTA LIFESCIENCE
Flucarbazone-sodium,Vulcano,AGRIPROTEC,ARYSTA LIFESCIENCE
Fluroxypyr +Clopyralid,KINVARA ME,AGRIPROTEC,BRACLAY
Glufosinate d'aluminium,Glufosam SL,sharda crochem tunisie,sharda cropchem
Glyphosate,GLYFOSTAR,SLDA,SHARDA CROPCHEM Ltd
Glyphosate,GLYPHO-CAP,NEGANOR FFT,HOCKLEY INTERNATIONAL LIMITED
Glyphosate,GLYFAST 450 SL,AGRIPROTEC,Braclay chemicals
Glyphosate + Oxyfluorfène,Brout,SEPCM,AAKO
Glyphosate +Carfentrazone-ethyl,Affinex,COTUGRAIN IMPEX,FMC
Halauxifen-methyl +aminopyralid +cloquintocet –mexyl,TREZAK EC,EL BARAKA AGRICOLE,Dow agroscience
Linuron,Afalon 50 L SC,SEPCM,AAKO BV
Mésosulfuron-Méthyl(Mesomax) +Iodosulfuron +Méfenpyrdiéthyl,Amilcar,STEC,BAYER CROPSCIENCE
Mésosulfuron-Méthyl+Iodosulfuron – Méthyl Sodium + Méfenpyrdiéthyl (SAFENER),Amilcar OD,STEC,BAYER CROPSCIENCE
Mésosulfuron-Méthyl+Iodosulfuron-Methyl +Méfenpyrdiéthyl,Atlantis OD,ATLAS AGRICOLE,BAYER CROPSCIENCE
Metribuzine,Maestro 75 WG,BIOPROTECTION,AAKO
Metribuzine,Sencor 600SC,PROMOCHIMIE,BAYER CROPSCIENCE
Metribuzine,MAYA,SLDA,UPL
Metribuzine,DANCOR 70,PROTAGRI,UPL
Pendimethaline +Clomazon,STALLION,AGRIPROTEC,FMC
Phenmedipham + Desmedopham +Ethofumesate,BETASANA TRIO,AGRIPROTEC,UPL Limited
Pinoxaden +Clodinafop-propargyl+Cloquintocet-mexyl,Traxospratic,BIOPROTECTION,Syngenta
Pinoxaden +Clodinafop-propargyl+Florasulam+cloquintocet-mexyl,Swipe,BIOPROTECTON,Syngenta
Pinoxaden +Cloquintocet-méxyl,Axial pratic,BIOPROTECTION,Syngenta
Pyroxsulam +Florasulam +Cloquintocetmexyl,Floramix,SEPCM,DOW AGROSCIENCES
Pyraflufen-ethyl,VOLCAN EC,ATLAS AGRICOLE,SPICAM INAGRA SA
Quizalofop –p-ethyl,JAGUAR 100 EC,EL KHADRA,"JIANGSU FENGSHAN GROUP CO,LTD/NANJING FENGSHAN CHEMICAL"
Quizalofop –p-ethyl,SYMBA EC,AGRIPLUS,"JIANGSU FENGSHAN GROUP CO,LTD"
Saflufenacil,Heat,AGRIPROTEC,BASF CORPORATION
Simazine,SIMAKEY,Ets MEZGHANI,INDUSTRIAL QUIMICA KEY/
S-metolachlor,Dual gold 960 EC,AGRIPROTEC,SYNGENTA
Tribenuron-Methyl,Corida 75 WG,SOCOOPEC,AGRIA
Tribenuron-Methyl,TRIBUNEO 75 G,SSCC,AGRIA
Trebuniron-methyl + Florasulame,FLAME DUO SG,SOLAGRI,ALBAUGH
Trifluraline,Herbaline,SEPCM,AAKO
Trifluraline,RALINE 480 EC,EL KHADRA,"JIANGSU FENGSHAN GROUP CO,LTD/NANJING FENGSHAN CHEMICAL"
Trifluraline,HERBASTAR EC,AGRIPLUS,"JIANGSU FENGSHAN GROUP CO,LTD"
Trifluraline,Flural,Ets MEZGHANI,INDUSTRIAL Q.
Hydrolysat de Protéines,CeraBait,EL MOUSSEM,EVIE MICHAAILIDES
Dichloroprop-p,clementgros,SANABEL AGRO,NUFARM
Alkylphenolexy-Ethylène,Etaldyne 95,SEPCM,CMPA/Espagne
Métaldéhyde,Antilimace granule,SEPCM,CEQUISA S.A
Methaldehyde,ESCARGOCHE,SOCOOPEC,SHARDA
Huile de colza,codacide EO,AGRIMATCO,Mirocide Ltd
Huile non ionique,GARAL EC,SOLAGRI,Syngenta
Métaldéhyde,Super meta,STEC,"CEQUISA/PHOSPHONIA, SL)"
Aurebasidium pillulan(2 souches) :DSM 14940 +DSM 14941,Blossom protect,STIMA,BIO FERM
Acetamiprid + pyriproxyfen,CANVION310 DC,COTUGRAIN,Syngenta Crop Protection
"Bacillus thuringiensis (spKurstaki),souche ABTS-351",touta stop WP,ets mezghani,industrial quimica key
Cyantraniliprole +Acibenzolar-S-methyl,PLESIVA ALPHA SC,BIOPROTECTION,SYNGENTA
Cypermethrine,CYPGOLD 500 EC,EL MOUSSEM,ARYSTA LIFESCIENCE
Cypermethrine,CYRUX,PROTAGRI,UPL
Cypermethrine,Belem 0.8 MG,SEPCM,SBM FORMULATION/CMPA
Cyperméthrine,Selene,ETS. MEZGHANI,INDUSTRIAL QUIMICA KEY
Cyperméthrine,Sherpa,JADWA AGROTEC,CMPA
Azoxystrobine,Cayen 500 WG,RAYEN PHYTAGRI,SHARDA
Azoxystrobine,SINSTAR SC,SANABEL AGRO,SINON CORPORATION
Azoxystrobine,Globaztar 250 SC,AGROSYSTEMES,Globachem
Azoxystrobine +Difenoconazole,FULL TOP SC,NEGANOR,JIANGYIN SULI CHEMICALCO
Azoxystrobine +Difeconazole,PRIORI GOLD 250 SC,SOLAGRI,SYNGENTA Crop Protection
Azoxystrobine +Epoxiconazole,TAZER XPERT SC,el moussem,NUFARM
Azoxystrobin + Flutriafol,CURAX EXTRA SC,SHARDA CROPCHEM TUNISIE,SHARDA CROPCHEM
Azoxystrobin + Flutriafol,CURATEX EXTRA SC,FERTITECH,SHARDA CROPCHEM
Captane,FILDER,EL MOUSSEM,ARYSTA LIFESCIENCE/UPL
Captane,Captan 83 WP,AGRIPROTEC,ARYSTA
Chlorothalonil +Tebuconazole,Tiger,EL MOUSSEM AGRICOLE,PARIJAT INDUSTRIES
Chlorothalonil +Tebuconazole,CAMARO COMBI SC,RAYEN PHYTAGRI,PARIJAT INDUSTRIES
Chlorothalonil +Tebuconazole,Timpani,EL MOUSSEM AGRICOLE,NUFARM
Cyflufenamid,CONFIRM 5 EW,EL MOUSSEM,NIPPON SODA/ Nisso Chemical Europe GmbH
Cyproconazole,Xpert WG,EL KHADRA,Sharda
Cyproconazole +Azoxystrobin,Priori Xtra,SOLAGRI,SYNGENTA
Cyproconazole +Propiconazole,WINTER 41 EC,AGRIMED DISTRIBUTION,SHARDA
Cyproconazole +Propiconazole,TAZOLE 410 EC,EXCEL AGRI,SHARDA
Epoxiconazole,Nupoxyn,EL MOUSSEM AGRICOLE,NUFARM
Epoxiconazole,ceriazole SC,agriprotec,NUFARM
Epoxiconazole,Orage,SANABEL AGRO,SINON CORPORATION
Epoxiconazole+Fluxapyroxad(xemium),ADEXAR XTRA EC,STIMA,BASF
Famoxadone + Mancozebe,Clip,AGRIMATCO,DU PONT INTERNATIONAL/corteva
Famoxadone +cymoxanil,VENUS WG,STIMA,"Shengnong Pesticide,"
Flutriafol + Tébuconazole,Pointer Duo,AGROSYSTEMES,CHEMINOVA/FMC
Fluxapyroxad + Pyraclostrobine,PRIAXOR SE,COTUGRAIN IMPEX,BASF
Iprodione,Driza WG,EL KHADRA,INDSUTRIAS
Mancozébe,MANCOFLASH,RAYEN PHYTAGRI,INDOFIL
Mancozèbe,Triziman 80,AGRIPROTEC,UPL
Mandipropamide +Difenoconazole,CARIAL TOP,BIOPROTECTION,SYNGENTA
Mandipropamide +Mancozebe,amphore gold WG,SOLAGRI,SYNGENTA
Mandipropamid+ Oxathiapiprolin,ORONDIS ULTRA280 SC,Cotugrain,Syngenta Crop Protection
Mefentrifluconazole +Fluxapyroxade,VERYDOR,COTUGRAIN,BASF
Oxathiapiprolin +famoxadone,Zorvec encantia SE,EL BARAKA,CORTEVA
Penconazole,Topenco 100 EC,AGROSYSTEMES,GLOBACHEM
Penconazole,BuckleR,AMINCO,GLOBACHEM
Pencycuron,Monceren,PROMOCHIMIE,BAYER CROPSCIENCE/Gowan Crop Protection
Penthiopyrad,KABUTO,EL MOUSSEM,"Mitsui Chemicals Agro,Inc"
Propamocarbe +Fosethyl- Al,Filex Energy,ATLAS AGRICOLE,BAYER CROPSCIENCE
Propamocarbe +Fosethyl- Al,Previcur Energy,EL MOUSSEM AGRICOLE,BAYER CROPSCIENCE
Propiconazole,syterna EC,ets mezghani,fengdeng usa
Propiconazole,VALEO 25 EC,delta agricole plus,Sharda cropchem
Propiconazole,TIFO 25 EC,FERTIPLANT,Sharda cropchem
Propiconazole,Tilt 250,BIOPROTECTION,SYNGENTA
Propinèbe,Antracol,PROMOCHIMIE,BAYER CROPSCIENCE
Prothioconazole +benzovindiflupyr(SOLATENOL),CERATAVO ERA,BIOPROTECTION,SYNGENTA
Prothioconazole + Trifloxystrobine,Madison 263 SC,SEPCM,BAYER CROPSCIENCE
Prothioconazole +Tebuconazole,PROTECT PLUS EC,EXCEL AGRI,SHARDA CROPCHEM
Prothioconazole +Tebuconazole,Perfecto EC,SHARDA,SHARDA
Prothioconazole +Tebuconazole + Spiroxamine,Cello,AGRONOMIC Land,BAYER CROPSCIENCE
Prothioconazole +Tebuconazole+Bixafen,SKYWAY XPRO EC,PROMOCHIMIE,BAYER AG
Pyraclostrobine + Dimotomorphe,Cabrio Duo,AGRIPROTEC,BASF
Pyraclostrobine +Epoxiconazole,Favia Max,COTUGRAIN IMPEX,BASF
Tebuconazole,COLOSSALSous réserve de changement de DC,HALAB TUNISIE,AVGUST CROP CORPORATION
Tebuconazole,Timer FS 060,STEC,BAYER CROPSCIENCE
Tébuconazole,SPEEDY SC,EL KHADRA,NINGBO SUNJOY AGROSCIENCE INDUSTRY/Cropidea
Tébuconazole,Konan EW,ETS MEZGHANI,INDUSTRIAL QUIMICA KEY
Tébuconazole,Horizon 250 EW,PROMOCHIMIE,BAYER CROPSCIENCE
Tébuconazole,TEBUZOL 25 EW,Agriprotec,UPL LIMITED
Tebuconazole +Prochloraz,Mystic Pro,AGRIPROTEC,NUFARM SAS
Tebuconazole +Prochloraz,Winner,BIOPROTECTION,NUFARM SAS
Cléthodime,Select Super,BIOPRO,Non spécifié
Pinoxaden +Clodinafop-propargyl+Florasulam+cloquintocet-mexyl,Swipe,BIOPROTECTON,Syngenta
Pinoxaden +Cloquintocet-méxyl,Axial pratic,BIOPROTECTION,Syngenta
Deltaméthrine,Delta Decis EC 25,EL MOUSSEM AGRICOLE,BAYER CROPSCIENCE
Deltaméthrine,Deltacal,BIOPROTECTION,ARYSTA LIFESCIENCE
Deltaméthrine,Fruithrine,PROTAGRI,United Phosphorus Ltd
Captane,MITANE,SOCOOPEC,SHARDA
Captane,PROTHANE,DELTA AGRICOLE PLUS,SHARDA
Captane,CAPITOL 80 WG,AGRONOMIC Land,SHARDA
Captane,Captan 83 WP,AGRIPROTEC,ARYSTA LIFESCIENCE
Captane,Akotan 830 WP,SEPCM,ARYSTA LIFESCIENCE
Chlorothalonil +Metalaxyl –M,ARIS GOLD,COTUGRAIN IMPEX,SYNGENTA
Cyproconazole + chlorothalonil,CHAMPION,SOCOOPEC,SHARDA CROPCHEM
Cyproconazole + chlorothalonil,CYCLONE,SANABEL AGRO,SHARDA CROPCHEM
Cyproconazole + Propicinazole,Menara 410 EC,AGRIPROTEC,SYNGENTA
Cyproconazole + Propicinazole,TAZOLE 410 EC,AGRONOMIC Land,SHARDA
Cyproconazole + Propicinazole,TWIST SUPER EC,ATLAS AGRICOLE,SHARDA
Cyproconazole + Propicinazole,WINTER 41 EC,AGRIMED DISTRIBUTION,SHARDA
Cyproconazole + Picoxystrobine,Acanto plus,SEPCM,DU PONT INTERNATIONAL
Cyproconazole + Picoxystrobine,STINGER SC,ATLAS AGRICOLE,DU PONT INTERNATIONAL
Cyprodinil,Unix 50 WG,EL MOUSSEM AGRICOLE,SYNGENTA
Epoxiconazole,Opus,STIMA,BASF
Epoxiconazole,Soprano,SEPCM,AAKO
Epoxiconazole,Scooby doo,AMINCO,GLOBACHEM
Epoxiconazole,Spike,AGROSYSTEMES,GLOBACHEM
Epoxiconazole,Eponeo,AMINCO,Cheminova
Flutriafol + Thiabendazole,Vincit F,AGRIPROTEC,CHEMINOVA
Mandipropamide + Chlorothalonil,Carial Opti,BIOPROTECTION,SYNGENTA
Propiconazole,BANNER EC,AGRIPLUS,HEBEI VEYONG BIO-CHEMICAL CO.LTD
Propiconazole + Cyproconazole,Alto super,BIOPROTECTION,SYNGENTA
Propiconazole + Tebuconazole,Collosal Pro,EL KHADRA,AUGUST JSC
Prothioconazole +Tebuconazole,Kestrel 240 EC,JADWA AGROTEC,BAYER CROPSCIENCE
Prothioconazole + Tebuconazole + Spiroxamine,Soligor 425,ATLAS AGRICOLE,BAYER CROPSCIENCE
Tebuconazole,Mycoseeds FS 60,EL KHADRA,Sharda World wide
Tebuconazole,SONG EC,ATLAS AGRICOLE,SIPCAM INAGRA
Tébuconazole,Matiz,SANABEL AGRO,ROTAM AGROCHEMICAL
Tébuconazole,METROSTAR SC,AGRIPLUS,NINGBO SUNJOY AGROSCIENCE INDUSTRY
Triadimenol + Spiroxamine + Tebuconazole,Falcon 460 SC,AGRONOMIC Land,BAYER CROPSCIENCE
Clodinafop-propagyl +Cloquintocet-mexyl,Navigator,BIOPROTECTION,SYNGENTA
Propoxycarbazon Sodium,Attribut 70 SG,EL MOUSSEM AGRICOLE,BAYER CROPSCIENCE
Beauveriabassianastrain R444,Bb-Protec WP,ALOHA Agriculture,Plant Health Products (phy)/Sud d'afrique/Andermatt PHP(Pty) Ltd/ANDERMATT BIOCONTROL GROUP AG
Bifenazate,COMITE 240 SC,BIOPROTECTION,CHEMTURA/AR
Emamectin benzoate,Proact 50 EC,TASMID,ASTRACHEM
Emamectin benzoate,PROFAST EC,PLANETE VERTE,ASTRACHEM/ASTRANOVA
Emamectin benzoate,Proclaim 05 SG,BIOPROTECTION,SYNGENTA
Emamectin benzoate,JEMSTAR,FERTIPLANT,Krishlifescience
Emamectin Benzoate + Pyriproxyfen,PROXYSAFE EC,PLANETE VERTE,SHANDONG WEIFANG RAINBOW CHEMICAL CO.LTD
Emamectin benzoate + Spinosad,SPANVIC PLUS SC,UNIAGRO,SHANDONG WEIFANG RAINBOW CHEMICAL CO.LTD
Emamectin benzoate + Spinosad,SMECTO SC,NEGANOR FFT,SHANDONG WEIFANG RAINBOW CHEMICAL CO.LTD
Etofenprox,TREBON EC,ATLAS AGRICOLE,SIPCAM INAGRA S.S
Etoxazole,BORNEO 10 SC,BIOPROTECTION,SUMITOMO CHEMICHAL AGRO EUROPE S.A.S
"(E,Z,Z)-3,8,11-Tetradecadien -1- yl acetate( 53.8 mg/diffuseur) (E,Z)-3,8 –Tetradecad ien -1-yl acetate(6.2 mg/diffuseur)",SHIN –ETSU MD T,COTUGRAIN,Shin ETSU chemical/ CBC (EUROPE)
Fenpyroximate,FLASH EVO,EL KHADRA,SIPCAM INAGRA (ancientfabricant: NIHON NOHYAKU Co. Ltd)
Fenpyroximate,Mitacid,INNOVA,SIPCAM INAGRA (ancientfabricant: NIHON NOHYAKU Co. Ltd)
Lambda-cyhalothrine,BREAK ME SC,EL KHADRA,AUGUST inc/CORPORATE
Indoxacarbe,Vaulent,TASMID,ASTRACHEM
Azoxystrobine,ASTRO EC,TASMID,ZHEJIANG E-TONG CHEMICAL
Azoxystrobine,LEGADO 250 SC,EL KHADRA,INDUSTRIAS AFRAZA/ALBAUGH EUROPE SARL
Azoxystrobine +Cyproconazole,COUGAR SC,PROTAGRI,UPL LIMITED
Azoxystrobine +Cyproconazole,DOUBLE FORCE,SANABEL AGRO,SHARDA
Azoxystrobine +Difenoconazole,ALLIANCE TOP SC,AGRI PLUS,NANJING AGROCHEMICAL
Azoxystrobine +difenoconazole,Black panther SC,FERTITECH,HANGZHOU TOPAGRO BIOSCIENCE
Captane,CAPLANT EC,FERTIPLANT,Sharda Cropchem Limited
captane,KAPI-TOP 48 EC,Agrinova,SHARDA CROPCHEM
Cymoxanil +Famoxadone,Equation Pro,SEPCM,DU PONT (Taiwan) AGRISCIENCE
Cymoxanil + Métirame de Zinc,BATO,AGRIMATCO,BASF
Cymoxanil + Métirame de Zinc,Aviso DF,STIMA,BASF
Difenoconazole+Cyflufenamid,DYNALI DC,SOLAGRI,SYNGENTA
Difenoconazole + Fludioxonil,DIFEND EXTRA FS,AGROSYSTEMES,Globachem
Dodine,Syllit 400 SC,PROTAGRI,ARYSTA Life Science Benelux / Belgique/UPL
Dodine,Efluzin 400 SC,SEPCM,ARYSTA Life Science Benelux / Belgique/ARYSTA
Fluopyram + Tebuconazole,Moon Experience SC,ATLAS AGRICOLE,BAYER CROPSCIENCE
Fluopyram + Trifloxystrobine,Luna Sensation,ATLAS AGRICOLE,BAYER CROPSCIENCE
Kreoxim-methyl,SUGOBY WG,RAYEN PHYTAGRI,"LAINCO ,S,A/ESPAGNE"
Krésoxim-méthyl,QUIMERA WG,EL KHADRA,INDUSTRIAS AFRAZA/ALBAUGH EUROPE SARL
Laminarin,VACCIPLANT,EL MOUSSEM,GOEMAR SAS/ARYSTA/UPL
Myclobutanil,FLUANCE 125 EC,EL MOUSSEM AGRICOLE,Indofil Industries Limited/ARISTEAS Agro
Oxathiapiprolin +famoxadone,Zorvecencantia SE,EL BARAKA,CORTEVA
Pyraclostrobin +Boscalid,FOXTON 30 SC,AGRIMATCO,"LoatingYoloo Bio-Technology Co ,Ltd/chine"
Promocarb +Cymoxanil,proxanil 450 SC,BIOPROTECTION,arystalifescience
Promocarb +Cymoxanil,Rival duo 450 SC,AGRONOMIC Land,Agria
Prothioconazole + Trifloxystrobine,DELARO DUO SC,ATLAS AGRICOLE,BAYER CROPSCIENCE
Prothioconazole +Tebuconazole,Perfecto EC,SHARDA CROPCHEM tunisie,Sharda Cropchem
Trichodermaatroviride 77B,T-77 WP,Aloha agriculture,Plant Health Products (phy)/Sud d'afriquePlant Health Products (phy)
Zirame,Thionicautodispers ible,AGROSYSTEMES,TAMINCO/EASTMAN
Fluroxypyr,keynyl herbicide EC,etsmezghani,industrialquimicakey
Fluroxypyr (ester1-methylheptyl),Flurostar 200,AGROSYSTEMES,GLOBACHEM
Fluroxypyr +Clopyralid,VEGA EC,AGRIMED DISTRIBUTION,Non spécifié
Propaquizafop,KIFEN EC,SANABEL AGRO,SHARDA CROPCHEM limited
Propyzamide,PROPYZ,AGRIPROTEC,BARCLAY CHEMICALS Ltd
Propyzamide,PROPER FLO SC,AGROSYSTEMES,Globachem
Fluazaindolzine,SALIBRO 500 SC,BARAKA Agricole,CORTEVA
Brodifacoum,Broditop,ETS MEZGHANI,ZAPI SPA
Abamectine,ROMECTIN EC,AGRONOMIC LAND,"ROTAM CHEMISTRY CO.,Ltd"
Abamectine,VARGAS ULTRA EC,SOLAGRI,"ROTAM CHEMISTRY CO.,Ltd/ALBAUGH"
Abamectine,Vertimec,BIOPROTECTION,SYNGENTA
Abamectine,Diva 1.8 EW,EL MOUSSEM AGRICOLE,CHEMINOVA
Abamectine,ZORO,SSCC,CHEMINOVA/ FMC
Acetamiprid,CAPILAN SL,NEGANOR,AGROW ALLIED
Beauveria bassiana strain ATCC 74040,Naturalis,COTUGRAIN,CBC europe/italie
Chlorantraniliprole +LambdaCyhalothrine,BESIEGE 150 ZC,COTUGRAIN IMPEX,SYNGENTA
Cyflumetofen,DANIRANGER 10DC,AGRIMATCO,OAT AgrioCO.Ltd
Cyflumetofen,VELAR 20 SC,cotugrain,OAT agrio(fab)/Japo(LI
Cypermethrine,SYNCHRO,EL KHADRA,SHARDA CROPCHEM LIMITED INDE
Cypermethrine,SINOCYPER,EL KHADRA,CROPSAVE PESTICIDES INDIAN PVT.LTD
Cypermethrine,CYPRINE,TASMID,CROPSAVE PESTICIDES INDIAN PVT.LTD
Cypermethrine,CYPERNOVA,AGRINOVA,SHARDA CROPCHEM LIMITED INDE
Cypermethrine,CYPGOLD 500 EC,EL MOUSSEM,ARYSTA LIFESCIENCE /UPL
Huile minérale,PetrOil,SOCOOPEC,PETRONAS LUBRICANTS
Huile minérale,Plant oil,STE EL KHADRA,INDUSTRIAS AFRAZA/ALBAUGH EUROPE SARL
Indoxacarb,PIXEL SC,FERTITECH,TOPAGRO BIOSCIENCE
Indoxacarb,POTER,PROTAGRI,NANJING AGROCHEMICAL
Indoxacarb,INDOXAL XTRA WDG,AGRINOVA,AGROBEATS TECH CHINE
Indoxacarb,VEROX WDG,SANABEL AGRO,AGROBEATS TECH CHINE
Indoxacarbe,OXAL SC,NEGANOR,Jingboagrochemicals technologie
Lambda-cyhalothrine,ALLEYA ME,EL KHADRA,AUGUST inc/CORPORATE
Lambda-cyhalothrine,SIAL ME,NEGANOR FFT,AUGUST inc/CORPORATE
Manipropamide +Oxychlorure de cuivre,REVUS C,BIOPROTECTION,SYNGENTA
metarhiziumrileyi strain PHP1705:1x108 CFU/g (1.0 W/W %),Nomu-Protec,ALOHA,ANDERMATT PHP (Pty) AFRIQUE DE SUD
Methoxyfenozide,Runner,PROMOCHIMIE,DOW AGROSCIENCES/ corteva
Milbemectin,Milbeknock,AGRIPROTEC,"Mitsui Chemicals Agro,Inc/summit agro"
Tebufenozide,MIMIC 240 SC,EL MOUSSEM AGRICOLE,NIPPON SODA/Japan
Tefluthrine,VOLTRA 0.5 G,COTUGRAIN,SYNGENTA
Tefluthrine,DIASTAR MAXI GR,RAYEN PHYTAGRI,DIACHEM
Tolfenpyrade,HACHI-HACHI EC,EL KHADRA,SIPCAM INAGRA
Azoxystrobine,Azox SC,Ets MEZGHANNI,"JIANGYIN SULI CHEMICAL CO.LTDi,Q,Key"
Azoxystrobine,AXYTOP 50WG,EXCEL AGRI,SHARDA CROPCHEM INDE
Boscalid + Pyraclostrobin,BOOSTER WG,NEGANOR,NANJING Agrochemical /chine
Cuivre,Siscop 60 SC,SEPCM,AAKO BV
Cuivre +cymoxanil,Cuprofix C WG,EL MOUSSEM,UPL
Cymoxanil +Bouillie bordelaise,FESTIVAL WP,RAYEN PHYTAGRI,"LAINCO, S, A/ESPAGNE"
Cymoxanil +Famoxadone,Equation Pro,SEPCM,DU PONT (Taiwan) AGRISCIENCE/CORTEV A
Dithianon +Pyrachlostrobin,MACCANI,COTUGRAIN IMPEX,BASF
Famoxadone +cymoxanil,VENUS WG,STIMA,"Shengnong Pesticide, Co. Ltd/hangzhouTopagro Bioscience"
Famoxadone +cymoxanil,EQUALIZER WG,RAYEN PHYTAGRI,"Shengnong Pesticide, Co. Ltd/hangzhouTopagro Bioscience"
Famoxadone +cymoxanil,CYMOFLEX WG,PROTAGRI,NANJING AGROCHEMICAL
Fenhexamide,Teldor,PROMOCHIMIE,BAYER CROPSCIENCE
Fenpyrazamine,PROLECTUS 50WG,SEPCM,SUMITOMO CHEMICAL AGRO Europe
Fluxapyroxad +difenoconazole,SERCADIS PLUS SC,AGRIPROTEC,BASF
Fosethyl-Al +Cymoxanil + Folpel,BELKAP EXTRA,AGROSYSTEMES,PROBELTE
Fosethyl-Al +Cymoxanil + Folpel,Anteor flash,ATLAS AGRICOLE,BAYER AG
Fosetyl –al,ALU-VITE WP,TASMID,LIMIN CHEMICAL CO.LTD
Fosetyl –al,ALLUM WG,EL MOUSSEM AGRICOLE,NUFARM
Fosetyl –al,lotus,SANABEL AGRO,NUFARM
Fosetyl-Al,KEYFOL 80 WP,Ets MEZGHANI,LIMIN CHEMICAL
Hydroxyde de cuivre,Copper Progress,AGROSYSTEMES,SPEISS URANIA/COSACO GmbH
Krésoxim-méthyl,ALLIAGE DF,AGRIMATCO,BASF
Krésoxim-méthyl,Kresoxystar 350SC,Ets Mezghani,ANHUI HUAXING CHEMICAL INDUSTRY CO.Ltd/CHINE( Nanjing agrochemical
Krésoxim-méthyl,Stroby DF,STIMA,BASF
Mefentrifluconazole,REVYSTAR EC,AGRIMATCO,BASF
Mefentrifluconazole + Pyraclostrobin,REVYCARE EC,AGRIPROTEC,BASF
Myclobutanil,MYCLONE 24 EC,RayenPhytagri,SHARDA CROPCHEM LIMITED INDE
myclobutanil,PROMY,AGRINOVA,SHARDA CROPCHEM LIMITED INDE
Myclobutanil,Systhane 240 EC,SEPCM,DOW AGROSCIENCES/corteva
Prochloraze +Triticonazole,REAL SUPER,AGRIPROTEC,BASF
Prothioconazole +Tebuconazole,Kestrel 240 SC,JADWA AGROTEC,BAYER CROPSCIENCE
Prothioconazole +Tebuconazole,Prosaro 250 EC,PROMOCHIMIE,BAYER CROPSCIENCE
Pyraclostrobin +Fenpropimorph,COMET PLUS EC,Agriprotec,BASF
Pyraclostrobin +fluxapyroxad,ORKESTRA SC,BIOPROTECTION,BASF
Pyriméthanil,PYRAMIDE,EXCEL AGRI,SHARDA CROPCHEM LIMITED INDE
Pyriméthanil,pyrma SC,SHARDA CROPCHEM LIMITED tunisie,SHARDA CROPCHEM LIMITED INDE
Pyriméthanil,PYRUS 400 SC,STEC,UPL
Spiroxamine,PROSPER 300 CS,Atlas agricole,BAYER CROPSCIENCE
Tébuconazole,TEBUNOVA SC,AGRINOVA,SHARDA CROPCHEM LIMITED INDE
Tébuconazole,AZUROS,SLDA,SHARDA CROPCHEM
Tébuconazole,Teson,AMINCO,GLOBACHEM
Tébuconazole,SUPREME 25 EW,COTUGRAIN Impex,UPL LIMITED
Aminopyralydes + Florasulam +2.4 D EHE,Nikos forte,ATLAS AGRICOLE,Dow Agrosciences/CORTEVA
Bentazone,BENTA SL,EL KHADRA,"NANJING FENGSHAN CHEMICAL GROUP CO,LTD/NANGIN G FENGSHAN"
Bentazone,BASASTAR SL,AGRIPLUS,"NANJING FENGSHAN CHEMICAL GROUP CO,LTD"
Bentazone,Basagran,STIMA,BASF
Bentazone,BENTAPROTEKT SL,LIEN AGRICOLE,ANHUI ZHONGSHAN CHEMICAL(fabriqué)/chine(protektingphytosanitary/Espagne(dist)
Bentazone,fighter,cotugrain,BASF
Bentazone,RAINZONE EC,NEGANOR FFT,SHANDONG WEIFANG RAINBOW CHEMICAL CO.LTD CHINE
Bentazone,BENHUR SL,PROTAGRI,NANJING AGROCHEMICAL
Clethodim,FYTODIM EC,FERTITECH,TOPAGRO BIOSCIENCE
Cléthodim,CLETHODIM EC Sous reserve de changement de nom,TASMID,PSYCHE M CHEMICALS LIMITED
Clopyralid,clopryd 30 SL,SLDA,Sharda cropchem
Cycloxidime,Focus Ultra,STIMA,BASF
Fénoxaprop-P-Ethyl,Foxtrot,AGROSYSTEMES,FMC
Fénoxaprop-P-Ethyl +Iodosulfuron-Méthyl Sodium +Méfenpyr - diéthyl,Puma Evolution,JADWA AGROTEC,BAYER CROPSCIENCE
Fénoxaprop-P-Ethyl +Iodosulfuron-Méthyl Sodium +Méfenpyr - diéthyl,HUSSAR EVOLUTION,AGRIPROTEC,BAYER CROPSCIENCE
Florasulam +Iodosulfuron-méthyl-sodium +Diflufénican,JOYSTICK WG,AGROSYSTEMES,ASCENZA AGRO
Florasulam +tribenuron-methyl,GRANSTAR MAX WG,AGRIPROTEC,chenminova/FMC
Florasulame,Clyde SG,AGRIPROTEC,ALBAUGH EUROPE SARL
Glyphosate,Glycel,AGRIMATCO,excel crop care/Sumitomo chemical
Metrobromuron,PROMAN,NEGANOR,belchim crop protection
Oxyfluorfene,Goal,promochimie,HANGZHOU NUTRICHEM/s
prometryn,gesagard 500 FW,bioprotection,syngenta crop protection
Propaquizafop,PRODIGE,FERTITECH,SHARDA CROPCHEM LIMITED INDE
Capsaicine +Ally Isothiocyanate,Dazitol,EL KHADRA,CHAMPION MILLENIUM CHEMICALS
Fluopyram,VELUM PRIME 400 SC,ATLAS AGRICOLE,BAYER AG
Garlic extract,NEM guard SC,STIMA,Ecospray limited
Oxamyl,Vydate GR,AGRIMATCO,DUPONT
Brodifacoum,Broditop wax block,ETS MEZGHANI,ZAPI SPA
Brodifacoum,Klérat,AGRIPROTEC,SYNGENTA
Brodifacoum,Raticide detia,STIMA,DETIA
Difenacoum,SOREXA PELLETS,AGRIPROTEC,BASF
Acide gibberellique,Aminogibb,AMINCO,GLOBACHEM
Acide gibberellique,progibb 40 SG,BIOPROTECTION,VALENTBioscience / SUMITOMO
Acide gibberellique,Fitogib,BIOPROTECTION,NUFARM
Acide gibberellique,GIB GRO,BIOPROTECTION,NUFARM
Acide gibberellique,Giberkey,ETS MEZGHANNI,IndustrialQuimica Key
Acide gibberellique,Protagibb,PROTAGRI,United Phosphorus
Acide gibberellique,Berelex 40 SG,SEPCM,CHEMICAL Agro Europe
Polyoxyethylene amine,PHYDEAL SL,FERTIPLANT,SDP/France
Proteines hydrolysées,BIOBAIT,BIOPROTECTION,BIOIBIRICA
Proteines hydrolysées,FLYRAL,AGRIPROTEC,BIOIBIRICA
Sodium lauryl ether sulfate (SLES),Biopower SL,ATLAS AGRICOLE,BAYER AG
Fluazaindolzine,SALIBRO 500 SC,AGRIPROTEC,CORTEVA
Acetamiprid + pyriproxyfen,CANVION310 DC,COTUGRAIN,Syngenta Crop Protection
"Bacillus thuringiensis (spKurstaki),souche ABTS-351",touta stop WP,ets mezghani,industrial quimica key
Cyantraniliprole +Acibenzolar-S-methyl,PLESIVA ALPHA SC,BIOPROTECTION,SYNGENTA
Cypermethrine,CYPGOLD 500 EC,EL MOUSSEM,ARYSTA LIFESCIENCE
Cypermethrine,CYRUX,PROTAGRI,UPL
Cypermethrine,Belem 0.8 MG,SEPCM,SBM FORMULATION/ CMPA
Azoxystrobine,Cayen 500 WG,RAYEN PHYTAGRI,SHARDA
Azoxystrobine,SINSTAR SC,SANABEL AGRO,SINON CORPORATION
Azoxystrobine,Globaztar 250 SC,AGROSYSTEMES,Globachem
Azoxystrobine +Difenoconazole,FULL TOP SC,NEGANOR,JIANGYIN SULI CHEMICALCO
Azoxystrobine +Difeconazole,PRIORI GOLD 250 SC,SOLAGRI,SYNGENTA Crop Protection
Azoxystrobine +Epoxiconazole,TAZER XPERT SC,el moussem,NUFARM
Azoxystrobin + Flutriafol,CURAX EXTRA SC,SHARDA CROPCHEM TUNISIE,SHARDA CROPCHEM
Azoxystrobin + Flutriafol,CURATEX EXTRA SC,FERTITECH,SHARDA CROPCHEM
Captane,FILDER,EL MOUSSEM,ARYSTA LIFESCIENCE/UPL
Captane,Captan 83 WP,AGRIPROTEC,ARYSTA
Chlorothalonil +Tebuconazole,Tiger,EL MOUSSEM AGRICOLE,PARIJAT INDUSTRIES
Chlorothalonil +Tebuconazole,CAMARO COMBI SC,RAYEN PHYTAGRI,PARIJAT INDUSTRIES
Chlorothalonil +Tebuconazole,Timpani,EL MOUSSEM AGRICOLE,NUFARM
Cyflufenamid,CONFIRM 5 EW,EL MOUSSEM,NIPPON SODA/ Nisso Chemical Europe GmbH
Cyproconazole,Xpert WG,EL KHADRA,Sharda
Cyproconazole +Azoxystrobin,Priori Xtra,SOLAGRI,SYNGENTA
Cyproconazole +Propiconazole,WINTER 41 EC,AGRIMED DISTRIBUTION,SHARDA
Cyproconazole +Propiconazole,TAZOLE 410 EC,EXCEL AGRI,SHARDA
Epoxiconazole,Nupoxyn,EL MOUSSEM AGRICOLE,NUFARM
Epoxiconazole,ceriazole SC,agriprotec,NUFARM
Epoxiconazole,Orage,SANABEL AGRO,SINON CORPORATION
Epoxiconazole+Fluxapyroxad(xemium),ADEXAR XTRA EC,STIMA,BASF
Famoxadone + Mancozebe,Clip,AGRIMATCO,DU PONT INTERNATIONAL/corteva
Famoxadone +cymoxanil,VENUS WG,STIMA,"Shengnong Pesticide,"
Iprodione,Driza WG,EL KHADRA,INDSUTRIAS
Mancozébe,MANCOFLASH,RAYEN PHYTAGRI,INDOFIL
Mancozèbe,Triziman 80,AGRIPROTEC,UPL
Mandipropamide +Difenoconazole,CARIAL TOP,BIOPROTECTION,SYNGENTA
Mandipropamide +Mancozebe,amphore gold WG,SOLAGRI,SYNGENTA
Mandipropamid+ Oxathiapiprolin,ORONDIS ULTRA280 SC,Cotugrain,Syngenta Crop Protection
Mefentrifluconazole +Fluxapyroxade,VERYDOR,COTUGRAIN,BASF
Oxathiapiprolin +famoxadone,Zorvec encantia SE,EL BARAKA,CORTEVA
Penconazole,Topenco 100 EC,AGROSYSTEMES,GLOBACHEM
Penconazole,BuckleR,AMINCO,GLOBACHEM
Penthiopyrad,KABUTO,EL MOUSSEM,"Mitsui Chemicals Agro,Inc"
Propamocarbe +Fosethyl-Al,Filex Energy,ATLAS AGRICOLE,BAYER CROPSCIENCE
Propamocarbe +Fosethyl-Al,Previcur Energy,EL MOUSSEM AGRICOLE,BAYER CROPSCIENCE
Propiconazole,syterna EC,ets mezghani,fengdeng usa
Propiconazole,VALEO 25 EC,delta agricole plus,Sharda cropchem
Propiconazole,TIFO 25 EC,FERTIPLANT,Sharda cropchem
Propiconazole,Tilt 250,BIOPROTECTION,SYNGENTA
Propinèbe,Antracol,PROMOCHIMIE,BAYER CROPSCIENCE
Prothioconazole +benzovindiflupyr(SOLATENOL),CERATAVO ERA,BIOPROTECTION,SYNGENTA
Prothioconazole + Trifloxystrobine,Madison 263 SC,SEPCM,BAYER CROPSCIENCE
Prothioconazole +Tebuconazole,PROTECT PLUS EC,EXCEL AGRI,SHARDA CROPCHEM
Prothioconazole +Tebuconazole,Perfecto EC,SHARDA CROPCHEM tunisie,Sharda Cropchem
Prothioconazole +Tebuconazole + Spiroxamine,Cello,AGRONOMIC Land,BAYER CROPSCIENCE
Prothioconazole +Tebuconazole+Bixafen,SKYWAY XPRO EC,PROMOCHIMIE,BAYER AG
Tébuconazole,SPEEDY SC,EL KHADRA,NINGBO SUNJOY AGROSCIENCE INDUSTRY/Cropidea
Tébuconazole,Horizon 250 EW,PROMOCHIMIE,BAYER CROPSCIENCE
Tébuconazole,TEBUZOL 25 EW,Agriprotec,UPL LIMITED
Tebuconazole +Prochloraz,Mystic Pro,AGRIPROTEC,NUFARM SAS
Tebuconazole +Prochloraz,Winner,BIOPROTECTION,NUFARM SAS
Cléthodime,Select Super,BIOPRO,Non spécifié
Pinoxaden +Cloquintocet-méxyl,Axial pratic,BIOPROTECTION,Syngenta
Deltaméthrine,Delta Decis EC 25,EL MOUSSEM AGRICOLE,BAYER CROPSCIENCE
Deltaméthrine,Deltacal,BIOPROTECTION,ARYSTA LIFESCIENCE
Deltaméthrine,Fruithrine,PROTAGRI,United Phosphorus Ltd
Azoxystrobine,LEGADO 250 SC,EL KHADRA,INDUSTRIAS AFRASA S.A
Azoxystrobine + Chlorothalonil,Priori Opti,BIOPROTECTION,SYNGENTA
Azoxystrobine + Cyproconazole,DOUBLE FORCE,SANABEL AGRO,SHARDA
Azoxystrobine + Difénoconazole,AZ-TOP,SLDA,Sharda cropchem limited
Captane,MITANE,SOCOOPEC,SHARDA
Captane,PROTHANE,DELTA AGRICOLE PLUS,SHARDA
Captane,CAPITOL 80 WG,AGRONOMIC Land,SHARDA
Captane,Captan 83 WP,AGRIPROTEC,ARYSTA LIFESCIENCE
Captane,Akotan 830 WP,SEPCM,ARYSTA LIFESCIENCE
Chlorothalonil +Metalaxyl –M,ARIS GOLD,COTUGRAIN IMPEX,SYNGENTA
Cyproconazole + chlorothalonil,CHAMPION,SOCOOPEC,SHARDA CROPCHEM
Cyproconazole + chlorothalonil,CYCLONE,SANABEL AGRO,SHARDA CROPCHEM
Cyproconazole + Propicinazole,Menara 410 EC,AGRIPROTEC,SYNGENTA
Cyproconazole + Propicinazole,TAZOLE 410 EC,AGRONOMIC Land,SHARDA
Cyproconazole + Propicinazole,TWIST SUPER EC,ATLAS AGRICOLE,SHARDA
Cyproconazole + Propicinazole,WINTER 41 EC,AGRIMED DISTRIBUTION,SHARDA
Cyproconazole + Picoxystrobine,Acanto plus,SEPCM,DU PONT INTERNATIONAL
Cyproconazole + Picoxystrobine,STINGER SC,ATLAS AGRICOLE,DU PONT INTERNATIONAL
Cyprodinil,Unix 50 WG,EL MOUSSEM AGRICOLE,SYNGENTA
Epoxiconazole,Opus,STIMA,BASF
Epoxiconazole,Soprano,SEPCM,AAKO
Epoxiconazole,Scooby doo,AMINCO,GLOBACHEM
Epoxiconazole,Spike,AGROSYSTEMES,GLOBACHEM
Epoxiconazole,Eponeo,AMINCO,Cheminova
Flutriafol + Thiabendazole,Vincit F,AGRIPROTEC,CHEMINOVA
Mandipropamide + Chlorothalonil,Carial Opti,BIOPROTECTION,SYNGENTA
Propiconazole,BANNER EC,AGRIPLUS,HEBEI VEYONG BIO-CHEMICAL CO.LTD
Propiconazole + Cyproconazole,Alto super,BIOPROTECTION,SYNGENTA
Propiconazole + Tebuconazole,Collosal Pro,EL KHADRA,AUGUST JSC
Prothioconazole +Tebuconazole,Kestrel 240 EC,JADWA AGROTEC,BAYER CROPSCIENCE
Tebuconazole,Mycoseeds FS 60,EL KHADRA,Sharda World wide
Tebuconazole,SONG EC,ATLAS AGRICOLE,SIPCAM INAGRA
Tébuconazole,Matiz,SANABEL AGRO,ROTAM AGROCHEMICAL
Tébuconazole,METROSTAR SC,AGRIPLUS,NINGBO SUNJOY AGROSCIENCE INDUSTRY
Triadimenol + Spiroxamine + Tebuconazole,Falcon 460 SC,AGRONOMIC Land,BAYER CROPSCIENCE
Clodinafop-propagyl +Cloquintocet-mexyl,Navigator,BIOPROTECTION,SYNGENTA
Propoxycarbazon Sodium,Attribut 70 SG,EL MOUSSEM AGRICOLE,BAYER CROPSCIENCE
Beauveriabassianastrain R444,Bb-Protec WP,ALOHA Agriculture,Plant Health Products (phy)/Sud d'afrique/Andermatt PHP(Pty) Ltd/ANDERMATT BIOCONTROL GROUP AG
Bifenazate,COMITE 240 SC,BIOPROTECTION,CHEMTURA/AR
Emamectin benzoate,Proact 50 EC,TASMID,ASTRACHEM
Emamectin benzoate,PROFAST EC,PLANETE VERTE,ASTRACHEM/ASTRANOVA
Emamectin benzoate,Proclaim 05 SG,BIOPROTECTION,SYNGENTA
Emamectin benzoate,JEMSTAR,FERTIPLANT,Krishlifescience
Lambda-cyhalothrine,BREAK ME SC,EL KHADRA,AUGUST inc/CORPORATE
Indoxacarbe,Vaulent,TASMID,ASTRACHEM
Azoxystrobine +Cyproconazole,COUGAR SC,PROTAGRI,UPL LIMITED
Azoxystrobine +Difenoconazole,ALLIANCE TOP SC,AGRI PLUS,NANJING AGROCHEMICAL
Azoxystrobine +difenoconazole,Black panther SC,FERTITECH,HANGZHOU TOPAGRO BIOSCIENCE
Cymoxanil +Famoxadone,Equation Pro,SEPCM,DU PONT (Taiwan) AGRISCIENCE
Cymoxanil + Métirame de Zinc,BATO,AGRIMATCO,BASF
Cymoxanil + Métirame de Zinc,Aviso DF,STIMA,BASF
Difenoconazole+Cyflufenamid,DYNALI DC,SOLAGRI,SYNGENTA
Difenoconazole + Fludioxonil,DIFEND EXTRA FS,AGROSYSTEMES,Globachem
Dodine,Syllit 400 SC,PROTAGRI,ARYSTA Life Science Benelux / Belgique/UPL
Dodine,Efluzin 400 SC,SEPCM,ARYSTA Life Science Benelux / Belgique/ARYSTA
Fluopyram + Tebuconazole,Moon Experience SC,ATLAS AGRICOLE,BAYER CROPSCIENCE
Fluopyram + Trifloxystrobine,Luna Sensation,ATLAS AGRICOLE,BAYER CROPSCIENCE
Kreoxim-methyl,SUGOBY WG,RAYEN PHYTAGRI,"LAINCO ,S,A/ESPAGNE"
Krésoxim-méthyl,QUIMERA WG,EL KHADRA,INDUSTRIAS AFRAZA/ALBAUGH EUROPE SARL
Laminarin,VACCIPLANT,EL MOUSSEM,GOEMAR SAS/ARYSTA/UPL
Myclobutanil,FLUANCE 125 EC,EL MOUSSEM AGRICOLE,Indofil Industries Limited/ARISTEAS Agro
Oxathiapiprolin +famoxadone,Zorvecencantia SE,EL BARAKA,CORTEVA
Pyraclostrobin +Boscalid,FOXTON 30 SC,AGRIMATCO,"LoatingYoloo Bio-Technology Co ,Ltd/chine"
Promocarb +Cymoxanil,proxanil 450 SC,BIOPROTECTION,arystalifescience
Promocarb +Cymoxanil,Rival duo 450 SC,AGRONOMIC Land,Agria
Prothioconazole + Trifloxystrobine,DELARO DUO SC,ATLAS AGRICOLE,BAYER CROPSCIENCE
Tebuconazole,KEYZOL SC,EL KHADRA,AVGUST CROP CORPORATION
Sulfate de cuivre tribasique + Zoxamide,ventaro,STEC,NUFARM
Sulphate de cuivre tribasique,CU MAX,RAYEN PHYTAGRI,DIACHEM S.P.A
Sulfate tetracuivrique tricalcique,Bordocure WG,FERTITECH,ALINTRA
sulfatetetracuivrique tricalcique)+ cymoxanil,CUPERTINE SUPER WP,FERTITECH,ALINTRA ESPAGNE
Tebuconazole,COLOSSALSous réserve de changement de DC,HALAB TUNISIE,AVGUST CROP CORPORATION
Tébuconazole,Corail,PROMOCHIMIE,BAYER CROPSCIENCE
Tébuconazole,TEBUNOVA SC,AGRINOVA,SHARDA
Trichodermaatroviride 77B,T-77 WP,Aloha agriculture,Plant Health Products (phy)/Sud d'afriquePlant Health Products (phy)
Zirame,Thionicautodispers ible,AGROSYSTEMES,TAMINCO/EASTMAN
Fluroxypyr,keynyl herbicide EC,etsmezghani,industrialquimicakey
Fluroxypyr (ester1-methylheptyl),Flurostar 200,AGROSYSTEMES,GLOBACHEM
Fluroxypyr +Clopyralid,VEGA EC,AGRIMED DISTRIBUTION,Non spécifié
Propaquizafop,KIFEN EC,SANABEL AGRO,SHARDA CROPCHEM limited
Propyzamide,PROPYZ,AGRIPROTEC,BARCLAY CHEMICALS Ltd
Propyzamide,PROPER FLO SC,AGROSYSTEMES,Globachem
Abamectine,ROMECTIN EC,AGRONOMIC LAND,"ROTAM CHEMISTRY CO.,Ltd"
Abamectine,VARGAS ULTRA EC,SOLAGRI,"ROTAM CHEMISTRY CO.,Ltd/ALBAUGH"
Abamectine,Vertimec,BIOPROTECTION,SYNGENTA
Abamectine,Diva 1.8 EW,EL MOUSSEM AGRICOLE,CHEMINOVA
Abamectine,ZORO,SSCC,CHEMINOVA/ FMC
Acetamiprid,CAPILAN SL,NEGANOR,AGROW ALLIED
Beauveria bassiana strain ATCC 74040,Naturalis,COTUGRAIN,CBC europe/italie
Chlorantraniliprole +LambdaCyhalothrine,BESIEGE 150 ZC,COTUGRAIN IMPEX,SYNGENTA
Cyflumetofen,DANIRANGER 10DC,AGRIMATCO,OAT AgrioCO.Ltd
Cyflumetofen,VELAR 20 SC,cotugrain,OAT agrio(fab)/Japo(LI
Cypermethrine,SYNCHRO,EL KHADRA,SHARDA CROPCHEM LIMITED INDE
Cypermethrine,SINOCYPER,EL KHADRA,CROPSAVE PESTICIDES INDIAN PVT.LTD
Cypermethrine,CYPRINE,TASMID,CROPSAVE PESTICIDES INDIAN PVT.LTD
Cypermethrine,CYPERNOVA,AGRINOVA,SHARDA CROPCHEM LIMITED INDE
Cypermethrine,CYPGOLD 500 EC,EL MOUSSEM,ARYSTA LIFESCIENCE /UPL
Huile minérale,PetrOil,SOCOOPEC,PETRONAS LUBRICANTS
Huile minérale,Plant oil,STE EL KHADRA,INDUSTRIAS AFRAZA/ALBAUGH EUROPE SARL
Indoxacarb,PIXEL SC,FERTITECH,TOPAGRO BIOSCIENCE
Indoxacarb,POTER,PROTAGRI,NANJING AGROCHEMICAL
Indoxacarb,INDOXAL XTRA WDG,AGRINOVA,AGROBEATS TECH CHINE
Indoxacarb,VEROX WDG,SANABEL AGRO,AGROBEATS TECH CHINE
Indoxacarbe,OXAL SC,NEGANOR,Jingboagrochemicals technologie
Lambda-cyhalothrine,ALLEYA ME,EL KHADRA,AUGUST inc/CORPORATE
Lambda-cyhalothrine,SIAL ME,NEGANOR FFT,AUGUST inc/CORPORATE
Manipropamide +Oxychlorure de cuivre,REVUS C,BIOPROTECTION,SYNGENTA
metarhiziumrileyi strain,Nomu-Protec,ALOHA,ANDERMATT PHP (Pty) AFRIQUE DE SUD
Methoxyfenozide,Runner,PROMOCHIMIE,DOW AGROSCIENCES/ corteva
Milbemectin,Milbeknock,AGRIPROTEC,"Mitsui Chemicals Agro,Inc/summit agro"
Tebufenozide,MIMIC 240 SC,EL MOUSSEM AGRICOLE,NIPPON SODA/Japan
Tefluthrine,VOLTRA 0.5 G,COTUGRAIN,SYNGENTA
Tefluthrine,DIASTAR MAXI GR,RAYEN PHYTAGRI,DIACHEM
Tolfenpyrade,HACHI-HACHI EC,EL KHADRA,SIPCAM INAGRA
Azoxystrobine,Azox SC,Ets MEZGHANNI,"JIANGYIN SULI CHEMICAL CO.LTDi,Q,Key"
Azoxystrobine,AXYTOP 50WG,EXCEL AGRI,SHARDA CROPCHEM INDE
Cuivre,Siscop 60 SC,SEPCM,AAKO BV
Cuivre +cymoxanil,Cuprofix C WG,EL MOUSSEM,UPL
Cymoxanil +Bouillie bordelaise,FESTIVAL WP,RAYEN PHYTAGRI,"LAINCO, S, A/ESPAGNE"
Dithianon +Pyrachlostrobin,MACCANI,COTUGRAIN IMPEX,BASF
Famoxadone +cymoxanil,EQUALIZER WG,RAYEN PHYTAGRI,"Shengnong Pesticide, Co. Ltd/hangzhouTopagro Bioscience"
Famoxadone +cymoxanil,CYMOFLEX WG,PROTAGRI,NANJING AGROCHEMICAL
Fenhexamide,Teldor,PROMOCHIMIE,BAYER CROPSCIENCE
Fenpyrazamine,PROLECTUS 50WG,SEPCM,SUMITOMO CHEMICAL AGRO Europe
Fluxapyroxad +difenoconazole,SERCADIS PLUS SC,AGRIPROTEC,BASF
Fosethyl-Al +Cymoxanil + Folpel,BELKAP EXTRA,AGROSYSTEMES,PROBELTE
Fosethyl-Al +Cymoxanil + Folpel,Anteor flash,ATLAS AGRICOLE,BAYER AG
Krésoxim-méthyl,ALLIAGE DF,AGRIMATCO,BASF
Krésoxim-méthyl,Kresoxystar 350SC,Ets Mezghani,ANHUI HUAXING CHEMICAL INDUSTRY CO.Ltd/CHINE( Nanjing agrochemical
Krésoxim-méthyl,Stroby DF,STIMA,BASF
Mefentrifluconazole,REVYSTAR EC,AGRIMATCO,BASF
Mefentrifluconazole + Pyraclostrobin,REVYCARE EC,AGRIPROTEC,BASF
Pencycuron,Monceren,PROMOCHIMIE,BAYER CROPSCIENCE/GowanCrop Protection
Prochloraze +Triticonazole,REAL SUPER,AGRIPROTEC,BASF
Prothioconazole +Tebuconazole,Prosaro 250 EC,PROMOCHIMIE,BAYER CROPSCIENCE
Pyriméthanil,PYRAMIDE,EXCEL AGRI,SHARDA CROPCHEM LIMITED INDE
Pyriméthanil,pyrma SC,SHARDA CROPCHEM LIMITED tunisie,SHARDA CROPCHEM LIMITED INDE
Pyriméthanil,PYRUS 400 SC,STEC,UPL
Spiroxamine,PROSPER 300 CS,Atlas agricole,BAYER CROPSCIENCE
Tébuconazole,TEBUSHA 6 FS,AGRINOVA,SHARDA CROPCHEM LIMITED INDE
Tébuconazole,AZUROS,SLDA,SHARDA CROPCHEM
Tébuconazole,Konan EW,ETS MEZGHANI,INDUSTRIAL QUIMICA KEY
Tébuconazole,SUPREME 25 EW,COTUGRAIN Impex,UPL LIMITED
Tébuconazole +Trifloxystrobine,Nativo 300 SC,STEC,BAYER CROPSCIENCE
Aminopyralydes + Florasulam +2.4 D EHE,Nikos forte,ATLAS AGRICOLE,Dow Agrosciences/CORTEVA
Bentazone,BENTA SL,EL KHADRA,"NANJING FENGSHAN CHEMICAL GROUP CO,LTD/NANGIN G FENGSHAN"
Bentazone,BASASTAR SL,AGRIPLUS,"NANJING FENGSHAN CHEMICAL GROUP CO,LTD"
Bentazone,Basagran,STIMA,BASF
Bentazone,BENTAPROTEKT SL,LIEN AGRICOLE,ANHUI ZHONGSHAN CHEMICAL(fabriqué)/chine(protektingphytosanitary/Espagne(dist)
Bentazone,fighter,cotugrain,BASF
Bentazone,RAINZONE EC,NEGANOR FFT,SHANDONG WEIFANG RAINBOW CHEMICAL CO.LTD CHINE
Bentazone,BENHUR SL,PROTAGRI,NANJING AGROCHEMICAL
Dimethenamid-P+Metazachlor +Quinmerac,BUTISAN AVANT SE,COTUGRAIN,BASF
EthametSulfuron Methyl,MUSTER 75 WG,SSCC,FMC
Fénoxaprop-P-Ethyl,Foxtrot,AGROSYSTEMES,FMC
Fénoxaprop-P-Ethyl +Iodosulfuron-Méthyl Sodium +Méfenpyr - diéthyl,Puma Evolution,JADWA AGROTEC,BAYER CROPSCIENCE
Fénoxaprop-P-Ethyl +Iodosulfuron-Méthyl Sodium +Méfenpyr - diéthyl,HUSSAR EVOLUTION,AGRIPROTEC,BAYER CROPSCIENCE
Florasulam +Iodosulfuron-méthyl-sodium +Diflufénican,JOYSTICK WG,AGROSYSTEMES,ASCENZA AGRO
Florasulam +tribenuron-methyl,GRANSTAR MAX WG,AGRIPROTEC,chenminova/FMC
Florasulame,Clyde SG,AGRIPROTEC,ALBAUGH EUROPE SARL
Glyphosate,Glycel,AGRIMATCO,excel crop care/Sumitomo chemical
prometryn,gesagard 500 FW,bioprotection,syngentacrop protection
Propaquizafop,PRODIGE,FERTITECH,SHARDA CROPCHEM LIMITED INDE
Acide gibberellique,Aminogibb,AMINCO,GLOBACHEM
Acide gibberellique,progibb 40 SG,BIOPROTECTION,VALENTBioscience / SUMITOMO
Acide gibberellique,Fitogib,BIOPROTECTION,NUFARM
Acide gibberellique,GIB GRO,BIOPROTECTION,NUFARM
Acide gibberellique,Giberkey,ETS MEZGHANNI,IndustrialQuimica Key
Acide gibberellique,Protagibb,PROTAGRI,United Phosphorus
Acide gibberellique,Berelex 40 SG,SEPCM,CHEMICAL Agro Europe
Polyoxyethylene amine,PHYDEAL SL,FERTIPLANT,SDP/France
Proteines hydrolysées,BIOBAIT,BIOPROTECTION,BIOIBIRICA
Proteines hydrolysées,FLYRAL,AGRIPROTEC,BIOIBIRICA
Sodium lauryl ether sulfate (SLES),Biopower SL,ATLAS AGRICOLE,BAYER AG
Abamectine,TERVIGO 020 SC,BIOPROTECTION,Syngenta Crop Protection AG
Fluazaindolzine,SALIBRO 500 SC,AGRIPROTEC,CORTEVA
Fluxapyroxad + Pyraclostrobine,PRIAXOR SE,COTUGRAIN IMPEX,BASF
Fluopyram,VELUM PRIME 400 SC,ATLAS AGRICOLE,BAYER AG
Garlic extract,NEM guard SC,STIMA,Ecospray limited
Oxamyl,Vydate GR,AGRIMATCO,DUPONT
Brodifacoum,Broditop,ETS MEZGHANI,ZAPI SPA
Brodifacoum,Broditop wax block,ETS MEZGHANI,ZAPI SPA
Brodifacoum,Klérat,AGRIPROTEC,SYNGENTA
Brodifacoum,Raticide detia,STIMA,DETIA
Difenacoum,SOREXA PELLETS,AGRIPROTEC,BASF
Acetamiprid + pyriproxyfen,CANVION310 DC,COTUGRAIN,Syngenta Crop Protection
Chlorantraniliprole + Thiamethoxam,DURIVO,SOLAGRI,SYNGENTA
Chlorantraniliprole,ALTACOR 35 WG,AGRIPROTEC,FMC
Chlorantraniliprole,COREGIS SC,PROMOCHIMIE,DU PONT/FMC
Cyantraniliprole + Acibenzolar-S-methyl,PLESIVA ALPHA SC,BIOPROTECTION,SYNGENTA
Cypermethrine,CYPGOLD 500 EC,EL MOUSSEM,ARYSTA LIFESCIENCE
Cypermethrine,CYRUX,PROTAGRI,UPL
Cypermethrine,Belem 0.8 MG,SEPCM,SBM FORMULATION/ CMPA
Azoxystrobine,Cayen 500 WG,RAYEN PHYTAGRI,SHARDA
Azoxystrobine,SINSTAR SC,SANABEL AGRO,SINON CORPORATION
Azoxystrobine,Globaztar 250 SC,AGROSYSTEMES,Globachem
Azoxystrobine + Difenoconazole,FULL TOP SC,NEGANOR,JIANGYIN SULI CHEMICALCO
Azoxystrobine + Difeconazole,PRIORI GOLD 250 SC,SOLAGRI,SYNGENTA Crop Protection
Azoxystrobine + Epoxiconazole,TAZER XPERT SC,el moussem,NUFARM
Chlorothalonil + Tebuconazole,Tiger,EL MOUSSEM AGRICOLE,PARIJAT INDUSTRIES
Chlorothalonil + Tebuconazole,CAMARO COMBI SC,RAYEN PHYTAGRI,PARIJAT INDUSTRIES
Chlorothalonil + Tebuconazole,Timpani,EL MOUSSEM AGRICOLE,NUFARM
Cyflufenamid,CONFIRM 5 EW,EL MOUSSEM,NIPPON SODA/ Nisso Chemical Europe GmbH
Cyproconazole,Xpert WG,EL KHADRA,Sharda
Cyproconazole + Azoxystrobin,Priori Xtra,SOLAGRI,SYNGENTA
Cyproconazole + Propiconazole,WINTER 41 EC,AGRIMED DISTRIBUTION,SHARDA
Cyproconazole + Propiconazole,TAZOLE 410 EC,EXCEL AGRI,SHARDA
Cyproconazole + Propicinazole,TWIST SUPER EC,ATLAS AGRICOLE,SHARDA
Cyproconazole + Picoxystrobine,Acanto plus,SEPCM,DU PONT INTERNATIONAL
Cyproconazole + Picoxystrobine,STINGER SC,ATLAS AGRICOLE,DU PONT INTERNATIONAL
Cyprodinil,Unix 50 WG,EL MOUSSEM AGRICOLE,SYNGENTA
Epoxiconazole,Opus,STIMA,BASF
Epoxiconazole,Soprano,SEPCM,AAKO
Epoxiconazole,Scooby doo,AMINCO,GLOBACHEM
Epoxiconazole,Spike,AGROSYSTEMES,GLOBACHEM
Epoxiconazole,Eponeo,AMINCO,Cheminova
Epoxiconazole,Orage,SANABEL AGRO,SINON CORPORATION
Epoxiconazole,Nupoxyn,EL MOUSSEM AGRICOLE,NUFARM
Epoxiconazole,ceriazole SC,agriprotec,NUFARM
Epoxiconazole + Fluxapyroxad(xemium),ADEXAR XTRA EC,STIMA,BASF
Famoxadone + Mancozebe,Clip,AGRIMATCO,DU PONT INTERNATIONAL/corteva
Famoxadone + cymoxanil,VENUS WG,STIMA,"Shengnong Pesticide, Co. Ltd/hangzhouTopagro Bioscience"
Mancozébe,MANCOFLASH,RAYEN PHYTAGRI,INDOFIL
Mancozèbe,Triziman 80,AGRIPROTEC,UPL
Mandipropamide + Difenoconazole,CARIAL TOP,BIOPROTECTION,SYNGENTA
Mandipropamide + Chlorothalonil,Carial Opti,BIOPROTECTION,SYNGENTA
Mandipropamide + Mancozebe,amphore gold WG,SOLAGRI,SYNGENTA
Mandipropamid + Oxathiapiprolin,ORONDIS ULTRA280 SC,Cotugrain,Syngenta Crop Protection
Mefentrifluconazole + Fluxapyroxade,VERYDOR,COTUGRAIN,BASF
Oxathiapiprolin + famoxadone,Zorvec encantia SE,EL BARAKA,CORTEVA
Penconazole,Topenco 100 EC,AGROSYSTEMES,GLOBACHEM
Penconazole,BuckleR,AMINCO,GLOBACHEM
Penconazole,Topaze 100,BIOPROTECTION,SYNGENTA
Pencycuron,Monceren,PROMOCHIMIE,BAYER CROPSCIENCE/Gowan Crop Protection
Penthiopyrad,KABUTO,EL MOUSSEM,"Mitsui Chemicals Agro,Inc"
Propamocarbe + Fosethyl- Al,Filex Energy,ATLAS AGRICOLE,BAYER CROPSCIENCE
Propamocarbe + Fosethyl- Al,Previcur Energy,EL MOUSSEM AGRICOLE,BAYER CROPSCIENCE
Propiconazole,syterna EC,ets mezghani,fengdeng usa
Propiconazole,MATADOR PLUS EC,AGRIPLUS,NINGBO SUNJOY AGROSCIENCE INDUSTRY
Propiconazole,VALEO 25 EC,delta agricole plus,Sharda cropchem
Propiconazole,TIFO 25 EC,FERTIPLANT,Sharda cropchem
Propiconazole,Tilt 250,BIOPROTECTION,SYNGENTA
Propiconazole,BANNER EC,AGRIPLUS,HEBEI VEYONG BIO-CHEMICAL CO.LTD
Propiconazole + Cyproconazole,Alto super,BIOPROTECTION,SYNGENTA
Propiconazole + Tebuconazole,Collosal Pro,EL KHADRA,AUGUST JSC
Propinèbe,Antracol,PROMOCHIMIE,BAYER CROPSCIENCE
Prothioconazole + benzovindiflupyr(SOLATENOL),CERATAVO ERA,BIOPROTECTION,SYNGENTA
Prothioconazole + Trifloxystrobine,Madison 263 SC,SEPCM,BAYER CROPSCIENCE
Prothioconazole + Tebuconazole,PROTECT PLUS EC,EXCEL AGRI,SHARDA CROPCHEM
Prothioconazole + Tebuconazole,Perfecto EC,SHARDA CROPCHEM tunisie,Sharda Cropchem
Prothioconazole + Tebuconazole + Spiroxamine,Cello,AGRONOMIC Land,BAYER CROPSCIENCE
Prothioconazole + Tebuconazole + Bixafen,SKYWAY XPRO EC,PROMOCHIMIE,BAYER AG
Tébuconazole,SPEEDY SC,EL KHADRA,NINGBO SUNJOY AGROSCIENCE INDUSTRY/Cropidea
Tébuconazole,Horizon 250 EW,PROMOCHIMIE,BAYER CROPSCIENCE
Tébuconazole,TEBUZOL 25 EW,Agriprotec,UPL LIMITED
Tebuconazole,Timer FS 060,STEC,BAYER CROPSCIENCE
Tebuconazole,Mycoseeds FS 60,EL KHADRA,Sharda World wide
Tébuconazole,Konan EW,ETS MEZGHANI,INDUSTRIAL QUIMICA KEY
Tebuconazole,SONG EC,ATLAS AGRICOLE,SIPCAM INAGRA
Tébuconazole,Matiz,SANABEL AGRO,ROTAM AGROCHEMICAL
Tébuconazole,METROSTAR SC,AGRIPLUS,NINGBO SUNJOY AGROSCIENCE INDUSTRY
Triadimenol + Spiroxamine + Tebuconazole,Falcon 460 SC,AGRONOMIC Land,BAYER CROPSCIENCE
Cléthodime,Select Super,BIOPRO,Non spécifié
Pinoxaden + Clodinafop-propargyl + Florasulam + cloquintocet-mexyl,Swipe,BIOPROTECTON,Syngenta
Pinoxaden + Cloquintocet-méxyl,Axial pratic,BIOPROTECTION,Syngenta
Deltaméthrine,Delta Decis EC 25,EL MOUSSEM AGRICOLE,BAYER CROPSCIENCE
Deltaméthrine,Deltacal,BIOPROTECTION,ARYSTA LIFESCIENCE
Deltaméthrine,Fruithrine,PROTAGRI,United Phosphorus Ltd
Azoxystrobin + Flutriafol,CURAX EXTRA,Sharda Cropchem Tunisie,Sharda Cropchem limited
Azoxystrobine,LEGADO 250 SC,EL KHADRA,AFRASA INDUSTRIAS
Azoxystrobine + Chlorothalonil,Priori Opti,BIOPROTECTION,SYNGENTA
Captane,MITANE,SOCOOPEC,SHARDA
Captane,PROTHANE,DELTA AGRICOLE PLUS,SHARDA
Captane,CAPITOL 80 WG,AGRONOMIC Land,SHARDA
Captane,Captan 83 WP,AGRIPROTEC,ARYSTA LIFESCIENCE
Captane,Akotan 830 WP,SEPCM,ARYSTA LIFESCIENCE
Chlorothalonil + Metalaxyl –M,ARIS GOLD,COTUGRAIN IMPEX,SYNGENTA
Cyproconazole + chlorothalonil,CHAMPION,SOCOOPEC,SHARDA CROPCHEM
Cyproconazole + chlorothalonil,CYCLONE,SANABEL AGRO,SHARDA CROPCHEM
Cyproconazole + Propicinazole,Menara 410 EC,AGRIPROTEC,SYNGENTA
Flutriafol + Thiabendazole,Vincit F,AGRIPROTEC,CHEMINOVA
Fluxapyroxad + Pyraclostrobine,PRIAXOR SE,COTUGRAIN IMPEX,BASF
Mandipropamide + Mancozebe,Pergado MZ 65 WG,AGRIPROTEC,SYNGENTA
Prothioconazole + Tebuconazole,Kestrel 240 EC,JADWA AGROTEC,BAYER CROPSCIENCE
Prothioconazole + Tebuconazole + Spiroxamine,Soligor 425,ATLAS AGRICOLE,BAYER CROPSCIENCE
Clodinafop-propagyl + Cloquintocet-mexyl,Navigator,BIOPROTECTION,SYNGENTA
Propoxycarbazon Sodium,Attribut 70 SG,EL MOUSSEM AGRICOLE,BAYER CROPSCIENCE
Beauveria bassiana strain R444,Bb-Protec WP,ALOHA Agriculture,Plant Health Products
Bifenazate,COMITE 240 SC,BIOPROTECTION,CHEMTURA/AR
Emamectin benzoate,Proact 50 EC,TASMID,ASTRACHEM
Emamectin benzoate,PROFAST EC,PLANETE VERTE,ASTRACHEM/ASTRANOVA
Emamectin benzoate,Proclaim 05 SG,BIOPROTECTION,SYNGENTA
Emamectin benzoate,JEMSTAR,FERTIPLANT,Krishlifescience
Lambda-cyhalothrine,BREAK ME SC,EL KHADRA,AUGUST inc/CORPORATE
Indoxacarbe,Vaulent,TASMID,ASTRACHEM
Azoxystrobine + Cyproconazole,COUGAR SC,PROTAGRI,UPL LIMITED
Azoxystrobine + Cyproconazole,DOUBLE FORCE,SANABEL AGRO,SHARDA
Azoxystrobine + Difenoconazole,ALLIANCE TOP SC,AGRI PLUS,NANJING AGROCHEMICAL
Azoxystrobine + difenoconazole,Black panther SC,FERTITECH,HANGZHOU TOPAGRO BIOSCIENCE
Captane,CAPLANT EC,FERTIPLANT,Sharda Cropchem Limited
captane,KAPI-TOP 48 EC,Agrinova,SHARDA CROPCHEM
Cymoxanil + Famoxadone,Equation Pro,SEPCM,DU PONT (Taiwan) AGRISCIENCE
Cymoxanil + Métirame de Zinc,BATO,AGRIMATCO,BASF
Cymoxanil + Métirame de Zinc,Aviso DF,STIMA,BASF
Difenoconazole + Cyflufenamid,DYNALI DC,SOLAGRI,SYNGENTA
Difenoconazole + Fludioxonil,DIFEND EXTRA FS,AGROSYSTEMES,Globachem
Dodine,Syllit 400 SC,PROTAGRI,ARYSTA Life Science Benelux / Belgique/UPL
Dodine,Efluzin 400 SC,SEPCM,ARYSTA Life Science Benelux / Belgique/ARYSTA
Fluopyram + Tebuconazole,Moon Experience SC,ATLAS AGRICOLE,BAYER CROPSCIENCE
Fluopyram + Trifloxystrobine,Luna Sensation,ATLAS AGRICOLE,BAYER CROPSCIENCE
Kreoxim-methyl,SUGOBY WG,RAYEN PHYTAGRI,"LAINCO ,S,A/ESPAGNE"
Krésoxim-méthyl,QUIMERA WG,EL KHADRA,INDUSTRIAS AFRAZA/ALBAUGH EUROPE SARL
Laminarin,VACCIPLANT,EL MOUSSEM,GOEMAR SAS/ARYSTA/UPL
Myclobutanil,FLUANCE 125 EC,EL MOUSSEM AGRICOLE,Indofil Industries Limited/ARISTEAS Agro
Pyraclostrobin + Boscalid,FOXTON 30 SC,AGRIMATCO,"LoatingYoloo Bio-Technology Co ,Ltd/chine"
Promocarb + Cymoxanil,proxanil 450 SC,BIOPROTECTION,arystalifescience
Promocarb + Cymoxanil,Rival duo 450 SC,AGRONOMIC Land,Agria
Prothioconazole + Trifloxystrobine,DELARO DUO SC,ATLAS AGRICOLE,BAYER CROPSCIENCE
Tebuconazole,KEYZOL SC,EL KHADRA,AVGUST CROP CORPORATION
Sulfate de cuivre tribasique + Zoxamide,ventaro,STEC,NUFARM
Sulphate de cuivre tribasique,CU MAX,RAYEN PHYTAGRI,DIACHEM S.P.A
Sulfate tetracuivrique tricalcique,Bordocure WG,FERTITECH,ALINTRA
sulfatetetracuivrique tricalcique + cymoxanil,CUPERTINE SUPER WP,FERTITECH,ALINTRA ESPAGNE
Tebuconazole,COLOSSALSous réserve de changement de DC,HALAB TUNISIE,AVGUST CROP CORPORATION
Tébuconazole,Corail,PROMOCHIMIE,BAYER CROPSCIENCE
Tébuconazole,TEBUNOVA SC,AGRINOVA,SHARDA
Trichodermaatroviride 77B,T-77 WP,Aloha agriculture,Plant Health Products (phy)
Zirame,Thionicautodispers ible,AGROSYSTEMES,TAMINCO/EASTMAN
Fluroxypyr,keynyl herbicide EC,etsmezghani,industrialquimicakey
Fluroxypyr (ester1-methylheptyl),Flurostar 200,AGROSYSTEMES,GLOBACHEM
Fluroxypyr + Clopyralid,VEGA EC,AGRIMED DISTRIBUTION,Non spécifié
Propaquizafop,KIFEN EC,SANABEL AGRO,SHARDA CROPCHEM limited
Propyzamide,PROPYZ,AGRIPROTEC,BARCLAY CHEMICALS Ltd
Propyzamide,PROPER FLO SC,AGROSYSTEMES,Globachem
Abamectine,ROMECTIN EC,AGRONOMIC LAND,"ROTAM CHEMISTRY CO.,Ltd"
Abamectine,VARGAS ULTRA EC,SOLAGRI,"ROTAM CHEMISTRY CO.,Ltd/ALBAUGH"
Abamectine,Vertimec,BIOPROTECTION,SYNGENTA
Abamectine,Diva 1.8 EW,EL MOUSSEM AGRICOLE,CHEMINOVA
Abamectine,ZORO,SSCC,CHEMINOVA/ FMC
Acetamiprid,CAPILAN SL,NEGANOR,AGROW ALLIED
Beauveria bassiana strain ATCC 74040,Naturalis,COTUGRAIN,CBC europe/italie
Chlorantraniliprole + LambdaCyhalothrine,BESIEGE 150 ZC,COTUGRAIN IMPEX,SYNGENTA
Cyflumetofen,DANIRANGER 10DC,AGRIMATCO,OAT AgrioCO.Ltd
Cyflumetofen,VELAR 20 SC,cotugrain,OAT agrio(fab)/Japo
Cypermethrine,SYNCHRO,EL KHADRA,SHARDA CROPCHEM LIMITED INDE
Cypermethrine,SINOCYPER,EL KHADRA,CROPSAVE PESTICIDES INDIAN PVT.LTD
Cypermethrine,CYPRINE,TASMID,CROPSAVE PESTICIDES INDIAN PVT.LTD
Cypermethrine,CYPERNOVA,AGRINOVA,SHARDA CROPCHEM LIMITED INDE
Huile minérale,PetrOil,SOCOOPEC,PETRONAS LUBRICANTS
Huile minérale,Plant oil,STE EL KHADRA,INDUSTRIAS AFRAZA/ALBAUGH EUROPE SARL
Indoxacarb,PIXEL SC,FERTITECH,TOPAGRO BIOSCIENCE
Indoxacarb,POTER,PROTAGRI,NANJING AGROCHEMICAL
Indoxacarb,INDOXAL XTRA WDG,AGRINOVA,AGROBEATS TECH CHINE
Indoxacarb,VEROX WDG,SANABEL AGRO,AGROBEATS TECH CHINE
Indoxacarbe,OXAL SC,NEGANOR,Jingboagrochemicals technologie
Lambda-cyhalothrine,ALLEYA ME,EL KHADRA,AUGUST inc/CORPORATE
Lambda-cyhalothrine,SIAL ME,NEGANOR FFT,AUGUST inc/CORPORATE
Manipropamide + Oxychlorure de cuivre,REVUS C,BIOPROTECTION,SYNGENTA
metarhiziumrileyi strain,Nomu-Protec,ALOHA,ANDERMATT PHP (Pty) AFRIQUE DE SUD
Methoxyfenozide,Runner,PROMOCHIMIE,DOW AGROSCIENCES/ corteva
Milbemectin,Milbeknock,AGRIPROTEC,"Mitsui Chemicals Agro,Inc/summit agro"
Spinosad,SUCCESS SC,PROTAGRI,NANJING AGROHEMICAL CHINE
Spinosade,SPINO 480 SC,EL KHADRA,"BAICO BIOTECH CO,LTD/"
Tebufenozide,MIMIC 240 SC,EL MOUSSEM AGRICOLE,NIPPON SODA/Japan
Tefluthrine,VOLTRA 0.5 G,COTUGRAIN,SYNGENTA
Tefluthrine,DIASTAR MAXI GR,RAYEN PHYTAGRI,DIACHEM
Tolfenpyrade,HACHI-HACHI EC,EL KHADRA,SIPCAM INAGRA
Azoxystrobine,Azox SC,Ets MEZGHANNI,"JIANGYIN SULI CHEMICAL CO.LTDi,Q,Key"
Azoxystrobine,AXYTOP 50WG,EXCEL AGRI,SHARDA CROPCHEM INDE
Cuivre,Siscop 60 SC,SEPCM,AAKO BV
Cuivre + cymoxanil,Cuprofix C WG,EL MOUSSEM,UPL
Cymoxanil + Bouillie bordelaise,FESTIVAL WP,RAYEN PHYTAGRI,"LAINCO, S, A/ESPAGNE"
Dithianon + Pyrachlostrobin,MACCANI,COTUGRAIN IMPEX,BASF
Famoxadone + cymoxanil,EQUALIZER WG,RAYEN PHYTAGRI,"Shengnong Pesticide, Co. Ltd/hangzhouTopagro Bioscience"
Famoxadone + cymoxanil,CYMOFLEX WG,PROTAGRI,NANJING AGROCHEMICAL
Fenhexamide,Teldor,PROMOCHIMIE,BAYER CROPSCIENCE
Fenpyrazamine,PROLECTUS 50WG,SEPCM,SUMITOMO CHEMICAL AGRO Europe
Fluxapyroxad + difenoconazole,SERCADIS PLUS SC,AGRIPROTEC,BASF
Fosethyl-Al + Cymoxanil + Folpel,BELKAP EXTRA,AGROSYSTEMES,PROBELTE
Fosethyl-Al + Cymoxanil + Folpel,Anteor flash,ATLAS AGRICOLE,BAYER AG
Krésoxim-méthyl,ALLIAGE DF,AGRIMATCO,BASF
Krésoxim-méthyl,Kresoxystar 350SC,Ets Mezghani,ANHUI HUAXING CHEMICAL INDUSTRY CO.Ltd
Krésoxim-méthyl,Stroby DF,STIMA,BASF
Mefentrifluconazole,REVYSTAR EC,AGRIMATCO,BASF
Mefentrifluconazole + Pyraclostrobin,REVYCARE EC,AGRIPROTEC,BASF
Prochloraze + Triticonazole,REAL SUPER,AGRIPROTEC,BASF
Prothioconazole + Tebuconazole,Prosaro 250 EC,PROMOCHIMIE,BAYER CROPSCIENCE
Pyriméthanil,PYRAMIDE,EXCEL AGRI,SHARDA CROPCHEM LIMITED INDE
Pyriméthanil,pyrma SC,SHARDA CROPCHEM LIMITED tunisie,SHARDA CROPCHEM LIMITED INDE
Pyriméthanil,PYRUS 400 SC,STEC,UPL
Spiroxamine,PROSPER 300 CS,Atlas agricole,BAYER CROPSCIENCE
Tébuconazole,TEBUSHA 6 FS,AGRINOVA,SHARDA CROPCHEM LIMITED INDE
Tébuconazole,AZUROS,SLDA,SHARDA CROPCHEM
Tébuconazole,SUPREME 25 EW,COTUGRAIN Impex,UPL LIMITED
Tébuconazole + Trifloxystrobine,Nativo 300 SC,STEC,BAYER CROPSCIENCE
Arylex TM + Forasulam + Cloquintocet acide +SURFER,CLASSICO WG,SEPCM,Dow Agrosciences
Aminopyralydes + Florasulam + 2.4 D EHE,Nikos forte,ATLAS AGRICOLE,Dow Agrosciences/CORTEVA
Bentazone,BENTA SL,EL KHADRA,"NANJING FENGSHAN CHEMICAL GROUP CO,LTD/NANGIN G FENGSHAN"
Bentazone,BASASTAR SL,AGRIPLUS,"NANJING FENGSHAN CHEMICAL GROUP CO,LTD"
Bentazone,Basagran,STIMA,BASF
Bentazone,BENTAPROTEKT SL,LIEN AGRICOLE,ANHUI ZHONGSHAN CHEMICAL
Bentazone,fighter,cotugrain,BASF
Bentazone,RAINZONE EC,NEGANOR FFT,SHANDONG WEIFANG RAINBOW CHEMICAL CO.LTD CHINE
Bentazone,BENHUR SL,PROTAGRI,NANJING AGROCHEMICAL
Clopyralid,clopryd 30 SL,SLDA,Sharda cropchem
Cycloxidime,Focus Ultra,STIMA,BASF
Dimethenamid-P + Metazachlor + Quinmerac,BUTISAN AVANT SE,COTUGRAIN,BASF
EthametSulfuron Methyl,MUSTER 75 WG,SSCC,FMC
Fénoxaprop-P-Ethyl,Foxtrot,AGROSYSTEMES,FMC
Fénoxaprop-P-Ethyl + Iodosulfuron-Méthyl Sodium + Méfenpyr - diéthyl,Puma Evolution,JADWA AGROTEC,BAYER CROPSCIENCE
Fénoxaprop-P-Ethyl + Iodosulfuron-Méthyl Sodium + Méfenpyr - diéthyl,HUSSAR EVOLUTION,AGRIPROTEC,BAYER CROPSCIENCE
Florasulam + Iodosulfuron-méthyl-sodium + Diflufénican,JOYSTICK WG,AGROSYSTEMES,ASCENZA AGRO
Florasulam + tribenuron-methyl,GRANSTAR MAX WG,AGRIPROTEC,chenminova/FMC
Florasulame,Clyde SG,AGRIPROTEC,ALBAUGH EUROPE SARL
Glyphosate,Glycel,AGRIMATCO,excel crop care/Sumitomo chemical
Metrobromuron,PROMAN,NEGANOR,belchim crop protection
Oxyfluorfene,Goal,promochimie,HANGZHOU NUTRICHEM/s
prometryn,gesagard 500 FW,bioprotection,syngentacrop protection
Propaquizafop,PRODIGE,FERTITECH,SHARDA CROPCHEM LIMITED INDE
Acide gibberellique,Aminogibb,AMINCO,GLOBACHEM
Acide gibberellique,progibb 40 SG,BIOPROTECTION,VALENTBioscience / SUMITOMO
Acide gibberellique,Fitogib,BIOPROTECTION,NUFARM
Acide gibberellique,GIB GRO,BIOPROTECTION,NUFARM
Acide gibberellique,Giberkey,ETS MEZGHANNI,IndustrialQuimica Key
Acide gibberellique,Protagibb,PROTAGRI,United Phosphorus
Acide gibberellique,Berelex 40 SG,SEPCM,CHEMICAL Agro Europe
Polyoxyethylene amine,PHYDEAL SL,FERTIPLANT,SDP/France
Proteines hydrolysées,BIOBAIT,BIOPROTECTION,BIOIBIRICA
Proteines hydrolysées,FLYRAL,AGRIPROTEC,BIOIBIRICA
Sodium lauryl ether sulfate (SLES),Biopower SL,ATLAS AGRICOLE,BAYER AG
Abamectine,TERVIGO 020 SC,BIOPROTECTION,Syngenta Crop Protection AG
Fluazaindolzine,SALIBRO 500 SC,AGRIPROTEC,CORTEVA
Fluopyram,VELUM PRIME 400 SC,ATLAS AGRICOLE,BAYER AG
Garlic extract,NEM guard SC,STIMA,Ecospray limited
Oxamyl,Vydate GR,AGRIMATCO,DUPONT
Brodifacoum,Broditop,ETS MEZGHANI,ZAPI SPA
Brodifacoum,Broditop wax block,ETS MEZGHANI,ZAPI SPA
Brodifacoum,Klérat,AGRIPROTEC,SYNGENTA
Brodifacoum,Raticide detia,STIMA,DETIA
Difenacoum,SOREXA PELLETS,AGRIPROTEC,BASF