Substance(s) active(s);P.Comm;Société;Fabricant
Abamectine 18 g/L EC;Numectin I.A.009-16;AGRIPROTEC;NUFARM FRANCE
Abamectine 84 g/L SC;Agrimec Gold 084 SC I.A.129-;BIOPROTECTION;SYNGENTA SUISSE
Abamectine 20g/l SC;TERVIGO 020 SC IN.001-19;BIOPROTECTION;Syngenta Crop Protection
Abamectine 18g/l EC;VALMEC EC I.004-19;EL KHADRA INDUSTRIAS AFRASA;ESPAGNE
Abamectine 18 g/l EC;ROMECTIN EC I.02-21;AGRONOMIC ROTAM CHEMISTRY Chine;Non spécifié
Abamectine 1 8 g / l E C;VERTIMEC IA.003-11/21;BIOPROTECTION SYNGENTA SUISSE;Non spécifié
Abamectine 1 8 g / l E C;TIMEC TIN I.A.006-13;COTUGRAIN IMPEX Tide Ningbo Ltd.;Taiwan
Abamectine 1 8 g / L E W;DIVA 1.8 EW I.A.002-15;EL MOUSSEM CHEMINOVA DANNEMARK;POMMIER : ACARIENS : 75 cc/hl
Abamectine 1 8 g / l E C;ACTROSE 18 EC I.015-18;ETS MEZGHANI ASTRACHEM ARABIE SAOUDITE;POMMIER : ACARIENS : 75 cc/hl
Abamectine 1 8 g / l E C;TINA EC I.A.005-11/21;ETS MEZGHANI INDUSTRIAL QUIMICA ESPagne;Non spécifié
Abamectine 1 8 g / l E C;MEC TIN PRO .006-17;JADWA AGROTEC AAKO BV AUSTRALIE;POIRIER : PSYLLÉ : 75 cc/hl
Abamectine 1 8 g / l E C;P o t e n z a 1 . 8 I A . 0 0 7 - 1 1 / 2 1;SANABEL AGRO SINON CORPORATION TAIWAN;Non spécifié
Abamectine 1 8 g / l E C;A a k o m e c t i n e I A . 0 0 9 - 1 1 / 2 1;STEC AAKO BV AUSTRALIE;Non spécifié
Abamectine 1 8 g / l E C;T r a n s a c t 1 8 E C I . A . 1 6 1 - TASMID;ASTRACHEM KSA;Non spécifié
Abamectin 33.2g/L+15 SC;AGRI-FLEX 185 SC I.011-17;AGRIPROTEC SYNGENTA Suisse;SYNGENTA Suisse
Abamectin 33.2g/L+15 SC;SOLVIGO 185 SC I.008-18;COTUGRAIN SYNGENTA Suisse;SYNGENTA Suisse
Acetameprid 70% SP;ACETADE FORT I.009-17;SANABEL Agro SHARDA CROPCHEM INDE;SHARDA CROPCHEM INDE
Acetameprid 70% SP;Polysect I.004-16;SO COOPEC SHARDA INDE;SHARDA INDE
Acetamipride 200 g/L SL;Escort 20 SL I.010-11/21;BIOPROTECTION UPL/(NIPPON JAPON SODA)ARYSTA;UPL/(NIPPON JAPON SODA)ARYSTA
Acetamipride 200 g/L SL;Mospilan 20 SL;I.011-11/21 SEPCM (NIPPON SODA);JAPON
Acetamiprid 200 g/l SL;DEPOT SL;I.037-22 PROTAGRI MODERN /INDE;INDE
Acetamiprid 200 g/L SL;CANVION310 DC;I.032-22 COTUGRAIN Syngenta Crop Protection;SUISSE
Acrinathrine 75 g/L EW;Orytis;I.135-11/21 ATLAS AGRICOLE CHEMINOVA;ESPAGNE
Acrinathrine 75 g/L EW;Rufast 7,5 EW;A.013-11/21 EL MOUSSEM CHEMINOVA;ESPAGNE/FRAnçE
Acrinathrine 22.5 EW;TRIPSOL EW I.010-19;AGROSYSTEME;Cheminova/fmc DANEMARK
Abamectine;Non spécifié;EC B o n b a r d;I.176-11/21
Alphaméthrine 1 0 0 g / L;E C B o n b a r d I.176-11/21;COTUGRAIN;BASF ALLEMAGNE
Acrinathrine 22.5 EW;TRIPSOL EW I.010-19;AGROSYSTEME;Cheminova/fmc DANEMARK
Azadirachtine (0,03 %) + Abamectine g/l;Nimbicidine I.160-11/21;TASMID T. STANES &Co.Ltd.;INDE
Azadirachtine 32 g/L;OIKOS MAX I.004-20;EL KHADRA SIPCAM INAGRA;Espagne
Azadirachtine 32 g/L;Non spécifié;EL KHADRA SIPCAM INAGRA;Espagne
Bacillus thuringiensis 16x106I.U/ SC;BELTHIRUL 16SC I.09-21;AGRIPROTEC PROBLETE;Espagne
Bacillus thuringiensis 32000UI/m WG;Delfin WG I.131-11/21;AGROSYSTEMES CERTIS;USA
Bacillus thuringiensis 32000UI/m WG;BACTOSPINE DF I.017-19;SEPCM VALENT BIOSCIENCE;USA
Bacillus thuringiensis 375 g/kg WP;LEPINOX PLUS WP I.019-22;COTUGRAIN CBC (EUROPE);Tomate sous serre: Tuta absoluta:1 kg/ha
Bacillus thuringiensis 16000UI/m;TOUTA STOP WP;ET S MEZGHANI INDUSTRIAL QUIMICA;Espagne
Beauveria bassiana strain 2x109;BB-PROTEC WP;ALOHA AGRICULTURE PLANT HEALTH PRODUCTS;Sud afrique
Beauveria bassiana strain 0.0185;%W/W;NATURALIS SC;CBC europe
Bifenazate 240 g/l;COMITE 240 SC;BIOPROTECTION CHEMTURA/ARYSTA JAPON;*
Bifenazate 240 g/l;FLORAMITE 240 SC;AGRIMATCO CHEMTURA/ARYSTA JAPON;Non spécifié
Bifenazate;BANTER WG;AGRIPROTEC;UPL limited Inde
Bifenazate;Acramite 480 SC;SEPCM CHEMTURA /UPL;USA
Borax;Prev-am;EL MOUSSEM ORO AGRI;USA
Borax;Orotun;RAYEN ORO AGRI;USA
Chlorfenapyr;CHALLENGER SC;AGRIPROTEC;BASF
Chlorfenapyr;CHLORPIRATE;PROTAGRI NANAJING;Chine
Chlorantraniliprole 20% SC;Virago I.041-22;SHARDA;SHARDA CROPCHEM INDE
Chlorantraniliprole 200 g/L SC;Coragen 20 SC I.033-11/21;SEPCM DU PONT/FMC USA;CROPCHEM limited
Chlorantraniliprole + 45 g/L SC;VoliamTargo 063 SC I.034-11/21;BIOPROTECTION SYNGENTA SUISSE;BIOPROTECTION SYNGENTA SUISSE
Abamectine +18g/L;Non spécifié;Non spécifié;Non spécifié
Chlorantraniliprole 100 g/L+50 SC;BESIEGE 150 ZC I.009-18;COTUGRAIN SYNGENTA SUISSE;SYNGENTA SUISSE
Chlorantraniliprole 100 g/L SC;DURIVO I.006-18;SOLAGRI SYNGENTA SUISSE;SYNGENTA SUISSE
Chlorantraniliprole 350 g/kg WG;ALTACOR 35 WG I.015-22;AGRIPROTEC FMC USA;FMC USA
Chlorantraniliprole 200g/l SC;COREGIS SC I.025-22;PROMOCHIMIE DU PONT/FMC;DU PONT/FMC USA
Chlorpyrifos 5% GR;DELFOS 5G I.038-11/21;ETS MEZGHANI INDUSTRIAL QUIMICA AUSTRALIE;AUSTRALIE
Chlorpyrifos+Gamma – 300 g/l+10 EC BOLTON EC I.009-19;AGRIPROTEC CHEMINOVA /FMC DANEMARK;AGRIPROTEC CHEMINOVA /FMC DANEMARK;Non spécifié
Chlorpyriphosethyl 480g/l EC;CASTEL 48 EC I.007-17;EXCEL AGRI SHARDA INDE;Non spécifié
ChlorpyriphosEthyl 480 g/L EC;Lorvek 480 EC I.006-14;ATLAS AGRICOLE DOW AGROSCIENCES GR.BRETAGNE;Non spécifié
ChlorpyriphosEthyl 5% GR Lorvek 5 G I.014-13;ATLAS AGRICOLE Dow Agroscience USA;Toutes cultures:Taupins et Vers gris:100 Kg/ha ou localisé : 10 Kg/ha;Non spécifié
ChlorpyriphosEthyl 480 g/l EC PYRIBAN EC I.31-22;SSCC Gharda chemicals ltd;Agrumes: Cochenilles farineuses:150 cc/hl;Non spécifié
ChlorpyriphosEthyl 480 g/L EC Robust 480 EC I.159-11/21;ATLAS COROMANDEL INDE;Maïs : Pyrale :100 cc/hl;Non spécifié
ChlorpyriphosEthyl 480 g/L EC Pyrical 480 EC I.039-11/21;BIOPROTECTION UPL/(NIPPON USA;Betterave : Casside: 0.75 l /ha (Extension SODA)ARYSTA;04/11/15)
Cochénille farineuse;150 cc/hl;Non spécifié;Non spécifié
Teigne;1 L/ha;Non spécifié;Non spécifié
Chlorpyriphosethyl 480g/l EC;BONSOL I.014-19;COTUGRAIN SHARDA INDE;Non spécifié
ChlorpyriphosEthyl 480 g/L EC;Super Chlorpy I.163-11/21;EL MOUSSEM GHARDA INDE;Non spécifié
Tordeuse, Cicadelle, Cochenille;100 cc/hl;CHEMICALS/aristeas;Non spécifié
Cochénille;100 cc/hl;Non spécifié;Non spécifié
Chenilles des microlépidoptères;100 cc/hl;Non spécifié;Non spécifié
Criquets;0,5 L/ha;Non spécifié;Non spécifié
Cochénille farineuse;150 cc/hl;Non spécifié;Non spécifié
Teigne;1 L/ha;Non spécifié;Non spécifié
ChlorpyriphosEthyl 480 g/L EC;Delfos I.040-11/21;ETS MEZGHANI INDUSTRIAL QUIMICA ESPAGNE;Non spécifié
Cochénille;100 cc/hl;CHEMICALS/aristeas;Non spécifié
Cicadelle;100 cc/hl;PYRIFOS I.016-19;FERTITECH SHARDA INDE
Cochénille noire;150 cc/hl;Charter I.007-16;SANABEL AGRO SINON CORPORATION CHINE
ChlorpyriphosEthyl;Akocid 480 EC;STEC AAKO PAYS BAS;Non spécifié
ChlorpyriphosEthyl;Akofos 480 EC;SEPCM AAKO PAYS BAS;Non spécifié
Chlorpyriphosethyl;Starphos;SOCOOPEC SHARDA INDE;Non spécifié
ChlorpyriphosEthyl;Duracid;STEC DOW AGROSCIENCES GR. BRETAGNE;Dow AgroSciences
Chlorpyriphos-Méthyl;EXAQ EC;ATLAS AGRICOLE DOW AGROSCIENCES SUISSE;Dow AgroSciences
Chromafénozide;Matric I.044-11/21;BIOPROTECTION UPL/ARYSTA JAPON;Non spécifié
Clofentezine 500 g/L SC;Apollo 50 A.045-11/21;STEC AAKO BV PAYS BAS;Non spécifié
Cyantraniliprole 100 g/L OD;Benevia I.014-16;AGRIMATCO DU PONT USA;USA
Cyantraniliprole 100 g/L OD;Preza OD I.11-21;Agriprotec;DU PONT/FMC USA
Cyantraniliprole 60 SC;MINECTO PRO SC I.006-22;BIOPROTECTION SYNGENTA SUISSE;SUISSE
Abamectine g/l+18g/l tabaci;Non spécifié;BIOPROTECTION SYNGENTA SUISSE;SUISSE
Cyantraniliprole 100 SC;PLESIVA ALPHA SC I.011-22;BIOPROTECTION SYNGENTA SUISSE;SUISSE
Cyflumetofen 100g/l DC;DANIRANGER 10DC I.001-22;AGRIMATCO OAT;AgrioCO.Ltd japon
Cyflumetofen 193.5 g/1 SC;VELAR 20 SC I.03-21;cotugrain OAT JAPON;JAPON
Cypermethrine 250 g/L EC;SYNCHRO I.004-15;EL KHADRA;SHARDA WORLDWIDE INDE
Cypermethrine 250 g/L EC;CYPERNOVA I.004-17;AGRINOVA;SHARDA WORLDWIDE INDE
Cypermethrine 500 g/l EC;CYPGOLD 500 EC I.029-22;EL MOUSSEM;ARYSTA BELGIQUE
Cypermethrine 100 g/l EC;CYRUX I.003-17;PROTAGRI;UPL INDE
Cypermethrine 0.86 % MG;Belem 0.8 MG 002-16;I. SEPCM SBM;ESPAGNE
Cyperméthrine 100 g/L EC;Selene I.048-11/21;ETS. MEZGHANI INDUSTRIAL QUIMICA;ESPAGNE
Cyperméthrine 100 g/L EC;Sherpa I.146-11/21;JADWA AGROTEC CMPA;ESPAGNE
Cyperméthrine 2 5 0 g / L E C;Cypercal 250 EC I.046-11/21;BIOPROTECTION UPL/ARYSTA USA;USA
Cyromazine 7 5 % W P;c l a v e W P I.051-11/21;ets mezghani industrial quimica;Espagne
Tomate : Tuta Absoluta;30 g/hl;comm09/02/21;trigard I.050-11/21
Cyromazine 7 5 % W P;T r i g a r d I.050-11/21;bioprotection syngenta suisse;Suisse
Tomate : Mouches mineuses;20 g/hl;trigard I.050-11/21;bioprotection syngenta suisse
Deltamethrine 25 g/l EC;D66 I.003-15;ets mezghanni industrial quimica;Espagne
Agrumes: Cochenilles;50 cc/hl;comm13/02/2020;deltamethrine 25 g/l ec
Deltamethrine 25 g/l EC;Dextra 25 EC 16-016I. RAYEN TAGROS CHEMICALS INDE;trigard I.050-11/21;bioprotection syngenta suisse
Tomate : Noctuelle;75 cc/hl;phytagri;deltamethrine 25 g/l ec
Deltamethrine 25 g/l EC;Delmitox 16-011I. SANABEL AGRO SHARDA CROPCHEM INDE;trigard I.050-11/21;bioprotection syngenta suisse
Tomate : Pucerons;100 cc/hl;phytagri;deltamethrine 25 g/l ec
Deltamethrine 25 g/l EC;Sergent I.006-15;socoopec sharda worldwide inde;pommier : pucerons
Deltamethrine 25 g/l EC;SCATTO EC I.013-19;stima isagro spa/gowan;pêcher: cératite
Deltaméthrine 1 0 0 g / L EC;Decis Expert I.056-11/21;atlas agricole bayer cropscience;Espagne/Espagne
Tomate de plein champs : Noctuelles (chenilles défoliatrices);15 cc/hl;Deltaméthrine 1 0 0 g / L EC;DGSVCIA 08 juin2022
Olivier : Neiroun;15 cc/hl;Deltaméthrine 1 0 0 g / L EC;DGSVCIA 08 juin2022
Tomates/Piments : Pucerons;15 cc/hl;Deltaméthrine 1 0 0 g / L EC;DGSVCIA 08 juin2022
Pêcher : Pucerons;20 cc/hl;Deltaméthrine 1 0 0 g / L EC;DGSVCIA 08 juin2022
Arbres fruitiers : Scolytes;15 cc/hl;Deltaméthrine 1 0 0 g / L EC;DGSVCIA 08 juin2022
Deltaméthrine 2 5 g / L;delta cal;BIOPROTECTION UPL/ARYSTA USA;Non spécifié
Deltaméthrine 2 5 g / L;decis ec 25;bayer cropscience;el moussem
Deltaméthrine 2 5 g / L;EC Fruit rinhe I.166-11/21;PROTAGRI;United Phosphorus Ltd INDE
Deltaméthrine 2 5 g / L;EC Delta I.055-11/21;STEC BAYER CROPSCIENCE;Espagne
Cigales;Non spécifié;Non spécifié;Non spécifié
Cochenilles noires;Agrumes;Cochenilles noires;50 cc/hl
Diafenthiuron;Pommier, Agrumes: Acariens, Pucerons;Pegasus 500 SC;BIOPROTECTION SYNGENTA AUSTRALIE
Tomate : Mouches blanches, Acariens;60 ml/hl;Non spécifié;Non spécifié
Cucurbitacées : Pucerons, Mouches blanches, Acariens;60 ml/hl;Non spécifié;Non spécifié
Tomate : Tuta Absoluta;100 cc/hl;Non spécifié;Non spécifié
Diméthoate 4 0 0 g / L;Olivier : Teigne, Psylle, Dacus;1 L/ha;BIOPROTECTION UPL/ARYSTA USA
Arbres fruitiers (sauf Agrumes) : Cératite, Carpocapse;100 cc/hl;Non spécifié;Non spécifié
Toutes cultures : Pucerons;100 cc/hl;Non spécifié;Non spécifié
Diméthoate 4 0 0 g / L;Olivier : Teigne, Psylle, Dacus;1 L/ha;ETS MEZGHANI INDUST. QUIMICA
Key;Arbres fruitiers (sauf Agrumes) : Cératite, Carpocapse;100 cc/hl;SEPCM CHEMINOVA /FMC GR.BRETAGNE
Toutes cultures : Pucerons;100 cc/hl;(comm 18/10/2018);Non spécifié
Diméthoate 4 0 0 g / L;Olivier : Teigne, Psylle, Dacus;1 L/ha;DAPHEN FORT
Toutes cultures : Pucerons;100 cc/hl;Non spécifié;Non spécifié
Diméthoate 4 0 0 g / L;Olivier : Teigne, Psylle, Dacus;1 L/ha;PHYOA TE
Arbres fruitiers (sauf Agrumes) : Cératite, Carpocapse;100 cc/hl;Non spécifié;Non spécifié
Toutes cultures : Pucerons;100 cc/hl;Non spécifié;Non spécifié
Dinotefuran 20% SG;STARKEL 20SG;I.30-22;AGRIMATCO
Emamectin benzoate 50 g/L EC;Proact 50 EC;I.128-11/21;TASMID ASTRACHEM KSA
Emamectin benzoate 50 g/L EC;PROFAST EC;I.046-22;PLANETE VERTE ASTRACHEM KSA
Etofenprox;TREBON EC I.012-19;ATLAS AGRICOLE SIPCAM INAGRA S.S Espagne;Non spécifié
Etoxazole;Borneo 10 SC I.A.017-17;BIOPROTECTION SUMITOMO Japon;Non spécifié
Fenazaquin;MAGISTER A.I.003-20;SEPCM GOWAN Espagne;Espagne Olivier
Fenoxycarb +Lufenuron;Lufox 105 EC I.067-11/21;BIOPROTECTION SYNGENTA Espagne;Non spécifié
Fenpyroximate;FLA SH EVO I.012-18;EL KHADRA SIPCAM INAGRA Espagne;NIHON NOHYAKU Co. Ltd
Fenpyroximate;MITACID I.010-15;INNOVA SIPCAM INAGRA Espagne;NIHON NOHYAKU Co. Ltd
Flonicamid;TEPPEKI WG I.10-21;AGRIPROTEC ISK Biosciences Europe Belgique;Non spécifié
Flubendiamide;FAME 480 SC I.020-22;ATLAS AGRICOLE BAYER Allemagne;AGRICOLE
Flubendiamide;Takumi 20 WG I.070-11/21;EL MOUSSEM NIHON NOHYAKU / JAPON;NICHINO EUROPE
Flufénoxuron;Qatar I.071-11/21;AGROSYSTEMES GLOBACHEM Espagne;Non spécifié
Carpocapse;Non spécifié;Non spécifié;BAYER AG - ALLEMAGNE
75 cc/hl;Non spécifié;Non spécifié;BAYER AG - ALLEMAGNE
Acariens, noctuelles;VELUM PRIME 400 SC;ATLAS AGRICOLE;BAYER AG - ALLEMAGNE
Fluopyram 400 g/l;SIVANTO PRIME 200;ALLOHA AGRICULTURE ANDERMATT SUIRE;BAYER A.G ALLEMAGNE
Meloidogynespp;1.25 l/ha;Non spécifié;Non spécifié
Pucerons;Vantex;AGROSYSTEMES FMC USA;USA
Noctuelles;BOLLDEX SC;I.010-17 ALOHA AGRICULTURE ANDERMATT SUIRE;SUISSE
Bemisia tabaci;SIVANTO PRIME 200;ALLOHA AGRICULTURE ANDERMATT SUIRE;SUISSE
Helicoverpa armigera nucl.;Vantex;AGROSYSTEMES FMC USA;USA
Gamma-cyhalothrine 60 g/l;VANTEX;AGROSYSTEMES;USA
Carpocapse;20 cc/hl;VANTEX;AGROSYSTEMES FMC USA - USA
Helicoverpa armigera nucl.;BOLLDEX SC;I.010-17 ALOHA AGRICULTURE ANDERMATT SUIRE;SUISSE
Acariens;JALISCO;AGRIPROTEC PROPLANT ESPAGNE;ESPAGNE
"Acariens""Tetranychusurticae""";JALISCO;AGRIPROTEC PROPLANT ESPAGNE;ESPAGNE
Acariens;DIABLO I.A.175- EL KHADHRA INDUSTRIAS AFRAZA ESPAGNE;ARYSTA - ALLEMAGNE;Non spécifié
Acariens;CESAR I.A.075- EL MOUSSEM NIPPON SODA CO., ALLEMAGNE;ALLEMAGNE;Non spécifié
Acariens;EXITOX I.A.177- ETS MEZGHANI INDUSTRIAL QUIMICA ESPAGNE;ESPAGNE;Non spécifié
Acariens(Tetranychus urticae);ACRUX SC;AGROSYSTEMES ASCENZA AGRO PORTUGAL;PORTUGAL
Hexythiazox 258.7 g/l SC;DIABLO MAX SC I.004-22;EL KHADRA AFRASA INDUSTRIOS;Espagne Agrumes:Acariens(Tetranychus urticae):20 cc/hl
Hexythiazox 50 SC;ROCINANTE I.04-21;AGRIPROTEC PROPLAN PLANT;Espagne Agrumes:Acariens (TetranychusUrticae) :0.75 g/l+Abamectine g/L+18g/l
Non spécifié;PROTECTION l/ha(2000 l);COMPANY;Le présente un effet sur les formes mobiles qui dure 14 jours, et ne présente pas un effet significatif sur les œufs.
Huile minérale 8 5 0 g / L;E C S u n O I L I.008-13;AGRIMATCO PETRONAS;Espagne Agrumes : Mineuses :1 L/hl (seul, 0,4L/hl en association avec un insecticide homologué sur mineuse
Huile minérale 8 5 0 g / L;E C A g r o H u i l e I.009-13;AGROSYSTEMES PETRONAS;Espagne Agrumes : Mineuses :1 L/hl (seul, 0,4L/hl en association avec un insecticide homologué sur mineuse
Huile minérale 8 1 7 g / L;E C O v i p h t I.127-11/21;ATLAS COMPTOIR;INDUSTRIE COMMERCIAL DES LUBRIFIANTS/SANGOS SE Vigne : Cochenilles floconneuses :
Huile minérale 8 5 0 g / L;E C C i t r o l e I.076-11/21;EL MOUSSEM TotalEnergies Fluides;AGRICOLE Espagne Agrumes : Mineuses :1 L/hl (seul, 0,4L/hl en association avec un insecticide homologué sur mineuse
Huile minérale 8 3 0 g / l E C I n s e c t i c i d a;K EY I.001-14;ETSI MEZGHANI Industrial Quimica;Key Espagne Agrumes : Mineuses : 1L/ha (Produit seul) OU
0.4 L/ha (En association avec un insecticide).;Non spécifié;Non spécifié;Non spécifié
Huile minérale 8 5 0 g / L E C P e t r O i l I005-17;SOCOOPEC PETRONAS;Belgique Agrumes : Mineuses :1 L/hl (seul, 0.4L/hl en association avec un insecticide homologué sur mineuse;Non spécifié
Pommier : Acariens trait. D’hiver : 1,5 L/hl;Non spécifié;Non spécifié;Non spécifié
Huile minérale 8 5 0 g / L E C P l a n t o i l I.149-11/21;STE EL KHADRA INDUSTRIAS AFRASA;Espagne Agrumes : Mineuses :1 L/hl (seul, 0.4L/hl en association avec un insecticide homologué sur mineuse;Non spécifié
Pommier : Acariens trait. D’hiver : 1,5 L/hl;Non spécifié;Non spécifié;Non spécifié
Huile de paraffine 800 g/l EC OVIPRON TOP I.003-22;BIOPROTECTION UPL;Espagne Agrumes: Acariens(Tetranychus urticae):1.5 l/hl (1500 l/ha);Non spécifié
-DAR:20 jours (Commission 08/06/22);Non spécifié;Non spécifié;Non spécifié
Huile de paraffinique 79 % EC LAINCOIL EC I.033-22;FERTITECH LAINCO ESPAGNE;Espagne Agrumes: Cochenilles farineuses:15 l/ha;Non spécifié
-méthode d'application: par pulvérisation foliaire(com 27/12/22);Non spécifié;Non spécifié;Non spécifié
Huile de paraffinique 79 % EC PLANT OLEO EC I.047-22;NEGANOR LAINCO ESPAGNE;Espagne Agrumes: Cochenille (Aonidiella aurantii): 1.5 l/hl( l/ha)(com 27/12/22);Non spécifié
Huile de paraffinique 830g/l EC AGROIL BLEU EC I.034-22;PROMOCHIMIE SIPCAM INAGRA ESPAGNE;Espagne Agrumes: Traitement d'hiver et d'été (cochenilles farineuses comme ovicide à partir du3ième jour et cet effet se poursuit jusqu’ à 3ième semaines après l’application du traitement.):20l/ha;Non spécifié
2 traitement/10 jours(com 27/12/22);Non spécifié;Non spécifié;Non spécifié
Imidachlopride 70% WDG;IMIDAPUM WG I.013-22;ETS MEZGHANI;JIANGSU KESHENG Tomate sous serre: Mouche blanche(Bemisia tabac):70 g/ha pulvérisation foliaire (Commission 08/06/22)
DGSVCIA 08 juin2022 _ Liste des Produits pesticides homologués Page 21;Non spécifié;Non spécifié;Non spécifié
Imidachlopride 35% SC;Midash 350 SC;COTUGRAIN SHARDA INDE;Agrumes Mineuse : 60 cc/hl (pulvérisation foliaire)
Imidachlopride 35% SC;IMIDOR SC;Excel agri SHARDA INDE;Agrumes Mineuse : 60 cc/hl (pulvérisation foliaire)(comm27/12/22)
Imidachlopride 700g/kg WG;Finito WG;EL KHADRA SHARDA INDE;Agrumes:Mineuses:15g/hl
Imidachlopride 500 g/l SC;Tanrek 500 SC;NEGANOR AUGUST JSC RUSSIE;Piment sous serre: Mouche blanche (Bemisia tabaci):20cc/hl(100 l/ha)
Imidachlopride 300g/l SC;JUDOKA GOLD;SANABEL AGRO ROTAM CHINE;Pécher : Pucerons: 25cc/hl(Commission du +Lambda cyalothrine +75g/l AGOCHEMICALS 18/10/2017)
Imidaclopride 70% WG;Imigo70 WG;AGRIMATCO United Phosphorus Inde;Agrumes: Mineuses:15g/hl
Imidaclopride 200 g/L;S L P R I S M A S L I . 0 8 2 - 1 1 / 2 1;ETS MEZGHANI INDUSTRIAL QUIMICA ESPAGNE;Agrume : Mineuses, pucerons : 60 cc/hl
Pommier : Pucerons : 35 cc/hl;;Non spécifié;Non spécifié
Agrume : Mineuses :1à2 ml/arbre âgé de moins de 4 ans par badigeonnage du tronc 40 cc + 400 cc huile d’été/hl;;Non spécifié;Non spécifié
Pêcher : Pucerons : 35 cc/hl;;Non spécifié;Non spécifié
Cultures s/serres : Mouches blanches : 50 cc/hl;;Non spécifié;Non spécifié
Imidaclopride 200 g/L OD;Confidor 200 OD;PROMOCHIMIE BAYER CROPSCIENCE Espagne;Agrumes, pommier, piment : Pucerons : 30 cc/hl
Imidaclopride 2 0 0 g / L;SL Bazooka I.079-11/21 Agrosystèmes;Globachem Espagne;Non spécifié
Imidaclopride 2 0 0 g / L;SL Erazer I.015-15 Aminco;Globachem Chypre;Non spécifié
Imidaclopride 2 0 0 g / L;SL Spector SL I.077-11/21 Atlas Agricole;Bayer CropScience;Non spécifié
Imidaclopride 2 0 0 g / L;SL Nuprid I.081-11/21 Bioprotection;Nufarm Espagne/Espagne;Non spécifié
Imidaclopride 2 0 0 g / L;SL Akopride I.140-11/21 Jadwa Agrotec;AAKO BV;Non spécifié
Imidaclopride 2 0 0 g / L S L C o n f i d o r I . 0 8 3 - 1 1 / 2 1;Pucerons;PROMOCHEMIQUE BAYER CROPSCIENCE ESPagne;BAYER CROPSCIENCE
Imidaclopride 2 0 0 g / L S L P r o t a d o r I . 1 6 4 - 1 1 / 2 1;Mineuses, pucerons;PROTAGRI;United Phosphous Ltd INDE
Imidaclopride + lambda- 160 g/l + SC Kilter 16-010I. BIOPROTECTION NUFARM Espagne;Tomate : Mouche blanche;NUFARM ESPagne;BIOPROTECTION
cyhalothrine 120 g/l;Mineuses, pucerons;KILTER;BIOPROTECTION NUFARM RUSSIE
Indoxacarbe 150 g/L SC TALENT 150 SC I.016-18;Tuta Absoluta;Ets MEZGHANI ASTRACHEM/ASTRAN ARABIE;MEZGHANI ASTRACHEM/ASTRAN
Indoxacarbe 150 g/L SC Amiral I.087-11/21;Tuta Absoluta;EL MOUSSEM PARIJAT INDUSTR.;EL MOUSSEM PARIJAT INDUSTR.
Indoxacarbe 150 g/L SC GENERAL SC I.045-22;Tuta Absoluta;RAYEN PARIJAT INDUSTR.;RAYEN PARIJAT INDUSTR.
Indoxacarbe 150 g/L EC AVATAR EC I.023-22;Noctuelle, Tuta Absoluta;ATLAS DU PONT/FMC USA;FMC USA
Indoxacarbe 150 g/L EC Avaunt I.089-11/21;Tuta Absoluta;SEPCM DU PONT/FMC USA;FMC USA
Indoxacarbe 150 g/l SC;STARCARB I.021-22;SSCC GARDA CHEMICAL;Inde
Indoxacarbe 150 g/L SC;VAUENT I.086-11/21;TASMID ASTRACHEM KSA;Tomate : Tuta Absoluta :50 cc/hl
INDOXACARB 150 g/l SC;PIXEL SC I.043-22;FERTITECH TOPAGRO Chine;Tomate: Tuta absoluta:50 ml/hl
Indoxacarb 150 g/l SC;CAP-VAUNT SC I.035-22;NEGANOR Jingbo agrochemicals chine;Choux: Piéride de choux:30 cc/hl(300 cc/ha)
Indoxacarb 150 g/l SC;INDO SUPER SC I.039-22;Sté ELKHADRA NINGBO SUNJOY CHINE;Tomates: Tuta absoluta:50 cc/hl
Indoxacarb 30% WG;Hoprole Xtra I.040-22;DELTA Shandong weifang chine;Tomate: Tuta absoluta:170 g/ha
Lambada cyhalothrine 5% EG;Kempo EG I. 14-21;BIOPROTECTION NUFARM SUISSE;Agrumes : Pucerons : 200 g/ha(Commission 09/02/21)
Lambada cyhalothrine 5% EG;KAISO 5% I. 014.-17;EL MOUSSEM NUFARM SUISSE;Agrumes : Pucerons : 200 g/ha(Commission AGRICOLE du 18/10/2017)
Lambda cyhalothrin 2,50% WDG;JUDO I. 013-17;STIMA Sharda INDE;Agrumes : Cératite:75 g/hl
Lambda cyhalothrin 2,50% WDG;power WDG I. 15-21;fertitech Sharda INDE;Agrumes : Cératite:75 g/hl
Lambda-cyhalothrin 25 g/l EC;KEYLAM EC I.003-18;EtsMezghanni Industrial quimica;Key Chine / Espagne
Lambda-cyhalothrine 0.4 % GR;POINTER GEO GR I.07-21;AGRIPROTEC SIPCAM INAGRA;Espagne
Lambda-cyhalothrine 0.4 % GR;TRIKA EXPERT GR I.06-21;PROMOCHIMIE SIPCAM INAGRA;Espagne
Lambda-cyhalothrine 10g/l CS;LAMBDATROL I.007-18;AGRIPROTEC SIPCAM INAGRA;Espagne
Lambda-cyhalothrine 100g/l CS;POINTER100 CS I.002-17;promochimie SIPCAM INAGRA;Espagne
Lambda-cyhalothrine 25 g/l EC;Pulsar I.168-11/21;PROTAGRI;United Phosphous Ltd INDE
Lambda-cyhalothrine 5 0 g / L E C;Ravane I.091-11/21;AGROSYSTEMES GLOBACHEM;Espagne
Lambda-cyhalothrine 5 0 g / L E C;Markate I.016-15;AMINCO GLOBACHEM;Espagne
Lambda-cyhalothrine 5 0 g / L E C;Expert I.007-15;SANABEL AGRO SHARDA WORLDWIDE INDE;Pommier : Carpocapse : 25 cc/hl
Lambda-cyhalothrine 5 0 g / L E C;lalione EC I.16-21;delta agicole plus SHARDA WORLDWIDE INDE;Pommier : Carpocapse : 25 cc/hl
Lambda-cyhalothrine 5 0 g / L E C;Jackpot 16-013I.;SANABEL AGRO ROTAM CHINE;AGROCHEMICALS(rival e)
Lambda-cyhalothrine 1 0 0 g / L C S;Kung Fu I.005-18;SOLAGRI SYNGENTA SUISSE;Toutes cultures : Noctuelles : 80 cc/ha
cc/ha;;Non spécifié;Non spécifié
Pommier, poirier : Pucerons : 80 cc/ha;;Non spécifié;Non spécifié
Vigne : Cicadelles, Thrips : 200 cc/ha;;Non spécifié;Non spécifié
Lambda-cyhalothrin 160 SC;Timerole plus I.042-22;DELTA AGRICOLE;Shandong weifang chine
Lufenuron 50 g/L EC;CIGNA 50 EC;I.011-18 COTUGRAIN;SYNGENTA SUISSE
IMPEX Pommier;Non spécifié;Non spécifié;JINGBO AGROCHEMICALS CHINE
Lufenuron 100g/l;LIBERO I.036-22 NEGANOR;I.036-22 NEGANOR;JINGBO AGROCHEMICALS CHINE
Malathion 9 5 % U L V;Non spécifié;SEPCM CHEMINOVA /FMC AUSTRALIE;AUSTRALIE
Malathion 5 0 0 g / L E C F y f a n o n 5 0;Fyfanon 50 I.097-11/21;SEPCM CHEMINOVA AUSTRALIE;AUSTRALIE
Metaflumizone 240 g/l SC;Alverde 240 SC I.003-13;STIMA BASF ESPAGNE;ESPAGNE
Metaflumizone 240 g/l SC;Versimo 240 SC I.13-21;AGRIPROTEC BASF ESPAGNE;ESPAGNE
Métam sodium 5 1 0 g / L S L F u m i c a l;In.098-11/21;BIOPROTECTION UPL/ARYSTA ESPAGNE;ESPAGNE
Methiocarbe 2 0 0 g / l S C;Mesurol 200 SC I.015-13;ATLAS AGRICOLE BAYER CROPSCIENCE ESPAGNE;ESPAGNE
Méthomyl 40% SP;Kuik 400 SP I.002-13;SANABEL AGRO ROTAM TAIWAN/CHINE;TAIWAN/CHINE
Méthomyl 2,5 % W P;Lannate 25 I.101-11/21;SEPCM DU PONT (Taiwan) SUISSE/Taiwan;Non spécifié
Méthomyl 2,0 g/L;Lannate 20 L I.102-11/21;SEPCM DU PONT AUSTRALIE;Non spécifié
Methoxyfenozide 240 g/l;Runner I.019-16;PROMOCHIMIE DOW AGROSCIENCES FRANCE;FRANCE
Milbemectin 10 g/L;Milknock IA.103-11/21;AGRIPROTEC Mitsui Chemical JAPON;JAPON
Oxamyl 100 g/l;Vydate 10 L 128-11/21;AGRIPROTEC DU PONT;ESPAGNE/USA
Phénamiphos 10 % G R N e m a c u r 10 G;Ne macur 10 G IN.104-11/21;PROMOCHIMIE AMVAC Chemical USA;USA
Phosmet 50% WP;Imidan 50 A I.152-11/21;AGRIPROTEC GOWAN/Espagne;ESPAGNE/Espagne
Phosmet 50% WP;Foslete 50 I.011-13;EL KHADHRA SIPCAM INAGRA;Espagne
Phosphure d’Al. 77,50%;Quickphlo-R I.153-11/21;PROTAGRI UNITED PHOSPHORUS INDE Amande, pistache, noisette, pignon, cacao,LTD (HOIMOLOGUE ect… : Insectes des denrées agro-alimentaires stockés Céréales, légumineuses : Insectes des denrées stockés Dattes stockées : Pyrale : Sachet de 125 gr;DGSVCIA 08 juin2022 _ Liste des Produits pesticides homologués Page 28
Phosphure d’Al. 57 % +33% FU Quickphos I.154-11/21;PROTAGRI UNITED PHOSPHORUS INDE LTD;Non spécifié;UNITED PHOSPHORUS INDE LTD
Phosphure d’Hy.;Non spécifié;Non spécifié;Non spécifié
Phosphure de Magnésium 57%+33% PL Magnaphos I.171-11/21;PROTAGRI UNITED PHOSPHORUS INDE LTD;Non spécifié;UNITED PHOSPHORUS INDE LTD
Phosphure d’Hy.;Non spécifié;Non spécifié;Non spécifié
Phosphure de Magnésium 57%+33% PL Deguech plate I.143-11/21;STIMA DETIA DEGUECH ESPagne;Non spécifié;STIMA DETIA DEGUECH ESPagne
Phosphure d’Hy.;Non spécifié;Non spécifié;Non spécifié
Pymetrozine 50% WG;Plenum 50 WG I.108-11/21;BIOPROTECTION SYNGENTA SUISSE;SYNGENTA SUISSE
Pyrethrines 40g/l EC;ABANTO 40 EC I.008-19;EL KHADRA AFRASA INDUSTRIAS S.A;AFRASA INDUSTRIAS S.A
Pyrethrins 20 g/l EC;PIRECRIS I.008-22;ATLAS SEIPASA S.A;SEIPASA S.A
Pyrethrins 18, 61 g/l EC;Piretro Verde I. 012-17;STIMA COPYR S.p.A;Espagne
Pyriproxyfen 100g/l EC;MAGIC EC I.009-22;Fertitech HANGZHOU TOPAGRO;Chine
Pyridalyl 500 g/l EC;Sumipleo50EC I.015-16;AGRIMATCO SUMITOMO JAPON;JAPON
Pyrimicarbe 50 % WG;Piri I.110-11/21;AGROSYSTEMES GLOBACHEM;Espagne
Pyrimicarbe 50 % WG;Tornado I.017-15;AMINCO GLOBACHEM;Espagne
Pyriproxyfene 100 g/l EC;Muligán I.001-18;AGRIPROTEC PROPLAN;Espagne
Pyriproxyfene 100 g/l EC;Proximo EC I.002-18;EL KHADRA Indsutrias AFRASA S.A;Espagne
Pyriproxyfene 100 g/l EC;Brai EC I.006-19;RAYEN LAINCO SA;Espagne
Pyrifluquinazon 20% SC;Rycar SC I.007-22;EL KHADRA SIPCAM INAGRAS;Espagne
(E,Z,Z)-3,8 ,11-60 mg VP SHIN –ETSU MD T I.014-22 COTUGRAIN Shin ETSU chemical/ Japon/France;Tomate sous serre: Tuta absoluta:1000 Tetradecadien -1-yl /dispensers CBC (EUROPE) diffuseurs/ha(100 diffuseurs/1000 m2);Non spécifié;Shin ETSU chemical
Acetate(53.8 mg/diffuseur);Non spécifié;Non spécifié;Non spécifié
-110-120 jours au printemps-été.;Non spécifié;Non spécifié;Non spécifié
-150-160 jours en automne-hiver (Commission;Non spécifié;Non spécifié;Non spécifié
(E,Z)-3,8 –Tetradecad 08/06/22 ien -1-yl acetate(6.2 mg/diffuseur);Non spécifié;Non spécifié;Non spécifié
Spinetoram 120 g/l SC Radiant 120 SC I.001-15 ATLAS DOW AGROSCIENCE USA;Tomate :Noctuelles:AGRICOLE 50 cc/hl;ATLAS DOW AGROSCIENCE USA;Dow AgroScience
Spinosade 480 g/l SC SPINO 480 SC I.017-22 EL KHADRA BAICO BIOTECH Chine Tomate sous serre:Tuta absoluta:0.25l/ha (25 CO,LTD/;Tomate sous serre:Tuta absoluta:0.25l/ha (25 CC/Hl);EL KHADRA BAICO BIOTECH;Chine
Spinosade 240 g/L SC LASER 240 SC I.010-13 ATLAS AGRICOLE DOW USA Tomate : Tuta absoluta : 50 cc/hl;AGROSCIENCE/corteva Tomates s/serres : Mouches mineuses : 60 agriscience cc/hl;ATLAS AGRICOLE DOW USA;Dow AgroScience
Spinosade;CB Spintor;ATLAS AGRICOLE;DOW Espagne
Non spécifié;agriscience Olivier;AGROSCIENCE/corteva;Olivier
Spirodiclofen 24%;SPIRIDOR 240 SC;SHARDA SHARDA CROPCHEM;Inde
Spirodiclofen 240 g/L;Bolido 240 SC;PROMOCHIMIE BAYER;Espagne/JAPON
Spirodiclofen 240 g/L;Envidor;STEC BAYER;Espagne
Spirodiclofen 240 g/l;ASKARI 240 SC;SEPCM AAKO;Espagne
Spirodiclofen 24%;SPIDER EXTRA SC;SANABEL AGRO SHARDA CROPCHEM INDE;INDE
Spirodiclofen 240 g/l;ACAROS SC;STEC Shandong Kangqiao;Nanjing Agrochemical Chine
Spiromesifen 240 g/L;Oberon 240 SC;CROPSCIENCE BAYER CROPSCIENCE;Espagne / Espagne
Spirotetramat 150 g/L OD;Movento 150 OD I.117-11/21;ATLAS AGRICOLE;BAYER CROPSCIENCE ANGLETERRE
Tetranychusurticae;Non spécifié;Non spécifié;Non spécifié
Pecher: Pou de San Jose;1 l /ha;Non spécifié;Non spécifié
Tomate : Tuta absoluta;50 cc/hl;Non spécifié;Non spécifié
Vigne : Cochenille farineuse;1,2 L/ha;Non spécifié;Non spécifié
SpliNPV 5 x 1011 SC;LITTOVIR I.007-19;ALOHA ANDERMATT SUISSE;Non spécifié
Fraisier: Noctuelle;200 cc/hl;Commission;AGRICULTURE BIOCONTROL AG
Spores de 48 g/kg WG MYCOTAL WG I.004-18;NUTRIPLANT KOPPERT BIOLOGICAL ESPagne;ESPagne;Non spécifié
Tomate: Aleurodes;1g/l;System de produit + adpro (adjuvant);Système 1979 spores/g
Sulfoxaflor 240 g/l SC;Closer 240 SC I.008-15;SEPCM DOW AGROSCIENCE;Espagne
Agrumes : Cochenilles;20 cc/hl;Extension;Non spécifié
Agrumes : Pucerons;12.5 cc/hl;Extension;Non spécifié
Tomate : Mouche blanche;250 ml/ha;Extension;Non spécifié
Pommier : Carpocapse;100 cc/hl;Extension 12/01/2018;Non spécifié
Tefluthrine 0,50% GR;VOLTRA 0.5 G I.005-20;COTUGRAIN SYNGENTA;Espagne
Piment : Insectes du sol;15 Kg/ha;Application localisée par ligne au stade 2-3 feuilles;Non spécifié
Pomme de terre : Taupins;15 kg/ha;Epandage localisé sur la ligne de plantation -1 Application par cycle de culture;DGSVCIA 08 juin2022
Thiaclopride 480 g/L SC;Calypso I.120-11/21;PROMOCHIMIE BAYER CROPSCIENCE Espagne;BAYER CROPSCIENCE
Thiaclopride 150 g/L OD;Proteus 170 OD I.121-11/21;PROMOCHIMIE BAYER CROPSCIENCE NOUVELLE;BAYER CROPSCIENCE
Thiaméthoxam 350 g/L FS;ADAGE 350FS I.013-18;SOLAGRI SYNGENTA SUISSE;SYNGENTA Suisse
Thiaméthoxam 141 g/L SC;ALIKA 247 ZC I.010-18;COTUGRAIN SYNGENTA Suisse;SYNGENTA Suisse
Thiamétoxam 350 g/L FS;Cruiser 350 FS I.124-11/21;BIOPROTECTION SYNGENTA SUISSE;SYNGENTA Suisse
Thiamétoxam 25% WG;Synara 25 WG I.123-11/21;BIOPROTECTION SYNGENTA SUISSE;SYNGENTA Suisse
Thiamétoxam 25% WG;THIAMEX 25 WG I.022-22;SLDA;United Phosphorus Ltd INDE
Thiamétoxam 25% WG;Renova I.170-11/21;PROTAGRI;United Phosphorus Ltd INDE
Thiamétoxam 25% WG;Syntax I.015-19;SANABEL AGRO SHARDA;INDE
Thiamétoxam 25% WG;Rexame 16-009I.;SOCCOPEC SHARDA;INDE
Thiocyclame hydrogène 50% SP;Evisect 130-11/21;BIOPROTECTION NIPPON KAYAKU/UPL;/JAPON/ Espagne
oxalate ARYSTA LIFESCIENCE;Agrumes : Mineuses : 50 g/hl;Agrumes : Thrips : 80 gr /hl( avec des application s espacé d’une semaine);EXTENSION 17/05/2016
Triflumuron 480 g/l SC;Alsystin 480 SC I.126-11/21;PROMOCHIMIE BAYER CROPSCIENCE;Espagne
Zeta-cypermethrine 100g/l EW;FURY 10 I.001-17;COTUGRAIN FMC Chemical;Espagne
Zeta-cypermethrine 0.8% MG;Fury Geo 001-16 I.;COTUGRAIN FMC USA;Pomme de Terre : Taupins : 15kg/ha
Adepidyn+ 75 g/l+125 g/l SC;Miravis duo Sc;BIOPROTECTION ARYSTA;ARYSTA
Difenoconazole LIFESCIENCES;-;LIFESCIENCES;-
Ametoctradin+ 300 g/L + 225 SC;Orvego;AGRIPROTEC BASF;BASF
Dimethomorph g/L;-;-;-
Ametoctradine 200 g/l SC;SNOOKER SC;STIMA BASF;BASF
Amisulbrom 200g/l SC LEIMAY 20 SC;LEIMAY 20 SC;EL MOUSSEM NISSAN CHEMICAL;NISSAN CHEMICAL
Aureobasidium pullulans 500g/kg(2.5*1 WG BOTECTOR WG;BOTECTOR WG;STIMA BIOFERM/SAN;SAN Vigne
Azoxystrobine 25% EC;SORBISTAR;SOCOOPEC ZHEJIANG E-TONG;CHEMICAL
Azoxystrobine 250 g/l SC;LEGADO 250 SC;EL KHADRA AFRASA;AFRASA
Azoxystrobine 250 g/l SC;Azox SC F.039-17;Ets MEZGHANNI;JIANGYIN SULI CHINE
Azoxystrobine 50% WG;AXYTOP 50WG F.060-22;EXCEL AGRI SHARDA;INDÉ
Azoxystrobine 50% WG;Cayen 500 WG F.035-16;RAYEN SHARDA;INDÉ
Azoxystrobine 250 g/l SC;SINSTAR SC F.030-17;SANABEL AGRO SINON TAIWAN;BLÉS : Septoriose: 0,8 l/ha
Azoxystrobine 2 5 0 g / L S C;Globaztar 250 SC F.017-13;AGROSYSTEMES;ESPAGNE
Azoxystrobine 2 5 0 g / L S C;Z atr a S C F . 0 3 4 - 1 5;AMINCO;ESPAGNE
Azoxystrobine 2 5 0 g / L S C;a z i m u t S C F . 4 8 - 2 1;ATLAS AGRICOLE NUFARM;ESPAGNE
Azoxystrobine 2 5 0 g / L S C;t a z e r 2 5 0 S C F . 0 2 4 - 1 5;EL MOUSSEM NUFARM;ESPAGNE AGRICOLE
Azoxystrobine 2 5 0 g / L S C;a f f i x 2 5 0 S C F . 0 3 0 - 1 6;PROTAGRI UPL INDE;INDÉ
Azoxystrobine 2 5 0 g / L S C;a r o x y 2 5 0 S C F . 0 7 4 - 2 2;AGRIMATCO UPL INDE;INDÉ
Azoxystrobine 2 5 0 g / L S C;y D o 2 5 0 S C F . 3 4 - 2 1;STEC nanjing CHINE;JIANGYIN SULI CHEMICAL AGROCHEMICAL
COUGAR SC 200g/l + 80 g/l S C;COUGAR SC F.016-18;PROTAGRI UPL LIMITED;INDÉ
DOUBLE FORCE F. 029-17;DOUBLE FORCE F. 029-17;SANABEL AGRO SHARDA;INDÉ
ALLIANCE TOP SC 200 g/l+125 g/l S C;ALLIANCE TOP SC F.011-22;AGRI PLUS JIANGYIN SULI CHINE;VIGNE : Mildiou Plasmopara viticola : 50 cc/hl
Azoxystrobine 200 g/l+125 g/l SC;AMISCORE SC F.014-22 PROTAGRI NANJING CHINE;NANJING CHINE;SYNGENTA
Azoxystrobine 200 g/l+125 g/l SC;FULL TOP SC F.073-22 NEGANOR JIANGYIN SULI CHINE;JIANGYIN SULI CHINE;SYNGENTA
Azoxystrobine 125 g/l+125 g/l SC;PRIORI GOLD 250 F.40-21 SOLAGRI SYNGENTA Crop SUISSE;SOLAGRI SYNGENTA Crop SUISSE;SYNGENTA
Azoxystrobine 75 g/L +75 g/L EC;Serial 150 EC F.019-15 SEPCM AAKO AUSTRALIE;SEPCM AAKO AUSTRALIE;SYNGENTA
Azoxystrobine 80g+31,25 g/l SC;AZIMUT XPERT SC F.18-21 ATLAS AGRICOLE NUFARM;ATLAS AGRICOLE NUFARM;NUFARM
Azoxystrobine 80g+31,25 g/l SC;TAZER XPERT SC F.52-21 el moussem NUFARM;NUFARM;NUFARM
Azoxystrobin + 25%+12.5% SC;CURAX EXTRA SC F.009-20;SHARDA;SHARDA Inde
Flutriafol;Non spécifié;CROPCHEM;-2 applications d’intervalle 3 semaines
Azoxystrobin + 25%+12.5% SC;CURATEX EXTRA F.63-21;FERTITECH;SHARDA Inde
Flutriafol SC;Non spécifié;CROPCHEM;-2 applications d’intervalle 3 semaines
Azoxystrobine +flutriafol 125 g/l+125 g/l SC;Impact max SC F.037-22;AGRIPROTEC;BASF SE GERMPANY
Tebuconazole;;;
Azoxystrobine + 200g/l + 200 SC;START-UP F.038-15;BIOPROTECTION;AAKO PAYS BAS
Tebuconazole;;;
Azoxystrobine 80 g/L +400 SC;Priori Opti F.003-11/21;BIOPROTECTION;SYNGENTA GRANDE
Chlorothalonil;;;
Azoxystrobine 200 g/L +125 SC;AZ-TOP SC F.003-20;SLDA;Sharda cropchem INDE
Difenoconazole;;;
Azoxystrobine 200 g/L +125 SC;Ortiva TOP F.004-18;SLOGRI;SYNGENTA SUISSE
Difenoconazole;Non spécifié;Non spécifié;Non spécifié
Azoxystrobine 322 g/l + Mefenoxam;UNIFORM 446 F.132-11/21;BIOPROTECTION SYNGENTA SUISSE;SYNGENTA SUISSE
Azoxystrobine+Propiconazole 141.4 g/l;EPIDOR F.021-16 ATLAS AGRICOLE SYNGENTA SUISSE;SYNGENTA SUISSE;SYNGENTA SUISSE
Azoxystrobine+Propiconazole 141.4 g/l;QUILT XCEL F.129-11/21 BIOPROTECTION SYNGENTA SUISSE;BIOPROTECTION SYNGENTA SUISSE;SYNGENTA SUISSE
Bacillus amyloliquefaciens de bacillus 1.0 x109 cfu/g;SERENADE PRIME F.13-21 EL MOUSSEM Bayer AG;ALLEMAGNE;BAYER AG
Bacillus subtilis de souche 1x109 CFU/g WP;BIOPROTECTION SERENADE PRIME F.131-11/21 BIOPROTECTION BION TECH INC/TAIWAN;TAIWAN;BION TECH INC
Bacillus amyloliquefaciens souche 130 g/kg WP;Taegro F.006-22 COTUGRAIN Novozymesbiologicals France;FRANCE;NOVOZYMES BIOLOGICALS FRANCE
Propiconazole 122.4 g/l;SC SERENADE PRIME AGROSCIENCES ESPAGNE;ESPAGNE;AGROSCIENCES ESPAGNE
Bacillus subtilis;SL Fungisei SL F.008-22;ATLAS SEIPASA S A/ Espagne;Non spécifié
Benalaxyl + cymoxanil + 6 % +3.2 % WP;Micine Triple F.029-16;EL KHADRA SIPCAM INAGRA Espagne;Non spécifié
Benzovindiflupyr 30 g/l+110;SE ELATUSTM Arc SE F.008-20;SOLAGRI SYNGENTA AGRO SUISSE;Blé:Septoriose (septoriatritici)
Borax 1 0 g / L;OROTUN I . A . F . 0 17-16;RAYEN ORO AGRI USA;Vigne, PHYTAGRI fraise :Mildiou,Cochenillefarineuse,pourriture
Boscalid 50 % W G;WG F.005-11/21;STIMA BASF Espagne;Vigne : Botrytis
Boscalid 50 % W G M A S T OR WG F.47-21;rayen phytagri;BASF Espagne;Vigne : Botrytis (comm09/02/21)
Boscalid + 233 g/l + 67 SC Bell Extra F.001-13;BIOPROTECTION BASF Espagne;Blés : Piétin verse, septoriose et rouille;Non spécifié
Boscalid +Krésoxym- 200 g/L +100 SC hexagon SC F.45-21;cotugrain;BASF Espagne;Vigne : Botrytis, oïdium (au stade floraison Methyl g/L à la véraison de la culture) (comm09/02/21)
Boscalid +Krésoxym- 200 g/L +100 SC Collis 300SC F.007-11/21;STIMA BASF Espagne;Vigne : Botrytis, oïdium (au stade floraison Methyl g/L à la véraison de la culture);Non spécifié
Boscalid +Pyraclostrobin 25,2 % +12,8% WG Pristine WG F.006-11/21;AGRIPROTEC BASF USA;Vigne : Botrytis, oïdium;Poirier : Maladies de conservation
Boscalid +Pyraclostrobin 267 g/kg +67 WG Signum WG 015-14;F. COTUGRAIN BASF SUISSE;Tomate, fraisier :Botrytis 125 g/hl en 3 applications;Non spécifié
Bromuconazole 100g/l SC;Vectra 10 SC F.037-15;STEC SUMITOMO JAPON;Vigne, Concombre : oïdium
Bupirimate 2 5 0 g / L;Arbo;AAKO BV AUSTRALIE;Non spécifié
Captane 80% WG;CAPITOL 80 WG;AGRONOMIC SHARDA INDE;SHARDA INDE
Captane 80% WG;Malvin80 WG;BIOPROTECTION UPL/ARYSTA;SHARDA INDE
Captane 500 g/kg WP;PROTHANE F.020-16;DELTA AGRICOLE SHARDA INDE;SHARDA INDE
Captane 80% WG;MITANE;SOCOOPEC SHARDA INDE;SHARDA INDE
Captane 480 g/l EC;CAPLANT EC F.008-19;FERTIPLANT Sharda Cropchem Inde;CROPCHEM -Pulvérisation foliaire
Captane 480 g/l EC;KAPI-TOP 48 EC F.67-21;Agrinova SHARDA INDE;INDE CROPCHEM -Pulvérisation foliaire
Captane 8 3 % W P;FIELDER F.058-22;EL MOUSSEM ARYSTA ANGLETERR;LIFESCIENCE/UPL E /Espagne
Captane 8 3 % W P;CAPTAN 83 WP F.009-11/21;AGRIPROTEC ARYSTA ANGLETERR;LIFESCIENCE/UPL E /Espagne
Captane 8 3 % W P;AKOTAN 830 WP F.010-11/21;SEPCM AAKO Espagne/Espag;Non spécifié
Carbandazime 500 g/L;FL Mandarin;SANABEL AGRO SINON Taïwan / Arbres fruitiers;TAIWAN
Carbendazime 500 g/l SC;HELIX F.013-19;COTUGRAIN SHARDA INDE;SHARDA INDE
Carbendazime 50 % (g/kg) WP;PROGREEN F.018-16;PROTAGRI UPL INDE;INDE
Carbendazime 500 g/l SC;SHARCARB F.017-16;SOCOOPEC SHARDA INDE;SHARDA INDE
Cynam EC;CYNAM EC F.004-22;COTUGRAIN LIDA Mexique/ Vigne;LIDA Mexique
Chinozole 500 g/L SL;Beltanol-L F.011-11/21;AGRIPROTEC PROBELTE;Espagne
Chinozole 500 g/L SL;V-NOL F.025-18;AGROSYSTEMES PROBELTE;Espagne
Chlorothalonil 720 g/l SC;Morfus 720 SC F.014-14;SANABEL AGRO ROTAM HONG KONG;Fève
Chlorothalonil 500g/l SC;AVOCA F.004-20;RAYEN Barclay;Féverole
Chlorothalonil 7 2 0 g / L S C;Banko 720 SC F.013-11/21;BIOPROTECTION UPL/ARYSTA USA;Cucurbitacées, Ail, Blés, Fèves
Chlorothalonil 7 2 0 g / L S C;Faudel F.014-11/21;SEPCM AAKO AUSTRALIE;Cucurbitacées
Chlorothalonil 7 2 0 g / L S C;TERRAVO F.010-20;SOLAGRI SYNGENTA Espagne;Cucurbitacées, Fraisier, ail, oignon, Tomate, P.de terre, Blés, Légumineuses
Chlorothalonil 375 g/l +62,5 SE Cherokee 487,5 SE F.025-15;SOLAGRI SYNGENTA SUISSE;Blé, Orge;Non spécifié
Chlorothalonil 500 g/L +37,5 SC ARIS GOLD F.028-18;COTUGRAIN SYNGENTA Suisse;P.de terre, Tomate, Cucurbitacées;Non spécifié
Chlorothalonil 250 g/l+125 g/l SC Tiger F.017-11/21;EL MOUSSEM PARIJAT INDE;Blé;Non spécifié
Chlorothalonil 250 g/l+125 g/l SC CAMARO COMBI F.072-22;RAYEN PARIJAT INDE;Blé;Non spécifié
Chlorothalonil 250 g/l+90 g/l SC Timpani F.017-15;EL MOUSSEM NUFARM;Ble, Féverole;Non spécifié
Chlorothalonil 250 g/l+90 g/l SC SUPER PLAZMA SC F.55-21;AGRIPROTEC NUFARM;Ble, Féverole;Non spécifié
Chlorothalonil l 500g/ +100g/l SC AVANTAGE CT F.002-17;SANABEL Agro ROTAM Taiwan;Melon, Pomme de terre;Non spécifié
Chlorothaonil 500 g/l SC;CLORTOSIP 500 SC F.011-20;ATLAS AGRICOLE SIPCAM INAGRA Espagne;Non spécifié
Chlorothaonil 500 g/l SC;PUGIL LA F.001-17;INNOVA SIPCAM INAGRA Espagne;Non spécifié
Chlorothaonil 72% SC;CHARISMA F.063-22;FERTITECH Sharda Cropchen Inde;Sharda Cropchen Tunisie
Chlorothaonil 75% SC;Clotril SC 21-15.F SHARDA;SHARDA Cropchen Inde;Non spécifié
Chlorothaonil 75% SC;CHLORAMAX F.003-16;SANABEL AGRO CORPORATION CHINE;Non spécifié
Cuivre 360 g/L SC;Hydro Flo F.209-11/21;BIOPROTECTION NUFARM USA/Espagne;Non spécifié
Cuivre 600 g/l SC;Siscop 60 SC F.041-17;SEPCM AAKO BV AUSTRALIE;Non spécifié
Cuivre Métal 35% WG;AIRONE F.004-17;AGRIMATCO ISAGRO/distribute par Espagne;FRARIMPEX
Cuivre Métal 20% WP;Comac F.214-11/21;AGRIPROTEC NUFARM Espagne;Non spécifié
Cuivre Métal 50% WP;OSSICLOR 50 PB F.015-17;ATLAS AGRICOLE MANICA Spa Espagne;MANICA
Cuivre Métal 20% WP;Super Bordeaux F.003-13;BIOPROTECTION NUFARM Espagne;Non spécifié
Cuivre Métal 75% WG;COBRE NORDOX F.047-17;COTUGRAIN NORDOX NORVEGE INDUSTRIER;Non spécifié
Cuivre Métal 20% WP;POLTIGLIA 20 PB F.035-17 ATLAS AGRICOLE MANICA S.P.A;Espagne;Non spécifié
Cuivre Métal 20% WG;Cuperval WG F.005-13;SANABEL AGRO I.Q.V. DELVALLES;Espagne
Cuivre Métal 20% WG;Bouillie Bordelaise F.203-11/21;SEPCM Cerexagri/UPL Ltd;Espagne
Cuivre Métal 20% WG;Bordo valles WG F.154-11/21;SOCOOPEC I.Q.V. DELVALLES;Espagne
Cuivre Métal 3 5 % W G K o c i d e 2 0 0 0;Kocide 2000 F.019-11/21;AGRIPROTEC MITSUI & Co Ltd/kocide;USA
Cuivre Métal 5 0 % W P C O P S I P;OPSI P F . 0 1 9 - 1 8;AGRIPROTEC SIPCAM INAGRA;Espagne
Cuivre Métal 5 0 % W P I n a c o p P M;INACOP PM F . 0 0 3 - 1 4;ATLAS AGRICOLE SIPCAM INAGRA;Espagne
Cuivre Métal 5 0 % W P C o p e z i n e 5 0;COPEZINE 50 F . 0 2 3 - 1 6;EL KHDRAS SIPCAM;Espagne
QUIMAGRO;Non spécifié;QUIMAGRO;Espagne
Cuivre Métal 50 % W P;Cobra Key F. 018 - 11/21;ETSMZE GHAN INDUSTRI.;Espagne
QuimicaKey;Vigne : Mildiou, black-rot, bactériose;QUIMICAKEY;Espagne
Fraisier : Maladie des taches pourpres, rouges et angulaires;400 g/hl;Arbo;Espagne
Tomate : Mildiou, bactériose;400 g/hl;Arbo;Espagne
Arbo:bactériose, coryneum, chancre Cloque, feu bacterien, tavelure, septoriose;500 g/hl;Arbo;Espagne
Cuivre Métal 50 % W P;Cuprené F. 167 - 11/21;Promochimie SIPCAM;Espagne
Quimagro;Vigne : Mildiou, black-rot, bactériose;QUIMAGRO;Espagne
Fraisier : Maladie des taches pourpres, rouges et angulaires;400 g/hl;Arbo;Espagne
Tomate : Mildiou, bactériose;400 g/hl;Arbo;Espagne
Arbo:bactériose, coryneum, chancre Cloque, feu bacterien, tavelure, septoriose;500 g/hl;Arbo;Espagne
Cuivre Métal 50 % W P;Proxox 50 F. 008 - 13;Sanabel I.Q.V. – Espagne;Espagne
Vigne : Mildiou, black-rot, bactériose;1 Kg/hl;QuimicaKey;Espagne
Fraisier : Maladie des taches pourpres, rouges et angulaires;400 g/hl;Arbo;Espagne
Tomate : Mildiou, bactériose;400 g/hl;Arbo;Espagne
Arbo:bactériose, coryneum, chancre Cloque, feu bacterien, tavelure, septoriose;500 g/hl;Arbo;Espagne
Cuivre Métal 50 % W P;Cuivre Cuivré F. 151 - 11/21;Sepcm I.Q.V. – Espagne;Espagne
Vigne : Mildiou, black-rot, bactériose;1 Kg/hl;QuimicaKey;Espagne
Fraisier : Maladie des taches pourpres, rouges et angulaires;400 g/hl;Arbo;Espagne
Tomate : Mildiou, bactériose;400 g/hl;Arbo;Espagne
Arbo:bactériose, coryneum, chancre Cloque, feu bacterien, tavelure, septoriose;500 g/hl;Arbo;Espagne
Cuivre Métal 50 % W P;Cuivre Renox F. 152 - 11/21;Socope I.Q.V. – Espagne;Espagne
Vigne : Mildiou, black-rot, bactériose;1 Kg/hl;QuimicaKey;Espagne
Fraisier : Maladie des taches pourpres, rouges et angulaires;400 g/hl;Arbo;Espagne
Tomate : Mildiou, bactériose;400 g/hl;Arbo;Espagne
Arbo:bactériose, coryneum, chancre Cloque, feu bacterien, tavelure, septoriose;500 g/hl;Arbo;Espagne
Cuivre Métal 50 % W P;Hidrocobre 50 Valles F.153-11/21;SOCOOP EC IQV DEL VALLES;Espagne
Cuivre Métal 50 % W P;Cuivox F.150-11/21;STE C.I.Q.V. – Espagne;Espagne
Cuivre(métal(xyde de 40% WG);HYDRO 40 WG F.001-19 SANABEL AGRO;Industrias Quimicas;Espagne
Oxychlorure de cuivre 57 % WP;OXYCUIVRE 50 F.066-22;AGRIMED Shyham chemical;Espagne
Oxychlorure de cuivre 57 % WP;COOPOX WP F.02-21;AMINCO;Shyham chemical
Oxychlorure de cuivre 350g/kg WG;RAMCU 35 WG F.002-19;STIMA Manica S.P.A;Espagne
Cuivre+cymoxanil;Cuprofix C WG F.019-22;EL MOUSSEM;UPL INDE
cyazofamid;RANMAN TOP SC F.05-21;AGRIPROTEC ISK Biosciences belgique;Europe N.V
cyflufenamid;CONFIRM 5 EW F.25-21;EL MOUSSEM NIPPON SODA/ Nisso JAPON;GmbH
cymoxanil;Cymbal 45 F.09-21;NEGANOR BELCHIM CROP;PROTECTION
cymoxanil+chlorothalonil;PUGIL CX F.047-22;EL KHADRA SIPCAM INAGRA;Espagne
cymoxanil+mancozebe;CUPROSATE GOLD F.008-17;AGROSYSTEMES AGRIA BULGARIE;M72 WP
Cymoxanil + Mancozebe 8%;Agrezate Plus F.017-20;SOCOOPEC AGRIA BULGARIE;Non spécifié
Cymoxanil + Mancozèbe 4% + 46,5% WP;Curvax M F.171-11/21;SEPCM CMPA ESPAGNE;Non spécifié
Cymoxanil + Mancozèbe 4% + 40% WP;Curzate M F.022-11/21;STEC DU PONT (TAIWAN);GREFRANCE
Cymoxanil + Mancozèbe 4% + 46,5% WP;PharoMz (sous réserve) F.005-18;SEPCM CMPA ESPAGNE;Non spécifié
Cymoxanil +mancozebe 40g/kg+400 WD;Fudan Gold 44 F.054-22;NEGANOR AGRIA BULGARIE;Non spécifié
Cymoxanil + Métirame 4,8 % +64% WG;Bato F.61-21;AGRIMATCO BASF ESPAGNE;ESPAGNE
Cymoxanil + Métirame 4,8 % +64% WG;Aviso DF F.023-11/21;STIMA BASF ESPAGNE;ESPAGNE
Cymoxanil + Famoxadone 30 % +22,5% WG;Equation Pro F.020-11/21;SEPCM DU PONT (TAIWAN);SUISSE
Cymoxanil+ Zoxamid 33%+33% WG;Reboot WG F.013-22;AGRIMATCO GOWAN CROP PROTECTION LIMITED;ESPAGNE
Cyproconazole 10% WG;Atemi 10 WG F.002-15;AGRIPROTEC SYNGENTA CROP ESPAGNE;ESPAGNE
Cyproconazole 10% WG;Xpert WG F.013-16;EL KHADRA SHARDA INDÉ;INDÉ
Cyproconazole 80 g/L +200 SC Priori Xtra F.003-18;SOLAGRI SYNGENTA SUISSE;SUISSE;Non spécifié
Cyproconazole 160 g/l + 250 EC Winter 41 EC F032-18;Agrimed Sharda Indé;SHARDA INDE;INDÉ
Cyproconazole 160 g/l + 250 EC Tazole 410 EC F.029-17;Excel Agri Sharda Indé;SHARDA INDE;INDÉ
Cyproconazole 160 g/l + 250 EC;TWIST SUPER EC F.031-17;ATLAS AGRICOLE;SHARDA INDE
Cyproconazole + Propiconazole;CHAMPION F.019-17;SOCOOPEC;SHARDA INDE
Cyproconazole 4%+37.5 % SC;CYCLONE F.015-19;SANABEL AGRO;SHARDA INDE
Cyproconazole 80 g/l + 200 g/l SC;Acanto plus F.020-15;SEPCM DU PONT;ESPAGNE
Cyproconazole 80 g/l+200 g/l SC;STINGER F.016-20;ATLAS AGRICOLE;DU PONT ESPAGNE
Cyprodinil 50% WG;arnatin WG F.68-21;SOLAGRI;SYNGENTA SUISSE
Diethofencarb 250 g/l SC;FRUGICO SC F.019-16;AGROSYTEME GLOBACHEM;BELGIQUE
Difenoconazole 250 g/L EC;Difcor F.027-11/21;AGROSYSTEMES GLOBACHEM;ESPAGNE
Difenoconazole 30 g/L FS;Difender 30 FS 006-14F.;AGROSYSTEMES GLOBACHEM;ESPAGNE
Difenoconazole 250 g/L EC;Protector F.032-15;AMINCO GLOBACHEM;ESPAGNE
Difenoconazole 250 g/L EC;Score 250 EC F.028-11/21;BIOPROTECTION SYNGENTA SUISSE;ESPAGNE
Difenoconazole 30 g/L FS;Spectro 30 FS F.029-11/21;BIOPROTECTION SYNGENTA;ESPAGNE
Difenoconazole 250 g/L EC;CURYGEN EC F.015-20;EL KHADRA JSC AUGUST INC;RUSSIE
Difenoconazole 250 g/L EC;PROZOLE 250 EC F.022-18;Ets MEZGHANI ASTRACHEM ARABIE;SAOUDITE
Difenoconazole 250 g/L EC;RAYOK F.046-17;HALAB TUNISIE JSC AUGUST INC;RUSSIE
Difenoconazole 250 g/L EC;Festival 250 EC F.006-15;SANABEL AGRO;Sharda World Wide INDE
Difenoconazole 30 g/l FS;SITARA FS F.001-20;SANABEL AGRO;SHARDA Inde
Difenoconazole 250 g/L EC;Divisole F.194-11/21;TASMID ASTRACHEM ARABIE;TASMID ASTRACHEM ARABIE
Difenoconazole 60g/l+30g/l DC;DYNALI DC F.002-22;SOLAGRI SYNGENTA SUISSE;SYNGENTA SUISSE
Difenoconazole + 25 g/l +25 g/l FS;DIFEND EXTRA FS F.017-18;AGROSYSTEMES Globachem Espagne;Globachem Espagne
Difenoconazole + 25 g/L + 25 FS;Celest Extra 50 FS F.030-11/21;BIOPROTECTION SYNGENTA SUISSE;SYNGENTA SUISSE
Difenoconazole + 25g/l + 25 g/l FS;CelestTop 312.5 126-11/21 F.;BIOPROTECTION SYNGENTA SUISSE;SYNGENTA SUISSE
Difenoconazole+propicon 150g/l+150 g/l EC;NANJI PLUS EC F.37-21;STEC JIANGYIN chine;G Arochemical (distributeur)/chine
Difenoconazole + 25 g/l + 25 g/l FS;Vibrance Gold F.013-15;BIOPROTECTION SYNGENTA SUISSE;SYNGENTA SUISSE
Fludioxonil + Sedexane + 50 g/l;Non spécifié;Semences de blé : Maladies transmissibles par les;Non spécifié
Difenoconazole 125g/L +15g/L DC CIDELY TOP 140 DC F.026-17;DC CIDELY TOP 140 DC F.026-17;AGRIPROTEC SYNGENTA SUISSE;SYNGENTA SUISSE
Difenoconazole 125g/L +15g/L DC MELCAR TOP 140 F.027-18;MELCAR TOP 140 F.027-18;COTUGRAIN SYNGENTA SUISSE;SYNGENTA SUISSE
Difenoconazole 92 g/l + 23 g/l FS SpectroExtreme 115 008-14F.;SpectroExtreme 115 008-14F.;BIOPROTECTION SYNGENTA SUISSE;SYNGENTA SUISSE
Difenoconazole 92 g/l + 23 g/l FS DIVIDEND F.006-18;DIVIDEND F.006-18;SOLAGRI SYNGENTA SUISSE;SYNGENTA SUISSE
Difenoconazole + 20 g/kg+200 WS APRON STAR WS FI.028-22;APRON STAR WS FI.028-22;COTUGRAIN SYNGENTA SUISSE;SYNGENTA SUISSE
Diméthomorphe 200 g/l +200 SC FOLY STAR 400 SC F.007-16;FOLY STAR 400 SC F.007-16;SEPCM AAKO Pays Bas;AAKO PAYS BAS
Dimethomorphe 90 g/kg +600 WG Acrobat MZ WG F.017-14;Acrobat MZ WG F.017-14;COTUGRAIN BASF Espagne;BASF ESPAGNE
Fluazinam g/l;Non spécifié;Tomate : Mildiou : 200 g/hl (Extension 18/10/2017);IMPEX Vigne : Mildiou : 200 g/hl (Extension 18/10/2017)
Dimetomorphe +Folpel 11.3% +60% WG MORPHEE 71.3 WG F.036-17;MORPHEE 71.3 WG F.036-17;BIOPROTECTION AAKO PAYS BAS;AAKO PAYS BAS
Dimetomorphe +Folpel 11.3% +60% WG DENIM F.007-17;DENIM F.007-17;RAYEN Sharda cropchem INDE;SHARDA CROPCHEM INDE
Dimetomorphe +Folpel 11.3% +60% WG FLOPY DUO F.65-21;FLOPY DUO F.65-21;AGRINOVA Sharda cropchem INDE;SHARDA CROPCHEM INDE
Dinocap Meptyl + Myclobutanil;AGRIKAR STAR F.029-18 ATLAS AGRICOLE DOW USA;Promochemie;Dow USA
Dithianon 500 g/l;DELAN 500 SC F.050-22 BIOPROTECTION BASF Allemagne;Bioprotection;BASF Allemagne
Dithianon 70% WG;ASTRONE F.056-22 SANABEL AGRO SHARDA INDE;Sanabel Agro Sharda Inde;Ciba
Dithianon 12 % + 4% WG;shanon F.32-21 SHARDA sharda cropchem inde;Sharda Cropchem Inde;Ciba
Dithianon 70% WD;MACCANI F.014-16 COTUGRAIN BASF Espagne;Cotugrain;BASF Espagne
Dodine 400 g/L SC;Syllit 400 SC F.172-11/21 PROTAGRI ARYSTA Life Science Espagne;Protagri;Arista Life Science
Dodine 400 g/L SC;Efluzin 400 SC F.010-15 SEPCM ARYSTA Life Science Espagne;Sepcm;Arista Life Science
Epoxiconazole 125 g/L SC;Rubric F.018-13 AGROSYSTEMES Cheminova Danemark;Agrosystemes;Cheminova Danemark
Epoxiconazole 125 g/L SC;Spike F.032-11/21 AGROSYSTEMES GLOBACHEM;Agrosystemes;Globachem
Epoxiconazole 125 g/L SC;Eponeo F.029-15;AMINCO Cheminova Denemark;AMINCO Cheminova Denemark
Epoxiconazole 125 g/L SC;Scooby doo F.035-15;AMINCO GLOBACHEM;AMINCO GLOBACHEM
Non spécifié;Bretagne;Non spécifié;Non spécifié
Non spécifié;Blé : Septoriose, Rouille, Oïdium;Non spécifié;Non spécifié
Epoxiconazole 125 g/L SC;Nupoxyn F.018-15;EL MOUSSEM NUFARM;NUFARM
Non spécifié;AGRICOLE Blé dur:Rouille;Non spécifié;Non spécifié
Non spécifié;Orge:Helminthosporiose;Non spécifié;Non spécifié
Epoxiconazole 125 g/L SC;ceriazole SC F.58-21 agriprotec;NUFARM;NUFARM
Non spécifié;Blé dur:Rouille;Non spécifié;Non spécifié
Non spécifié;Orge:Helminthosporiose;Non spécifié;Non spécifié
Epoxiconazole 125 g/L SC;Orage F.005-15;SANABEL AGRO SINON TAIWAN;SANABEL AGRO SINON TAIWAN
Non spécifié;CORPORATION;Non spécifié;Non spécifié
Epoxiconazole 125 g/L SC;Soprano F.033-11/21;SEPCM AAKO PAYS BAS;SEPCM AAKO PAYS BAS
Non spécifié;Orge : Oïdium;Non spécifié;Non spécifié
Non spécifié;Orge : Helminthosporiose;Non spécifié;Non spécifié
Non spécifié;Blé : Septoriose, Rouille, Oïdium;Non spécifié;Non spécifié
Epoxiconazole 125 g/L SC;Opus F.034-11/21;STIMA BASF Espagne;STIMA BASF Espagne
Non spécifié;Orge : Oïdium;Non spécifié;Non spécifié
Non spécifié;Orge : Helminthosporiose;Non spécifié;Non spécifié
Non spécifié;Blé : Septoriose, Rouille, Oïdium;Non spécifié;Non spécifié
Epoxiconazole 125 g/L SC;lovit SC F.44-21;COTUGRAIN BASF Espagne;BASF Espagne
Non spécifié;Orge : Oïdium;Non spécifié;Non spécifié
Non spécifié;Orge : Helminthosporiose;Non spécifié;Non spécifié
Non spécifié;Blé : Septoriose, Rouille, Oïdium;Non spécifié;Non spécifié
Epoxiconazole + 84 g/l+250 g/l SE EPIC TOP SE 18-011F.;SE EPIC TOP SE 18-011F.;COTUGRAIN BASF Espagne;BASF Espagne
Non spécifié;Blé : Rouille ,septoriose;Non spécifié;Non spécifié
Kresoxim-methyl g/L;Non spécifié;Non spécifié;Non spécifié
Epoxiconazole + 125 g/L +125 SC ALLEGRO F.59-21;ALLEGRO F.59-21;AGRIMATCO BASF Espagne;BASF Espagne
Non spécifié;Orge : Oïdium, Helminthosporiose;Non spécifié;Non spécifié
Kresoxim-methyl g/L;Non spécifié;Non spécifié;Non spécifié
Epoxiconazole + 125 g/L +125 SC Ogam F.155-11/21;Ogam F.155-11/21;STIMA BASF Espagne;BASF Espagne
Non spécifié;Orge : Oïdium, Helminthosporiose;Non spécifié;Non spécifié
Kresoxim-methyl g/L;Non spécifié;Non spéc;Non spécifié
Epoxiconazole;DUETT ULTRA EC;AGRIPROTEC;BASF Espagne
Thiophanate-methyl;COMM09/02/21;Blés : Piétin verse;BASF Allemagne
Epoxiconazole+Fluxapyr;ADEXAR XTRA EC;STIMA;BASF Allemagne
oxad(xemium);Non spécifié;STIMA;BASF Allemagne
Famoxadone;Clip F.011-15;AGRIMATCO DU PONT USA;USA P.de terre : Mildiou
Mancozebe;;INTERNATIONAL/co rteva;
Famoxadone+cymoxanil;VENUS WG;STIMA Shengnong Pesticide, Chine;Concombre: Mildiou (Pseudoperonospora cubensis)
02 app max au cours du cycle végétatif.;(Commission 08/06/22);STIMA Shengnong Pesticide, Chine;Chine
Fenhexamide;Teldor F.040-11/21;PROMOCHIMIE BAYER Espagne;Vigne, Tomate, Fraisier : Botrytis
CROPSCIENCE;Pêcher : Moniliose;100 g/hl;EXTENSION 20/06/2017
Fenpropidine;Zenith 575 EC F.011-14;SOLAGRI SYNGENTA SUISSE;Blés : Rouille
+Propiconazole;;;Non spécifié
Fenpropimorphe;SE palazzo F.62-21;agrimatco;BASF Espagne
Epoxiconazole;;BASF Espagne;Blés : Piétin verse, septoriose et rouille
Metrafenone;;;Non spécifié
Fenpropimorphe;Capalo F.010-13;STIMA;BASF Espagne
Epoxiconazole;;BASF Espagne;Blés : Piétin verse, septoriose et rouille
Metrafenone;;;Non spécifié
Fenpyrazamine;PROLECTUS 50WG F.040-17;SEPCM SUMITOMO Espagne;Vigne : Botrytis
CHEMICAL AGRO Europe;;;Non spécifié
Fluazinam;Nando F.045-11/21;BIOPROTECTION NUFARM Espagne;Pomme de terre
Vigne : Botrytis;1.5 L/ha;;Non spécifié
Fluazinam;VERTIGO F.208-11/21;Sanabel agro NUFARM Espagne;Pomme de terre
Fluazinam;VENDETTA SC F.055-22;STEC FMC USA/DANEM Pomme de terre: Mildiou (Phytophtora infestans);0.5 l/ha
-DAR:3 jours.;(Commission 08/06/22);STEC FMC USA/DANEM Pomme de terre: Mildiou (Phytophtora infestans);USA/DANEM
Fludioxinil;SCHOLAR 230 SC F.052-22;BIOPROTECTION SYNGENTA SUISSE;SYNGENTA
Fludioxonil;MAXIM 100 FS F.042-11/21;BIOPROTECTION SYNGENTA SUISSE;SYNGENTA
Fludioxonil;Chorus Double F.044-11/21;BIOPROTECTION SYNGENTA SUISSE;SYNGENTA
Fludioxonil;Cyprodinil 25% +37,5% WG F.043-11/21;BIOPROTECTION SYNGENTA SUISSE;SYNGENTA
Fludioxonil;Cyprodinil 25% +37,5% WG F.044-11/21;BIOPROTECTION SYNGENTA SUISSE;SYNGENTA
Fluopyram;Luna Experience 400 F.023-13;SEPCM BAYER ESPAGNE;BAYER
Tebuconazole;CROPSCIENCE Pommier : Tavelure;Pommier : Oïdium;BAYER
Fluopyram;Luna Sensation F.019-13;ATLAS AGRICOLE BAYER ESPAGNE;BAYER
Trifloxystrobine;Tomate : Botrytis;Vigne : Botrytis;Piment : Oidium
Fluoxastrobine;EVITO 480 SC F010-17;EL MOUSSEM ARYSTA ESPAGNE;ARYSTA LIFESCIENCE
Fluoxastrobine;Evito T F.033-16;EL MOUSSEM ARYSTA USA;ARYSTA LIFESCIENCE
Flutriafol 1 2 5 g /L SC;Impact S F.047-11/21;AGRIPROTEC;CHEMINOVA/FMC ANGLETERR
Flutriafol 1 2 5 g /L SC;Radikal SC F.73-21;AGRIMED SHARDA;INDÉ
Flutriafol 1 2 5 g /L SC;Flutri 125 SC F.032-16;RAYEN SHARDA;INDÉ
Flutriafol 25 g/L +25 FLO Vincit F;F.048-11/21;AGRIPROTEC;CHEMINOVA/FMC BULGARIE
Flutriafol + Tébuconazole 75 g/l + 225 g/l SC;Pointer Duo F.028-16;AGROSYSTEMES;CHEMINOVA/FMC DANEMARK
Fluxapyroxad + 75 g/l+150 g/l SE;PRIAXOR SE 18-010F.;COTUGRAIN;BASF ESPagne
Flutriafol 1 2 5 g /L SC;Non spécifié;PHYTAGRI;Non spécifié
Fluoxastrobine;EVITO P F.044-22;EL MOUSSEM;ARYSTA
Propamocarb hydrochloride;LIFESCIENCE/ UPL cuba;Non spécifié;Cuba
Fluoxastrobine;Folpel 80% WP;Solfol F.034-17;ATLAS AGRICOLE BELCHIM CROP
Propamocarb hydrochloride;Folpel +Benalaxyl 35% + 6% + WP;CIFOXIL WP F.012-20;promochimie SIPCAM INAGRA ESPAGNE
Propamocarb hydrochloride;Folpel +Benalaxyl 35% + 6% + WP;FOBECI F.002-16;INNOVA SIPCAM INAGRA ESPAGNE
Fluoxastrobine;Mikal Flash F.049-11/21;SEPCM BAYER;Espagne Vigne : Mildiou
Foséthyl-Al 80% WP;CASSIOPEE WG F.044-17;PROMOCHIMIE BAYER AG;Espagne Vigne: Mildiou
Iprovalicarbe 4%;Filal F.175-11/21;EL KHADRA AFRASA;Espagne Agrumes : Gommose
Foséthyl-Al 80% WP;Alial F.050-11/21;AGRIPROTEC PROPLAN;Espagne Melon : Mildiou de cuba
Foséthyl-Al 80%;Aliette express F.051-11/21;SEPCM;BAYER Espagne
Cymoxanil 50% + Folpet 25%;CLEANER WP F.017-22;FERTITECH HANGZHOU;Chine
Fosethyl-Al 80%;BELKAP EXTRA F.026.18;AGROSYSTEMES PROBELTE;BAYER AG Espagne
Cymoxanil 50% + Folpet 25%;ANTeor flash F.019-14;ATLAS AGRICOLE;BAYER AG Espagne
Fosethyl-Al 80%;Fosbel extra F.052.11;AGRIPROTEC PROBELTE;Espagne
Cymoxanil 50% + Folpet 25%;Magma Triple F.137-11/21;EL KHADRA AFRASA;Espagne
Fosethyl-Al 80%;Katanga Triple WP F.04-21;NEGANOR PROPLAN;Espagne
Fluopicolide 66,7% + Fosethyl-Al 80%;Profiler F.053-11/21;ATLAS AGRICOLE;BAYER AG Espagne
Foséthyl-Al 80%;FILAL PLUS WG F.051-22;EL KHADRA AFRASA;Espagne
Fosetyl –al 80%;ALU-VITE WP F.74-21;TASMID LIMIN CHEMICAL;CO.LTD
Fosetyl –al 80% WG;ALLUM WG F.009-16;EL MOUSSEM;NUFARM Espagne
Fosetyl –al 80% WG;lotus F.49-21;SANABEL AGRO;NUFARM Espagne
Fosetyl-Al 80% WP;KEYFOL 80 WP F.004-19;Ets MEZGHANI;LIMIN CHEMICAL Chine
Fosetyl-al +Mancozebe 35% +35%;KATANGA MAN F.006-17;AGRIPROTEC PROPLAN;Espagne
Fosetyl-al +Mancozebe 44.4% + WG;lotus pro F.50-21;SANABEL AGRO;NUFARM Espagne
Fosetyl-al +Mancozebe 44.4% + WG;Allum MZ F.048-17;EL MOUSSEM;NUFARM Espagne
Fosethyl-al +sulfate de 200 g/kg+150;Optix R WG F.021-22;BIOPROTECTION;UPL Inde
Huile essentielle de thym 81.87 g/l;EW NOPATH EW F.006-19;NUTRIPLANT KOPPERT -Hollande;Non spécifié
Huile essentielle d'orange 60 g/l;LIMOCIDE ULTRA F.01-21;RAYEN VIVAGRO;France
Hydroxyde de cuivre 77% soit 50% WP;Copper Progress F.169-11/21;AGROSYSTEMES SPEISS Espagne;cuivre métal GmbH
Hydroxyde de cuivre 77% soit 50% WP;Patrol 50 WP F.028-15;AMINCO SPEISS Espagne;cuivre métal GmbH
Hydroxyde de cuivre 250 g/kg WG;BLUE SHIELD 25 F.016-22;SOLAGRI Albaugh.LLC USA;cuirre métal GmbH
Hydroxyde de Cuivre 645 g/l SC;Heliocuivre F.211-11/21;BIOPROTECTION Action Pin/AAKO Espagne;cuirre métal GmbH
Hydroxyde de cuivre 40% Cu WG;Hidrocure WG F.049-22;FERTITECH ALINTRA;cuirre métal GmbH
Hydroxyde de cuivre 237,7 g/l+Métalaxyl;CYCLO-R-LIQUIDE 21-16.F;EL KHADRA INDUSTRIAS;Espagne
Hymexazole 300 g/L;Tachigaren F.056-11/21;AGRIPROTEC;Mitsui Chemicals JAPON
Imidacloprid+Tebuconaz 210 g/l+12 g/l;GIZMO SUPER FS F.018-18;AGRIPROTEC;NUFARM France
Iprodione 500 g/l;FUGIX SC F.013-20;EL KHADRA SIPCAM INAGRA;ESPAGNE
Iprodione 500 g/l;ICaro F.011-16;INNOVA SIPCAM INAGRA;ESPAGNE
Iprodione 50%;SABUESO F.016-17;AGRIPROTEC PROPLAN;Espagne
Iprodione 500 g/l;RovralAquaflo F.010-16;COTUGRAIN FMC;USA
Iprodione 500 g/l;APRODONE F.042-17;LIEN AGRICOLE SHARDA;INDE
Iprodione 500 g/l;CLUSTER F.017-17;RAYEN DIACHEM S.P.A;Italie
Iprodione 500 g/l;SINPRO SC F.005-19;SANABEL AGRO SINON;TAIWAN
Iprodione 500 g/l;DRIZA WG 001-15 F.;EL KHADRA INDSUTRIAS;Espagne
Iprodione 50%;PRODAX F.024-16;SANABEL AGRO SINON;TAIWAN
Iprodione 50%;PROVRA L F.057-11/21;SEPCM FMC;SUISSE/Espag
Hydroxyde de cuivre 237,7 g/l+Oxychlorure de cuivre;Positron 49 F.058-11/21;ATLAS AGRICOLE BAYER;Espagne
Isofetamid 400 g/l SC;Kenja SC F.20-21;Agriprotec ISK Biosciences belgique;Non spécifié
Krésoxim-méthyl 50% WG;QUIMERA WG F.001-22;El Khadra Afrasa Espagne;Non spécifié
Krésoxim-méthyl 50% WG;ALLIAGE DF F.60-21;Agrimatco BASF;Espagne
Krésoxim-méthyl 350g/l SC;Kresoxystar 350SC F.030-22;Ets Mezghani ANHUI HUAXING Blé dur;Chemical Industry Co.Ltd/CHINE(Nanjing Agrochem)
Krésoxim-méthyl 50% WG;Stroby DF F.059-11/21;STIMA BASF;Espagne
Pyriofenone 300 g/l SC;KUSABI SC F.23-21;Agriprotec ISK Biosciences Belgique;Non spécifié
Laminarin 45g/l SL;VACCIPLANT F.28-21 EL MOUSSEM GOEMAR SAS;France;Non spécifié
Mancozébe 750g/Kg WG;MANCOFLASH F.012-17;RAYEN INDOFIL;INDE
Mancozèbe 80% WP;Triziman 80 F.060-11/21;AGRIPROTEC UPL;INDÉ
Mancozèbe 80% WP;Mancothine F.061-11/21;AGROSYSTEMES AGRIA SA;BULGARIE
Mancozèbe 80% WP;Maynozebe F.030-15;AMINCO AGRIA SA BULGARIE;Non spécifié
Mancozèbe 80% WP;Sabero M 45 F.192-11/21;ATLAS AGRICOLE COROMANDEL Ltd. INDE;Non spécifié
Mancozèbe 80% WP;Caiman 80 WP F.062-11/21;BIOPROTECTION UPL/ARYSTA Espagne;Non spécifié
Mancozèbe 80% WP;Dauphin F.022-16;EL KHADRA SIPCAM INAGRA Espagne;Non spécifié
Mancozèbe 80% WP;Dicozeb 80 F.178-11/21;ELMOUSSEM. INDOFIL INDE GR.;Non spécifié
Mancozèbe 80% WP;BRETAGNE;ETS. MEZGHANI Agria/INDUST. Espagne;United Phosphorus Ltd INDE
Mancozèbe 80% WP;Zatest F.063-11/21;Non spécifié;United Phosphorus Ltd INDE
Mancozèbe 80% WP;Agrizeb F.198-11/21;PROTAGRI United Phosphorus Ltd INDE;United Phosphorus Ltd INDE
Mancozèbe 80% WP;MAXIMUS 80WP F.033-18;RAYEN INDOFIL INDE;INDOFIL INDE GR.
Mancozèbe 80% WP;PHYTAGRI;Non spécifié;United Phosphorus Ltd INDE
Mancozèbe 80% WP;MACOTAPE 80 WP F.020-18;SANABEL AGRO INDOFIL INDE;Non spécifié
Mancozèbe 80% WP;Dithane M 45 F.065-11/21;SEPCM DOWAGROSCIENCE ESPagne;Dow AgroSciences
Mancozèbe 80% WP;Agrezate 80 WP F.004-15;SOCOOPEC ZENITH BULGARIE;Cerexagri
Mancozèbe 80% WP;Penncozebe 80 WP F.156-11/21;STEC CEREXAGRI PAYS BAS;BV/UPL
Mancozèbe 75% WG;ZENER75 WDG F.046-22;NEGANOR Agria Bulgarie;Non spécifié
Mancozebe 75% WG;FORTUNA GLOBE F.08-21 AGRONOMIC;Land Agria bulgarie;Non spécifié
Mancozebe 420 g/l SC;CAIMAN FLUID SC F.41-22 BIOPROTECTION;UPL LIMITED INDE;Inde
Mancozebe 420 g/l SC;PENNFLUID SC F.03-21 AGRIPROTEC;UPL LIMITED INDE;Inde
Mancozebe + Benalaxyl 65% + 8 % WP;TRECATOL F.030-18 ATLAS AGRICOLE;FMC GRANDE P.de terre, vigne, tomate, concombre;FMC
Mancozebe + Benalaxyl 65% + 8 % WP;Galben M F.180-11/21 promochimie;FMC GRANDE P.de terre, vigne, tomate, concombre;FMC
Mancozebe +Cymoxanil 465g/kg+40g/k WP;KATALON F.011-17 RAYEN INDOFIL Inde;Tomate;Inde
Mancozebe +Fosethyl-AL 35% + 35% WP;Alfil Duplo F.005-14 EL KHADRA AFRASA;Espagne;Afrasa
Mancozebe +Oxychlorure 20 % +30% WP;Procuivre MZ F.009-15 SEPCM IQV DEL VALLES;Espagne;IQV Del Valles
Mancozebe +Oxychlorure 20 % +30% WP;Cureman F.157-11/21 SOCOOPEC IQV DEL VALLES;Espagne;IQV Del Valles
Mancozebe +Cymoxanil 68%+4.5 % WP;Profilux F.001-16 ATLAS AGRICOLE BELCHIM CROP;Espagne;Belchim Crop
Mancozebe +Valifenalate 600 GR;VALIS M F.10-21 NEGANOR BELCHIM CROP;Espagne;Belchim Crop
Mandipropamide 250 g/L SC;amphore SC F.69-21 SOLAGRI SYNGENTA SUISSE;Pomme de terre;Syngenta Suisse
Mandipropamide 40 g/L +400 SC;Carial Opti F.068-11/21 BIOPROTECTION SYNGENTA SUISSE;P. de terre, Tomate;Syngenta Suisse
Mandipropamide 250 g/l + 250 SC;CARIAL TOP F.006-16;BIOPROTECTION SYNGENTA SUISSE;SYNGENTA SUISSE
Difenoconazole;Non spécifié;SOLAGRI SYNGENTA SUISSE;SYNGENTA SUISSE
Mandipropamide 5 % + Mancozebe;ORONDIS F.77-21;Cotugrain Syngenta Crop SUISSE;SYNGENTA SUISSE
Oxathiapiprolin;Non spécifié;EXTENSION;SYNGENTA SUISSE
Mandipropamid;ORNORDIS F.77-21;Cotugrain Syngenta Crop SUISSE;SYNGENTA SUISSE
Mandipropamide 250 g/kg+Zoxamid;Ampexio WG F.022-22;BIOPROTECTION SYNGENTA;SYNGENTA SUISSE
Manèbe 80% WP;PLANTINEB 80WP F.016-19;SANABEL AGRO UPL ESPagne;UPL ESPagne
Manèbe 8 0 % W P;Riданебе F.204 - 11/21;SEP CM CEREXAGRI/UPL ESPagne;UPL ESPagne
Manèbe;Non spécifié;STE CERCEXAGRI PAYS BAS;Non spécifié
Méfenoxam + 4 % + 64% WG;Ridomil Gold MZ 68 F.073-11/21;BIOPROTECTION SYNGENTA SUISSE;BIOPROTECTION SYNGENTA SUISSE
Méfenoxam + Folpel 5% + 40 % WG;Ridomil Gold Combi F.072-11/21;BIOPROTECTION SYNGENTA SUISSE;BIOPROTECTION SYNGENTA SUISSE
Mefentrifluconazole 10%;REVySTAR EC F.035-22;AGRIMATCO BASF ALLEMAGNE;BIOPROTECTION SYNGENTA SUISSE
Mefentrifluconazole 100 g/l+50g/l EC;VERYDOR F.032-22;COTUGRAIN BASF ALLEMAGNE;BIOPROTECTION SYNGENTA SUISSE
Mefentrifluconazole 66,7% +66,7%;REVYTREX EC F.031-22;BIOPROTECTION BASF ALLEMAGNE;BIOPROTECTION SYNGENTA SUISSE
Mefentrifluconazole + Mefentrifluconazole;REVYCARE EC;AGRIPROTEC BASF Allemagne;BASF Allemagne
Pyraclostrobin;Non spécifié;Non spécifié;Non spécifié
Meptyldinocap 350 g/L;Karathane 350 EC;SEPCM DOW Espagne;Dow AgroSciences/CO RTEVA
Metalaxyl 25%;Milor 25 WP;SANABEL AGRO IQV Fraisier;IQV Fraisier
Metalaxyl 317 g/l;RAMPART FS;AGRIPROTEC UPL LIMITED INDE Semences de blé;UPL Limited IND
Métalaxyl +Mancozèbe 8 % +64% WP;Cyclo WP;EL KHADRA AFRASA Espagne;AFRASA Espagne
Métalaxyl +Mancozèbe 8 % +64% WP;manoxyde WP;agriprotec NUFARM Espagne/USA;NUFARM Espagne/USA
Métalaxyl +Mancozèbe 8 % +64% WP;Maxil;ETS. MEZGHANI INDUST. Espagne;MEZGHANI INDUST. Espagne
Métalaxyl +Mancozèbe 8 % +64% WP;Unilax F.;PROTAGRI UNITED INDE Vigne;UNITED INDE Vigne
Métalaxyl +Mancozèbe 8 % +64% WP;Milor M;SANABEL AGRO IQV DEL VALLES Espagne;IQV DEL VALLES Espagne
Métalaxyl +Mancozèbe 8 % +64% WP;Armetil M;SOCOOPEC IQV DEL VALLES Espagne;DEL VALLES Espagne
Metalaxyl + Folpet 10%+40%;ARMETIL COMBI F.015-22;SOCOOPEC IQV Espagne;Non spécifié
Metalaxyl-M 37,5%+FS VIBRANCE MAXX F.029-30;BIOPROTEC SYNGENTA Allemacne Semences;Allemacne Semences;SYNGENTA
Metirame de zinc 8 0 % WP;Polyram DF F.078-11/21;STIMA BASF Espagne;BASF
Metirame de zinc 8 0 % WP;LUTIRAM WP F.53-21;AGRIPROTEC BASF Espagne;BASF
Metrafenone 500g/L;Vivando F.015-13;AGRIPROTEC BASF / SBM Espagne;BASF / SBM
Metrafenone 500g/L;Vivando F.015-13;AGRIPROTEC;SBM
Myclobutanil 240 g/L;MYCLAS F.014-19;SANABEL AGRO SHARDA INDE;SHARDA
Myclobutanil 200 g/l EW;TOPOGAN F.011-19;SANABEL AGRO SHARDA Cropchem Inde;Inde
Myclobutanil 240 g/L EC;MYCLONE 24 EC F.002-18;RayenPhytagri Sharda Cropchem INDE;INDE
myclobutanil 240 g/l EC;PROMY F.64-21;AGRINOVA Sharda Cropchem Inde;Inde
Myclobutanil 240 g/L EC;Systhane 240 EC F.081-11/21;SEPCM DOW Espagne;Espagne
Myclobutanil 240 g/L EC;DAYZER F.043-17;SOCOOPEC SHARDA INDE;INDE
Myclobutanil 125 g/l EC;MYCLO EC F.41-21;NEGANOR indofil industries Inde;Inde
Oxathiapiprolin 30 g/l+300 g/l SE;Zorvec encantia SE F.048-22;EL BARAKA CORTEVA USA/France;USA/France
Oxathiapiprolin 40 g/l+300 g/l SE;ZorvecVinabel SE F.020-22;ATLAS AGRICOLE CORTEVA USA/France;USA/France
Oxychlorure de cuivre 678.6 g/l SC;Valtonex flow SC F.018-22;NEGANOR IQV Espagne;Espagne
Oxychlorure de Cuivre;Agrocuivre F.168-11/21;AGROSYSTEMES SPEISS Espagne;Non spécifié
Oxychlorure de cuivre;Urania/Cosaco;URANIA/COSACO;Non spécifié
Oxychlorure de cuivre;Cobre Key F.010-22;Ets Mezghani KEY;Espagne
Oxychlorure de Cuivre;Cuprumax 50 WP F.027-15;AMINCO SPEISS;Espagne
Oxychlorure de cuivre;Afrosan Duplo F.028-17;EL KHADRA AFRASA;Espagne
Oxychlorure de cuivre;Cotrane 20-30 F.005-17;SLDA TRAGUSSA;Espagne
Oxychlorure de cuivre;Curame 25 WG F.023-22;ATLAS AGRICOLE Manica SPA;Italie
Penconazole 100 g / L;Eco Pencone 100 ECF;AGROSYSTEMES GLOBACHEM CHYPRE;Non spécifié
Penconazole 100 g / L;Buckle RF;AMINCO GLOBACHEM CHYPRE;Non spécifié
Penconazole;E C T o p a z e 1 0 0;B I O P R O T E C T ION SYNGENTA SUISSE;SYNGENTA
Pencycuron;E C M o n ceren;PROMOCHIMIE BAYER ESPagne;BAYER
Penthiopyrad;K A B U T O;EL MOUSSEM Mitsui Chemicals Japon/France;MITSUI CHEMICALS
Prochloraze 60 g/l +20 g/l FS;REAL SUPER F.025-17;AGRIPROTEC BASF ESPagne;BASF
Prochloraze 60 g/l +20 g/l FS;Kinto Duo 007-14F.;STIMA BASF ESPagne;BASF
Propamocarbe 722 g/L SL;PROMORE 722 SL F.021-18;Ets MEZGHANI ASTRACHEM ARABIE;ASTRYA LIFE SCIENCE
Propamocarbe 722 g/L SL;Promess F.012-15;JADWA AGROTEC ARYSTA Life Science ESPagne;ASTRYA LIFE SCIENCE
Propamocarbe 722 g/L SL;Proplant F.199-11/21;PROTAGRI ARYSTA Life Science ESPagne;ASTRYA LIFE SCIENCE
Promocarb;Promocarb 722g/l SL omix 607 SL;NEGANOR Agria Bulgarie;F.17-21
Promocarb +Cymoxanil 400 g/l+50g/l SC;Proxanil 450 SC;BIOPROTECTION arysta lifescience;F.06-21
Promocarb +Cymoxanil 400 g/l+50g/l SC;Omix Duo 450 F.;NEGANOR Agria Bulgarie;F.071-22
Propamocarbe + 625 g/l + 62,5 SC;Volare F.;EL MOUSSEM BAYER AG Espagne;F.091-11/21
Propamocarbe 375 g/L +75 SC;Consento 450 F.;ATLAS AGRICOLE BAYER Espagne;F.090-11/21
Propamocarbe +Fosethyl- 350 g/L +310 SL;Filex Energy F.;ATLAS AGRICOLE BAYER Espagne;F.089-11/21
Propamocarbe +Fosethyl- 350 g/L +310 SL;Previcur Energy F.;EL MOUSSEM BAYER Allamagne;F.023-14
Propiconazole 41.8 g/l EC;Syterna EC F.;ets mezghani fengdeng usa Blé dur: Septoriose (Septoria tritici);F.33-21
Propiconazole 41.8 g/l EC;BANNER EC F.006-20;AGRIPLUS;HEBEI VEYONG Chine
Propiconazole 250 g/L EC;MATADOR PLUS EC F.049-17;AGRIPLUS;NINGBO SUNJOY CHINE
Propiconazole 250 g/L EC;VALEO 25 EC F.39-21;delta agricole plus;Sharda cropchem Inde
Propiconazole 250 g/L EC;TIFO 25 EC 18-015F.;FERTIPLANT;Sharda cropchem Inde
Propiconazole 250 g/L E C;T i l t 2 50 F.092-11/21;BIOPROTECTION SYNGENTA;Espagne
Propiconazole 250 g/L +80 EC Alto super F.093-11/21;BIOPROTECTION SYNGENTA;SLOVAKIE;Non spécifié
Propiconazole 300 g/l +Tebuconazole g/l CROPROTECTION;Colossal Pro F.014-15;EL KHADRA AUGUST RUSSIE;Non spécifié
Propiconazole 70 % W P;A n t r a col F.095-11/21;PROMOCHIMIE BAYER;Espagne
Proquinazid 200 g/l EC;Talendo F.101-11/21;SEPCM DU PONT;Espagne
Prothioconazole 25% EC;PROTEZOLE F.057-22;SANABEL AGRO SHARDA INDE;Blé dur:Rouille:0.8 L/ha(500 l/ha)
Prothioconazole;Mirage EC F.35-21;SHARDA;SHARDA INDE
Prothioconazole+CERATAVO ERA F.034-22;BIOPROTECTION SYNGENTA SUISSE;CROPCHEM tunisie;Non spécifié
Prothioconazole+Tebuconazole;PROTECT PLUS EC F.061-22;EXCEL AGRI SHARDA INDE;SHARDA
Prothioconazole+Tebuconazole;Perfecto EC F.36-21;SHARDA;CROPCHEM tunisie
Prothioconazole;Kestrel 240 SC F.016-15;JADWA AGROTEC BAYER Espagne;BAYER Espagne
Prothioconazole+Tebuconazole;Prosaro 250 EC F.098-11/21;PROMOCHIMIE BAYER Espagne;BAYER Espagne
Prothioconazole+Tebuconazole;Cello F.021-17;AGRONOMIC Land BAYER Espagne;BAYER Espagne
Prothioconazole+Tebuconazole+Bixafen;SKYWAY XPRO EC F.012-18;PROMOCHIMIE BAYER AG Espagne;BAYER AG Espagne
Pyraclostrobine+Metconazole;OPTIMO DUO EC 013-18F.;AGRIPROTEC BASF Espagne;BASF Espagne
Pyraclostrobin + 6,7%+26,7%;MIRACLE WDG F.038-22;SHARDA;SHARDA INDE
Boscalid G;CROPCHEM;-;CROPCHEM -Intervalle min entre app:15 jours
Pyraclostrobin + 6,7%+26,7%;ORACLE 33 WG F.076-22;SLDA;SHARDA INDE
Boscalid G;WDG;-;CROPCHEM -Intervalle min entre app:15 jours
Pyraclostrobine + 67g/L + 42 g/L;CERIAX F.016-13;AGRIPROTEC;BASF Espagne
Epoxiconazole + g/L + 42 g/L;--;--;-
Fluxapyroxad;--;--;-
Pyraclostrobine + 40 g/l + 72 g/l;Cabrio Duo F.001-14;AGRIPROTEC;BASF Allemagne
Dimotomorphe;--;--;-
Epoxiconazole;--;--;-
pyraclostrobine+epoxicon 133 g/l + 50 g/l;BAUXIT F.210-11/21;STIMA;BASF Espagne
azole;--;--;-
pyraclostrobine+epoxicon 133 g/l + 50 g/l;RETNGO PLUS EC F.46-21;Rayen phytagri;BASF Espagne
azole;--;--;-
Pyraclostrobin 100g/l+375 g/l;COMET PLUS EC F.38-21;Agriprotec;BASF Espagne
Fenpropimorph -pulvérisation foliaire;--;--;-
Pyraclostrobin 333 g/l+167 g/l;ORKESTRA SC F.033-22;BIOPROTECTION;BASF Allemagne
Pyraclostrobin +boscalid;SC F.027-22;FERTITECH;HANGZHOU Chine
Pyriméthanil;TOPAGRO 285 g/ha;BIOSCIENCE;Non spécifié
Pyriméthanil;MYTHOS300 SC F.103-11/21;EL MOUSSEM;BAYER Espagne
Pyriméthanil;PYRMA SC F.062-22;SHARDA;FERTITECH SHARDA Inde
Pyriméthanil;PYRUS 400 SC F.025-22;STEC UPL;INDE
Pythium oligandrum;POLYVERSUM F.038-17;FERTIPLANT BIOPREPARATY;Non spécifié
Fusarium spp;Non spécifié;République Tchèque;Non spécifié
Botytis cinerea;Non spécifié;Tomate;Non spécifié
Fusariose;Polyversum;Blé;BIOPREPARATY
Fusariose;Polyversum;Blé;BIOPREPARATY
Botytis cinerea;Polyversum;Tomate;BIOPREPARATY
Botrytis Cinerea;250g/ha;Vigne;BIOPROTECTION
Alternaria maliet Alternaria arborescens;80g/hl;Palmier dattier;Non spécifié
Anthracnose, Fusariose, Pythium;250 g/tonne;Semences des féveroles;Non spécifié
Reynoutria 20% SC;REYSANA SC 016-14;Tomate, Vigne;BIOPROTECTION SYNGENTA
Oïdium;Non spécifié;Piment;EUROPE SA
Sedaxane+Fludioxonil 25 g/l+25 g/l;VIBRANCE DUO FS F.002-20;Semence de blé, Semence d'orge;BIOPROTECTION SYNGENTA AGRO USA
Soufre 80% WG;Sulpex F.028-13;AGRIMATCO;Agrostulln GmbH Espagne
Soufre 80% DF;COSAMIL-DF F.26-21;SOCOOPEC Sulphur Mills Limited;Inde
Soufre 80% WG;COSAVET-DF F.010-19;AGRIPROTEC;Sulphur Mills Limited Inde
Soufre 80% WG;Agrosoufre F.163-11/21;AGROSYSTEMES;Agrostulln GmbH Espagne
Soufre 98% DP;Cabridust F.107-11/21;AGROSYSTEMES;The national company EGYPTE Vigne : Oїdium (stade floraison à la fermeture de la for grappe) : 15 Kg/ha
Soufre 80% WG;Soufrustulln F.031-15;AMINCO;Agrostulln GmbH Espagne
Soufre 80% WP;TIOSOL 80 F.004-14;ATLAS AGRICOLE SIPCAM;Espagne
Soufre 80% WP;Mistral 11-212F. BIOPROTECTION ESSECO sarl/AAKO;BIOPROTECTION ESSECO sarl/AAKO;Espagne
Soufre 80% WG;THIOMAX JET F.005-20;COTUGRAIN;SYNGENTA SUISSE
Soufre 98% DP;AzufreMicronizado F.025-13;EL KHADRA AFEPASA S.A;ESPAGNE
Soufre 80% WG;Azumo F.026-13;EL KHADRA AFEPASA S.A;ESPAGNE
Soufre 80% WP;KEY Azufre F.012-16;ETS MEZGHANI INDUSTRIAL;ESPAGNE
Soufre 98% DP;STV (Soufre Trituré F.027-13;ETS MEZGHANNI Sté CHERIFIENNE MAROC;ESPAGNE
Soufre 80% WG;soufravit F.008-16;tasmid AGROSTULLN;/PIMENT
Soufre 80% WP;Microsol F.183-11/21;QUIMAGRO;ESPAGNE
Soufre 80% WG;Insuf F.200-11/21;PROTAGRI UNITED INDE;BLÉ, ORGE
Soufre 80% WG;KIPRIDE WG F.024-17;SANABEL Agro AFEPASA S.A;ESPAGNE
Soufre 80% WG;MICROCROPS WG F.008-15;SEPCM AFEPASA S.A;ESPAGNE
Soufre 98% DP:NOVAZUFRE DP F.007-15;SEPCM AFEPASA S.A;ESPAGNE;Non spécifié
Soufre 80% WG;MicrothiolSpecial F.184-11/21;STEC UPL/CEREXAGRI;ESPAGNE
Soufre 80% WG;Kumulus DF F.106-11/21;STIMA;BASF Espagne
Soufre 80% WG;SULFOSTAR DF F.54-21;AGRIPROTEC;BASF Espagne
Soufre 700 g/L SC;Heliosoufre S F.213-11/21;BIOPROTECTION Action Pin/AAKO;Espagne
Soufre 800 g/l SC;SULFOMAX F.009-19;EL KHARDA AFEPASA;Espagne
Soufre 80% WD;Micro-cap F.007-22;NEGANOR AGROW ALLIED;INDE
Soufre 80%;SULFINOVA F.075-22;AGROW ALLIED INDE;Non spécifié
Soufre 825 g/l SC;Thiopron SC F.005-22;BIOPROTECTION UPL;UPL
Non spécifié;Blé dur: Oidium;Non spécifié;Non spécifié
Non spécifié;Melon: Oidium;Non spécifié;Non spécifié
Non spécifié;Pommier: Tavelure;Non spécifié;Non spécifié
Spiroxamine 3 0 0 g/l CS;PROSPER 300 CS F.27-21;Atlas agricole BAYER Espagne;BAYER ESPAGNE
Spiroxamine 400 g/l+50 g/l EC;SPIROX D EC F.24-21;BIOPROTECTION arysta lifescience;ARYSTA LIFESCIENCE
Spiroxamine 5 0 0 g/L EC;Prosper 500 EC F.108-11/21 ATLAS AGRICOLE;BAYER;Espagne
Sulfate de cuivre + Folpel 12,5 % WP;METEOR F.009-13 EL MOUSSEM;NUFARM/arist;Espagne
Sulfate de cuivre 345 g/l (soit SC TRI-BASE FLOW);SC F.71-21 Atlas Agricole;NUFARM;Espagne
Sulfate de cuivre 345 g/l (soit SC Cuproxat);F.18-14 EL MOUSSEM;NUFARM/arist;Espagne
Sulfate de cuivre 40% WG Novicure F.033-17 PROTAGRI UPL INDE;INDE;UPL;Espagne
Sulfate de cuivre 190 g/l +35 g/l SC Moltovin;F.037-17 BIOPROTECTION NUFARM;ESPAGNE;Non spécifié
Sulfate de cuivre 266.6 g/l +40 SC Amaline Flow;F.027-17 EL MOUSSEM;NUFARM;Espagne
Sulfate de cuivre 266.6 g/l +40 SC ventaro;F.75-21 STEC NUFARM;ESPAGNE;Non spécifié
Sulphate de cuivre 360g/l SC CU MAX F.013-17 RAYEN DIACHEM S.P.A;Espagne;PHYTAGRI;INDÉ
Tebuconazole 250 g/L EC;SONG EC F.032-17 ATLAS AGRICOLE SIPCAM INAGRA;ESPAGNE;Non spécifié
Tebuconazole 250 g/L SC KEYZOL SC F.014-20 EL KHADRA AVGUST CROP RUSSIE;RUSSIE;AVGUST CROP;INDE
Tebuconazole 60 g/L FS Mycoseeds FS 60 EL KHADRA Sharda World wide;INDÉ;SHARDA;INDE
Tebuconazole 60 g/L FS;TEBUSHA 6 FS F.022-17;AGRINOVA Sharda World wide;INDE
Tebuconazole 250 g/L SC;COLOSSAL;HALAB TUNISIE AVGUST CROP RUSSIE Vigne;CORPORATION
Tebuconazole 60 g/L FS;Timer FS 060 F.109-11/21;STEC BAYER Espagne;Blé dur et tendre : Charbon, carie : 50ml PC+500 ml eau/Ql
Tébuconazole 430 g/l SC;SPEEDY SC F.065-22;EL KHADRA NINGBO SUNJOY CHINE;AGROSCIENCE (Pulvérisation foliaire
Tébuconazole 430 g/l SC;METROSTAR SC F.009-18;AGRIPLUS NINGBO SUNJOY CHINE;Blé : Rouille : 0.5 l/ha
Tébuconazole 250 g/L EW;Corail F.113-11/21;PROMOCHIMIE BAYER Espagne;Vigne : Oïdium : 40 cc/hl soit 400 cc/ha
Tébuconazole 430 g/l SC;Camaro430SC F.026-16;RAYEN SHARDA INDE;Blé dur : Rouilles : 0.5 L/ha
Tébuconazole 430 g/l SC;TEBUNOVA SC F.66-21;AGRINOVA SHARDA INDE;Non spécifié
Tébuconazole 430 g/l SC;Matiz F.004-13;SANABEL AGRO ROTAM HONG KONG;Blé dur: Rouilles : 0.5 L/ha(comm09/02/21)
Tébuconazole 250 g/L EW;AZUROS F.018-19;SLDA SHARDA Espagne;CROPCHEM Ltd
Tébuconazole 2 5 0 g / L E W;TEbucur F.110-11/21;AGROSYSTEMES GLOBACHEM CHYPRE;Blé : Septoriose : 1 l/ha stade tallage
Tébuconazole 2 5 0 g / L E W;Teson F.036-15;AMINCO GLOBACHEM CHYPRE;Blé : Septoriose : 1 l/ha stade tallage
Tébuconazole 2 5 0 g / L E W;Konan EW F.014-13;ETS MEZGHANI INDUSTRIAL Albanie;QUIMICA KEY Serbie
Tébuconazole 2 5 0 g / L E W;Horizon 250 EW F.111-11/21;PROMOCHIMIE BAYER Espagne;CROPSCIENCE
Tébuconazole 2 5 0 g / L E W;Tebuzol 25 EW F.043-21;Agriprotec UPL LIMITED inde;Non spécifié
Tébuconazole 60g/l +166g/l SC;Lembar F.003-17;EL KHADRA SIPCAM INAGRA Espagne;Melon :Mildiou: 3.5l /ha
Tébuconazole 125 g/l+375 g/l SC;CIGAL PLUS SC F.008-18;SANABEL AGRO;RotamAgrochemicalC Japon
Tebuconazole 200 g/l + 300 EC;Mystic Pro F.128-11/21;AGRIPROTEC NUFARM SAS;Espagne
Tebuconazole 200 g/l + 300 EC;Winner F.206-11/21;BIOPROTECTION NUFARM SAS;Espagne
Tébuconazole 200 g/L+ 100 SC;Nativo 300 SC F.115-11/21;STEC BAYER;HONGRIE
Thiabendazole 50 % SC;SC BENAZOLE F.059-22;EXCEL AGRI SHARDA;Inde
Thiabendazole 50 % SC;SC TENAZOLE F.31-21;SHARDA;SHARDA Inde
Thiophanate ethyl + 200 g/l + 200 SC;Ipromise F.002-13;BIOPROTECTION ArystaLifescience;Espagne
Thiophanate-Méthyl 70% WP;CAP-TOP F.039-22;NEGANOR NANJIG(JIANGSU Chine);LANFENG CHEMICAL
Thiophanate-methyl 5 0 0 g / L S C;Pel 500 SC F.120-11/21;ATLAS AGRICOLE BAYER AG.;Espagne
Thiophanate-Méthyl 5 0 % S C t h i o p h y l 50 SC;F.21-21 SHARDA;sharda cropchem INDE;Non spécifié
Thiophanate-Méthyl 7 0 % W P T H I O P H ANATE M;F.031-18 AGRIMED MEGHMANI;AGRIPROTEC MEGHMANI INDE;Non spécifié
Thiophanate-Méthyl 7 0 % W P M e t h y l - T F.116-11/21 BIOPROTECTION UPL/ARYSTA USA;Non spécifié;BIOPROTECTION UPL/ARYSTA USA;INDUSTRIES
Thiophanate-Méthyl 7 0 % W P A u r i g e 7 0 F.022-13 EL KHADRHA SIPCAM INAGRA Espagne;Non spécifié;EL KHADRHA SIPCAM INAGRA;MEGHMANI
Thiophanate-Méthyl 7 0 % W P r a c h e t W P F.56-21 agriprotec Nufarm;Non spécifié;agriprotec Nufarm;MEGHMANI
Thiophanate-Méthyl 7 0 % W G S t a r n e t 7 0 WG F.118-11/21 PROMOCHIMIE BAYER Espagne;Vigne, Cucurbitacées : Oïdium : 50 g/hl;PROMOCHIMIE BAYER;Espagne
CROPSCIENCE Vigne : Botrytis : 100 g/hl;Pommier : Tavelure :100 g/hl;Pêcher : Moniliose : 100 g/hl;BAYER
Thiophanate-Méthyl 7 0 % W P S E G N O R 70 WP F.017-19 SANABEL AGRO UPL Espagne/Inde;Melon : Oïdium : 100 g/hl;Arbo: Oïdium, moniliose, tavelure :50 g/hl;23/04/2019
Thiophanate-Méthyl 7 0 % W P T o p P l u s F.001-18 SOCOOPEC AGRIA S.A Bulgarie;Melon : Oïdium : 100 g/hl;12/01/2018;SOCOOPEC AGRIA S.A
Thiophanate-Méthyl 7 0 % W P L a g r o p h anate 70 F.117-11/21 STEC CEQUISA / Espagne/Inde;Agrumes stockés : 250 g/hl;PHOSPHONIA/UPL, Melon : Oïdium : 100 g/hl;Arboriculture : Oïdium, moniliose, tavelure :50 g/hl
Thiophanate-Méthyl 70 % W P;PHENYL F.007-18 TASMID MEGHMANI INDE;Industries;Non spécifié
Thiophante methyl 70 % WP;EMERAUDE WP F.003-22;FERTITECH HANGZHOU Chine;Non spécifié
Méthyl 43 g/L+250 EC;Falcon 460 SC F.020-17;AGRONOMIC Land BAYER POLOGNE;Non spécifié
Tebuconazole;Non spécifié;Non spécifié;BAYER
Trifloxystrobin 50% WG;Zato 50 WG F.123-11/21;ATLAS AGRICOLE BAYER ESPagne;BAYER
Trifloxystrobin 50% WG;Flint F.124-11/21;PROMOCHIMIE BAYER ESPagne;BAYER
Trichoderma Asperellum 999 g/kg WP;REMEDIER WP F.007-19;STIMA ISAGRO ITALIE;Non spécifié
Trichoderma asperellum T34 /120g/kg WP;T34 BIOCONTROL F.19-21;STIMA BiocontrolTechnologie ESPagne;Non spécifié
T-77 WP;Aloha agriculture;Espagne;F.29-21
Zirame 76% WG;Thionicautodispersible;AGROSYSTEMES TAMINCO/EASTMA;ESPAGNE
Zoxamide;Presidium SC;STEC Gowan ESPAGNE;Pomme de terre: Mildiou : 1 l/ha
Dimethomorphe;SC;STEC Gowan ESPAGNE;Vigne : Mildiou : 1 l/ha
2,4-D Acide (2-Ethylhexyl ester) 600 g/l EC;Hersan-I;ETS MEZGHANI INDUSTRIAL ESPAGNE;Blé: Dicotylédones : 0,8 L/ha QUIMICA KEY S.A
2,4- D + MCPA 345 g/l +345 g/l SL Weedone Plus H.001-13;Weedone Plus;BIOPROTECTION NUFARM ESPAGNE;Blés : Dicotylédones : 1,5 L/ha
2,4- D + MCPA 345 g/l +345 g/l SL DAMEX FORTE H.21-21;Damex Forte;SOCOOPEC NUFARM ESPAGNE;Blés : Dicotylédones : 1,5 L/ha
2,4 –D EHE 9 0 4 , 5 g / L E C c e r t r o l D S E C H.18-21;Certrol DS;agriprotec A H MARKS / ANGLETERR NUFARM ESPAGNE;Blé, orge, avoine : Dicotylédones : 0,8 L/ha
2,4 D –Ester butylglycol 600 g/L EC Weedone;Weedone;BIOPROTECTION NUFARM Espagne/G.BR Céréales: Dicotylédones: 1 L/ha;Non spécifié
2,4 D –Ester butylglycol 600 g/L EC Desormone lourd;Desormone lourd;SEPCM NUFARM Espagne/G.BR Céréales: Dicotylédones: 1 L/ha;Non spécifié
2,4-D Acide +Florasulam 300 g/L +6,25 SE Nikos 306 SE H.011-13;Nikos 306 SE;ATLAS AGRICOLE DOW Espagne Blés : Dicotylédones : 0,6 L/ha AGROSCIENCES/cort eva;Non spécifié
2,4-D Sel d’amine 720 g/L SL;SL Dicopur 720 SL;AGRIPROTEC;NUFARM Espagne
2,4-D Sel d’amine 720 g/L SL;Sanaphen D 720 SL;ATLAS AGRICOLE;DOW Espagne
2,4-D Sel d’amine 720 g/L SL;Chardol 720 SL;BIOPROTECTION;NUFARM Espagne
2,4-D Sel de 860g/l SL;Topol H.009-15;EL KHADRA;SHARDA INDE Blé dur
2,4-D Sel de 860g/l SL;SHARMINA 720 H.005-17;AGRINOVA;SHARDA INDE Blé dur
2,4-D Sel de 860g/l SL;Stopweeds H.011-15;SANABEL AGRO;SHARDA INDE Blé dur
2,4-D Sel de 860g/l SL;Amanora H.014-17;AGRIMATCO;UPL INDE Blé dur
2,4-D Sel de 860g/l SL;DIAMEX SL H.037-22;COTUGRAIN;UPL INDE Blé dur
2,4-D Sel de 720g/l SL;BLITZ 720 SL;EL KHADRA;JIANGSU CHINE Blé dur
2,4-D Sel de 720g/l SL;BOZAR H.012-17;AGRIPLUS;JIANGSU CHINE
2.4-D + 160 g/l+240 g/l SL;KYLEO H.011-22;EL MOUSSEM;NUFARM Agrumes
2.4-D +Glyphosphate 160 g/l+240 g/l SL;NUFOSATESL H.040-22;AGRIPROTEC;NUFARM Agrumes
Aclonifen 600 g/l SC;Challenge 600SC H.001-14;EL MOUSSEM;Bayer AG Espagne
Aclonifen;ACTION 60 SC H.026-22;SHARDA;SHARDA INDE
Amidosulfuron;OD Sekator OD H.002-17;AGRONOMIC Land;BAYER ESPagne
Iodosulfuron;CROPSCIENCES;Non spécifié;Non spécifié
Aminopyralydes;Lancelot NEO 450 H.001-11/21;SEPCM;DOW HONGRIE
Florasulam;AGROSCIENCES (TALTOS 450) (comm09/02/21);Non spécifié;AGROSCIENCES
Arylex active(halauxifen-methyl)+ pyroxsulam équivalent UPTAKE SL+cloquintocet acide+250 g/kg+354 g/kg%(p/p);TARZEK + H.003-20;ATLAS AGRICOLE Dow Agrosciences;France
Arylex TM + 100g/kg+100g/k WG CLASSICO WG H.10-21;SEPCM;Dow Agrosciences;Blé dur: Mauvaises herbes dicotylédones:50 g/ha+75 cc/ha de l'adjuvant surfer(300 l/ha )
Bentazone 480g/l;BENTA SL H.019-22;EL KHADRA NANJING CHINE;CHEMICAL GROUP CO,LTD/NANGING
Bentazone 480g/l;BASASTAR SL H.010-20;AGRIPLUS NANJING CHINE;FENGSHAN GROUP CO,LTD
Bentazone 480g/l;BENTAKEY SL H.007-20;ETS MEZGHANI SHANDONG CHINE;BIONNONG TECHNOLOGY CO.LTD/I.Q.Key
Bentazone 480g/l;SHARbenta H.004-13;SANABEL AGRO SHARDA WORLD INDE;WIDE DGSVCIA
Bentazone 4 8 0 g / L;SL TROYS L 4 8 0 S L H .007-18;AGRIPROTEC;UPL LIMITED Inde
Fenugrec;Non spécifié;STIMA BASF;Espagne
Bentazone 4 8 0 g / L;SL B a s a g r a n H .003-11/21;STIMA;BASF Espagne
Bentazone 4 8 0 g / L;SL BENTAPROTEKT H .007-22;LIEN AGRICOLE ANHUI;CHINE
Bentazone 4 8 0 g / L;SL F i g h t e r H .16-21;cotugrain BASF;Espagne
Bentazone +Imazamox 480 g/l+22.4 g/l;CORUM SL;AGRIPROTEC;BASF ALLEMAGNE
Chlortoluron 500 g/L;DESPERADO H.08-21;AGRIPROTEC;Nufarm
Chlortoluron 5 0 0 g / L;Tolurex 50 H.006-11/21;SEPCM;AAKO Espagne/Espag
Chlortoluron + Isoxabene 500 g/L + 18.7 SC;FLEXIDOR H.015-18;ATLAS Dow;Espagne Agrosciences/corteva
Chlortoluron + Isoxabene 500 g/L + 18.7 SC;Aubaine H.014-13;SEPCM;Dow Agrosciences Espagne
Chlorotoluron 250g/l+300g/l+;UMBRA 590 SC H.030-22;BIOPROTECTION SYNGENTA SUISSE;Non spécifié
Clethodim 240 g/l SC;ICASSO 240 SC H.013-20;SANABEL AGRO;Rotam Inde Colza
Clethodim 240 g/l EC;CLETOPROTEKT H.031-22;LIEN AGRICOLE Zhejiang tide Espagne;Cropscience/chine
Cléthodime 1 2 0 g / L EC;Select Super H.004-11/21;BIOPRO U P L / A R Y S T A E s p a g n e;PETFRA
Clethodim 240 g/l EC;CDLODIM FORTE H.004-22;SOLAGRI SYNGENTA SUISSE;Syngenta Suisse Colza
Cléthodime 1 2 0 g / L EC;Akodim 120 EC H.005-11/21;SEPCM AAKO AUSTRALIE;Aako Australie Petit pois, fève, ail, fénugrec, oignon
Clethodim 12%;FYTODIM EC H.032-22;FERTITECH TOPAGRO Chine;Non spécifié
Clodinafop-propagyl 100g/l +25 g/l;BUGUIS EC H.008-18;AGRIPROTEC PROPLAN Espagne;Non spécifié
Clodinafop-propargil 8 0 g / L;TOPik 80 H.007-11/21;BIOPROTECTION SYNGENTA Espagne;SYNGENTA
Clodinafop-propargil + 240 g/L +60 g/L;RUBAH H.026-15;AGRIPLUS PARIJAT INDE;Non spécifié
Clodinafop-propargyl + 95 g/l+25 g/l;CICLOPE EC H.002-20;EL KHADRA INDRUSTRIAS ESPAGNE;Non spécifié
Cloquintocet-mexyl;AFRASA -Traitement foliaire;-1 à 2 traitements espacés de 20 jours par cycle de la culture;STADE D’APPLICATION : STADE VÉGÉTATIF BBCH-39(STADE DE 3 FEUILLES JUSQU’AU DÉBUT DE L’ÉLONGATION DE LA TIGE)
Clopyralid 100 g/L;VERSATILL H.014-20;ATLAS AGRICOLE DOW Espagne;DOW AGROSCIENCES
Clopyralid 100g/l SL;GLOPYR 100 SL H.004-18;AGROSYSTEMES Globachem Espagne;GLOBACHEM
Clopyralid 300g/l SL;clopryd 30 SL H.005-20;SLDA Sharda cropchem INDE;SHARDA CROPCHEM
Cycloxidime 100 g/L;Focus Ultra H.009-11/21;STIMA BASF Espagne;BASF
Cycloxidime 100 g/L;stratos ultra EC H.17-21 agriprotec;BASF Espagne;BASF
Dicamba;Procamba H.13-21;SSCC;Gharda Chemical
Dimethylamine (DMA);Non spécifié;Non spécifié;Plein à fin tallage de la culture(comm09/02/21)
Dicamba + 2,4 – D;Dialen Super H.011-11/21;BIOPROTECTION SYNGENTA SUISSE;Syngenta
Dicamba + Prosulfuron;Casper 55 WG H.004-20;SOLAGRI Syngenta SUISSE;Syngenta
Diflufenican;Ossetia WG H.008-20;SANABEL AGRO;RotamAgrochemical Inde
Diflufenican + Flufenacet;Flokanc SC H.008-22;SANABEL AGRO;Sharda Cropchem INDE
Diflufenicanil;Diflanil H.010-14;AGROSYSTEMES GLOBACHEM;Espagne
Diflufenican + Flufenacet + Flurtamone;Vigon 420 SC H.012-16;PROMOCHIMIE BAYER;Espagne
Diflufenican + 60 % + 6% WG;Alliance H.002-13;BIOPROTECTION NUFARM S.A;Espagne
Metsulfuron-méthyl;Non spécifié;NUFARM S.A;Espagne
Diflufenican +flufenacet;Reliance SC H.009-22;BIOPROTECTION UPL INDE;Inde
Dimethenamid- 100g/l+300g/l+1 SE;Butisan Avant H.012-20;COTUGRAIN BASF ALLEMAGNE;Colza
Metazachlor 00g/l SE;Non spécifié;BASF ALLEMAGNE;Colza
Quinmerac;Non spécifié;BASF ALLEMAGNE;Colza
Diquat 200 g/l SL;Defan 20 SL H.007-17;AGRONOMIC Land SHARDA INDE;Pomme de terre
Diquat 200 g/l SL;DIQUASH H.001-16;DELTA AGRICOLE SHARDA INDE;Non spécifié
Diquat 200 g/l SL;DESSICASH 20 SL H.004-17;FERTIPLANT SHARDA INDE;Non spécifié
Ethamet Sulfuron 750 g/kg WG;MUSTER 75 WG H.023-22;SSCC FMC;COLZA: Dicotylédones :25 g/ha +huile Methyl adjuvant
2.4-D-ethylhexyl + 453g/l+6g/l;SE BOOSTER SE H.028-22;FERTITECH TOPAGRO CHINE;Blé tendre: Dicotylédones annuelles:0.6L/ha
Florasulam BIOSCIENCE -Application en post levée des adventices -Bouillie: 300L/ha;DERBY H.085-11/21;PROMOCHIMIE DOW ESPagne;Céréales à pailles: Dicotylédones : 50 cc/ha
Fénoxaprop-p-Ethyl 69g/l;FOXTROT H.027-15;AGROSYSTEME FMC USA;Blé :Adventices graminées, ray grassnon résistant:1 l/ha (application en pst levée)
Fénoxaprop-P-Ethyl 64 g/L +8 g/L + EC;Puma Evolution H.015-11/21;JADWA AGROTEC BAYER ESPagne;Céréales : monocotylédones + dicotylédones : 1 L/ha
Iodosulfuron-Méthyl 24 g/L;CropScience (en post levée des céréales stade 3 à 4 feuilles jusqu’à Sodium +Méfenpyr – fin tallage) diéthyl;Non spécifié;Non spécifié
Flumetsulam;AGROSCIENCES/cort herbicide de post levée des cereales eva (transfert,comm09/02/2021);Non spécifié;Non spécifié
Fluazifop-P-Butyl 125 g/l EC;FOUZILE EC H.019-15;ETS MEZGHANI INDUST. QUIMICA ESPAGNE;Féverole: Adventices graminées sauf ray grass : 1.5 KEY l/ha(en post levée)
Fluazifop-P-Butyl 1 2 5 g / l EC;Benfuron H.013-16;ATLAS AGRICOLE SHARDA INDE;Féverole : adventices graminées, ray grass non résistant (en post levée) :1.5 l/ha
Fluazifop-P-Butyl 1 5 0 g / l EC;Fouir H.013-17;EL KHADRA SHARDA INDE;Pois-chiche, Féverole : adventices graminées, ray grass non résistant (en post levée) :1.25 l/ha.(Commission 18/10/2017)
Fluazifop-P-Butyl 1 2 5 g / L EC;Trivko H.001-18 SOLAGRI SYNGENTA SUISSE;Betterave : Monocotylédones : 3 L/ha;Non spécifié
Légumineuses : M.Herbes : 1,5 L/ha;AGRIPROTEC ARYSTA USA;Blés : Phalaris et folle avoine : 42 g/ha +500 cc/ha;Non spécifié
Flucarbazone-sodium 7 0 % W G;EVEREST 70 WG H.017-11/21 AGRIPROTEC ARYSTA USA;Blés : Graminées+Brome : 43 g + 0,5 L d’Agral / ha;Non spécifié
Flucarbazone-sodium 4 1 9 g / l S C;VULCANO 007-14 H. AGRIPROTEC ARYSTA USA;Blés : Graminées, brome : 70 ml/ha+0.5L d’Agral au;Non spécifié
LIFESCIENCE stade 2à3 feuilles;EL BARAKA DOW FRANCE;Petit pois;Fenugrec:Dicotylédones:25 g/ha
WG AGRICOLE AGROSCIENCE -1 app-DAR:60 j;-UNE APPLICATION STADE 2-3 FEUILLES DES LÉGUMINEUSES;Il est obligatoire, essentiellement;Non spécifié
NE PAS APPLIQUER LE PRODUIT SUR LES CULTURES QUI PEUVENT ÊTRE STRESSÉES EN RAISON DE PERIODES Prolongées DE TEMPERATURES EXTRÊMES (MOINS DE 5 °C OU PLUS DE 30 °C), DE STRESS HYDRIQUE (SOL TROP SATURé D’EAU OU AFFECTé PAR LA SÉCHERESSE);- NE PAS IRRIGUER (QUELLE QUE SOIT LA MÉTHODE) LA CULTURE OU LE PÂTURAGE TRAITé PENDANT 48 HEURES APRES L'APPLIQUATION.- NE PAS APPLIQUER SUR LES CULTURES AFFECTées PAR UN TRAITEMENT HERBICIDE ANTERIEUR (PAR EXEMPLE TRIAZINES OU SULFONYLURÉES).;Non spécifié;Non spécifié
Fluroxypyr 20% EC keynyl herbicide EC;H.11-21 ets mezghani industrial quimicakey Espagne;Blé dur :Adventices dicotylédones :1 l/ha;COMM09/02/21
Fluroxypyr (ester1- 200 g/l EC Fluostar 200;H.011-14 AGROSYSTEMES GLOBACHEM Espagne;Blés :Dicotylédones : 1L/ha;methylheptyl)
Fluroxypyr +Clopyralid 150 g/l+60 g/l EC VEGA EC;H.006-20 AGRIMED Sharda cropchem INDE;Blé: Adventices dicotylédones:1 l/ha;Non spécifié
DISTRIBUTION Pulvérisation foliaire.Stade d’application : fin tallage à 2 nœuds. Ne pas dépassé le stade BBCH39 (Transfert d’homologation EL KHADRA;COMM13/02/2020 /AGRIMED, Commission 08/06/22);Non spécifié;Non spécifié
Fluroxypyr + Clopyralid 5 0 g / l + 2 8 g / l;M E K I N V A R A M E H . 0 0 5 - 2 2;AGRI PROTÉC B RACLAY G RANDE B LÉ D U R;Non spécifié
Glufosinate d'aluminium 280 g/l;LIFELINE SL;PROTAGRI UPL INDE;INDE
Glufosinate d'aluminium 1 5 % S L;G A L A X Y H . 1 6 - 2 2;FERTITECH SHARDA CROPEM CHEM;INDÉ
Glufosinate d'aluminium 1 5 % S L;G l u f o s a m S L H . 0 4 - 2 1;SHARDACROPEM CHEM SHARDACROPEM CHEM;INDÉ
Glyphosate 360 g/l SL;GLYFOSTAR H.002-19;SLDA SHARDA INDE;INDE
Glyphosate 360 g/l SL;GALLUP SUPER H.033-22;AGRIPROTEC BRACLAY CHEMICALS;BRACLAY CHEMICALS
Glyphosate 360 g/l SL Round Up Pro H.004-15;ATLAS AGRICOLE MONSANTO/BAYER USA;USA;Non spécifié
Glyphosate 360 g/l SL;DRAGON H.003-19;FERTITECH SHARDA INDE;INDÉ
Glyphosate 360 g/l SL SATELITE360 SL H.001-19;PECHER;EL KHADRA AFRASA ESPagne;AFRASA S.A
Glyphosate 360 g/l SL VERDIS 36 SL H.009-17;EXCEL AGRI SHARDA CROPEM CHEM;INDE;Non spécifié
Glyphosate 360 g/l SL;NOV-UP H.003-17;AGRINOVA Sharda Cropchem INDE;Arbo, Toutes cultures, Sol nu: Chiendent, cypérus,
Glyphosate 450 g/l SL;GLYFAST 450 SL H.034-22;AGRIPROTEC Braclay chemicals;Agrumes: Mauvaises herbes annuelles:2 l/ha
Glyphosate 490g/L SL;GLYCAP H.001-20;RAYEN Barclay Poirier;Poirier: Mauvaises herbes vivaces ou annuelles:4.5L/ha avec volume de bouillie:300 l/ha
Glyphosate 480 g/l SC;ROUND UP INNOV H.003-15;ATLAS AGRICOLE MONSANTO USA;Agrumes : Mauvaises herbes annuelles (Graminées et Dicotylédones) : 5 l/ha
Glyphosate 70% SG;KALACH EXTRA H.007-16;BIOPROTECTION ARYSTA USA;Zones non cultivées et vergers mauvaises herbes LIFESCIENCE annuelles et vivaces: 1 kg/hl (une bouillie de 600 l/ha).Pour une forte pression des vivaces : 9 kg/ ha pour une bouillie de 600 l d’eau au maximum.
Glyphosate 480 g/l SL;HERBOLEX MAX H.008-15;SEPCM DOW USA;Agrumes : Mauvaises herbes annuelles (Graminées et dicotylédones) : 2 l/ha
Glyphosate 360 g/l SL;KALACH 360 H.022-11/21;BIOPROTECTION UPL/ARYSTA Espagne;Arbo, Toutes cultures, Sol nu: Chiendent, cypérus,
Glyphosate 450 g/l SL;ROUND UP PLUS H.029-11/21;ATLAS AGRICOLE MONSANTO/BAYER Espagne/Espag;Arboriculture : M. herbes annuelles : 2 L/ha
Glyphosate 360 g/l SL;GLYCEL H . 0 1 9 - 1 1 / 2 1;AGRIMATCO excel cropp IN DE;Arbo, Toutes cultures, Sol nu: Chiendent, cypérus,
Glyphosate 360 g / l;Arbo;AGRITECTHE H.020-11/21;AGROTESMES AGRAS AB
Glyphosate 360 g / l;Arbo;CHEMINOVA;AGROSYSTEMES CHEMINOVA D
Glyphosate 360 g / l;Mayozate;H.025-15;AGROSYSTEMES AGRAS AB
Glyphosate 360 g / l;Glyweed;H.086-11/21;ATLAS INDUSTRIE COROMANDEL LTD
Glyphosate 360 g / l;Kleen Up;H.097-11/21;BIOPROTECTION NUFARME spagne
Glyphosate 360 g / l;Blanca;H.006-13;COTUGRAINS harada Worldwide INDE
Glyphosate 360 g / l;Glyso360;H.005-16;ELKHADRA SIPCAMA RARE spagne
Glyphosate 360 g / l;Weed Killer;H.006-16;ELKHADRA harada Worldwide INDE
Glyphosate 360 g / l;Fortin;H.024-11/21;ETS MEZGANI INDUSTRIE QUIMICA E spagne
Glyphosate 360 g / l;Buggy;H.079-11/21;PROMOCHIMIES IPCAMARAE spagne
Glyphosate 360 g / l;Pharon;H.017-13;INNOVAN UFArms Spain/Espag
Glyphosate 360 g / l;Glyphomax;H.013-14;LIENA AGRICOLE harada Worldwide INDE
Dash (45 g/l acide oleique + 205 g/l ester de phosphate d’alcool gras + 345 g/l ester méthylique d’acide gras);NB/ Indiquer sur l’étiquette la mention : Faible action sur liseron et mille pertuis;Non spécifié;Non spécifié
Indaziflam 500 g/l SC;Alion 500 SC H.013-22;PROMOCHIMIE BAYER Allemagne;BAYER
Lenacil 80 % (800 g/kg) WG;VENZAR H.003-22;SEPCM FMC USA/DANEM;FMC
Linuron 400 g/L SC;CalinFlo H.019-13;BIOPROTECTION ArystaLifescience Espagne;ARK
Linuron 450 g/L SC;Afallon 50 L SC H.035-11/21;SEPCM AAKO BV Espagne;AAKO BV
Mésosulfuron- 30 g/Kg+30 g/Kg WG;Amilcar H.036-11/21;STEC BAYER Espagne;BAYER
Mésosulfuron- 7,5 g/l + 7,5 OD;Amilcar OD H.037-11/21;STEC BAYER Espagne;BAYER
Mesosulfuron-méthyle 45 g/kg WG;OLYMPUS FLEX H.009-18;ATLAS AGRICOLE BAYER AG Espagne;BAYER
Metazachlor 500 g/l SC;RAPSAN 500 SC H.002-18;AGROSYSTEMES Globachem Espagne;Globachem
Metazachlor +Quinmerac 400 g/l +100g/l SC;RAPSAN TDI SC H.003-18;AGROSYSTEMES Globachem Espagne;Globachem
Metazachlore 500 g/L SC;TWIGA H.022-15;BIOPROTECTION AAKO BV AUSTRALIE;Non spécifié
Metribuzine 75% WG;Maestro 75 WG H.042-11/21;BIOPROTECTION AAKO AUSTRALIE;Non spécifié
Metribuzine 600 g/L SC;Sencor 600SC H.089-11/21;PROMOCHIMIE BAYER Espagne;CROPSCIENCE
Metribuzine 70%(g/kg) WG;MAYA H.017-22;SLDA UPL INDE;Non spécifié
Metribuzine 70%(g/kg) WG;DANCOR 70 H.004-16;PROTAGRI UPL INDE;Non spécifié
Metribuzine 700 g/kg WD;MATRIX WDG H.001-17;STIMA SHARDA Inde;G CROPCHEM
Metribuzine 700 g/kg WD;HERBISTAR WDG H.20-21;Fertitech SHARDA Inde;G CROPCHEM
Metribuzine 48% SC;TUBERON H.01-21;AGRIMATCO UPL inde;Non spécifié
Metribuzine 480 g/l SC;buzzin H.03-21;Delta agricole plus sharda cropchem inde;Non spécifié
Metribuzine 480 g/l SC;Mitraze H.015-22;AGRIMED sharda cropchem inde;Non spécifié
Metribuzine 700 g/kg WP;NOVAMET WP H.037-22;AGRINOVA AGROW ALLIED INDE;Pomme de terre:Adventices dicotylédones et graminées
Metribuzine 700 g/kg WP;POMOCORE WP H.001-22;NEGANOR AGROW ALLIED INDE;Pomme de terre:Adventices dicotylédones et graminées
Metribuzine+Clomazone 233g/l + 60 g/l CS;AGRIPROTEC FMC USA;CS CETUS H.003-16;Non spécifié
Metsulfuron Méthyl 20% WG;Isomexx;AGRIPROTEC NUFARM Espagne;NUFARM Espagne
Metsulfuron Méthyl 20% WG;Karal;BIOPROTECTION NUFARM Espagne;NUFARM Espagne
Metsulfuron Méthyl 20% WG;Metsy WG;PROTAGRI UNITED INDE;UNITED INDE
Metsulfuron Méthyl 20% WG;METRON WG;AGRIMATCO UNITED INDE;UNITED INDE
Metsulfuron-methyl + 40g/kg+500 g/kg WG XANADU H.029-22;BIOPROTECTION UPL limited INDE;BIOPROTECTION UPL limited INDE;UNITED INDE
Bensulfuron-methyl;-Stade d'application du stade début tallage au stade fin tallage;NEGANOR belchim crop Belgique;Belgique
Metrobromuron 500g/l SC PROMAN H.02-21;PROMAN;NEGANOR belchim crop Belgique;BELGIQUE
Oxyfluorfene 240 g/L EC;Goal H.081-11/21;promochimie HANGZHOU;ESPAGNE
Oxyfluorfene 240 g/L E C;Clenofen 240 H.005-13;SANABEL AGRO ZHEJIANG;CHINE
Oxyfluorfene 240 g/L EC;Oxistar 24% H.087-11/21;SOCOOPEC ZHEJIANG;CHINE
Oxyfluorfene 240 g/l EC;FENFEN EC H.041-22;ATLAS AGRICOLE LAINCO;ESPAGNE
Oxyfluorfene 240 g/l EC;VERIN EC H.035-22;NEGANOR LAINCO ESPAGNE;Non spécifié
Pendimethaline 400 g/L SC;HERBOL H.008-17;EXCEL AGRI SHARDA INDE;Non spécifié
Pendimethaline 400 g/L SC;Penda 16-010H. DELTA AGRICOLE;SHARDA INDE;Non spécifié
Pendimethaline 400 g/L EC;TERAPUR H.002-16;Ets MEZGHANI IndustrialQuimica Key Espagne;Non spécifié
Pendimethaline 455 g/L EC Stomp Aqua;H.048-11/21;STIMA BASF Espagne;BASF Espagne
Pendimethaline 455 g/L EC prowl aqua EC;H.15-21 cotugrain;BASF Espagne;BASF Espagne
Stallion H.07-21;STALLION;AGRIPROTEC FMC Féverole;Non spécifié
Phenmedipham + 91 g/L +71 g/L + EC Betanal Expert;Betanas TRIO H.016-20;AGRIPROTEC UPL Limited Inde;Non spécifié
Desmedipham + 112 g/L 274EC CROPSCIENCE;Betalan Expert H.049-11/21;SEPCM BAYER Espagne;BAYER Espagne
Pinoxaden +Florasulam;Navigator H005-14;BIOPROTECTION SYNGENTA SUISSE;SYNGENTA
Pinoxaden +Clodinafop-propargyl+cloquintocet-mexyl;Traxospratic H.014-15;BIOPROTECTION Syngenta SUISSE;SYNGENTA
Pinoxaden +Clodinafop-propargyl+Florasulam+cloquintocet-mexyl;Swipe H.013-15;BIOPROTECTON Syngenta Suisse;SYNGENTA
Pinoxaden +Cloquintocet-méxyl;Axial pratic H.015-15;BIOPROTECTION SYNGENTA SUISSE;SYNGENTA
prometryn 500 g/l;gesagard 500 FW H.06-21;bioprotection syngenta crop féverole;SYNGENTA
Propaquizafop 10%;PRODIGE H.024-22;SHARDA SHARDA INDE;SHARDA
propyzamide 400g/l;PROPYZ H.013-18;AGRIPROTEC BARCLAY ANGLETERR CHEMICALS Ltd E;AGRIPROTEC BARCLAY ANGLETERR CHEMICALS Ltd E
propyzamide 400g/l;PROPER FLO SC H.005-18;AGROSYSTEMES Globachem Espagne;AGROSYSTEMES
Propyzamide 400g/l SC;CADDY SC;RAYEN BARCLAY ANGLETERR Féveroles;Non spécifié
PHYTAGRI CHEMICALS Ltd E;Non spécifié;PHYTAGRI CHEMICALS Ltd E;Non spécifié
Prosulfocarb 80% EC;PROXER H.09-21 sharda crochem;sharda crochem INDE;Blé dur d'hiver :Adventices monocotylédones:4 l/ha
Prosulfocarb 80% EC;ROXANE EC H.036-22 COTUGRAIN;sharda crochem INDE;Blé dur d'hiver :Adventices monocotylédones:4 l/ha
Prosulfocarb 800 g/L EC;Roxy H.052-11/21 AGROSYSTEMES GLOBACHEM;AGROSYSTEMES GLOBACHEM;Espagne Blés : Graminées : 4 l//ha
Prosulfocarb 800 g/L EC;Fidox 800 EC H.024-15 AMINCO GLOBACHEM;AMINCO GLOBACHEM;Espagne Blés : Graminées : 4 l//ha
Prosulfocarb 800 g/L EC;Boxer H.053-11/21 BIOPROTECTION SYNGENTA SUISSE;BIOPROTECTION SYNGENTA SUISSE;Espag Blés : Graminées : 4 l//ha
Prosulfocarb +S- 800 g/l +120 g/l SC;Minarix 004-14H.;BIOPROTECTION SYNGENTA SUISSE/Espag;Blés : Graminées(ray grass, phalaris,..) : 2.5 L/ha
metolachlor ne;Non spécifié;AGROSCIENCES « Liberate »;Dow USA Blés : Brome : 0,5 L/ha + 0,1 L d’adjuvant
Pyroxsulam 46,6 g/L OD;PRIORITY H.016-18 ATLAS AGRICOLE DOW USA;ATLAS AGRICOLE DOW USA;Blés : Brome : 0,5 L/ha + 0,1 L d’adjuvant
AGROSCIENCES « Liberate »;(au stade 2 à 3 feuille à fin tallage).;AGROSCIENCES « Liberate »;Dow USA
Pyroxsulam 46,6 g/L OD;Pallas 45 OD H.054-11/21 SEPCM DOW USA;SEPCM DOW USA;Blés : Brome : 0,5 L/ha + 0,1 L d’adjuvant
AGROSCIENCES « Liberate »;(au stade 2 à 3 feuille à fin tallage).;AGROSCIENCES « Liberate »;Dow USA
Pyroxasulfone 85 % WG;YAMATO 85 H.027-22 AGRIMATCO Kumai chemical Japan;Kumai chemical Japan;Blé tendre: Mauvaises herbes graminées sauf WG industry ray grass résistant :125 g/ha
Volume de bouillie:300 l/ha;DGSVCIA 08 juin2022 _ Liste des Produits pesticides homologués Page 110;AGRICATCO Kumai chemical Japan;Japan
Pyroxsulam + Florasulam 70,8 g/kg WG;Broadway H.014-18 agriprotec DOW Angleterre;AGROSCIENCES /Espagne;DOW Angleterre
Cloquintocetmexyl;Non spécifié;AGROSCIENCES /Espagne;AGROSCIENCES /Espagne
Pyroxsulam + Florasulam 70,8 g/kg WG;Floramix 006-14H. SEPCM DOW Angleterre;AGROSCIENCES /Espagne;DOW Angleterre
Cloquintocetmexyl;Non spécifié;AGROSCIENCES /Espagne;AGROSCIENCES /Espagne
Pyraflufen-ethyl 26,5 g/l EC;VOLCAN EC H.014-22 ATLAS AGRICOLE SPICAM INAGRA SA Espagne;ATLAS AGRICOLE SPICAM INAGRA SA Espagne;SPICAM INAGRA SA Espagne
Quizalofop –p-ethyl 100 g/l EC;JAGUAR 100 EC H.020-22 EL KHADRA JIANGSU Chine;FENGSHAN GROUP CO,LTD/NANJING (Homologation Copie SYMBA ECde AGRIPLUS FENGSHAN;(Commission 18/10/2018
Quizalofop p-tefuryl 40 g/l EC;Pantera 40 H.021-15 AGRIMATCO CHEMTURA Espagne;Non spécifié;CHEMTURA Espagne
Quizalofop p-tefuryl 50 g/l EC;SYMBA EC H.006-18 AGRIPLUS JIANGSU Chine;FENGSHAN GROUP CO,LTD/NANJING (Homologation Copie SYMBA ECde AGRIPLUS FENGSHAN;(Commission 18/10/2018)
Quizalofop p-tefuryl 50 g/l EC;QUICK EC H.015-17 DELTA AGRICOLE SHARDA INDE;Non spécifié;SHARDA INDE
Saflufenacil 700g/kg WG;Heat H.005-15 AGRIPROTEC BASF CORPORATION;Non spécifié;BASF CORPORATION
Simazine 500 g/L SC;SIMAKEY H.091-11/21 Ets MEZGHANI INDUSTRIAL QUIMICA KEY/Espagne;Non spécifié;MEZGHANI INDUSTRIAL QUIMICA KEY/Espagne
S-metolachlor 960 g/l EC;Dual gold 960 EC H.020-15 AGRIPROTEC SYNGENTA SUISSE;Non spécifié;SYNGENTA SUISSE
S-metolachlor 960 g/l EC;TENDER 960 EC H.019-18 SOLAGRI SYNGENTA SUISSE;Non spécifié;SYNGENTA SUISSE
Tepraloxydim 50g/L EC;Aramo 50 EC H.018-13;COTUGRAIN;BASF Espagne
IMPEX Espagne;Non spécifié;Non spécifié;Non spécifié
Terbuthylazine 750g/kg WG;TERBYNE 75 WG H.017-20;EL KHADRA SIPCAM INAGRA;Espagne
Terbuthylazine 750g/kg WG;Terbuzine 75 WG H.007-15 promochimie;SIPCAM INAGRA;Espagne
Triflusulfuron methyl 500 g/kg WG;SAFARI 50 WG H.002-22;SEPCM FMC;USA/DANEM
Thifensulfuron-methyl 40 % + 15 % WG;Gipsy 003-14H.;SANABEL AGRO ROTAM TAIWAN;Blés
Triallate 450 g/l CS;AVADEX FACTOR H.025-22;ATLAS AGRICOLE GOWAN CROP;CS PROTECTION LIMITED
Triasulfuron + Dicamba 4 1 g / K g + 6 5 9 W G Z o o m H.;Z o o m H.056-11/21;BIOPROTECTION SYNGENTA/IPT- SUISSE;Blé dur
Tribenuron methyl + 56.3 %+ 18.7 % WG BOMBA WG H.;BOMBA WG H.011-18;EL KHADRA JSC(AVGUST);Russie
Tribenuron-Methyl 75% WG;TOSCANA H.010-18;AGRIPROTEC PROPLAN;Espagne
Tribenuron-Methyl 75% WG;SKYLLA WDG H.012-18;Blé dur : Dicotylédones : 12.5 g/ha en Post levée;Non spécifié
Tribenuron-Methyl 75% WG;Nuance 002-14H.;Céréales : Dicotylédones : 30 g/ha;AGROSYSTEMES CHEMINOVA DANEMARK
Tribenuron-Methyl 75% WG;Volteo 75 WG 16-008H.;Blé dur : Dicotylédones : 20 g/ha en post levée;EL KHADRA AFRASA
Tribenuron-Methyl 75% WG;TRISTAR WG H.020-18;Blé dur : Dicotylédones : 25 g/ha (300 L de bouillie/ha). En Post levée;SANABEL AGRO Sharda Cropchem inde
Tribenuron-Methyl 75% WG;Granstar H.057-11/21;Céréales : Dicotylédones : 25 g/ha;SEPCM DU PONT ROMANIE
Tribenuron-Methyl 75% WG;Corida 75 WG H.088-11/21;Céréales : Dicotylédones : 25 g/ha;SOCOOPEC AGRIA BULGARIE
Tribenuron-Methyl 75% WG;TRIBUNEO 75 G H.015-20;Céréales : Dicotylédones : 25 g/ha;(comm13/02/2020)
Trebuniron-methyl + 250g/l+104g/kg SG FLAME DUO SG H.006-22;Soleagri Albaugh USA;Blé:Mauvaises herbes dicotylédones :60 g/ha;USA
Trifluraline 4 8 0 g / L;ECH erbaline H.058-11/21;Tournesol, Légumineuses : M.Herbes : 2 L/ha;SEPCM AAKO AUSTRALIE
Trifluraline 4 8 0 g / L;Ecranline 4 8 0 E C H.021-22;Petit pois: Graminées:2 l/ha;Appliqué 1 à 4 semaines avant le semis
Trifluraline 4 8 0 g / L;Echerbaster E C H.011-20;Petit pois: Graminées:2 l/ha;Appliqué 1 à 4 semaines avant le semis
Trifluraline 4 8 0 g / L;E c flural H.092-11/21;Tournesol, Légumineuses : M.Herbes : 2 L/ha;Ets Mezghani Industrial Q. Espagne
Trifluraline 4 8 0 g / L;E c raline H.082-11/21;Tournesol, Légumineuses : M.Herbes : 2 L/ha;SEPCM DOW USA
Trifluraline 4 8 0 g / L;E c triflex H.006-17;Tournesol, Légumineuses : M.Herbes : 2 L/ha;STEC AAKO Australie
ACIBENZOLAR-S-;BION 50 WG D.001-14;AGRIPROTEC;SYNGENTA SUISSE
METHYL;Non spécifié;EXCEL AGRI SHARDA INDE;Non spécifié
CHLORMEQUAT-CHLORURE;Stabilan750 D.034-11/21;AGRIPROTEC;NUFARM ESPagne
PROHEXADIONE-CALCIUM;Regalis D.002-14;AGRIPROTEC;BASF ESPagne
METALDEHYDE;ALDEM 3% GR D.002-17;EXCEL AGRI;SHARDA INDE
ACIDE GIBBERELLIQUE;Gibb 3 D.001-11/21;AGROSYSTEMES;GLOBACHEM CHYPRE
ACIDE GIBBERELLIQUE;Aminogibb D.008-15;AMINCO;GLOBACHEM CHYPRE
SODIUM LAURYL ETHER SULFATE (SLES);Biopower SL D.005-17;ATLAS;BAYER AG ALLEMAGNE
ACIDE GIBBERELLIQUE;40 SG D.004-13;BIOPROTECTION;SUMITOMO VALENTBioscience FRANCE
ACIDE GIBBERELLIQUE;Fitogib D.03-21;BIOPROTECTION;NUFARM ESPagne
Acide gibberellique 20%;ST GIB GRO D.005-16;BIOPROTECTION;NUFARM Espagne
Chlormequat-chlorure 750 g/l;SL Cekwat 750;D.001-13;BIOPROTECTION
Cyanamide d’hydrogène 520 g/L;SL Dormex D.018-11/21;BIOPROTECTION;DEGUSSA AG/ Espagne
ARYSTA (400 à 500 L de bouillie/ha);LifeScience/ALZ-;D.033-11/21;BIOPROTECTION
Hydrolysat de protéines+borax 59 g/L+130 SC Ceratrap (en bouteilles ou/et en pièges jaunes) à l’ha;BIOBAIT D.002-16;BIOPROTECTION;BIOIBIRICA Espagne
Proteines hydrolysées 360 g/L;SL BIOBAIT D.002-16;BIOPROTECTION;BIOIBIRICA Espagne
Methaldehyde 5%;GR LIMASTOP D.002-19;COTUGRAIN SHARDA INDE;Toutes cultures : Escargot, limace : 5 Kg/ha
Metaldehyde 3%;GR METAX D.003-16;DELTA SHARDA INDE;Agrumes :Limace : 7Kg/ha
Acide gibbérellique 0.5%+1% EC;FENGIB MAX EC D.002-20;promochimie SIPCAM INAGRA;Espagne
Capsaicine +Ally 0.42 % +3.7 SI Dazitol D.004-15;EL KHADRA CHAMPION;USA;Tomate : Fusarium (Fusarium oxysporum f.sp radicis lycopersici) :10 l/ha(en irrigation par système goutte à goutte ou par pulvérisation au niveau du collet après plantation à 100 ml/hl)
Métaldéhyde 5% GB;LIMAGRAM D.001-20;EL KHADRA SIPCAM INAGRA;Espagne
Hydrolysat de Protéines 550 g/L SL CeraBait D.035-11/21;EL MOUSSEM EVIE GRECE;Agriques : Cératites à la dose de MICHAAILIDES - 300 cc/hl du produit seul /ha - 200 cc/hl du produit + insecticide anti-cératites/ha Olivier: Dacus à la dose de - 300 cc/hl du produit seul /ha - 200 cc/hl du produit + insecticide homologué/ha;Non spécifié
Dichloroprop-p 25 g/L EC clementgros D.04-21;SANABEL AGRO NUFARM;Espagne;Agrumes : amélioration de la récolte et du calibre : 100 cc/hl(comm09/02/21)
Acetate d’ammonium + 75%+8.2%+DDVP Acide gibberellique 9%;Giberkey D.001-15;ETS MEZGHANNI Industrial Quimica Espagne;Agrumes :Cératites:40 pièges/ha Processus de floraison et régulation de la maturation : 1 TS/120 L d’eau
Métaldéhyde 5% GB Metakey D.006-11/21;ETS.MEZGHANI INDUS QUIMICAKEY;Espagne;Toutes cultures : Escargot, limace : 5 Kg/ha
Polyoxyethylene amine 270 g/l SL PHYDEAL SL D.003-17;FERTIPLANT SDP/France FRANCE;Céréales (Blés) : Adjuvant Mouillant : à ajouter à la bouillie des herbicides : 0.25 l/hl ou (0.75 l à 1l/ha pour une bouillie de 300-400 l/ha)(Commission 18/10/2017).;Non spécifié
Acide gibbérellique 0.5%+1% EC FENGIB EC D.001-19;INNOVA SIPCAM INAGRA;Espagne;Agrumes: Régulateur de croissance :100 cc/hl
Formate d’Ethyl + CO2 166.7 g/kg + GA Vapormate D.001-14;Linde Gas Tunisie;Linde Group Australie;Traitement des dattes après récolte (en conditionnement) : Pyrale des dattes: 660 g/m3
Deltametrine+Acetate 10 mg/Trimethylam unité+(29.8 Pêcher de saison : Ceratite : Piégeage de masse 1%)+(12.4 %)2.75 g +(0.2%) DGSVCIA 08 juin2022 _ Liste des Produits pesticides homologués Page 116;Magnet Med D.004-16;NUTRIPLANT KOPPERT PAYS BAS;Agrumes :Cératites: 50 pièges/ha. 6.45 g en lutte intégrée : 70 pièges/ha
(Z,E)-3,8,11-Tetradecatrien-1-y acetate;(E,Z)-3,8-Tetradecatrien-1-y acetate;Phéromones de la pyrale ISCA LURE D.003-20;ISCA USA
(Z,E)-7,9,11-Dodecatrienyl formate(90.80% pure);SPLAT-EC-O;NUTRIPLANT ISCA USA;ISCA USA
Trichoderma harzianum T-1.0 x 109 WG;Trianum –P D.F.005-15;NUTRIPLANT KOPPERT Pays Bas;KOPPERT Pays Bas
Acétate d'ammonium + Trimethylamine hydrochloride + Acide gibberellique 10%;PRODESING/Trichoderma harzianum T-1.0 x 109 WG;PHEROSAN;SANSAN ESPAGNE
Esfenvalerate base d'Esfenvalerate 18%;TB Protagibb D.029-11/21;PROTAGRI United Phosphorus INDE;United Phosphorus INDE
Chloroprophame 1%;NEO STOP D.028-11/21;PROTAGRI AGRIPHAR Espagne;AGRIPHAR Espagne
Chloroprophame 500 g/L HN;Neostop 500 HN D.016-11/21;PROTAGRI AGRIPHAR Espagne;AGRIPHAR Espagne
Métaldéhyde 5%;GB Metapro D.030-11/21;PROTAGRI;United Phosphorus
Métaldéhyde 5%;GB GHLALA D.003-19;SANABEL AGRO;UPL
Acide Beta indolbutirique 4 g/l;Exuberone D.005-11/21;SEPCM;Espagne
Acide chloro 4 0,75g/L+2,5;Procarpil D.013-11/21;SEPCM;CMPA Espagne
Acide gibberellique 40%;Berelex 40 SG D.003-15;SEPCM;CHEMICAL Agro FRANCE Europe
Alkylphenolexy-Ethylène 200 g/L;Etaldyne 95 D.014-11/21;SEPCM;CMPA/Espagne Espagne
Métaldéhyde 5%;GB Antilimace granule D.025-11/21;SEPCM;CEQUISA S.A Espagne
Methaldehyde 5% GR;ESCARGOCHE D.001-16;SOCOOPEC SHARDA;INDE
Huile de colza 95%;codacide EO;AGRIMATCO Mirocide Ltd;Courgette:Adjuvant : 1 l/ha
Huile non ionique 92%;EC GARAL EC D.005-20;SOLAGRI Syngenta;Espagne/ GB Mouillant : 50cc/hl(comm13/02/2020)
Métaldéhyde 5%;GB Super meta D.007-11/21;STEC CEQUISA/PHOSPH;Espagne
Aurebasidium pillulan(2 250g/kg Blossom protect D.006-15;STIMA BIO FERM Poirier : Feu bactérien : 1.5 kg/ha (appliquer à souches) :DSM 14940 +250g/kg partir de+/- 10% de la floraison en 4 passages en fonction du % d’avancement de la floraison).;Non spécifié;Non spécifié
Dérivvés d'acides gras 286 g/l+430;EC ACTILANDE TM EC D.02-21;SEPCM;Action PIN France Blé dur: Adjuvant pour céréales:1l/ha végétaux + g/l -pulvérisation foliaire(comm09/02/21)
Non spécifié;BREAK THRU SL D.001-22;ATLAS EVONIC;Non spécifié
trisiloxane + polyether;AGRICOLE maraichères:200 ml/ha;Non spécifié;Non spécifié
4-methyl-5-nonanol et 4-methyl-5-nonanone +(pheromone);Ferrolure D.002-22;BIOPROTECTION Chemitica;international Charançon rouge des palmiers ferrugineus:700 mg par sachet et par piége (10 piége/ha)(30-50 métre)
42.5 ml acetate d'ethyle;Weevil D.003-22;BIOPROTECTION Chemtica;international Charançon rouge des palmiers ferrugineus:42.5 ml par sachet et par piége (10 piége/ha)(30-50 métre)
Ethoprophos 1 0 % G R M o c a p N . 0 03-11/21;SEPCM AMVAC Chemical Espagne/USA;Culture extra primeur, culture s/serre, Culture Corporation) de saison : Nématodes 50 Kg/ha;Non spécifié
Abamectine 20g/l SC TERVIGO 020 SC IN.001-19;BIOPROTECTION Syngenta Crop;"Tomate: Nématode ""Meloidogynespp"": 2 App au Protection AG sol par saison (2*4 l/ha)";Non spécifié
"Melon:Nématode ""Meloidogynespp"": 2 App au sol par saison (2*3 l/ha)Inervalle";( Commission 23/04/2019);Non spécifié;Non spécifié
Fluopyram 400 g/l SC VELUM PRIME 400 IN.002-19;ATLAS AGRICOLE BAYER AG;"Pomme de terre: Nématodes ""Meloidogynespp"": SC 1.25 l/ha";-Fractionné en 02 app
Metam potassium 6 9 0 g / L S L Tamifume N.004-11/21;AGRO-SYSTEMES TAMINCO/eastman Espagne;Tomate : Nématodes : 1000 L/ha par injection / chemical europ sarl système goutte à goutte;Non spécifié
Métam sodium 5 1 0 g / L S L F u m ical IN.098-11/21;BIOPROTECTION UPL/ARYSTA Espagne;Tomate : Insectes du sol, Nématodes : 1L PC/10Ld’eau/10m² Soit 1000 L/ha (traitement des planches de semis) Tabac : Insectes du sol, Nématodes : 1L PC/10Ld’eau/10m² Soit 1000 L/ha (30 jours avant transplantation);Non spécifié
Oxamyl 10% GR Vydate GR N.001-16;AGRIMATCO DUPONT Espagne;Pomme de terre : Nématodes : 25 kg/ha;Non spécifié
Phenamiphos 1 0 % G R N e macur 10 G IN.104-11/21;PROMOCHIMIE AMVAC Chemical AUSTRALIE;Toutes cultures : Insectes du sol : 30 Kg/ha Corporation) Toutes cultures sauf piments : Nématodes : 30 Kg/ha;Non spécifié
Garlic extract 1000 g/l NEM guard SC N.001-22;STIMA Ecospray limited UK;Tomate:Nematodes:4 l/ha -06 applications au max par cycle(24 l/ha) -intervalle min d'applicaton:10 jours -application en goutte à goutte ou autre système d'irrigation -Application avant repiquage / semis et après la plantation (Commission 08/06/22);Non spécifié
Brodifacoum 0,005%;RB Broditop R.002-11/21;ETS MEZGHANI ZAPI SPA ITALIE;Non spécifié
Brodifacoum 0,005%;RB Broditop wax block R.006-11/21;ETS MEZGHANI ZAPI SPA ITALIE;Non spécifié
Brodifacoum 0,005%;RB Klérat R.001-11/21;AGRIPROTEC SYNGENTA SUISSE/GRECE;Non spécifié
Brodifacoum 0,005%;RB Raticide detia R.005-11/21;STIMA DETIA Espagne;Non spécifié
Difenacoum 0.005 %;RB SOREXA PELLETS D.001-17;AGRIPROTEC BASF Allemagne;Non spécifié
Abamectine 1;Vertimec IA.003-11;BIOPROTECTION SYNGENTA SUISSE;SYNGENTA SUISSE
Abamectine 1;Potenza 1.8 IA.007-11;SANABEL AGRO SINON CORPORATION TAIWAN;TAINAN CORP TAIWAN
Abamectine 1;Transact 18 EC I.A.161-11;TASMID ASTRACHEM KSA;ASTRACHEM KSA
Abamectine 30cc/hl;Aakomectine IA.009-11;STEC AAKO BV AUSTRALIE;AAKO BV AUSTRALIE
Abamectine 60 cc/hl;ACTROSE 18 EC I.015-18;ETS MEZGHANI ASTRACHEM ARABIE SAOUDITE;ASTRACHEM ARABIE SAOUDITE
Abamectine 75 cc/hl;TINA EC IA.005-11;ETS MEZGHANI INDUSTRIAL QUIMICA KEY ESPagne;QUIMICA KEY ESPAGNE
Timectin I.A.006-13;Homologation : (comm 18/10/2018);COTUGRAIN IMPEX Tide Ningbo Ltd.;TIDE NINGBO LTD.
Abamectine 75 cc/hl;VALMEC EC I.004-19;EL KHADRA INDUSTRIAS AFRASA S.A ESPAGNE;AFRASA S.A ESPAGNE
Abamectine 20g/l SC;TERVIGO 020 SC IN.001-19;BIOPROTECTION SYNGENTA SUISSE;SYNGENTA SUISSE
Abamectine 84 g/L SC Agrimec Gold 084 SC I.A.129-11;BIOPROTECTION SYNGENTA SUISSE;SYNGENTA SUISSE;Non spécifié
Abamectine;Numectin I.A.009-16;AGRIPROTEC;NUFARM FRANCE
Abamectine;MECTINE PROI.006-17;JADWA AGROTEC;AAKO BV AUSTRALIE
Abamectine;AGRI-FLEX 185 SC I.011-17;AGRIPROTEC SYNGENTA Suisse;SYNGENTA Suisse
Abamectine;SOLVIGO 185 SC I.008-18;COTUGRAIN;SYNGENTA Suisse
Acétamipride;Mospilan 20 SL I.011-11;SEPCM (NIPPON SODA);ARYSTA JAPON
Acétamipride;Escort 20 SL I.010-11;BIOPROTECTION (NIPPON SODA);ARYSTA JAPON
Acétameprid;Polysect I.004-16;SOCOOPEC SHARDA;SHARDA INDE
Acétameprid;ACETADE FORT I.009-17;SANABEL Agro;SHARDA CROPCHEM INDE
Acrinathrine;Rufast 7,5 EW A.013-11;EL MOUSSEM CHEMINOVA;ESPAGNE/FRAÎCE
Acrinathrine;TRIPSOL EW I.010-19 AGROSYSTEME;AGROSYSTEME;cheminova DANEMARK
Abamectine;EC B e stox I.014-11 SEPCM FMC;SEPCM FMC;BASF
Alphaméthrine;EC E C B e stox I.014-11 SEPCM FMC;SEPCM FMC;BASF
Ametoctradine;SC SNOOKER SC F.003-19 STIMA BASF;STIMA;BASF Allemagne
Azadirachtine 32 g/L;EC Oïkos EC I.019-11 INNOVA NUFARM;INNOVA NUFARM;Espagne
Azadirachtine 32 g/L;Oïkos EC I.019-11 INNOVA NUFARM;INNOVA NUFARM;Espagne
Azadirachtine (0,03 %) + 0 ,3 g/L;Nimbicidine I.160-11 T. STANES & Co.Ltd.;T. STANES & Co.Ltd.;INDE
Azadirachtine 32 g/L;OIKOS MAX I.004-20 EL KHADRA SIPCAM INAGRA;EL KHADRA SIPCAM INAGRA;Espagne
Bacillus thuringiensis 16 0 0 0 W P D i p e l P . M I.023-11 BIOPROTECTION VALENT BIOSCIENCE;Dipel PM I.023-11 BIOPROTECTION VALENT BIOSCIENCE;BIOPROTECTION;VALENT BIOSCIENCE USA
Bacillus thuringiensis UI/mg CORPORATION;Ecotech-BIO I.024-11 EL MOUSSEM YPSILON S.A;EL MOUSSEM YPSILON S.A;AGRICOLE GRECE
Bactospeine 16000 I.027-11 SEPCM VALENT BIOSCIENCE;SEPCM Bactospeine 16000 I.027-11 SEPCM VALENT BIOSCIENCE;SEPCM;VALENT BIOSCIENCE USA
Bacillus thuringiensis (sp 32000 WG BACTOSPINE DF I.017-19 SEPCM VALENT BIOSCIENCE;Bactospeine 16000 I.017-19 SEPCM VALENT BIOSCIENCE;SEPCM;VALENT BIOSCIENCE USA
Bacillus thuringiensis 32000UI/mg WG Delfin WG I.131-11 AGROSYSTEMES CERTIS;Delfin WG I.131-11 AGROSYSTEMES CERTIS;AGROSYSTEMES CERTIS;USA
Bifenazate;FLORAMITE 240 SC;AGRIMATCO;CHEMTURA/ARYSTA JAPON
Bifenazate;Acramite 480 SC;SEPCM;CHEMTURA USA
Non spécifié;Tomate en plein champs : Acariens;Non spécifié;Non spécifié
Bifenazate;50% WG BANTER WG;AGRIPROTEC;UPL limited Inde
Chlorantraniliprole;Coragen 20 SC;SEPCM;DU PONT USA
Chlorantraniliprole;Voliam Targo 063 SC;BIOPROTECTION SYNGENTA;SUISSE
Abamectine;Non spécifié;EL MOUSSEM ORO AGRI;USA
LambdaCyhalothrine;Piment : Pucerons;IMPEX;Tomate : Noctuelle: 20 cc/hl (comm18/10/2018)
Chlorantraniliprole;BESIEGE 150 ZC;COTUGRAIN SYNGENTA;SUISSE
LambdaCyhalothrine;Piment : Pucerons;IMPEX;Tomate : Noctuelle: 20 cc/hl (comm18/10/2018)
Chlorantraniliprole;Illicos Flexi 300 SC;EL MOUSSEM SYNGENTA;SUISSE
Thiamethoxam;AGRICOLE Tomates : noctuelles;SYNGENTA SUISSE;Tomates : noctuelles: 60 cc/ hl (18/10/2018)
Chlorantraniliprole;DURIVO I.006-18;SOLAGRI SYNGENTA;SUISSE
Thiamethoxam;Tomates : noctuelles;SYNGENTA SUISSE;Tomates : noctuelles: 60 cc/ hl (18/10/2018)
Chlorpyriphos Ethyl;Duracid 5G;SEPCM;Dow Agrscience Mexique
Lorvek 5 G;Non spécifié;ATLAS AGRICOLE;Dow Agroscience USA ou localisé
DURSBAN 5G;Non spécifié;INNOVA;Dow Agrosciences Mexique
Chlorpyri phos Ethyl 5% GR;Delfos 5G I.038-11;ETSY MEZGHANI INDUSTRIAL QUIMICA KEY;Non spécifié
Chlorpyriphos Ethyl 4 8 0 g / L EC;E C P y r i c a l 4 8 0;BIOPROTECTION ARYSTA LIFESCIENCE USA;Non spécifié
Chlorpyriphos ethyl 480g/l EC;Starphos I.003-16;SOCOOPEC SHARDA INDE;Non spécifié
Chlorpyriphos ethyl 480g/l EC;BONSOL I.014-19;COTUGRAIN SHARDA INDE;Non spécifié
Chlorpyriphos ethyl 480g/l EC;PYRIFOS I.016-19;FERTITECH SHARDA INDE;Non spécifié
Chlorpyriphos ethyl 480g/l EC;CASTEL 48 EC I.007-17;AGRONOMIC Land SHARDA INDE;Non spécifié
Chlorpyriphos ethyl 480g/l EC;Charter I.007-16;SANABEL AGRO SINON CORPORATION CHINE;Non spécifié
Reldan 40 EC;Reldan 40 EC I.145-11;INNOVA DOW AGROSCIENCES SUISSE;Non spécifié
EXAQ EC;EXAQ EC I.008-17;ATLAS AGRICOLE DOW AGROSCIENCES SUISSE;Non spécifié
Chlorpyriphos 300 g/l EC BOLTON EC;BOLTON EC I.009-19;AGRIPROTEC CHEMINOVA DANEMARK;Non spécifié
Chromafénozide 5 0 g / L EC;Matric I.044-11;BIOPROTECTION ARYSTA LIFESCIENCE JAPON;ARYSTA LIFESCIENCE
Clofentezine 500 g/L SC;Apollo 50 A.045-11;STEC AAKO BV PAYS BAS;STEC AAKO BV PAYS BAS
Cyantraniliprole 100 G/L OD;Benevia I.014-16;AGRIMATCO DU PONT USA;DU PONT USA
Cyperméthrine 2 5 0 g / L E C;Cypercal 250 E C I.046-11;BIOPROTECTION ARYSTA LIFESCIENCE USA;ARYSTA LIFESCIENCE
Cypermethrine 250 g/L EC;Synchro I.004-15;EL KHADRA SHARDA WORLDWIDE INDE;SHARDA WORLDWIDE INDE
Cypermethrine 250 g/L EC;Cyperfan 25 EC I.004-17;FERTIPLANT SHARDA WORLDWIDE INDE;SHARDA WORLDWIDE INDE
Cyperméthrine 100 g/L EC;Cymbush 10 I.047-11;AGRIPROTEC PROBELTE ESPagne;PROBELTE ESPagne
Selene;I.048-11;ETS. MEZGHANI INDUSTRIAL QUIMICA KEY ESPagne;QUIMICA KEY ESPagne
Cirtan EC;I.138-11;COTUGRAIN IMPEX ALCOTAN ESPagne;ALCOTAN ESPagne
JADWA AGROTEC;I.146-11;CMPA ESPagne;CMPA ESPagne
Sherpa;I.146-11;CMPA ESPagne;CMPA ESPagne
Cypermethrine 0.86 % MG;Belem 0.8 MG 002-16;I. SEPCM SBM FORMULATION ESPagne;SBM FORMULATION ESPagne
Cypermethrine 100 g/l EC;Cyrux I.003-17;PROTAGRI UPL INDE;UPL INDE
Cyromazine 7 5 % W P;Trigard I.050-11;BIOPROTECTION SYNGENTA SUISSE;Non spécifié
Decis EC 25;Decis EC I.054-11;EL MOUSSEM BAYER CROPSCIENCE;Espagne
Deltaméthrine 2 5 g / L;Delta I.055-11;STEC BAYER CROPSCIENCE;Espagne
AGRICOLE;Fruithrine I.166-11;PROTAGRI United Phosphorus Ltd;INDE
Deltacal;Agricole C.;BIOPROTECTION ARYSTA LIFESCIENCE USA;USA
Deltamethrine 25 g/l EC Sergent;Sergent I.006-15;SOCOOPEC SHARDA WORLDWIDE INDE;INDE
Deltamethrine 25 g/l EC Delmitox 16-011I.;Delmitox 16-011I. SANABEL AGRO SHARDA CROPCHEM INDE;INDE;Non spécifié
Deltamethrine 25 g/l EC Dextra 25 EC 16-016I.;Dextra 25 EC 16-016I. RAYEN PHYTAGRI TAGROS CHEMICALS INDE;INDE;Non spécifié
Deltamethrine 25 g/l EC SCATTO EC I.013-19;SCATTO EC I.013-19 STIMA ISAGRO SPA;Pêcher: Cératite:100 ml/hl ITALIE;Non spécifié
Deltamethrine 25 g/l EC D66;D66 I.003-15;ETS MEZGHANNI INDUSTRIAL QUIMICA ESPAGNE;Espagne
Deltaméthrine 1 0 0 g/L EC Atrium 16-012I.;Atrium 16-012I. SANABEL AGRO ROTAM AGROCHEMICALS CHINE;Féverole: Sitones phytonomes: 0.75 l/ha;Non spécifié
Deltaméthrine 1 0 0 g/L EC Decis Expert I.056-11;Decis Expert I.056-11 ATLAS AGRICOLE BAYER CROPSCIENCE;Espagne/Espagne;Non spécifié
Diafenthiuron 5 0 0 g / L S C P e g a s u s 500 SC;Pegasis 500 SC I.057-11;BIOPROTECTION SYNGENTA AUSTRALIE;Pommier, Agrumes: Acariens, Pucerons: 60 ml/hl
Tomate : Mouches blanches, Acariens : 60 ml/hl;Tomate : Tuta Absoluta :100 cc/hl;Non spécifié;Non spécifié
Diflubenzuron;Dimilin I.058-11;STEC CHEMTURA AGRO PAYS BAS;Agrumes : Mineuses
Diméthoate 4 0 0 g / L;4 0 0 g / L E C B i o m a t I.059-11;BIOPROTECTION ARYSTA LIFESCIENCE USA;Olivier : Teigne, Psylle, Dacus
Perfecthion I.062-11;STIMA BASF ESPagne;Arbres fruitiers (sauf Agrumes) : Cératite,;Non spécifié
Daphene fort I.061-11;SEPCM CHEMINOVA /FMC GR.BRETAGNE;CARPOCAPSE : 100 cc/hl;Non spécifié
Phytoate I.009-15;STEC CHEMINOVA DANEMARK;Toutes cultures : Pucerons : 100 cc/hl;Non spécifié
Diméthoate 4 0 0 g / L;4 0 0 g / L E C D i m e t h o n I.060-11;ETS MEZGHANI INDUST. QUIMICA KEY;Espagne Olivier : Teigne, Psylle, Dacus, Arbres fruitiers (sauf Agrumes) : Cératite,
Emamectin benzoate 5% SG;Proclaim 05 SG I.063-11;BIOPROTECTION SYNGENTA USA;Tomate : Noctuelles, Tomate : Tuta Absoluta
Emamectin benzoate 50 g/L EC;Proact 50 EC I.128-11;TASMID ASTRACHEM KSA;Tomate : Tuta absoluta
Etofenprox 300 g/l EC;TREBON EC I.012-19;ATLAS AGRICOLE SIPCAM INAGRA S.S;Espagne Agrumes:Cératite:100 ml/hl
Etoxazole 110g/l SC;Borneo 10 SC I.A.017-17;BIOPROTECTION SUMITOMO CHEMICHAL Japon;Pommier : Acarien rouge Panonychus ulmi
Farnesol + 1,6 g/L;EC Killmite IA.064-11;BIOPROTECTION ARYSTA LIFESCIENCE USA;Fraisier : Acariens
Nerolidol + 4 g/L;Tomate : Acariose bronzée : 200 cc/hl;Non spécifié;Non spécifié
Geraniol 4 g/L;Palmier dattier : Acariens : 2 L/ha;Non spécifié;Non spécifié
Fenazaquin 200 g/L SC;Pride 200 A.158-11;INNOVA GOWAN Espagne;Espagne Olivier : Acariens Eriophydes, Pommier : Acariens: 50cc/hl
Fenazaquin 200 g/L SC;MAGISTER A.I.003-20;SEPCM GOWAN Espagne;Espagne * Olivier : Acariens Eriophydes, *Pommier : Acariens: 50 cc/hl
Fenoxycarbe 25% WG;Insegar 25 WG I.066-11;EL MOUSSEM SYNGENTA SUISSE;Pommier, Poirier : Carpoc
Fenpyroximate;SH UM I.012-18 EL KHADRA SIPCAM INAGRA (ancient Espagne Pommier : Acariens : 75 cc/hl;fabricant: NIHON NOHYAKU Tomate en plein champs : Acariens : 75 cc/hl Co. Ltd) (comm18/10/2018);Non spécifié
Flubendiamide;I.070-11 EL MOUSSEM NIHON NOHYAKU JAPON Tomate :Tuta Absoluta : 30 g/hl AGRICOLE Co. Ltd PIMENT : Noctuelles : 12,5 g/hl SUMMIT AGRO INTERNATIONAL;Non spécifié;Non spécifié
Flufénoxuron;I.071-11 AGROSYSTEMES GLOBACHEM Espagne Agrume : Mineuses : 60 cc/hl ou 40 cc + 400 cc huile d’été/hl Pommier : Carpocapse, acariens : 75 cc/hl Tomate : Acariens, noctuelles : 60 cc/hl;Non spécifié;Non spécifié
Fluopyram;"IN.002-19 ATLAS AGRICOLE BAYER AG - Pomme de terre: Nématodes ""Meloidogyne spp"": 1.25 l/ha 400 SC 400 g/l SC VELUM PRIME -Fractionné en 02 app. -1ére app : 1 à 3 jours après tranplantation -2éme app : après 14 jours -Application goutte à goutte (comm23/04/2019)";Non spécifié;Non spécifié
Flupyradifurone;I. 016-17 ATLAS AGRICOLE Bayer A.G ALLEMAGNE Pêcher : Pucerons : 0.6 l/ha SL Vigne : Cicadelle : 0.3 l/ha SIVANTO PRIME 200 (Commission du 18/10/2017) Tomate : Mouche blanche : 60 cc/hl (extension 12/01/2018);Non spécifié;Non spécifié
Gamma-cyhalothrine;I AGROSYSTEMES FMC USA Pommier : Carpocapse : 20 cc/hl Helicoverpa armigera 7.5 1012 cfu/l SC BOLLDEX SC I.010-17 ALOHA Agriculture ANDERMATT BIOCONTROL Suisse Tomate: Noctuelles: 200 cc/ha nucleopolyhedrovirus (Commission du 20/06/2017);Non spécifié;Non spécifié
Hexythiazox;"I.A.075-11 EL MOUSSEM NIPPON SODA CO., LTD JAPON Tomate : Acariens : 50 g/hl AGRIPROTEC PROPLANT Piment : Acariens : 50 g/hl AGRICOLE Diablo I.A.175-11 EL KHADHRA INDUSTRIAS AFRAZA Espagne Agrumes, pommier : Acariens : 50 g/hl Hexythiazox 10% WP Jalisco IA.010-16 Ets MEZGHANI INDUSTRIAL QUIMICA ESPAGNE Pommier : Acariens : 50 g/hl Tomate: Acariens ""Tetranychus urticae"": 50g/hl -Le produit montre une écotoxicité inacceptable pour le prédateur Phytoseiulus persimilis durant quelques jours après le traitement -Mode d’action : contact (Comm 23/04/2019)";Non spécifié;Non spécifié
Hexythiazox;I.A.177I.A Ets MEZGHANI INDUSTRIAL QUIMICA ESPAGNE Pommier : Acariens : 50 g/hl KEY (Rehomologation, commission13/02/2020);Non spécifié;Non spécifié
Huile minérale;E C C i t r o l e I.076-11;EL MOUSSEM TOTAL FLUIDES;Espagne
Plant oil;I.149-11;STE EL KHADRA INDUSTRIAS AFRASA;Espagne
Spray OIL 7 E;I.150-11;INNOVA PETRONAS LUBRICANTS;Belgique NV
SunOIL;I.008-13;AGRIMATCO PETRONAS LUBRICANTS;Espagne
AgroHuile;I.009-13;AGROSYSTEMES PETRONAS LUBRICANTS;Espagne
BELGIUM NV;;Non spécifié;Non spécifié
PetrOil;I005-17;SOCOOPEC PETRONAS LUBRICANTS;Belgique
Huile minérale 8 5 0 g / L E C O v i p h y t;I.127-11;ATLAS INDUSTRIE COMPTOIR COMMERCIAL;France
Huile essentielle de thym 81.87 g/l EW NOPATH;F.006-19;NUTRIPLANT KOPPERT BIOLOGICAL SYSTEM L;Fraisier
Imidaclopride 2 0 0 g / L S L C o n f i d o r;I . 0 8 3 - 1 1;PROMOCHEM BAYER CROPSCIENCE;Espagne
Spector SL;I.077-11;ATLAS AGRICOLE;BAYER CROPSCIENCE
Duloc;I.078-11;AGRIPROTEC PROPLAN;Espagne
Bazooka;I.079-11;AGROSYSTEMES GLOBACHEM;Espagne/Espagne
Nuprid;I.081-11;BIOPROTECTION NUFARM SA;INDE
Protador;I.164-11;PROTAGRI United Phosphous Ltd;CHYPRE
Erazer;I.015-15;AMINCO GLOBACHEM;Espagne
Akopride;I.140-11;Jadwa Agrotec AAKO BV;Cultures s/serres
Vigne : Cicadelles;35 cc/hl;Jadwa Agrotec AAKO BV;Espagne
Imidaclopride 200 g/L;S L P R I S M A S L I . 0 8 2 - 1 1 E T S M E Z G H A N I I N D U S T R I A L Q U I M I CA ESPAGNE;BAYER CROPSCIENCE ANGLETERRE;BAYER CROPSCIENCE
Imidaclopride 70 % W G;S p e c t o r 70 WG I.080-11 ATLAS AGRICOLE;I.085-11 PROMOCHIMIE BAYER CROPSCIENCE ANGLETERRE;BAYER CROPSCIENCE ESPAGNE
Imidaclopride 70% WG;IMIGO 70 WG I.011-19 AGRIMATCO United Phosphorus Limited Inde;I.085-11 PROMOCHIMIE BAYER CROPSCIENCE ANGLETERRE;BAYER CROPSCIENCE ESPAGNE
Imidaclopride 200 g/L;OD Confidor 200 OD I.085-11 PROMOCHIMIE BAYER CROPSCIENCE ESPAGNE;I.085-11 PROMOCHIMIE BAYER CROPSCIENCE ANGLETERRE;BAYER CROPSCIENCE ESPAGNE
Imidachlopride 35% SC;Midash 350 SC I.005-16 COTUGRAIN IMPEX SHARDA INDE;I.085-11 PROMOCHIMIE BAYER CROPSCIENCE ANGLETERRE;SHARDA INDE
Imidachlopride 700g/kg WG;Finito WG I.006-16 EL KHADRA SHARDA INDE;I.085-11 PROMOCHIMIE BAYER CROPSCIENCE ANGLETERRE;SHARDA INDE
Imidaclopride + lambda- 150 g/l + 50 SC;Borey SC I.005-15 EL KHADRA Avgust Crop Protection RUSSIE;I.085-11 PROMOCHIMIE BAYER CROPSCIENCE ANGLETERRE;Avgust Crop Protection RUSSIE
Imidaclopride + lambda- 160 g/l + SC;Kilter 16-010I. BIOPROTECTION NUFARM Espagne;I.085-11 PROMOCHIMIE BAYER CROPSCIENCE ANGLETERRE;NUFARM ESPAGNE
Imidachlopride + 300g/l + SC;JUDOKA GOLD I. 015-17 SANABEL AGRO ROTAM AGOCHEMICALS CHINE;I.085-11 PROMOCHIMIE BAYER CROPSCIENCE ANGLETERRE;ROTAM AGOCHEMICALS CHINE
Imidacloprid 210 g/l FS;GIZMO SUPER FS I.F.018-18 AGRIPROTEC NUFARM France;I.085-11 PROMOCHIMIE BAYER CROPSCIENCE ANGLETERRE;NUFARM FRANCE
Indoxacarbe 150 g/L EC;Avaunt I.089-11 SEPCM DU PONT USA;Non spécifié;DU PONT USA
Indoxacarbe 150 g/L;TALENT 150;Ets MEZGHANI ASTRACHEM ARABIE SAOUDITE (comm 18/10/2018);ASTRACHEM KSA
Lambda-cyhalothrine 100g/l;POINTER100;INNOVA SIPCAM INAGRA ESPagne;SIPCAM INAGRA ESPagne
Lambda-cyhalothrine 100g/l;LAMBDATROL;AGRIPROTEC SIPCAM INAGRA ESPagne;SIPCAM INAGRA ESPagne
Lambda-cyhalothrine 25 g/l;Pulsar;PROTAGRI United Phosphous Ltd INDE Olivier;United Phosphorous Ltd INDE
Indoxacarbe 150 g/L;TALENT 150;Ets MEZGHANI ASTRACHEM ARABIE SAOUDITE (comm 18/10/2018);ASTRACHEM KSA
Lambda-cyhalothrine 25 g/l;KEYLAM EC;Ets Mezghanni ZHEJIANG WELL-DONE Chine / Espagne;ZHEJIANG WELL-DONE Chine / ESPagne
Lambda cyhalothrin 2,5 % WDG;JUDO;STIMA Sharda INDE Agrumes;Sharda INDE
Lambada cyhalothrine 5% EG;KAISO 5%;EL MOUSSEM NUFARM SUISSE;NUFARM SUISSE
Lambda-cyhalothrine 5 0 g / L E C;Karaté 5 EC;AGRIPROTEC SYNGENTA SUISSE;SYNGENTA SUISSE
Ravane;Expert;SANABEL AGRO SHARDA WORLDWIDE INDE;SHARDA WORLDWIDE INDE
Lambda-cyhalothrine 5 0 g / L E C;Jackpot 16-013I.;SANABEL AGRO ROTAM AGROCHEMICALS CHINE Féverole;ROTAM AGROCHEMICALS CHINE
Lambda-cyhalothrine 1 0 0 g / L C S;Karaté 10 CS;Zeon I.092-11 AGRIPROTEC SYNGENTA SUISSE;SYNGENTA SUISSE
Lambda-cyhalothrine 100g/l;Kung Fu;SOLAGRI SYNGENTA SUISSE;SYNGENTA SUISSE
Lufénuron 30 g/L;RB Adress I.093-11;BIOPROTECTION SYNGENTA;Espagne
Lufénuron 50 g/L EC;Match 50 EC I.094-11;AGRIPROTEC SYNGENTA;SUISSΕ
Lufénuron 50 g/L EC;CIGNA 50 EC I.011-18;COTUGRAIN SYNGENTA;SUISSΕ
IMPEX;Non spécifié;Non spécifié;Espagne
Malathion 9 5 % U LV;Malathion 96 I.095-11;SEPCM CHEMINOVA;AUSTRALIE
Malathion 5 0 0 g / L E C;F y f a n o n 50 I.097-11;SEPCM CHEMINOVA;AUSTRALIE
Keythion;I.096-11;ETS MEZGHANI INDUSTRIAL QUIMICA KEY;Espagne
Metaflumizone 240 g/l SC;Alverde 240 SC I.003-13;STIMA BASF;Espagne
Métam sodium 5 1 0 g / L S L;F u m i c a l IN.098-11;BIOPROTECTION ARYSTA LIFESCIENCE;Espagne
Méthiocarbe 5 0 % WP;Mesurol 50 WP I.100-11;ATLAS AGRICOLE BAYER CROPSCIENCE;Espagne
Méthiocarbe 2 0 0 g / l SC;Mesurol 200 SC I.015-13;ATLAS AGRICOLE BAYER CROPSCIENCE;Espagne
Méthomyl 2 5 % WP;Lannate 25 I.101-11;SEPCM DU PONT;SUISSΕ/Taiwan
Méthomyl 2 0 0 g / L EC;Lannate 20 L I.102-11;SEPCM DU PONT;AUSTRALIE
Méthomyl;Kuik 400 SP;SANABEL AGRO ROTAM;Taiwan/chine
Methoxyfenozide;Runner;INNOVA DOW AGROSCIENCES FRANCE;France
Milbemectin;Milknock;AGRIPROTEC;MITSUI CHEMICALS AGRO JAPON
OXAMYL;Vydate 10 L;AGRIPROTEC DU PONT;Espagne /USA
Phénamiphos;Nemacur 10 G;PROMOCHIMIE AMVAC Chemical Corporation;USA
Phosmet;Foslete 50;EL KHADHRA SIPCAM INAGRA;Espagne
Phosmet;Imidan 50 A;AGRIPROTEC GOWAN;Espagne
Phosphure d’Al. 77,5 %;Quickphlo-R;PROTAGRI UNITED PHOSPHORUS LTD;INDE
Phosphure d’Al. + 57 % +;Detia Gas;STIMA DETIA DEGUECH;Espagne
Phosphure d’Hy. 33%;Quickphos;PROTAGRI UNITED PHOSPHORUS LTD;INDE
Phosphure de Magnésium 57 % PL Deguech plate;Deguech plate;STIMA DETIA DEGUECH;Espagne
Magnaphos;Magnaphos;PROTAGRI UNITED PHOSPHORUS LTD;INDE
Pymetrozine;Plenum 50 WG;BIOPROTECTION SYNGENTA SUISSE;SYNGENTA SUISSE
Pyridalyl;Sumipleo50EC;AGRIMATCO SUMITOMO JAPON;SUMITOMO JAPON
Pyrimicarbe;Piri;AGROSYSTEMES GLOBACHEM ESPagne;GLOBACHEM ESPagne
Tornado;Non spécifié;AMINCO GLOBACHEM ESPagne;GLOBACHEM ESPagne
Pyrimiphos methyl;P Actellic;AGRIPROTEC SYNGENTA SUISSE;SYNGENTA SUISSE
Pyriproxyfene;Muligan;AGRIPROTEC PROPLAN ESPagne;PROPLAN ESPagne
Pyriproxyfene;Proximo EC;EL KHADRA INDUSTRIAS AFRASA S.A;AFRASA INDUSTRIAS S.A
Pyriproxyfene;Brai EC;RA2YEN PHYTAGRI LAINCO SA;LAINCO SA
Pyrethrins;Piretro Verde;STIMA COPYR S.p.A;COPYR S.p.A
Pyréthrine;Abanto 40 EC;EL KHADRA AFRASA INDUSTRIAS S.A;AFRASA INDUSTRIAS S.A
Spinetoram;Radiant 120 SC;ATLAS AGRICOLE DOW AGROSCIENCE USA;DOW AGROSCIENCE USA
Spinosade 2 4 0 g / L;Vinge: Drosophile;SC T R A C E R 2 4 0 S C I.113-11;INNOVA DOW AGROSCIENCE USA
LASER 240 SC;Tomate : Tuta absoluta;I.010-13;ATLAS AGRICOLE DOW AGROSCIENCE USA
Spinosade 0,24 g/L CB;Vigne, fraisier : Thrips;I . 1 5 5 - 1 1;INNOVA DOW AGROSCIENCE Espagne
T.Terrestre-cess APPAT I.007-14;ATLAS AGRICOLE DOW AGROSCIENCE Espagne;Non spécifié;Non spécifié
Spintor Olivier;Mouches de l’olivier;IA.114-11;PROMOCHIMIE BAYER CROPSCIENCE Espagne
Spirodiclofen 240 g/L SC;Espagne Agrumes : Acariens;IA.115-11;STEC BAYER CROPSCIENCE Espagne
Envidor;Poirier : Psylle;IA.116-11;STE C BAYER CROPSCIENCE Espagne
Spiromesyfen 240 g/L SC;Tomate : Acariens;IA.117-11;ATLAS AGRICOLE BAYER CROPSCIENCE Espagne / Espagne
SpliNPV (Spodoptera littoralis corps);Fraisier: Noctuelle;I.007-19;ALOHA ANDERMATT BIOCONTROL SUISSE
LITTOVIR I.004-18;Tomate Aleurodes muscarium souche 1979 (1.1*1010 system (mouches blanches);NUTRIPLANT KOPPERT BIOLOGICAL Espagne;Non spécifié
Sulfoxaflor 240 g/l SC;Agrumes : Cochenilles;I.008-15;SEPCM DOW AGROSCIENCE Espagne
Tebufenpyrad 20 % WP;POMMIER: Acariens;IA.007-13;AGRIPROTEC BASF Espagne/Espagne
Tetranychus urticae;Non spécifié;Non spécifié;Non spécifié
Teflubenzuron;50g/hl;STIMA;BASF Espagne
Tefluthrine 0,5 % GR;Force I.119-11;AGRIPROTEC SYNGENTA;Espagne
Tefluthrine 0,5 % GR;VOLTRA 0.5 G I.005-20;COTUGRAIN SYNGENTA;Espagne
Thiaclopride 480 g/L SC;Calypso I.120-11;PROMOCHIMIE BAYER CROPSCIENCE;Espagne
Thiaclopride + 150 g/L + OD Proteus 170 OD;I.121-11;PROMOCHIMIE BAYER CROPSCIENCE;NOUVELLE
Deltamethrine 20 g/L;ZELANDE;Pêcher : Pucerons, cératite : 0,25 L/ha;Pommier : Carpocapse : 0.6 L/ha
Thiamétoxam 25% WG;Synara 25 WG I.123-11;BIOPROTECTION SYNGENTA SUISSE;Tomates, Tomates s/s : Mouches blanches : 30 g/hl soit 600g/ha (application au sol par goutte à goutte)
Thiamétoxam 25% WG;Renova I.170-11;PROTAGRI United Phosphorus Ltd;INDE
Thiamétoxam 25% WG;Rexame 16-009I. SOCCOPEC SHARDA INDE;Tomates : Mouches blanches;SYNGENTA SUISSE
Thiamétoxam 25% WG;SYNTAX I.015-19;Tomates : Mouches blanches;SANABEL AGRO SHARDA INDE
Thiamétoxam 3 5 0 g / L FS;Cruiser 350 FS I.124-11;P.de terre : Insectes du sol;BIOPROTECTION SYNGENTA SUISSE
Thiamétoxam 3 5 0 g / L FS;ADAGE 350FS I.013-18;P.de terre : Insectes du sol;SOLAGRI SYNGENTA SUISSE
Thiamethoxam + 141 g/L + SC;Engeo 247 I.125-11;Tomate : Noctuelles, pucerons, mineuses;AGRIPROTEC SYNGENTA USA/Espagne
Lambda-cyhalothrine 106 g/L cc/hl;Piment : Pucerons, Mouches blanches;SYNGENTA USA/Espagne;Non spécifié
Lambda-cyhalothrine 106 g/L cc/hl;Cucurbitacées : Pucerons, Noctuelles;SYNGENTA USA/Espagne;Non spécifié
Lambda-cyhalothrine 106 g/L cc/hl;Betterave à sucre : Cassides;SYNGENTA USA/Espagne;Non spécifié
Thiocyclame hydrogène 50% SP;Evisect 130-11 I. BIOPROTECTION NIPPON KAYAKU/ JAPON/ Espagne;Tomate: mouche blanche;BIOPROTECTION NIPPON KAYAKU/ JAPON/ Espagne
Thiocyclame hydrogène 50% SP;Evisect 130-11 I. BIOPROTECTION NIPPON KAYAKU/ JAPON/ Espagne;Agrumes : Mineuses;BIOPROTECTION NIPPON KAYAKU/ JAPON/ Espagne
Thiocyclame hydrogène 50% SP;Evisect 130-11 I. BIOPROTECTION NIPPON KAYAKU/ JAPON/ Espagne;Agrumes : Thrips;BIOPROTECTION NIPPON KAYAKU/ JAPON/ Espagne
Zeta-cypermethrine 0.8% MG;Fury Geo 001-16 I.;Pomme de Terre : Taupins;COTUGRAIN IMPEX FMC USA
Zeta-cypermethrine 100g/l EW;FURY 10 I.001-17;Tomate : Noctuelle;COTUGRAIN IMPEX FMC Chemical Espagne
Triflumuron;Alsystin 480 SC;PROMOCHIMIE BAYER CROPSCIENCE;BAYER CROPSCIENCE
Ametoctradin 300 g/L + Dimethomorph;Orvego;AGRIPROTEC BASF;BASF
Amisulbrom;LEIMAY 20 SC;EL MOUSSEM ARYSTA LIFESCIENCES;ARYSTA LIFESCIENCES
Azoxystrobine 250 g/L;Amistar;AGRIPROTEC SYNGENTA;SYNGENTA
Azoxystrobine 250 g/L;Globazar 250 SC;AGROSYSTEMES Globachem;GLOBACHEM
Azoxystrobine 250 g/L;Tazer 250 SC;EL MOUSSEM NUFARM;NUFARM
Affix 250 SC;PROTAGRI;UNITED PHOSPHORUS INDE;UNITED PHOSPHORUS
Cayen 500 WG;SINSTAR SC;SANABEL AGRO SINON CORPORATION TAIWAN;SINO CORPORATION
Azoxystrobine 250 g/L;Azox SC;Ets MEZGHANNI JIANGYIN SULI CHEMICAL CHINE;JIANGYIN SULI CHEMICAL
Azoxystrobine 250 g/l;LEGADO 250 SC F.014-18;EL KHADRA AFRASA INDUSTRIAS;AFRASA S.A
Azoxystrobine + 80 g/L;Priori Opti F.003-11;BIOPROTECTION SYNGENTA;SYNGENTA GRANDE
Chlorothalonil 400 g/L;BRETAGNE;Non spécifié;Non spécifié
Azoxystrobine + 200g/l;DOUBLE FORCE F. 029-17;SANABEL AGRO SHARDA;INDE
Cyproconazole 80 g/l;Non spécifié;SYNGENTA GRANDE;INDE
Azoxystrobine + 200g/l;COUGAR SC F.016-18;PROTAGRI UPL LIMITED;INDE
Azoxystrobine + 200 g/L;Amistar Top F.004-11;AGRIPROTEC SYNGENTA;SYNGENTA SUISSE
Difenoconazole 125 g/L;Ortiva TOP F.004-18;SLOGRI SYNGENTA;SYNGENTA SUISSE
Azoxistrobine + 75 g/L;Serial 150 EC F.019-15;SEPCM AAKO AUSTRALIE;AAKO AUSTRALIE
Epoxiconazole 75 g/L;Non spécifié;SEPCM;AUSTRALIE
Azoxystrobin + 25%;CURAX EXTRA F.009-20;Sharda Cropchem;SHARDA CROPCHEM LIMITED
Azoxystrobine + 322 g/l;SE UNIFORM 446 F.132-11;BIOPROTECTION SYNGENTA SUISSE;BIOPROTECTION SYNGENTA SUISSE
Mefenoxam 124 g/l;Non spécifié;Non spécifié;Non spécifié
Melon : Monosporascus, Macrophomina (pourriture charbonneuse);Non spécifié;Non spécifié;Non spécifié
(pourriture charbonneuse);Non spécifié;Non spécifié;Non spécifié
Fraisier : déperissement (Phytophtora spp);Non spécifié;Non spécifié;Non spécifié
Tomate : pourriture brune du collet;Non spécifié;Non spécifié;Non spécifié
piment : pourriture brune du collet;Non spécifié;Non spécifié;Non spécifié
Azoxystrobin 141.4 g/l;SE QUILT XCEL F.129-11;BIOPROTECTION SYNGENTA SUISSE;BIOPROTECTION SYNGENTA SUISSE
Propiconazole 122.4 g/l;Orge : Oidium;ATLAS AGRICOLE SYNGENTA / DOW SUISSE / ESPagne;ATLAS AGRICOLE SYNGENTA / DOW SUISSE / ESPagne
Blé : Rouille brune;AGROSCIENCES EXPORTS;AGROSCIENCES EXPORTS;AGROSCIENCES EXPORTS
Azoxystrobin 110 g/l + SE ELATUS Arc F.008-20;BLÉ:Septoriose (septoria tritici) + Propiconazole 124 g/l + Rouille (puccinia spp);SOLAGRI SYNGENTA AGRO AG SUISSE;SOLAGRI SYNGENTA AGRO AG SUISSE
Tebuconazole 160g/l;Vigne : Oïdium;SANABEL AGRO ROTAM AGROCHEMICALS CHINE;SANABEL AGRO ROTAM AGROCHEMICALS CHINE
Azoxystrobin 200g/l + SE START-UP F.038-15;BLÉ: Septoriose;BIOPROTECTION AAKO PAYS BAS;BIOPROTECTION AAKO PAYS BAS
Tebuconazole 200 g/l (comm 04/11/2015);Non spécifié;AAKO TAIWAN/ PAYS BAS;AAKO TAIWAN/ PAYS BAS
Bacillus subtilis de souche Y 10ex9 ufc/g WP BIOBAC F.131-11;Fraisier : Botrytis;BIOPROTECTION BION TECH INC/ AAKO TAIWAN/ PAYS BAS;BIOPROTECTION BION TECH INC/ AAKO TAIWAN/ PAYS BAS
Tomate : Botrytis;Non spécifié;AAKO TAIWAN/ PAYS BAS;AAKO TAIWAN/ PAYS BAS
Borax 10 g / L S L P r e v - a m I.A.F.031-11;Vigne, fraise :Mildiou,Cochenille;EL MOUSSEM ORO AGRI USA;EL MOUSSEM ORO AGRI USA
I.A.F.017-16 AGRICOLE farineuse,pourriture;Non spécifié;AGRICOLE;AGRICOLE
Orotun RAYEN PHYTAGRI ORO AGRI USA;Vigne : Oïdium;ORO AGRI USA;ORO AGRI USA
Tomate : Acariens;Non spécifié;ORO AGRI USA;ORO AGRI USA
Tomate : Mouches blanches;Non spécifié;ORO AGRI USA;ORO AGRI USA
Boscalid 50 % W G C antus WG F.005-11;STIMA BASF Espagne;STIMA BASF Espagne;STIMA BASF Espagne
Boscalid + Epoxiconazole 233 g/l + SC Bell Extra F.001-13;BLÉ : Piétin verse, septoriose et rouille;BIOPROTECTION BASF Espagne;BIOPROTECTION BASF Espagne
Boscalid;Signum WG;COTUGRAIN IMPEX;BASF SUISSE
Boscalid;Krésoxym-Methyl;Collis;STIMA BASF ESPagne
Bromuconazole;Vectra 10 SC;STE C SUMITOMO JAPON;Vigne, Concombre: Oïdium
Bupirimate;Imrod;SEPCM AAKO BV;AUSTRALIE/ESPagne
Captane;Caplant EC;FERTIPLANT SHARDA;INDE
Captane;Mitane;SOCOOPEC SHARDA;INDE
Captane;Prothane;DELTA AGRICOLE SHARDA;INDE
Captane;Capitol 80 WG;AGRONOMIC Land SHARDA;INDE
Captane;Akapan 83 WP;AGRIPROTEC ARYSTA LIFESCIENCE;ANGLETERRE/ESPagne
Captane;Malvin80 WG;BIOPROTECTION ARYSTA LIFESCIENCE;ESPagne
Carbandazime;FL Mandarin;SANABEL AGRO SINON CORPORATION/TAIWAN/AUSTRALIE;ARBRES FRUITIERS: Oïdium, tavelure, pourriture grise
Carbendazime;Sharcarb;SOCOOPEC SHARDA;INDE
Carbendazime;Helix;COTUGRAIN;SHARDA INDE
Carbendazime;Progreen;PROTAGRI UPL;INDE
Chinozole;Beltanol-L;AGRIPROTEC PROBELTE;ESPagne
Chinozole;V-Nol;AGROSYSTEMES PROBELTE;ESPagne
Chlorothaonil 500 g/l SC;PUGIL LA F.001-17;INNOVA SIPCAM INAGRA Espagne;Non spécifié
Chlorothaonil 500 g/l SC;CLORTOSIP 500 SC F.011-20;ATLAS AGRICOLE SIPCAM INAGRA Espagne;Non spécifié
Chlorothalonil 75% WP;AVOCA F.004-20;SANABEL AGRO SINON CORPORATION CHINE;Non spécifié
Chlorothalonil 720 g/l SC;BRAVO SC F.012-11;AGRIPROTEC SYNGENTA Espagne;SYNGENTA
Chlorothalonil 720 g/l SC;TERRAVO 720 SC F.010-20;SOLAGRI Syngenta SUISSE;SYNGENTA
Banko 720 SC;F.013-11;BIOPROTECTION ARYSTA LIFESCIENCE USA;Non spécifié
Faudel;F.014-11;SEPCM AAKO AUSTRALIE;Non spécifié
Morfus 720 SC;F.014-14;SANABEL AGRO ROTAM AGROCHEMICAL HONG KONG;ROTAM AGROCHEMICALS Taiwan
Avantage CT;F.002-17;SANABEL Agro;ROTAM AGROCHEMICALS Taiwan
Chlorothalonil + Metalaxyl – 500 g/L +37,5;Folio Gold F.015-11;AGRIPROTEC SYNGENTA Espagne;SYNGENTA
Chlorothalonil +Metalaxyl – 500 g/L +37,5 SC;ARIS GOLD F.028-18;COTUGRAIN IMPEX;SYNGENTA Suisse
Chlorothalonil + 250 g/l SC;Tiger F.017-11;EL MOUSSEM;PARIJAT INDUSTRIES INDE
Tebuconazole 125 g/l;AGRICOLE;Non spécifié;Non spécifié
Chlorothalonil + 250 g/l SC;Timpani F.017-15;EL MOUSSEM;NUFARM
Tebuconazole 90 g/l;AGRICOLE;Féverole;Non spécifié
Chlorothalonil + 375 g/l + SE Cherokee 487,5 SE F.025-15;SE;SOLAGRI;SYNGENTA SUISSE
Propiconazole + 62,5 g/l;Orge : Helminthosporiose : 1.5 l/ ha;Non spécifié;Non spécifié
Cyproconazole 50 g/l;Extension 04/11/15;Non spécifié;Non spécifié
Deltamethrine 25 g/l EC;SCATTO;I.013-19;STIMA ISAGRO SPA
Cuivre Métal 5 0 % W P C o b r e K e y;F . 0 1 8 - 1 1;ETS MEZ GHANI INDUSTRI. QUIMICAKEY;Espagne
Cuivox F.150-11;STEC I.Q.V. – Espagne;Espagne;Non spécifié
Cuprocuivre F.151-11;SEPCM I.Q.V. – Espagne;Espagne;Non spécifié
Curenox F.152-11;SOCOOPEC I.Q.V. – Espagne;Espagne;Non spécifié
Hidrocobre 50 valles F.153-11;SOCOOPEC IQV DEL VALLES;Espagne;Non spécifié
Cuprene F.167-11;INNOVA SIPCAM QUIMAGRO;Espagne;Non spécifié
Copezine 50 F.023-16;EL KHADRA SIPCAM QUIMAGRO;Espagne;Non spécifié
Roxon 50 F.008-13;SANABEL AGRO I.Q.V. – Espagne;Espagne;Non spécifié
Inacop PM F.003-14;ATLAS AGRICOLE SIPCAM INAGRA;Espagne;Non spécifié
Cuivre Métal 5 0 % W P C O P S I P F . 0 1 9 - 1 8;A G R I P R O T E C SIPCAM INAGRA;Espagne;Non spécifié
Cuivre Métal(Hydroxyde de 40% WG HYDRO 40 WG F.001-19;SANABEL AGRO Industrias Quimicas Del Vallés;Espagne;Non spécifié
Cuivre Métal 3 5 % W G K o c i d e 2000 F.019-11;AGRIPROTEC MITSUI & Co Ltd USA;USA;Non spécifié
Cuivre Métal 20% WG Bouillie Bordelaise F.203-11;SEPCM Cerexagri/UPL Ltd;Espagne;Non spécifié
Bordo valles WG F.154-11;SOCOOPEC I.Q.V. DELVALLES;Espagne;Non spécifié
Cuperval WG F.005-13;SANABEL AGRO I.Q.V. DELVALLES;Espagne;Non spécifié
Cuivre Métal 20% WP;POLTIGLIA 20 PB F.035-17;ATLAS AGRICOLE MANICA S.P.A;Italie
CUIVRE METAL 35 % WG;AIRONE F.004-17;AGRIMATCO ISAGRO;Espagne
Cuivre Métal 20% WP;Comac 11-214F.;AGRIPROTEC;NUFARM
Cuivre Métal 20% WP;Super Bordeaux F.003-13;BIOPROTECTION;NUFARM
Olivier;Œil de paon (Tavelure);Non spécifié;Non spécifié
CUIVRE METAL 50 % WP;OSSICLOR 50 PB F.015-17;ATLAS AGRICOLE MANICA Spa;Espagne
CUIVRE METAL 75 % WG;COBRE NORDOX F.047-17;COTUGRAIN NORDOX INDUSTRIER A/S;NORVEGE
Cuivre(oxychlorure de 350g/kg WG);RAMCU 35 WG F.002-19;STIMA Manica S.P.A;Italie
Cuivre 360 g/L EC;Champ Flo F.170-11;INNOVA NUFARM;USA/Espagne
Cuivre 360 g/L EC;Hydro Flo F.209-11;BIOPROTECTION NUFARM;USA/Espagne
Vigne: Mildiou;Copper Progress F.169-11;AGROSYSTEMES SPEISS URANIA;Espagne
Aminco Speiss Urania Espagne;Patrol 50 WP;Non spécifié;Agrocuivre F.168-11 AGROSYSTEMES
Aminco Speiss Urania Espagne;Arbo;Non spécifié;Agrocuivre F.168-11 AGROSYSTEMES
Aminco Speiss Urania Espagne;Tomate;Non spécifié;Agrocuivre F.168-11 AGROSYSTEMES
Aminco Speiss Urania Espagne;Arbo;Non spécifié;Agrocuivre F.168-11 AGROSYSTEMES
Oxychlorure de cuivre 85 % (50 % de WP);Cuprumax 50 WP;Non spécifié;Agrocuivre F.027-15 AMINCO SPEISS URANIA Espagne
Oxychlorure de cuivre + 30% + WP;Cotrann 20-30 F.005-17;SLDA TRAGUSSA Espagne;Non spécifié
Mancozèbe 20%;Vigne;Non spécifié;Commission 20/06/2017
Oxychlorure de cuivre + 30 % + WP;Afrosan Duplo F.028-17;EL KHADRA AFRASA Espagne;Non spécifié
Sulfate de cuivre tribasique 345 g/l (soit SC);Cuproxat SC;Non spécifié;El Moussem NUFARM Espagne
Sulphate de cuivre 360g/l SC;Cu max F.013-17;AGRICOLE Vigne;Rayen Phytagri Diachem S.P.A Espagne
Sulfate de cuivre tribasique 40 % WG;Novicure F.033-17;AGL PROTAGRI UPL INDE Espagne;Non spécifié
Sulfate de cuivre tribasique 266.6 g/l + SC;Amaline Flow F.027-17;EL MOUSSEM NUFARM Espagne;Non spécifié
Sulfate de cuivre tribasique 190 g/l + SC;Moltovin F.037-17;AGRICOLE BIOPROTECTION NUFARM Espagne;Non spécifié
Cymoxanil + 30 % + WP;Equation Pro F.020-11;SEPCM DU PONT SUISSE/ SLOVENIE P. de terre;Non spécifié
Cymoxanil + Mancozèbe 4% + 46,5% WP;Curvax M F.171-11;SEPCM CMPA Espagne;Non spécifié
Peyron Mz F.005-18;Stec CMPA Espagne;Non spécifié;Vigne
Cymoxanil + Mancozebe 8% + 64% WP;Agrezate Plus WP F.017-20;Socooupec Agria Bulgarie Pomme de terre;Non spécifié
Cymoxanil + 4 %+ WP;CURZATE M F.022-11;STEC DUPONT;Grèce
Mancozèbe 40 %;Non spécifié;Non spécifié;Non spécifié
Cymoxanil + Métirame de 4,8 % + WP;Aviso DF F.023-11;STIMA BASF;Espagne/Espagne P. de terre, vigne : Mildiou : 150 g/hl
Zinc 6 4 %+ WP;Non spécifié;Non spécifié;Non spécifié
Cymoxanil+ Propinèbe 6 % + 7 0 % W P;Combi F.024-11;PROMOCHIMIE BAYER CROPSCIENCE UKRAINE;UKRAINE * P. de terre : Mildiou : 2 Kg/ha
Cyproconazole 10 % WG;Atemi 10 WG F.002-15;AGRIPROTEC SYNGENTA CROP;Espagne Vigne : Oïdium : 0.3 kg/ha
Cyproconazole 10 % WG;Xpert WG F.013-16;EL KHADRA SHarda;Inde Vigne :Oidium : 12g/hl
Cyproconazole + 80 g/L + SC;Amistar Xtra F.025-11;AGRIPROTEC SYNGENTA SUISSE;Blé : Oïdium, Rouille, Septoriose : 0.5 L/ha
Cyproconazole + 80 g/L + SC;Priori Xtra F.003-18;SOLAGRI SYNGENTA SUISSE;Blé : Oïdium, Rouille, Septoriose : 0.5 L/ha
Cyproconazole + 4% + SC;CHAMPION F.019-17;SOCOOPEC SHARDA CROPCHEM INDE;Blé dur : Septoriose, rouille : 2 l /ha
Cyproconazole + 4% SC;CYCLONE F.015-19;SANABEL AGRO SHARDA CROPCHEM INDE;Blé dur : Septoriose, rouille : 2 l /ha
Cyproconazole + 160 g/l + EC;Menara 410 EC F.127-11;AGRIPROTEC SYNGENTA SUISSE;Blé : septoriose, rouille brune : 0.4 l/ha
Cyproconazole + 160 g/l + EC;TAZOLE 410 EC F.023-17;AGRONOMIC Land SHARDA INDE;Blé dur : Septoriose : 0.5 l/ha
Cyproconazole + 160 g/l + EC;TWIST SUPER EC F.031-17;ATLAS AGRICOLE SHARDA INDE;Blé dur : Septoriose : 0.5 l/ha
Cyproconazole + 160 g/l + EC;WINTER 41 EC F032-18;AGRIMED SHARDA INDE;Blé dur : Septoriose : 0.5 l/ha
Cyproconazole + 80 g/l + SC;Acanto plus F.020-15;SEPCM;Non spécifié
Difenoconazole 2 5 0 g / L E C;E C Score 250;BIOPROTECTION SYNGENTA SUISSE;SYNGENTA
Difcor;F.027-11;AGROSYSTEMES GLOBACHEM ESPagne;AGROSYSTEMES GLOBACHEM
Protector;F.032-15;AMINCO GLOBACHEM ESPagne;GLOBACHEM
Divisole;F.194-11;TASMID ASTRACHEM ARABIE SAOUDITE;ASTRACHEM
PROZOLE 250 EC;F.022-18;ETS MEZGHANI ASTRACHEM ARABIE SAOUDITE;ASTRACHEM
Festival 250 EC;F.006-15;SANABEL AGRO SHARDA WORLD WIDE INDE;SHARDA
Difenoconazole 2 5 0 g / L E C RAYOK;F.046-17;HALAB TUNISIE JSC;AUGUST INC RUSSIE
Difenoconazole 250 g/L EC CURYGEN EC;F.015-20;EL KHADRA JSC;AUGUST INC RUSSIE
Difenoconazole 3 0 g / L F S S pectro 30 FS;F.029-11;BIOPROTECTION SYNGENTA ESPagne;SYNGENTA
Difender 30 FS;006-14F.;AGROSYSTEMES GLOBACHEM ESPagne;GLOBACHEM
SITARA FS;F.001-20;SANABEL AGRO SHARDA CROPCHEM INDE;SHARDA
Difenoconazole + 125g/L + DC CIDELY TOP 140 DC;F.026-17;AGRIPROTEC SYNGENTA SUISSE;SYNGENTA
Difenoconazole + 125g/L + DC MELCAR TOP 140 DC;F.027-18;COTUGRAIN IMPEX SYNGENTA SUISSE;SYNGENTA
Difenoconazole + 25 g/L;FS Celest Extra 50 FS F.030-11;BIOPROTECTION SYNGENTA SUISSE;SYNGENTA SUISSE
Fludioxonil 25 g/L;Non spécifié;AGROSYSTEMES Globachem Espagne;Globachem Espagne
Difenoconazole + 25 g/l;FS DIFEND EXTRA FS F.017-18;AGROSYSTEMES Globachem Espagne;Globachem Espagne
Fludioxonil 25 g/l;Non spécifié;BIOPROTECTION SYNGENTA SUISSE;SYNGENTA SUISSE
Difenoconazole + 25 g/l;FS Vibrance Gold F.013-15;BIOPROTECTION SYNGENTA SUISSE;SYNGENTA SUISSE
Fludioxonil + 25 g/l;Non spécifié;BIOPROTECTION SYNGENTA SUISSE;SYNGENTA SUISSE
Difenoconazole + 92 g/l;FS Spectro Extreme 115 FS 008-14F.;BIOPROTECTION SYNGENTA SUISSE;SYNGENTA SUISSE
Métalaxyl-M 23 g/l;Non spécifié;SOLAGRI SYNGENTA SUISSE;SYNGENTA SUISSE
Difenoconazole + 92 g/l;FS DIVIDEND EXTREME F.006-18;SOLAGRI SYNGENTA SUISSE;SYNGENTA SUISSE
Dimethomorphe + 90 g/kg;WG Acrobat MZ WG 017-14F.;COTUGRAIN IMPEX BASF Espagne;BASF ESPAGNE
Mancozèbe 600 g/kg;Non spécifié;Non spécifié;PAYS-BAS
Diméthomorphe + 200 g/l;SC FOLY STAR 400 SC F.007-16;SEPCM AAKO Pays Bas;AAKO PAYS-BAS
Fluazinam 200 g/l;Non spécifié;RAYEN PHYTAGRI Sharda cropchem INDE;SHARDA CROPCHEM INDE
Dimetomorphe + 11.3%;WG DENIM F.007-17;RAYEN PHYTAGRI Sharda cropchem INDE;SHARDA CROPCHEM INDE
Dimetomorphe + 11.3%;WG MORPHEE 71.3 WG F.036-17;BIOPROTECTION AAKO PAYS BAS;AAKO PAYS-BAS
Dinocap Meptyl;SABITHANE GOLD;INNOVA DOW AGROSCIENCES USA;Dow AgroSciences USA
Myclobutanil;Non spécifié;ATLAS AGRICOLE;Dow AgroSciences USA
hiabend;MACCANI;COTUGRAIN IMPEX;BASF Espagne
4 %;Non spécifié;COTUGRAIN IMPEX;BASF Espagne
Diethofencarb;FRUGICO SC;AGROSYTEME GLOBACHEM BELGIQUE;Globachem Belgium
Thiophanate Methyl;70 % WG;Non spécifié;Dow AgroSciences USA
Dodine 400 g/L;Syllit 400 SC;PROTAGRI AGRIPHAR;Espagne
Efluzin;400 SC;SEPCM AGRIPHAR;Espagne
Epoxiconazole 125 g/L;Opus;STIMA BASF;Espagne
Soprano;Non spécifié;SEPCM AAKO PAYS BAS;Pays Bas
Scooby doo;Non spécifié;AMINCO GLOBACHEM;Grande Bretagne
Spike;Non spécifié;AGROSYSTEMES GLOBACHEM;Grande Bretagne
Epoxiconazole 125 g/L;Eponeo F.029-15;AMINCO Cheminova Denemark;Denemark
Orage;Non spécifié;SANABEL AGRO SINON CORPORATION TAIWAN;Taiwan
Nupoxyn;Non spécifié;EL MOUSSEM NUFARM;Espagne
AGRICOLE;Non spécifié;EL MOUSSEM NUFARM;Espagne
Epoxiconazole 125 g/L;Swing Gold F.035-11;STIMA BASF GRANDE;Grande Bretagne
Dimoxystrobine 133 g/L;BRETAGNE;Non spécifié;BASF Espagne
Epoxiconazole + Kresoxim 125 g/L +125 SC;Ogam F.155-11;STIMA BASF-ESPAGNOLA;Espagne
Blé : Septoriose, Rouille : 0.7 L/ha;Non spécifié;STIMA BASF-ESPAGNOLA;Espagne
Epoxiconazole + 37.5 g/l + 27.5 EC;OSIRIS F.130-11;AGRIPROTEC BASF;Espagne
Metconazole;g/l;Non spécifié;BASF Espagne
Epoxiconazole + 187 g/L;Rex Duo F.174-11;STIMA;BASF Espagne
Thiophanate-methyl 310 g/L L/ha;Non spécifié;Non spécifié;Non spécifié
Epoxiconazole + 62.5 g/l;ADEXAR XTRA F.007-20;STIMA;BASF Allemagne
Fluxapyroxad(xemium) 62.5 g/l;Non spécifié;Non spécifié;Non spécifié
Famoxadone + Mancozebe 6.25 % + 62.5 WG;Clip F.011-15;AGRIMATCO;DU PONT INTERNATIONAL USA
Fenamidone + 4,44 % + WG;Verita F.036-11;STEC;BAYER CROPSCIENCE Espagne
Fosethyl-Al 66,7 %;Tomate : Mildiou : 150 g/hl;P.de terre : Mildiou : 150 g/hl;AGRICOLE
Fenamidone + Mancozèbe 1 0 % + W G;Sereno F.038-11;EL MOUSSEM;BAYER CROPSCIENCE Espagne
50% AGRICOLE;Tomate : Mildiou : 100 g/hl;P.de terre : Mildiou : 100 g/hl;AGRICOLE
Sagaie F.037-11;Atlas Agricole;ATLAS AGRICOLE;BAYER CROPSCIENCE Espagne
Fenhexamide 53,7 % WG;Teldor F.040-11;PROMOCHIMIE;BAYER CROPSCIENCE Espagne
Fenpyrazamine 50% WG;PROLECTUS 50WG F.040-17;SEPCM;SUMITOMO CHEMICAL Espagne
Fenpropimorphe + 200 g/l;Capalo F.010-13;STIMA;BASF Espagne
Epoxiconazole + 75 g/l;Non spécifié;Non spécifié;Non spécifié
Metrafenone 62.5 g/l;Non spécifié;Non spécifié;Non spécifié
Fenpropidine + 450 g/l;Zenith 575 EC F.011-14;SOLAGRI;SYNGENTA SUISSE
Propiconazole 125 g/l;Non spécifié;Non spécifié;Non spécifié
Fluazinam 500 g/l SC;FOLY F.134-11;SEPCM;AAKO PAYS BAS/GR.
Fluazinam 500 g/l SC;Nando F.045-11;BIOPROTECTION;NUFARM Espagne
Fludioxonil;FS M axim 100;BIOPROTECTION SYNGENTA SUISSE;BIOPROTECTION SYNGENTA SUISSE
Fludioxonil + 25% + WG Chorus Double;F.044-11 BIOPROTECTION SYNGENTA SUISSE;BIOPROTECTION SYNGENTA SUISSE;Non spécifié
Cyprodinil;Tomate s/serre : Pourriture;BIOPROTECTION SYNGENTA SUISSE;BIOPROTECTION SYNGENTA SUISSE
Fludioxonil 25 g/l FS;VIBRANCE DUO FS;BIOPROTECTION SYNGENTA SUISSE;BIOPROTECTION SYNGENTA SUISSE
Sedaxane 25 g/l;* Semence d'orge: helminthosporiose de l’orge;BIOPROTECTION SYNGENTA SUISSE;BIOPROTECTION SYNGENTA SUISSE
Fluoxastrobine 480g/l;EVITO 480 SC;EL MOUSSEM ARYSTA E s p a g n e;EL MOUSSEM ARYSTA E s p a g n e
Fluoxastrobine + 200 g/l + 277 SC Evito T;F.033-16 EL MOUSSEM ARYSTA LIFESCIENCE USA;EL MOUSSEM ARYSTA LIFESCIENCE USA;Non spécifié
Tebuconazole;F.133-11 ATLAS AGRICOLE BAYER CROPSCIENCE;ATLAS AGRICOLE BAYER CROPSCIENCE;BAYER CROPSCIENCE
Fluopyram 500 g/l SC;Luna Previlege F.133-11;ATLAS AGRICOLE BAYER CROPSCIENCE;BAYER CROPSCIENCE
Fluopyram + 250 g/L + 250 SC Luna Sensation;F.019-13 ATLAS AGRICOLE BAYER CROPSCIENCE;ATLAS AGRICOLE BAYER CROPSCIENCE;BAYER CROPSCIENCE
Trifloxystrobine;F.047-13 ATLAS AGRICOLE BAYER CROPSCIENCE;ATLAS AGRICOLE BAYER CROPSCIENCE;BAYER CROPSCIENCE
Fluopyram + Tebuconazole 200 g/L + 200 SC Luna Experience 400 SC;F.023-13 SEPCM BAYER CROPSCIENCE;SEPCM BAYER CROPSCIENCE;BAYER CROPSCIENCE
Flutriafol 1 2 5 g/L SC;Impact S F.047-11;AGRIPROTEC CHEMINOVA ANGLETERRE/ESPagne;CHEMINOVA ANGLETERRE/ESPagne
Flutriafol;FLUTRI 125 SC F.032-16;RAYEN PHYTAGRI SHARDA INDE;Non spécifié
Tébuconazole;FLUTRI 125 SC F.032-16;RAYEN PHYTAGRI SHARDA INDE;Non spécifié
Flutriafol;Pointer Duo F.028-16;AGROSYSTEMES CHEMINOVA DANEMARK;CHEMINOVA
Tébuconazole;Pointer Duo F.028-16;AGROSYSTEMES CHEMINOVA DANEMARK;CHEMINOVA
Flutriafol;FLO Vincit F F.048-11;AGRIPROTEC CHEMINOVA BULGARIE;CHEMINOVA
Thiabendazole;Non spécifié;Non spécifié;AGRICOLLE
Flutriafol;FLO Vincit F F.048-11;AGRIPROTEC CHEMINOVA BULGARIE;CHEMINOVA
Pyraclostrobine;SE PRIAXOR SE 18-010F.;COTUGRAIN IMPEX BASF ESPAGNE;BASF
Flutriafol;Solfol F.034-17;ATLAS AGRICOLE BELCHIM CROP ESPagne;BELCHIM
Folpel;Solfol F.034-17;ATLAS AGRICOLE BELCHIM CROP ESPagne;BELCHIM
Folpel;FOBECI F.002-16;INNOVA SIPCAM INAGRA ESPAGNE;INAGRA
Benalaxyl;FOBECI F.002-16;INNOVA SIPCAM INAGRA ESPAGNE;INAGRA
Cymoxanil;FOBECI F.002-16;INNOVA SIPCAM INAGRA ESPAGNE;INAGRA
Folpel;CIFOXIL F.012-20;EL KHADRA SIPCAM INAGRA Espagne;INAGRA
Benalaxyl;CIFOXIL F.012-20;EL KHADRA SIPCAM INAGRA Espagne;INAGRA
Cymoxanil;CIFOXIL F.012-20;EL KHADRA SIPCAM INAGRA Espagne;INAGRA
Folpel+ Foséthyl-Al 25%+50% WG;Mikal Flash F.049-11;SEPCM BAYER CROPSCIENCE Espagne;BAYER
Foséthyl-Al;A lial F.050-11;AGRIPROTEC PROPLAN Espagne;Non spécifié
Foséthyl-Al;Filal F.175-11;EL KHADRA AFRASA Espagne;AFRASA
Foséthyl-Al;Aliette express F.051-11;SEPCM BAYER CROPSCIENCE Espagne;BAYER
Fosetyl –al 80% WG;ALLUM WG F.009-16;EL MOUSSEM NUFARM Espagne;NUFARM
Fosetyl-Al 80% WP;KEYFOL 80 WP F.004-19;Ets MEZGHANI LIMIN CHEMICAL CO.LTD Chine;Non spécifié
Fosethyl-Al + 50 % + WP;Magma Triple F.137-11;EL KHADRA AFRASA;Espagne
Cymoxanil + Folpel 4 % + 25%;Non spécifié;AGRIPROTEC PROBELTE;Espagne
Fosethyl-Al + 50 % + WP;BELKAP EXTRA F.026.18;AGROSYSTEMES PROBELTE;Espagne
Cymoxanil + Folpel 4 % + 25%;Non spécifié;AGRIPROSYSTEMES PROBELTE;Espagne
Fosethyl-Al + 50% + WG;Anteor Flash F.019-14;ATLAS AGRICOLE BAYER AG;Espagne
Cymoxanil + 4% + Pomme de Terre : Mildiou;Non spécifié;BAYER AG;Espagne
Fosethyl-Al + Fluopicolide 6 6 , 7 % + 4 , 4 % W G;Profiler F.053-11;ATLAS AGRICOLE BAYER AG;Espagne
Fosetyl-al + 50 % + WG;CASSIOPEE WG F.044-17;PROMOCHIMIE BAYER AG;Espagne
Fosetyl-al + 35% + WP;KATANGA MAN F.006-17;AGRIPROTEC PROPLAN;Espagne
Fosetyl-al + 44.4% + WG;Allum MZ F.048-17;EL MOUSSEM NUFARM;Espagne
Hymexazole 300 g/L SL;Tachigaren F.056-11;AGRIPROTEC MITSUI CHEMICALS AGRO JAPON;Espagne
Huile essentielle de thym 81.87 g/l EW NOPATH;F.006-19;NUTRIPLANT KOPPERT BIOLOGICAL - Fraisier: Pourriture grise (Botrytis cinerea);Espagne
Iprodione 500 g/l SC;SINPRO SC F.005-19;SANABEL AGRO SINON CORPORATION TAIWAN;Fraisier: Pourriture grise (Botrytis cinerea):150 cc/hl (1.5 kg/ha)
Imidacloprid;FS GIZMO SUPER FS F.018-18;AGRIPROTEC NUFARM;France
Tebuconazole;Non spécifié;Non spécifié;Nbre de trait.: 1
Iprodione 5 0 % W P;R o v r a l F.057-11;SEPCM;FMC SUISSE/Espagne
Iprodione 5 0 % W G;D r i z a W G 001-15F.;EL KHADRA INDSUTRIAS AFRASA;Espagne
Iprodione 500g/l SC;Rovral Aquaflo F.010-16;COTUGRAIN IMPEX;FMC USA
Iprodione 500 g/l SC;Icaro F.011-16;INNOVA SIPCAM INAGRA;ESPAGNE
Iprodione 500 g/l SC;CLUSTER F.017-17;RAYEN PHYTAGRI DIACHEM S.P.A;Italie
Iprodione 50% WG;SABUESO F.016-17;AGRIPROTEC PROPLAN;Espagne
Iprodione 500 g/l SC;APRODONE F.042-17;LIEN AGRICOLE SHARDA;INDE
Iprodione 500 g/l SC;FUGIX SC F.013-20;EL KHADRA SIPCAM INAGRA;ESPAGNE
Iprovalicarbe + 8,4 % + WG;Positron 49 F.058-11;ATLAS AGRICOLE BAYER CROPSCIENCE;Espagne
Oxychlorure de cuivre 40,6 %;Non spécifié;Non spécifié;Tomate : Mildiou : 175 g/hl
Krésoxim-méthyl 50% WG;Stroby DF F.059-11;STIMA BASF;Espagne
Mancozébe 750g/Kg WG;MANCOFLASH F.012-17;RAYEN PHYTAGRI INDOFIL;INDE
Mancozebe + Benalaxyl 65% + 8 % WP;Galben M F.180-11;INNOVA FMC;FMC GRANDE
Mancozebe + Benalaxyl 65% + 8 % WP;Trecatol F.030-18;ATLAS AGRICOLE;FMC GRANDE
Mancozebe 68 % WP;Profilux F.001-16;ATLAS AGRICOLE;BELCHIM CROP ESPAGNE
Mancozebe + 465g/kg WP;Katalon F.011-17;RAYEN PHYTAGRI;INDOFIL INDE
Mancozebe + 35% + 35% WP;Alfil Duplo F.005-14;EL KHADRA AFRASA;ESPAGNE
Fosethyl-AL;Dithane M 45 F.065-11;SEPCM DOWAGROSCIENCE/MCA;ESPAGNE
Triziman 80;F.060-11;AGRIPROTEC UPL PHOSPHORUS;INDE
Caiman 80 WP;F.062-11;BIOPROTECTION ARYSTA LIFESCIENCE;ESPAGNE
Oxychlorure de cuivre 22%;Agrocole Tomate F.063-11;ETS. MEZGHANI INDUST. QUIMICA KEY;ESPAGNE
Mancozèbe 80% WP;Dithane M 45 F.065-11;SEPCM DOWAGROSCIENCE/MCA;ESPAGNE
Triziman 80;F.060-11;AGRIPROTEC UPL PHOSPHORUS;INDE
Mancozèbe 80% WP;Macotape 80 WP F.020-18;SANABEL AGRO INDOFIL INDE;Non spécifié
Maximus 80WP;F.033-18;RAYEN PHYTAGRI;INDOFIL INDE
Mancozebe + 20 % + WP;Cureman F.157-11;SOCOOPEC IQV DEL VALLES;ESPAGNE
Mandipropamide + 250 g/l;CARIAL TOP F.006-16;BIOPROTECTION SYNGENTA SUISSE;BIOPROTECTION SYNGENTA SUISSE
Difenoconazole 250 g/l;Non spécifié;Non spécifié;SYNGENTA
Mandipropamide + 40 g/L;CARIAL OPTI F.068-11;BIOPROTECTION SYNGENTA SUISSE;BIOPROTECTION SYNGENTA SUISSE
Chlorothalonil 400 g/L;Non spécifié;Non spécifié;SYNGENTA
Mandipropamide 5 % +60% WG;PERGADO MZ 65 WG F.069-11;AGRIPROTEC SYNGENTA SUISSE;BIOPROTECTION SYNGENTA SUISSE
Manèbe 8 0 % W P;MANKYE F . 0 7 0 - 1 1;ETS. MEZGHANI INDUST. QUIMICA KEY;ESPAGNE
Trimangol;F.158-11;STEC CEREXAGRI BV;PAYS BAS
Ridanèbe;F.204-11;SEPCM CEREXAGRI/UPL;ESPAGNE
Manèbe 80% WP;PLANTINEB 80WP F.016-19;SANABEL AGRO UPL;ESPAGNE
Méfenoxam + Folpel 5 % + 40 % WG;Eperon Mix Pepite F.072-11;BIOPROTECTION SYNGENTA SUISSE;BIOPROTECTION SYNGENTA SUISSE
Méfenoxam + Mancozèbe 4 % + 6 4 % W G;GRIDOMIL GOLD MZ 68 WG F.073-11;BIOPROTECTION SYNGENTA SUISSE;BIOPROTECTION SYNGENTA SUISSE
Métalaxyl + 8 %+ WP;OTRIA PLUS F.074-11;AGRIPROTEC PROBELTE;ESPAGNE
Mancozèbe 64%;MAXIL F.075-11;ETS. MEZGHANI INDUST. QUIMICAKEY;ESPAGNE
Armetil M;F.160-11;SOCOOPEC IQV DEL VALLES;ESPAGNE
Maxitan WP;F.161-11;COTUGRAINIMPEX ALCOTAN/I.Q.V AGRO;ESPAGNE
Unilax F.;F.182-11;PROTAGRI UNITED PHOSPHORUS INDE;INDE
Agroxyl-M;F.196-11;EL MOUSSEM NUFARM;ESPAGNE/USA
Milor M;F.007-13;SANABEL AGRO IQV DEL VALLES;ESPAGNE
Metalaxyl + 8 %+ WP;CYCLO WP F.005-16;EL KHADRA AFRASA;ESPAGNE
Meptyldinocap 3 5 0 g/L EC;KARATHANE 350 EC F.077-11;SEPCM DOW AGROSCIENCES;ESPAGNE
Metirame de zinc 80% WP;Polyram DF F.078-11;STIMA BASF;Espagne
Metirame de zinc 55 % + 5% WG;CABRIO TOP F.079-11;STIMA BASF;ALLEMAGNE
Pyraclostrobin 150 g/hl;Vivando F.015-13;AGRIPROTEC;Espagne/ Espagne
Myclobutanil 240 g/L EC;Systhane 240 EC F.081-11;SEPCM DOW AGROSCIENCES;Espagne
Myclobutanil 240 g/L EC;DAYZER F.043-17;SOCOOPEC SHARDA;INDE
Myclobutanil 240 g/L EC;MYCLAS F.014-19;SANABEL AGRO SHARDA CROPCHEM Ltd;INDE
Myclobutanil 240 g/L EC;MYCLONE 24 EC F.002-18;Rayen Phytagri Sharda Cropchem INDE;Melon
Myclobutanil 200 g/l EW;TOPOGAN F.011-19;SANABEL AGRO SHARDA Cropchem Inde;Vigne
Penconazole 1 0 0 g / L E C;T o p a z e 1 0 0 F . 0 8 3 - 1 1;BIOPROTECTION SYNGENTA SUISSE;Vigne
Buckler F.033-15;Aminco Globachem CHYPRE;Tomate, Pommier;Non spécifié
Topenco 100 EC F.082-11;Agrosystems Globachem CHYPRE;Pomme de terre;Non spécifié
Pencycuron 2 5 0 g / L E C;Monceren F.085-11;Promochem Bayer CropScience;Espagne
Prochloraze + 60 g/l + FS Kinto Duo 007-14F.;STIMA BASF;Espagne;Non spécifié
Prochloraze + 60 g/l + FS REAL SUPER F.025-17;AGRIPROTEC BASF;Espagne;Non spécifié
Propamocarbe 7 2 2 g / L S L;Previcur 607 F.088-11;El Moussem Atlas Bayer CropScience;Espagne
Filex 607 SL F.087-11;Agricole Bayer CropScience;Espagne;Non spécifié
Promobest F.195-11;Tasmid Astrachem/ Arabie Saoudite;200 cc/hl;Non spécifié
Proplant F.199-11;Protagri Agriphar;Espagne;Non spécifié
Promess F.012-15;Jadwa Agrotec Agriphar;Espagne;Non spécifié
Propamocarbe;SL P R O M O R E 7 2 2 S L F.021-18;Ets MEZGHANI;ASTRACHEM ARABIE SAOUDITE
Propamocarbe;Filex Energy F.089-11;ATLAS AGRICOLE;BAYER CROPSCIENCE
Fosethyl-Al;Previcur Energy F.023-14;EL MOUSSEM;BAYER CROPSCIENCE
Propamocarbe;Consento 450 F.090-11;ATLAS AGRICOLE;BAYER CROPSCIENCE
Fenamidone;Non spécifié;Non spécifié;BAYER CROPSCIENCE
Propamocarbe;Volare F.091-11;EL MOUSSEM;BAYER AG
Fluopicolide;Non spécifié;Non spécifié;EXTENSION
Propiconazole;ilt 250 F.092-11;BIOPROTECTION SYNGENTA;Espagne
Propiconazole;MATADOR PLUS EC F.049-17;AGRIPLUS NINGBO SUNJOY;CHINE
Propiconazole;TIFO 25 EC 18-015F.;FERTIPLANT Sharda cropchem;Inde
Propiconazole;BANNER EC F.006-20;AGRIPLUS HEBEI VEYONG BIO-CHEMICAL CO.LTD;Chine
Propiconazole;Alto super F.093-11;BIOPROTECTION SYNGENTA;SLOVAKIE
Cyproconazole;Non spécifié;Non spécifié;EL KHADRA AUGUST JSC RUSSIE
Tebuconazole;Non spécifié;Non spécifié;Vigne:Oïdium:35 cc/hl
Blé: Rouille(puccinia spp);Propinèbe 7 0 % W P A ntracol F.095-11;PROMOCHIMIE BAYER CROPSCIENCE Espagne;BAYER CROPSCIENCE
Tomate : Mildiou;Propinèbe 7 0 % W P A ntracol F.095-11;PROMOCHIMIE BAYER CROPSCIENCE Espagne;BAYER CROPSCIENCE
Arbres Fruitiers : Tavelure;Propinèbe 7 0 % W P A ntracol F.095-11;PROMOCHIMIE BAYER CROPSCIENCE Espagne;BAYER CROPSCIENCE
Blé: Mildiou;Propinèbe + Iprovalicarbe 61,3 % + WP Energyc M F.096-11;ATLAS AGRICOLE BAYER CROPSCIENCE GRECE;BAYER CROPSCIENCE
Tomate : Alternariose;Propinèbe + Iprovalicarbe 61,3 % + WP Energyc M F.096-11;ATLAS AGRICOLE BAYER CROPSCIENCE GRECE;BAYER CROPSCIENCE
Blé: Mildiou;Propinèbe + Iprovalicarbe 61,3 % + WP Melody Duo 66,8 WP F.097-11;PROMOCHIMIE BAYER CROPSCIENCE GRECE;BAYER CROPSCIENCE
Tomate : Alternariose;Propinèbe + Iprovalicarbe 61,3 % + WP Melody Duo 66,8 WP F.097-11;PROMOCHIMIE BAYER CROPSCIENCE GRECE;BAYER CROPSCIENCE
Céréales : Septoriose, rouille, oïdium, Fusarium;Prothioconazole 125 g/L +125 EC Prosaro 250 EC F.098-11;PROMOCHIMIE BAYER CROPSCIENCE Espagne;BAYER CROPSCIENCE
Céréales : Septoriose, rouille, oïdium, Fusarium;Prothioconazole 250 g/L +150 FS Lamardor 400 FS F.099-11;SEPCM BAYER CROPSCIENCE POLOGNE;BAYER CROPSCIENCE
Blé : Spetoriose;Prothioconazole 160 g/L +80 EC Kestrel 240 EC F.016-15;JADWA AGROTEC BAYER CROPSCIENCE Espagne;BAYER CROPSCIENCE
Blé : Rouille: septoriose, Fusariose;Prothioconazole 100 g/l+ EC SKYWAY XPRO EC F.012-18;PROMOCHIMIE BAYER AG Espagne;BAYER AG
Blé : Piétin verse au stade 1 à 2 noeuds;Prothioconazole + 53 g/L + 148 EC Soligor 425 F.100-11;ATLAS AGRICOLE BAYER CROPSCIENCE POLOGNE;BAYER CROPSCIENCE
Prothioconazole;Cello F.021-17 AGRONOMIC;SEPCM;BAYER CROPSCIENCE
Tebuconazole + Spiroxamine;Madison 263 SC F020-13;SEPCM;BAYER CROPSCIENCE
Trifloxystrobine;Blé : Rouille, Fusariose;SEPCM;DU PONT
Proquinazid;T alendo F.101-11;SEPCM;DU PONT
Pyraclostrobine;Cabrio Duo F.001-14;AGRIPROTEC;BASF
Dimotomorphe;Vigne : Oïdium;COTUGRAIN IMPEX;BASF
Pyraclostrobine;Favia Max F.162-11;COTUGRAIN IMPEX;BASF
Epoxiconazole;Blé : Septoriose, Rouille;AGRIPROTEC;BASF
Fluxapyroxad;Orge : Helminthosporiose, Oidium;STIMA;BASF
Pyraclostrobine;BAUXIT F.011-13;STIMA;BASF
Epoxiconazole + Metconazole;OPTIMO DUO EC 013-18F.;AGRIPROTEC;BASF
Pyriméthanil;S C S cala 300 SC F.102-11;ATLAS AGRICOLE;BAYER CROPSCIENCE
Mythos300 SC;F.103-11 EL MOUSSEM AGRICOLE;Pommier : Tavelure;BAYER CROPSCIENCE
Pythium oligandrum;POLYVERSUM F.038-17;FERTIPLANT BIOPREPARATY;République Tchèque
Non spécifié;Reysana SC 016-14F. BIOPROTECTION;Syngenta/ Marrone Bio USA;Innovation/ ELEPHANT VERT
Non spécifié;Solfiquid 80 SC F.009-19 EL KHARDA;AFEPASA;Espagne
Soufre (Sous réserve de DC);Solfiquid 80 SC F.009-19 EL KHARDA;AFEPASA;Espagne
Non spécifié;Kumulus DF F.106-11 STIMA BASF;Espagne;Blé, Orge : Oïdium : 12 Kg/ha
Thiovit;Thiovit F.105-11 AGRIPROTEC SYNGENTA SUISSE;Vigne : excoriose, acariose: 1 Kg/hl;SYNGENTA SUISSE
Non spécifié;Thiolux jet F.104-11 AGRIPROTEC SYNGENTA SUISSE;C. maraîchères: Oïdium, acariose;250 g/hl
Non spécifié;Agrosoufre F.163-11 AGROSYSTEMES Agrostulln GmbH;Espagne;bronzé de la tomate: 600 g/hl
Arbo+;Arbo+ Vigne : Oïdium : 400 g/hl;Vigne;AMINCO Agrostulln GmbH
Non spécifié;Microsol F.183-11 INNOVA SIPCAM QUIMAGRO;Espagne;C. ornementales : Oïdium, maladie des tâches noires: 400 g/hl
Non spécifié;Microthiol Special F.184-11 STEC UPL/CEREXAGRI;Espagne;C. ornementales : Oïdium, maladie des tâches noires: 400 g/hl
Non spécifié;Insuf F.200-11 PROTAGRI UNITED PHOSPHORUS INDE;Espagne;C. ornementales : Oïdium, maladie des tâches noires: 400 g/hl
Non spécifié;Sulpex F.028-13 AGRIMATCO Agrostulln GmbH;Espagne;Vigne : Oïdium : 400g/hl
Non spécifié;Mistral 11-212F. BIOPROTECTION ZOLFINDUSTRIA;Espagne;Vigne : Oïdium : 400g/hl
Non spécifié;Azumo F.026-13 EL KHADRA AFEPASA S.A;Espagne;Vigne : Oïdium : 400g/hl
Non spécifié;Microcrop WG F.008-15 SEPCM AFEPASA S.A;Espagne;Vigne : Oïdium : 400g/hl
Non spécifié;Kipride WG F.024-17 SANABEL Agro AFEPASA S.A;Espagne;Vigne : Oïdium : 400 g/hl
Non spécifié;Azufre F.012-16 Ets Mezghani Industrial Quimica Key;Espagne;Vigne :Oidium : 400 g/hl
Soufre 98%;Cabridust F.107-11 AGROSYSTEMES AGROCHEM EGYPTE;Vigne : Oïdium (stade floraison à la fermeture de la grappe) : 15 Kg/ha;AGROSYSTEMES AGROCHEM EGYPTE
Soufre Trituré Ventilé;NovaZufre;Non spécifié;Non spécifié
Soufre 700 g/L SC;Heliosoufre S 11-213F. BIOPROTECTION Action Pin Espagne Vigne : Oïdium;Non spécifié;Non spécifié
Soufre 80 % WG;COSAVET-DF F.010-19 AGRIPROTEC Sulphur Mills Limited Inde Vigne:Oїdium;Non spécifié;Sulphur Mills Limited
Soufre 80% WG;THIOMAX JET F.005-20 COTUGRAIN SYNGENTA SUISSE Blé, Orge : Oïdium;Non spécifié;SYNGENTA SUISSE
Spiroxamine 500 g/L EC;Prosper 500 EC F.108-11 ATLAS AGRICOLE BAYER CROPSCIENCE Vigne : Oïdium;Non spécifié;BAYER CROPSCIENCE
Sulfate de cuivre + 12,5 % + WP;METEOR F.009-13 EL MOUSSEM NUFARM Tomate, P. de terre : Mildiou;Non spécifié;NUFARM
Tebuconazole 6 0 g / L F S;Timer FS 060 F.109-11 STEC BAYER CROPSCIENCE Blé dur et tendre : Charbon, carie;Stec Bayer CropScience;BAYER CROPSCIENCE
Tebuconazole 6 0 g / L F S;TEBUSHA 6 FS F.022-17 FERTIPLANT Sharda World wide INDE Blé dur et tendre : Charbon, carie;Fertiplant;Sharda World wide
Tébuconazole 2 5 0 g / L;E W H orizon 250 EW;PROMOCHIMIE BAYER CROPSCIENCE Espagne;BAYER CROPSCIENCE
Tebucur F.110-11;AGROSYSTEMES GLOBACHEM CHYPRE;AGROSYSTEMES GLOBACHEM CHYPRE;GLOBACHEM CHYPRE
Teson F.036-15;AMINCO GLOBACHEM CHYPRE;AMINCO GLOBACHEM CHYPRE;GLOBACHEM CHYPRE
King 250 EW F.165-11;SOCOOPEC SHARDA Espagne;SOCOOPEC SHARDA Espagne;SHARDA
Tébuconazole 250 g/L EW AZUROS F.018-19;SLDA SHARDA CROPCHEM Ltd Espagne;SLDA SHARDA CROPCHEM Ltd Espagne;SHARDA CROPCHEM Ltd
Tébuconazole 2 5 0 g / L E W Konan EW F.014-13;ETS MEZGHANI INDUSTRIAL QUIMICA KEY Albanie + Serbie;ETS MEZGHANI INDUSTRIAL QUIMICA KEY Albanie + Serbie;INDUSTRIAL QUIMICA KEY
Tébuconazole 250 g/L EW Horizon 250 EW F.111-11;PROMOCHIMIE BAYER CROPSCIENCE Espagne;PROMOCHIMIE BAYER CROPSCIENCE Espagne;BAYER CROPSCIENCE
Tébuconazole 250 g/L EW Corail F.113-11;PROMOCHIMIE BAYER CROPSCIENCE Espagne;PROMOCHIMIE BAYER CROPSCIENCE Espagne;BAYER CROPSCIENCE
Tebuconazole 250 g/L SC KEYZOL SC F.014-20;EL KHADRA AVGUST CROP RUSSIE Vigne : Oïdium : 40 cc/hl soit 400 cc/ha;EL KHADRA AVGUST CROP RUSSIE;AVGUST CROP RUSSIE
Tébuconazole 250 g/L EC SONG EC F.032-17;ATLAS AGRICOLE SIPCAM INAGRA Espagne;ATLAS AGRICOLE SIPCAM INAGRA Espagne;SIPCAM INAGRA
Tébuconazole 430 g/l SC Matiz F.004-13;SANABEL AGRO ROTAM AGROCHEMICAL HONG KONG Blé : Rouille brune : 0.5 L/ha Vigne : Oidium :25 cc/hl (Extension 17/05/2016);SANABEL AGRO ROTAM AGROCHEMICAL HONG KONG;ROTAM AGROCHEMICAL HONG KONG
Tébuconazole 430 g/l SC METROSTAR SC F.009-18;AGRIPLUS NINGBO SUNJOY CHINE Blé : Rouille : 0.5 l/ha (Commission 18/10/2018);AGRIPLUS NINGBO SUNJOY CHINE;NINGBO SUNJOY CHINE
Tébuconazole;LEMBAR F.003-17 EL KHADRA SIPCAM INAGRA;Espagne;Non spécifié
Chlorothalonil;Commission 20/06/2017;Non spécifié;Non spécifié
Tébuconazole;CIGAL PLUS SC F.008-18 SANABEL AGRO Rotam Agrochemical Co.Ltd Japon;Féverole: Rouille : 1 l/ha;Non spécifié
Chlorothalonil;375 g/l foliaire;Preventif et curatif;300 l de bouillie/ha (Commission 18/10/2018)
Tébuconazole;430 g/l SC Camaro430SC F.026-16 RAYEN PHYTAGRI SHARDA INDE;Blé dur : Rouilles : 0.5 L/ha;Non spécifié
TEBUCONAZOLE;Mystic Pro F.128-11 AGRIPROTEC NUFARM SAS Espagne;Blé : septoriose, rouille brune : 1.25 l/ha;Non spécifié
PROCHLORAZ;300 g/l Winner F.206-11 BIOPROTECTION NUFARM SAS Espagne;Orge : helminthosporiose : 1.25 l/ha;Non spécifié
Tébuconazole;160 g/L+ 100 SC Tilmor 240 EC F.114-11 JADWA AGROTEC BAYER CROPSCIENCE ANGLETERRE;Blé : septoriose : 1 L/ha;Non spécifié
Tebuconazole;210 g/l FS GIZMO SUPER FS F.018-18 AGRIPROTEC NUFARM France;Blé : Carie &charbon, Fusariose: 250;BAYER CROPSCIENCE HONGRIE
Prothioconazole;8 0 g/L;Non spécifié;Non spécifié
Tébuconazole;160 g/l+ 100 SC Nativo 300 SC F.115-11 STEC BAYER CROPSCIENCE HONGRIE;Céréales : Septoriose, Rouilles à la dose 01 +Trifloxystrobine g/L L/ha (au stade montaison au dernier tallage de la culture);Non spécifié
PHOSPHONIA/UPL;Arbo: Oïdium, moniliose, tavelure : 50 g/hl;Espagne/Inde;UPL
Aurige;70 F.022-13 EL KHADRHA SIPCAM INAGRA;Espagne;Non spécifié
Prolatop;F.197-11 EL MOUSSEM Nufarm USA;Non spécifié;Non spécifié
SEGNOR 70 WP;F.017-19 SANABEL AGRO UPL Espagne/Inde;Agrumes stockés : 250 g/hl;Non spécifié
Melon: Oïdium : 100 g/hl;Arbo: Oïdium, moniliose, tavelure : 50 g/hl;Espagne/Inde;UPL
Mil Top F.003-15 DELTA AGRICOLE MEGHMANI INDUSTRIES INDE;Vigne: Oïdium : 100 g/hl;Non spécifié;Non spécifié
PLUS;Agriphanate F.027-16 AGRIPROTEC MEGHMANI INDUSTRIES INDE;Non spécifié;Non spécifié
Thiomil F.034-16 PROTAGRI MEGHMANI INDUSTRIES INDE;Non spécifié;Non spécifié;Non spécifié
Thiophanate-Méthyl 7 0 % W P T H IOPHANATE F.031-18 AGRIMED MEGHMANI INDUSTRIES INDE;Vigne: Oïdium : 100 g/hl;Non spécifié;Non spécifié
DISTRIBUTION (Commission18/10/2018);Thiophan;Non spécifié;Non spécifié
Thiophanate-Méthyl 70% WP;T o p Plus F.001-18;SOCOOPEC AGRIA S.A;Bulgarie
Thiophanate-Méthyl 70% WG;star net 70 WG F.118-11;PROMOCHIMIE;BAYER CROPSCIENCE Espagne
Thiophanate-methyl 500 g/L;C Pelt 500 SC F.120-11;ATLAS AGRICOLE;BAYER AG. Espagne
Thiophanate 46ethyl + 200 g/l;Ipromise F.002-13;BIOPROTECTION;Arysta Lifescience Espagne
Triadimenol 312 g/l;Bayfidan 312 SC F.121-11;PROMOCHIMIE;BAYER AG. Espagne
Spiroxamine + 250 g/L;Falcon 460 SC F.020-17;AGRONOMIC Land;BAYER CROPSCIENCE POLOGNE
Trifloxystrobin 50% WG;Flint F.124-11;PROMOCHIMIE;BAYER CROPSCIENCE Espagne
Zato 50 WG;WG Zato 50 WG F.123-11;ATLAS AGRICOLE;BAYER CROPSCIENCE Espagne
Thionic autodispersible;Thionic F.136-11;AGROSYSTEMES TAMINCO;Espagne
Zirame 90% WP;Ziracal F.191-11;BIOPROTECTION;TAMINCO NV(Espagne)/Arysta(Espagne)
Zoxamide + 8,3%;Electis 75 WG F.190-11;JADWA AGROTEC GOWAN CIS;Espagne
Aclonifen 600 g/l SC;Challenge 600SC;EL MOUSSEM;Bayer AG
Aminopyralydes + 355 g/Kg WG;Lancelot 450 WG;SEPCM;DOW AGROSCIENCES HONGRIE (TALTOS)
Florasulam + 1 5 0 g / K g;Nikos forte;H.010-15 ATLAS AGRICOLE;DOW AGROSCIENCES
Aminotriazole + 240 g/L;Weedazol H.002-11;BIOPROTECTION NUFARM;Espagne
Thiocyanate d’ammonium;Non spécifié;Non spécifié;Espagne
Amidosulfuron + 100 g/l;Sekator OD H.002-17;AGRONOMIC Land;BAYER CROPSCIENCES
Iodosulfuron;Non spécifié;Non spécifié;250g/l annuelles: 0.15l/ha
Mefempyr Diethyl (Commission 20/06./2017);Arylex active 66.67% WG TARZEK WG H.003-20;ATLAS AGRICOLE;Dow Agrosciences
Pyroxsulam + Cloquintocet acide acide + UPTAKE(Surfactant) en mélange avec Ecosurf EH-9 354 g/kg -Une seule application en association avec l’adjuvant %(p/p);UPTAKE SL;Non spécifié;Dow Agrosciences France
Bentazone 4 8 0 g / L;SL B a s a g r a n H.003-11;STIMA BASF Espagne;BASF
Bentazone 4 8 0 g / L;SL S h a r b e n t a H.004-13;SANABEL AGRO SHARDA WORLD WIDE INDE;SHARDA
Bentazone 4 8 0 g / L;SL T R O Y 4 8 0 S L H.007-18;AGRIPROTEC UPL LIMITED Inde;UPL
Bentazone 4 8 0 g / L;SL BENTAKEY SL H.007-20;ETS MEZGHANI SHANDONG BIONNONG CHINE;BIONNONG
Bentazone 4 8 0 g / L;SL BASASTAR SL H.010-20;AGRIPLUS NANJING FENGSHAN CHINE;FENGSHAN
Cléthodime 1 2 0 g / L;E C Select Super H.004-11;BIOPROTECTION ARYSTA LIFESCIENCE Espagne;ARYSTA
Cléthodime 1 2 0 g / L;E C Akodim 120 EC H.005-11;SEPCM AAKO AUSTRALIE;AAKO
Clethodime 240 g/l SC;ICASSO 240 SC H.013-20;SANABEL AGRO;Rotam Agrochemical Chine
Chlortoluron 5 0 0 g / L S C;Tolurex 50 H.006-11;SEPCM AAKO;Espagne/Espagne
Chlortoluron + Isoxabene 500 g/L + SC;Aubaine H.014-13;SEPCM Dow Agrosciences;Espagne
Chlortoluron + Isoxabene 500 g/L + SC;FLEXIDOR H.015-18;ATLAS AGRICOLE Dow Agrosciences;Espagne
Clodinafop-propargil 8 0 g / L E C;TOPIK 80 H.007-11;BIOPROTECTION SYNGENTA;Espagne
Clodinafop-propargil + 100 g/L + EC;Topik 100 H.008-11;BIOPROTECTION SYNGENTA;Espagne
Cloquintocet-2-Mexyl 25 g/L;ANTIGRAMINÉES ANNULAIRES , RAY GRASS NON RÉSISTANT :0,5 L/HA;SOCOOPEC AAKO PAYS BAS;Blés, Triticale
Clodinafop-propargil + 240 g/L + EC;TALLIS 240 EC H.071-11;SOCOOPEC AAKO PAYS BAS;Inde
Cloquintocet-2-Mexyl 60 g/L;ANTIGRAMINÉES ANNULAIRES , RAY GRASS NON RÉSISTANT :0,3 L/HA;AGRIPLUS PARIJAT INDE;Blé
Clodinafop-propagyl + 100g/l + EC;BUGUIS EC H.008-18;AGRIPROTEC PROPLAN Espagne;Blé
Cloquintocet-2mexyl 25 g/l;ANTIGRAMINÉES ANNULAIRES , RAY GRASS RÉSISTANT :0,5 L/HA;EL KHADRA INDRUSTRIAS AFRASA Espagne;Blé
Clopyralid 100 g/L EC;Lontrel H.089-11;INNOVA DOW AGROSCIENCE;Espagne
Clopyralid 100 g/L EC;VERSATILL EC H.014-20;ATLAS AGRICOLE DOW AGROSCIENCE;Espagne
Clopyralid 100g/l SL;GLOPYR 100 SL H.004-18;AGROSYSTEMES Globachem;Espagne
Clopyralid 300g/l SL;LORET 300 SL H.005-20;EL KHADRA Sharda Cropchem Limited;Inde
Cycloxidime 1 0 0 g / L E C;Focus Ultra H.009-11;STIMA BASF;Espagne
Dicamba + 120 g/L + SL;Dialen Super H.011-11;BIOPROTECTION SYNGENTA SUISSE;Suisse
Dicamba + 500 g/kg + WG;CASPER 55 H.004-20;SOLAGRI Syngenta Agro AG;Suisse
Prosulfuron 50 g/kg;Casper 55 H.004-20;SOLAGRI Syngenta Agro AG;Suisse
Diflufenican + 60 g/l;Vigon 420 SC;H.012-16 STEC BAYER CROPSCIENCE;Espagne Blé dur : Adventices graminées et
Diflufenican + 60 %;Alliance H.002-13;BIOPROTECTION NUFARM S.A;Espagne Blé : Dicotylédones : 75 g/ha
Diflufenican (ou 500 g/l SC);Diflanil H.010-14;AGROSYSTEMES GLOBACHEM;Espagne Blé: Anti dicotylédones:375 ml/ha
Diflufenican 50%;OSSETIA WG H.008-20;SANABEL AGRO;Rotam Agrochemical Chine Blé: Anti dicotylédones:375 g/ha
Flufenacet + g/l + 120 g/l;Non spécifié;Non spécifié;Fabricant
Flurtamone;Non spécifié;Non spécifié;Fabricant
Metsulfuron-méthyl;6%;Non spécifié;Non spécifié
Dimethenamid-P 100g/l;SE BUTISAN AVANT;COTUGRAIN BASF ALLEMAGNE;Colza: Mauvaises herbes
Metazachlor 300g/l;SE;COTUGRAIN BASF ALLEMAGNE;dicotylédones : 2 l/ha
Quinmerac 100g/l;SE;COTUGRAIN BASF ALLEMAGNE;-Une seule application par
Diquat 200 g/l SL;DIQUASH;H.001-16 DELTA AGRICOLE SHARDA INDE;Pomme de terre : Défanage : 4l/ha
Diquat 200 g/l SL;DESSICASH 20 SL;H.004-17 FERTIPLANT SHARDA INDE;Pomme de terre : Défanage : 4l/ha
Diquat 200 g/l SL;DEFAN 20 SL;H.007-17 AGRONOMIC Land SHARDA INDE;Pomme de terre : Défanage : 4l/ha
Diquat dibromide 2 0 0 g / L S L;REGLONE 200 SL;H.013-11 BIOPROTECTION SYNGENTA SUISSE;P. de terre : Défanage : 4 L/ha
Fénoxaprop-p-Ethyl 69g/l;Foxtrot H.027-15;AGROSYSTEME FMC USA;Blé : Adventices graminées, ray grass non résistant:1 l/ha (application en pst levée)
Fénoxaprop-P-Ethyl + 64 g/L + EC;Puma Evolution H.015-11;JADWA AGROTEC BAYER CROPSCIENCE;Espagne Céréales : monocotylédones +
Iodosulfuron-Méthyl 8 g/L + Sodium diéthyl tallage;Mefenpyr – 24 g/L;Non spécifié;Non spécifié
Florosulame;Derby;INNOVA DOW AGROSCIENCES Espagne;Dow AgroSciences
Flumetsulame;Non spécifié;Non spécifié;Non spécifié
Fluazifop-P-Butyl;Fusilade Max;AGRIPROTEC SYNGENTA SUISSE;Syngenta Suisse
EC Trivko;Non spécifié;SOLAGRI SYNGENTA SUISSE;Syngenta Suisse
Fluazifop-P-Butyl;FOUZILE EC;ETS MEZGHANI INDUST. QUIMICA KEY ESPAGNE;Ets Mezghani Indust. Quimica Key Espagne
Benfuron;Non spécifié;ATLAS AGRICOLE SHARDA INDE;Atlas Agricole Sharda Inde
Fluazifop-P-Butyl;Fouir;EL KHADRA SHARDA INDE;El Khadra Sharda Inde
Flucarbazone-sodium;Everest 70WG;AGRIPROTEC ARYSTA LIFESCIENCE USA;Arista LifeScience USA
Flucarbazone-sodium;Vulcano 007-14H.;AGRIPROTEC ARYSTA LIFESCIENCE USA;Arista LifeScience USA
Flumetsulam;Broadstrike;EL BARAKA DOW AGROSCIENCE FRANCE;Dow AgroSciences France
Fluroxypyr (ester1- 200 g/l EC);Fluostar 200 H.011-14;AGROSYSTEMES GLOBACHEM Espagne;Espagne
Fluroxypyr + Clopyralid 60 g/l - EC;VEGA H.006-20;EL KHADRA Sharda Cropchem Limited Inde;Inde
Glyphosate 360 g/l SL;SATELITE H.001-19;EL KHADRA AFRASA INDUSTRIAS Espagne;Espagne
Glyphosate 360 g/l SL;GLYFOSTAR H.002-19;SLDA SHARDA CROPCHEM Ltd INDE;Inde
Glyphosate 360 g/l S L K a l a c h 3 6 0 H . 0 2 2 - 1 1;KALACH 360 H.022-11;BIOPROTECTIO STALIFE SCIENCES Espagne;Espagne
Herbolex H.027-11;HERBOLEX H.027-11;SEPCM DOW AGROSCIENCES Espagne;Espagne
Clinic H.023-11;CLINIC H.023-11;EL MOUSS EMAGRI. NUFARM Espagne/Espagne;Espagne
Fortin H.024-11;FORTIN H.024-11;ETS MEZGHANI INDUSTRLQUIMICAKEY Espagne;Espagne
Glyphotec H.028-11;GLYPHTEC H.028-11;STEC AAKO BV PAYS BAS;Pays-Bas
Agriatech H.020-11;AGRIATECH H.020-11;AGRIPROTEC NUFARM Espagne;Espagne
Maynozate H.025-15;MAYNOZATE H.025-15;AMINCO AGRIA SA BULGARIE;Bulgarie
Glycel H.019-11;GLYCEL H.019-11;AGRIMATCO EXCEL CROP CARE INDE;Inde
Glyphogan H.072-11;GLYPHOGAN H.072-11;SOCOOPEC AAKO GRANDEBRETAGNE;Grande-Bretagne
Glitan H.073-11;GLITAN H.073-11;COTUGRAIN IMPEX ALCOTAN Espagne;Espagne
Buggy H.079-11;BUGGY H.079-11;INNOVA SIPCAM INGARA Espagne;Espagne
GLISO 360 H.005-16;GLISO 360 H.005-16;EL KHADRA SIPCAM INGARA Espagne;Espagne
Mamba 360 SL H.080-11;MAMBA 360 SL H.080-11;INNOVA DOW AGROSCIENCES Espagne;Espagne
Glyweed H.086-11;GLYWEED H.086-11;ATLAS INDUSTRIE COROMANDEL Ltd. INDE;Inde
Diss H.093-11;DISS H.093-11;PROTAGRI UNITED PHOSPHORUS INDE;Inde
Tayara H.090-11;EL MOUSSEM AGRI;NUFARM AMERICAS USA;NUFARM AMERICAS USA
Kleen Up H.097-11;BIOPROTECTION;NUFARM Espagne;NUFARM Espagne
Glyphos H.009-13;AGROSYSTEMES Cheminova DANEMARK;Cheminiowa DANEMARK;Cheminiowa DANEMARK
Pharon H.017-13;INNOVA NUFARM S.A;NUFARM S.A;NUFARM S.A
Blanca H.006-13;COTUGRAIN IMPEX;Sharda World Wide INDE;Sharda World Wide INDE
Weed Killer H.006-16;EL KHADRA;Sharda World Wide INDE;Sharda World Wide INDE
Nasa 36 SL H.001-15;SOCOOPEC ZENITH CROPSCIENCES/agria;BULGARIE;ZENITH CROPSCIENCES/agria BULGARIE
Glyphosate 360 g/l SL DRAGON H.003-19;FERTITECH SHARDA CROPCHEM Lt;INDE;SHARDA CROPCHEM Lt INDE
Glyphosate 360g/l SL Round Up Pro H.004-15;ATLAS AGRICOLE MONSANTO USA;USA;MONSANTO USA
Glyphosate 360 g/l SL GLYPHO-CAP H.010-17;NEGANOR FFT HOCKLEY INTERNATIONAL UNITED KINGDOM;UNITED KINGDOM;HOCKLEY INTERNATIONAL UNITED KINGDOM
VERDIS 36 SL H.009-17;AGRONOMIC Land;Sharda Cropchem Limited Inde;Sharda Cropchem Limited Inde
Glyphosate 450 g/l SL Round Up Plus H.029-11;ATLAS AGRICOLE MONSANTO Espagne/Espagne;Espagne/Espagne;MONSANTO Espagne/Espagne
Glyphosate 480 g/l SL Mamba Max 11-096H.;INNOVA DOW AGROSCIENCE USA;USA;DOW AGROSCIENCE USA
Herbolex Max H.008-15;SEPCM DOW AGROSCIENCE USA;USA;DOW AGROSCIENCE USA
Glyphosate 490g/L SL;GALLUP HI-AKTIV H.001-20;Barclay chemoicals(R&D) Ltd.;Angleterre / Grande Bretagne
Glyphosate 70 % SG;Kalach Extra H.007-16;BIOPROTECTION;ARYSTAL LIFESCIENCE USA
Glyphosate + 360g/l + EW Affinex;H.006-15;COTUGRAIN IMPEX FMC USA;Non spécifié
Glyphosate + 360 g/L + SC Dipiril Plus;H.030-11;SEPCM AAKO Espagne;Non spécifié
Oxyfluorfène 30 g/L;Non spécifié;EL KHADRA INDUSTRIALS AFRASA SA ESAPAGNE;Espagne
Glufosinate 1 5 0 g / L E C B a s t a F 1;Stopa F1 H.032-11;ATLAS AGRICOLE ANGLETERRE;BAYER CROPSCIENCE Espagne
Haloxyfop-R 104 g/L EC;Gallant Super H.075-11;INNOVA DOW AGROSCIENCES;Espagne
Verdict;H.012-13;ATLAS AGRICOLE L/ha;Non spécifié
Betterave : Graminées annuelles;H.012-13;ATLAS AGRICOLE L/ha;Dow AgroSciences
Betterave : Graminées vivaces;H.012-13;ATLAS AGRICOLE L/ha;Dow AgroSciences
Colza : Graminées vivaces;H.012-13;ATLAS AGRICOLE L/ha;Dow AgroSciences
P. de terre : Graminées annuelles: 0,6 L/ha;H.012-13;ATLAS AGRICOLE L/ha;Dow AgroSciences
Imazamox + 25 g/l + SC Nopasaran;H.011-16;COTUGRAIN BASF Espagne;Non spécifié
Metazachlor 375 g/l;Non spécifié;BAYER CROPSCIENCE Espagne;Non spécifié
Mesosulfuron + 30 g/Kg + Mefenpyr 90 g/Kg;Atlantis H.033-11;ATLAS AGRICOLE BAYER CROPSCIENCE;Espagne
Linuron 5 0 % W P;Afalon 50 WP;SEPCM AAKO/ PAYS BAS;Espagne
Linuron 400 g/L SC;Calin Flo;BIOPROTECTION Arysta Lifescience;Espagne
Linuron 500 g/L S C;Afalon 50 L S C;SEPCM AAKO BV;Espagne
Mésosulfuron-Méthyl 30 g/Kg WG;Amilcar;STEC BAYER CROPSCIENCE;Espagne
Iodosulfuron + 30 g/Kg + Méfenpyr diéthyl 90 g/Kg;OD Atlantis OD;ATLAS AGRICOLE BAYER CROPSCIENCE;Espagne
Mésosulfuron-Méthyl+ Iodosulfuron – 7,5 g/L+ Méthyl Sodium + 22,5 g/L + Méfenpyr diéthyl NB/ : faible action sur brome, faux fenouil, fumeterre et coquelicot;Amilcar OD;STEC BAYER CROPSCIENCE;Espagne
Mesosulfuron-méthyle 45 g/kg WG Propoxcarbasone-sodium +67,5g/kg Méfenpyr- +90g/kg diéthyle(phytoprotecteur) résistants;(Commission 18/10/2018);OLYMPUS FLEX WG;ATLAS AGRICOLE BAYER AG
Metazachlore 5 0 0 g / L S C;TWIGA H.022-15;BIOPROTECTION AAKO BV;AUSTRALIE
Metazachlore 500 g/l SC RAPSAN 500 SC;RAPSAN 500 SC;AGROSYSTEMES Globachem;Espagne
Metazachlore 400 g/l;RAPSAN TDI SC H.003-18;AGROSYSTEMES Globachem Espagne;Non spécifié
Quinmerac 1 0 0 g / l;Non spécifié;Non spécifié;Non spécifié
Metosulame 100 g/L;Tacco 100 SC H.039-11;ATLAS AGRICOLE;BAYER CROPSCIENCE
Metribuzine 7 0 % W G;Sencor 70 H.040-11;PROMOCHIMIE;BAYER CROPSCIENCE
Metribuzine 75% WG;Maestro 75 WG H.042-11;BIOPROTECTION AAKO AUSTRALIE;Non spécifié
Metribuzine 600 g/L;Sencor 600SC 11_098H.;PROMOCHIMIE;BAYER CROPSCIENCE
Metribuzine+ 233g/l;CETUS H . 0 0 3 - 1 6;AGRIPROTEC FMC USA;UPL INDE
Clomazone 60 g/l;Non spécifié;Non spécifié;Non spécifié
Metsulfuron Méthyl 20% WG;Isomexx H.043-11;AGRIPROTEC;NUFARM
Asset;H.063-11;SANABEL AGRO AGRIGUARD SA;IRELANDE
Karal;H.003-13;BIOPROTECTION NUFARM;Espagne
Metsy WG;H.009-16;PROTAGRI;UNITED PHOSPHORUS INDE
Oxyfluorfene 2 4 0 g / L E C G o a l H . 0 8 1 - 1 1;INNOVA DOW AGROSCIENCES;Espagne;Non spécifié
Oxistar 24%;H.087-11;SOCOOPEC ZHEJIANG E-TONG CHINE CHEMICAL CO LTD;CHINE
Clenofen 240 H.005-13;SANABEL AGRO;ZHEJIANG E-TONG CHINE CHEMICAL CO LTD;CHINE
Oxyfluorfene 240 g/L E C O X I F E N E C H . 0 4 6 - 1 1;ETS MEZGHANI INDUST. Q U I M ICA KEY ESPAGNE;Espagne;Non spécifié
Pendimethaline 400 G/L EC;TERAPUR H.002-16;Ets MEZGHANI Industrial Quimica Key Espagne;Non spécifié
Pendimethaline 400 G/L SC;Penda 16-010H.;DELTA AGRICOLE SHARDA INDE;Non spécifié
Pendimethaline 400 G/L SC;HERBOL H.008-17;AGRONOMIC Land SHARDA INDE;Non spécifié
Pendimethaline 4 5 5 g / L E C S t o m p A q u a H.;Stompa aqua H.048-11;STIMA BASF Espagne;Non spécifié
Ail, maïs;Dicotylédone et graminées;Non spécifié;Non spécifié
Phenmediphame + 91 g/L + EC;Betalan Expert 274EC H.;SEPCM BAYER CROPSCIENCE Espagne;Non spécifié
Desmedipham + 71 g/L +;Non spécifié;BAYER CROPSCIENCE Espagne;Non spécifié
Ethofumesate 1 1 2 g / L;-;Non spécifié;SHARDA INDE
Phenmedipham + 75 g/l + SC;Betanas trio H.016-20;AGRIPROTEC UPL Limited Inde;Non spécifié
Desmedopham + 15 g/l +;-;Non spécifié;SHARDA INDE
Ethofumesate 115 g/l -Traitement foliaire en post émergence en une seule application;-;Non spécifié;SHARDA INDE
Stade d’application : stade BBCH 18 (à 8 feuilles étalées);Commission 13/02/2020.;Non spécifié;Non spécifié
Pinoxaden + 22,5 g/L+ EC;Traxos 45 EC H.;BIOPROTECTION SYNGENTA SUISSE;Non spécifié
Clodinafop-propargyl+ 22,5g/L +;-;Non spécifié;SYNGENTA SUISSE
Cloquintocet-mexyl 5,63 g/L;-;-;SHARDA INDE
Pinoxaden + 25g/l + EC;Traxos pratic H.;BIOPROTECTION Syngenta SUISSE;Non spécifié
Clodinafop-propargyl+ 25g/l +;-;Non spécifié;SYNGENTA SUISSE
Florasulam 1.5 g/l;-;-;SHARDA INDE
Clodinafop-propargyl+ 30g/l + EC;Swipe H.;BIOPROTECTON Syngenta Suisse;Non spécifié
Pinoxaden + 45 g/L;Axial 045 EC;BIOPROTECTION SYNGENTA SUISSE;Syngenta
Cloquintocet-méxyl 11,25 g/L;Non spécifié;BIOPROTECTION SYNGENTA SUISSE;Syngenta
Pinoxaden + 50 g/l;Axial pratic;BIOPROTECTION SYNGENTA SUISSE;Syngenta
Cloquintocet-méxyl 12.5 g/l;Non spécifié;BIOPROTECTION SYNGENTA SUISSE;Syngenta
Pinoxaden + 45 g/l;Navigator;BIOPROTECTION SYNGENTA SUISSE;Syngenta
Florasulam;Non spécifié;BIOPROTECTION SYNGENTA SUISSE;Syngenta
Propoxycarbazon Sodium 70%;Attribut 70 SG;EL MOUSSEM BAYER CROPSCIENCE;Bayer CropScience
Propyzamide 400g/l;CADDY SC;RAYEN PHYTAGRI BARCLAY CHEMICALS Ltd;Barclay Chemicals Ltd
Propyzamide 400g/l;PROPYZ;AGRIPROTEC;Barclay Chemicals Ltd
Propyzamide;PROPER FLO SC H.005-18;AGROSYSTEMES Globachem Espagne;Colza : Graminées + dicotylédones
Prosulfocarb;Boxer H.053-11;BIOPROTECTION SYNGENTA SUISSE;Blés : Graminées
S-metolachlor;H.024-15;AMINCO GLOBACHEM Espagne;Roxy H.052-11 AGROSYSTEMES GLOBACHEM Espagne
Prosulfocarb;Minarix 004-14H.;BIOPROTECTION SYNGENTA SUISSE/Espagne;Blés : Graminées(ray grass, phalaris,..)
S-metolachlor;120 g/l 2.5 L/ha;H.054-11;SEPCM DOW AGROSCIENCES USA
Pyroxsulam;OD PALLAS 45 OD H.016-18;ATLAS AGRICOLE DOW AGROSCIENCES USA;Non spécifié
Pyroxsulam;Floramix 006-14H.;SEPCM DOW AGROSCIENCES Angleterre /Espagne;Non spécifié
Quizalofop-p-Ethyl;Leopard 10 H.055-11;SEPCM AAKO AUSTRALIE;Betterave : Plantes adventices: 1 L/ha
Quizalofop –p-ethyl;SYMBA EC H.006-18;AGRIPLUS JIANGSU FENGSHAN GROUP Chine CO,LTD;Féverole : dicotylédones et graminées : 1 l/ha en Post levée
Quizalofop p-tefuryl;Pantera 40 H.021-15;AGRIMATCO CHEMTURA Espagne;Féverole : Graminées au stade de post levée de la culture (sauf ray grass) : 1 l/ha
Quizalofop p-tefuryl;QUICK EC H.015-17;DELTA AGRICOLE PLUS SHARDA INDE;Féverole: Mauvaises herbes graminées annuelles au stade post levée des adventices) :2 l/ha
Quizalofop p-tefuryl;KUISTAR H.018-18;AGRIMED SHARDA INDE;Féverole: Mauvaises herbes graminées DISTRIBUTEUR annuelles au stade post levée des adventices) :2 l/ha
S-metolachlor;Dual gold 960 EC H.020-15;AGRIPROTEC SYNGENTA SUISSE;Féverole: Mauvaises herbes (dicotylédones+ graminées) annuelles au stade post semis-prélevée (en post levée des adventices) :1.5 l/ha
S-metolachlor 960 g/l EC;TENDER 960 EC;SOLAGRI SYNGENTA SUISSE;SYNGENTA
Saflufenacil 700g/kg WG;Heat;AGRIPROTEC;BASF CORPORATION
Simazine 500 g/L SC;SIMAKEY;ETS MEZGHANI INDUSTRIAL QUIMICA KEY/ ESPAGNE;ESPAGNE
Sulfosulfuron 75% WG;Leader H.076-11;AGROSYSTEMES;SUMITOMO JAPON/ESPAGNE
Tepraloxydim 50 G/L EC;Aramo 50 EC;COTUGRAIN IMPEX;BASF ESPAGNE/ESPAGNE
Terbuthylazine 70 % WG;Terbuzine 75 WG H.007-15;INNOVA SIPCAM INAGRA;ESPAÑA
Terbuthylazine 70 % WG;TERBYNE 75 WG H.017-20;EL KHADRA SIPCAM INAGRA;ESPAÑA
Thifensulfuron-methyl 40 % + 15 WG;Gipsy 003-14H.;SANABEL AGRO;ROTAM AGROCHEMICAL TAIWAN
Triasulfuron + Dicamba 4 1 g / K g + W G Z o o m H.056-11;ZOOM H.;BIOPROTECTION SYNGENTA/IPT-PERGANDE SUISSE;SYNGENTA/IPT-PERGANDE SUISSE
Tribenuron-Methyl 7 5 % WG;Granstar H.057-11;SEPCM DU PONT ROMANIE;CHEMINOVA DANEMARK
Corida 75 WG H.088-11;SOCOOPEC ZENITH CROPSCIENCE BULGARIE;ZENITH CROPSCIENCE BULGARIE;Non spécifié
Tribenuron-Methyl 75% WG;Nuance 002-14H.;AGROSYSTEMES;CHEMINOVA DANEMARK
Tribenuron-Methyl 75% WG;Volteo 75 WG 16-008H;EL KHADRA AFRASA;Espagne
Tribenuron-Methyl 75% WG;TOSCANA H.010-18;AGRIPROTEC PROPLAN;Espagne
Tribenuron-Methyl 75% WG;SKYLLA WDG H.012-18;AGRONOMIC LAND ROTAM AGROCHEMICAL - Blé dur;CO.LTD
Tribenuron-Methyl 75% WG + Florasulam 18.7 %;BOMBA WG H.011-18;EL KHADRA JSC(AUGUST);Russie
Trifluraline 4 8 0 g / L;ECHERBALINE H.058-11;SEPCM AAKO AUSTRALIE;Tournesol, Légumineuses: Sous/R
Trifluraline 4 8 0 g / L;ECHE R B A S T A R E C H . 0 11-20;AGRIPLUS JIANGSU FENGSHAN CHINE GROUP CO,LTD;PETIT POIS: Graminées
2,4 D –Ester butylglycol 600 g/L EC;DESORMONE Lourd H.078-11;SEPCM NUFARM;Espagne/G.BRETAGNE
2,4 –D EHE 9 0 4 , 5 g / L E C M a t o n H.061-11;EL MOUSSEM AGRI.;MARKS / NUFARM ANGLETERRE;Blé, orge, avoine: Dicotylédones
2,4-D Acide (2- Ethylhexyl ester EHE) 600 g/l EC;Hersan-I H.007-13;ETS MEZGHANI INDUSTRIAL QUIMICA KEY ESPAGNE;Blé: Dicotylédones
2,4-D Sel d’amine 720 g/L SL;Sanhormone H.083-11;INNOVA DOW AGROSCIENCES;Espagne/Pologne
Dicopur 720 SL;H.008-13;AGRIPROTEC NUFARM;Espagne
Sanaphen D 720 SL;H.013-13;ATLAS AGRICOLE DOW AGROSCIENCES;Espagne
Chardol 720 SL;H.012-14;BIOPROTECTION NUFARM;Espagne
2,4-D Sel d’amine 720g/l SL;Topol H.009-15;EL KHADRA SHARDA INDE;INDE
2,4-D Sel d’amine 720g/l SL;SHARMINA 720 SL H.005-17;FERTIPLANT SHARDA INDE;INDE
2,4-D Sel de 860g/l SL;Amanora H.014-17;AGRIMATCO UPL;INDE
2,4-D Sel de 720g/l SL;BOZAR H.012-17;AGRIPLUS JIANGSU FENGSHAN GROUP;CHINE
2,4-D Acide + 300 g/L;Mustang 306 SE H.084-11;INNOVA DOW AGROSCIENCES;ESPagne
Florasulam 6,25 g/L;Nikos 306 SE H.011-13;ATLAS AGRICOLE;Non spécifié
2,4-D + MCPA 345 g/l;Weedone Plus H.001-13;BIOPROTECTION NUFARM;ESPagne
Bacillus (C 100 B + B 99) 13 g/L SL;Novibiotec 7996 N.006-11;N B T A;TUNISIE
Ethoprophos 1 0 % G R M o c a p;Non spécifié;SEPCM AMVAC Chemical;ESPagne/USA
Metam potassium 6 9 0 g / L S L;Tamifume N.004-11;AGRO-SYSTEMES TAMINCO;ESPagne
Métam sodium 5 1 0 g / L S L;F u m i c a l IN.098-11;BIOPROTECTION ARYSTA LIFESCIENCE;ESPagne
Oxamyl;Vydate GR N.001-16;AGRIMATCO;DUPONT
Phenamiphos;Nemacur 10 G IN.104-11;PROMOCHIMIE;AMVAC Chemical
Brodifacoum;Klérat R.001-11;AGRIPROTEC;SYNGENTA
Broditop wax block;Non spécifié;ETS MEZGHANI ZAPI SPA;ITALIE
Broditop;Non spécifié;ETS MEZGHANI ZAPI SPA;ITALIE
Raticide detia;Non spécifié;STIMA DETIA;Allemagne
Acibenzolar-S-;BION 50 WG D.001-14;AGRIPROTEC;SYNGENTA
Methyl;Non spécifié;Non spécifié;Non spécifié
Acide Beta indolbutirique;Exuberone D.005-11;SEPCM;Espagne
Acide chloro;Procarpil D.013-11;SEPCM;Espagne
Naphoxy 2acétamide;Non spécifié;Non spécifié;Non spécifié
Acide gibberellique 10%;XX Berelex D.003-11;SEPCM;VALENT USA/Espagne
20% ST Progibb D.002-11;BIOPROTECTION BIOSCIENCE;/nouaison;Non spécifié
SUMITOMO;P.de terre: Processus de tubérisation;Non spécifié;Non spécifié
10% TB Gibb 3 D.001-11;AGROSYSTEMES GLOBACHEM CHYPRE;Vigne : Croissance des organes aériens;Non spécifié
Aminogibb D.008-15;AMINCO GLOBACHEM CHYPRE;Artichaut : Processus de floraison;Non spécifié
Protagibb D.029-11;PROTAGRI United Phosphorus INDE;Clémentine, poirier ,pois : Processus de floraison et régulation de la maturation;Non spécifié
Gibelex D.031-11;EL MOUSSEM AGRI Nufarm Americas USA;floraison et régulation de la maturation:1g/hl de Gibbérelline;Non spécifié
Acide gibberellique 9%;ST Giberkey D.001-15;ETS MEZGHANNI Industrial Quimica Key Espagne;Agrumes : Processus de floraison et régulation de la maturation: 1 TS/120 L d’eau
Acide gibberellique 40%;SG ProGibb 40 SG D.004-13;BIOPROTECTION VALENTBioscience / FRANCE;Vigne : Amélioration du taux de nouaison
Berelex 40 SG D.003-15;SEPCM SUMITOMO CHEMICAL Agro SA/hl;Europe;Non spécifié
Acide gibberellique 20%;ST GIB GRO D.005-16;BIOPROTECTION NUFARM Espagne;Agrumes : Activation du processus et amélioration de la nouaison: 1comprimé/hl
Acide gibbérellique 0.5% EC FENGIB EC D.001-19;INNOVA SIPCAM INAGRA S.A Espagne;Espagne Agrumes: Régulateur de croissance :100 cc/hl;Non spécifié
Acide gibbérellique 0.5% EC FENGIB MAX EC D.002-20;EL KHADRA SIPCAM INAGRA Espagne;S.A :100 cc/hl;Non spécifié
Alkylphenolexy-Ethylène 200 g/L SC;Etaldyne 95 D.014-11;SEPCM CMPA/Espagne;Espagne Mouillant parafinique adhesif: 50 cc/hl
Aurebasidium pillulan 250g/kg + Blossom protect D.006-15;STIMA BIO FERM Poirier : Feu bactérien: 1.5 kg/ha (2 souches): 250g/kg (appliquer à partir de+/- 10% de la DS;Non spécifié;Non spécifié
MILLENIUM f.sp radicis lycopersici CHEMICALS;37% Ally Isothiocyanate 3.7 % MILLENIUM f.sp radicis lycopersici FORL;CHEMICALS;/niveau du collet après plantation à 100 ml/hl) Tomate : Fusarium (Fusarium oxysporum Al
Chloroprophame 2% PP Stop germe S D.015-11;SEPCM CMPA/Espagne;Espagne P. de terre: Antigerme: 1Kg/Tonne;Non spécifié
1% NEO STOP D.028-11;PROTAGRI AGRIPHAR Espagne;Espagne;Non spécifié
Chloroprophame 500 g/L;HN Neostop 500 HN D.016-11;PROTAGRI;AGRIPHAR Espagne
Chlormequat-chlorure 750 g/l;Stabilan750 D.034-11;AGRIPROTEC;NUFARM Espagne
Chlormequat-chlorure 750 g/l;Cekwat 750 D.001-13;BIOPROTECTION;NUFARM Espagne
Cyanamide d’hydrogène 520 g/L;Dormex D.018-11;BIOPROTECTION;DEGUSSA AG/ Espagne ARYSTA LifeScience
Dichloroprop-p 25 g/L;Corasil Super D.004-11;EL MOUSSEM;NUFARM Espagne
Deltametrine 10 mg/ unité;- Magnet Med D.004-16;NUTRIPLANT;KOPPERT PAYS BAS
Acetate d’ammonium (29.8 %);--;BIOLURE;--
Trimethylamine HCl;--;--;--
1,4diaminobutane 2.75 g (=Putrescine);--;--;--
Difenacoum 0.005 % RB SOREXA PELLETS D.001-17;--;AGRIPROTEC;BASF Allemagne
Cypermethrine 350;MOSKISAN TRAP D.011-11;--;NUTRIPLANT KOPPERT HOLLANDE
LastFly Ceratitis D.009-11;Non spécifié;Hortimed Quimicas Meristem Espagne;Non spécifié
Acetate d’ammonium + Trimethylamine HCl + 1,4-diaminobutane (Putrescine) + DDVP;Ceratite: Piégeage de masse en lutte intégrée;Ets Mezghani Key Espagne;Non spécifié
DDVP;Ferag 1D TM;Non spécifié;Non spécifié
Trimethylamine HCl + 1,4-diaminobutane (Putrescine) + DDVP + 20% Esters 860 g/l EC;Merceratite Key D.006-16;Ets Mezghani Key Espagne;Non spécifié
SULFURIQUES DE FABRICATIONS ET DE SDP (E,Z,Z)-3,8,11Tetradecatrien 1-y acetate (E,Z) - 3,8Tetradecatrien1- y acetate + Formate d’Ethyl + CO2;Tuta absoluta;Nutplant Koppert Pays Bas;Non spécifié
Hydrolysat de Protéines;Dacus, cératite;Stec Proteinkey;Synthron SAS France
Hydrolysat de Protéines 550 g/L;CeraBait D.035-11;MOUSSEM EVIE MICHAAILIDES GRECE;Non spécifié
Hydrolysat de Protéines 550 g/L;Ceratrap (en bouteilles D.033-11);BIOPROTECTION BIO EBERICA S.A;Espagne
Borax;Non spécifié;Non spécifié;Non spécifié
Métaldéhyde 5%;Super meta D.007-11;STEC CEQUISA/PHOSPHONI;Espagne
Gastrotox;D.024-11;INNOVA SIPCAM INAGRA;Espagne
Antilimace granule;D.025-11;SEPCM CEQUISA S.A;Espagne
Metakey;D.006-11;ETS.MEZGHANI INDUS QUIMICAKEY;Espagne
Metapro D.030-11;PROTAGRI United Phosphorus;INDE;Non spécifié
Métaldéhyde 5%;LIMAGRAM D.001-20;EL KHADRA SIPCAM INAGRA;Espagne
Métaldéhyde 5%;GHLALA D.003-19;SANABEL AGRO UPL;Espagne
Methaldehyde 5%;ESCARGOCHE D.001-16;SOCOOPEC SHARDA;INDE
Artichaut : Escargots et Limaces;5 kg/ha;Agrumes : Escargots et Limaces;5 kg/ha
Methaldehyde 5%;LIMASTOP D.002-19;COTUGRAIN SHARDA;INDE
Metaldehyde 3%;METAX D.003-16;DELTA AGRICOLE SHARDA;INDE
Metaldehyde 3%;ALDEM 3% GR D.002-17;AGRONOMIC Land SHARDA;INDE
Prohexadione-Calcium 10 % WG;Regalis D.002-14;AGRIPROTEC;BASF Espagne
Proteines hydrolysées 360 g/L;SL BIOBAIT D.002-16;BIOPROTECTION;BIOIBIRICA Espagne
Phéromones (Z,E)- (90.80% ISCA LURE CAROB D.003-20;NUTRIPLANT ISCA USA;* Palmier dattier:Pyrale des 7,9,11-Dodecatrienyl pure) :1.594 g/kg -2 à 4 pièges/ha pour le monitoring formate;Non spécifié
Phéromones appliquée (90.80% SPLAT-EC-O D.004-20;NUTRIPLANT / ISCA USA;* Palmier dattier: Pyrale des 500 g/ha : sexuelle de la pyrale %(22.026 -A répéter toutes les 8 semaines (soit des dattes(Ectomyelois Ceratoniae):500 g/ha formate;Non spécifié
Trichoderma harzianum 1.0 x 109 WG Trianum –P D.F.005-15;NUTRIPLANT KOPPERT;BIOLOGICAL SYSTEMS Pays Bas;Non spécifié
Trichoderma Asperellum 3 x107 CFU/g WP;REMEDIER WP F.007-19;STIMA ISAGRO SPA;Tomate: Fonte de semis (Pythium spp):2 kg/ha dans un volume de Trichoderma Gamsii bouillie:800l/ha
Acétate d’ammonium + 33%(p/p) + Pherosan Ceratitis D.004-17;NUTRIPLANT SANSAN PRODESING/ ESPAGNE;Agrumes : Cératite: 40 pièges/ha Trimethylamine 8%(p/p) + hydrochloride + 0.04g/piége;Non spécifié
Esfenvalerate + 33%(p/p) + Trimethylamine 8%(p/p) + hydrochloride + 0.04g/piége;Acétate d’ammonium + 33%(p/p) + Pherosan Ceratitis D.004-17;NUTRIPLANT SANSAN PRODESING/ ESPAGNE;Agrumes : Cératite: 40 pièges/ha
Sodium lauryl ether 276.5 g/l;SL Biopower SL H.017-18;ATLAS AGRICOLE;BAYER AG ALLEMAGNE
Polyoxyethylene amine 270 g/l;SL PHYDEAL SL D.003-17;FERTIPLANT SDP/FRANCE;FRANCE
Imidacloprid+Tebuconazole 210 g/l+12 g/l FS GIZMO SUPER FS F.018-18 AGRIPROTEC NUFARM Blé : Carie & charbon, Fusariose: 250 cc/qt Traitement des semences (Traitement des semences;Nbre de traitement : 1 calendrier des applications : avant semis;(COMM 18/10/2018) Restriction d'usage:utilisation uniquement pour les Traitement des semences (date d'effet:13/07/2023);Non spécifié
Thiametoxam;Cruiser 350 FS I.124-11/21;BIOPROTECTION SYNGENTA;SYNGENTA
Difenoconazole + Thiamethoxam;CelestTop 312.5 126-11/21;F. BIOPROTECTION SYNGENTA;SYNGENTA
Difenoconazole + Thiamethoxam;APRON STAR WS FI.028-22;COTUGRAIN SYNGENTA;SYNGENTA
Mancozèbe 80%;Non spécifié;Non spécifié;Non spécifié
Chlorothalonil 720 g/l SC;Morfus 720 SC F.014-14/24;SANABEL AGRO ROTAM;F.014-14/24
Chlorothalonil 500g/l SC;AVOCA F.004-20;RAYEN Barclay;AGRICOLE chemicals(R&D) Ltd.
Chlorothalonil 7 2 0 g / L SC;Banko 720 SC F.013-11/21;BIOPROTECTION UPL/ARYSTA LIFESCIENCE;F.013-11/21
Chlorothalonil 7 2 0 g / L SC;TERRAVO F.010-20;SOLAGRI SYNGENTA;F.010-20
Chlorothalonil +Tebuconazole 250 g/l+90 g/l SC;Timpani F.017-15;EL MOUSSEM NUFARM;F.017-15
Chlorothalonil +Tebuconazole 250 g/l+90 g/l SC;SUPER PLAZMA F.55-21;AGRIPROTEC NUFARM;F.55-21
Tébuconazole +Chlorothalonil 125 g/l+375 g/l SC;CIGAL PLUS SC F.008-18;SANABEL AGRO RotamAgrochemi;F.008-18
Abamectine 18 g/L EC;Numectin I.A.009-16;AGRIPROTEC;NUFARM
Abamectine 18 g/L EC;LAOTTA 03-24.I;ATLAS AGRICOLE;LAINCO
Abamectine 84 g/L SC;Agrimec Gold 084 I.A.129-11/21;BIOPROTECTION;SYNGENTA
Abamectine 20g/l SC;TERVIGO 020 SC IN.001-19;BIOPROTECTION;SYNGENTA CROP
Abamectine 18g/l EC;VALMEC EC I.004-19;EL KHADRA INDUSTRIAS;AFRAZA/ALBAU - GH EUROPE - SARL
Abamectine 18 g/l EC;ROMECTIN EC;AGRONOMIC ROTAM;ROTAM
Abamectine 18 g/l EC;VARGAS I.51-23 SOLAGRI;ROTAM;ALBAUG
Abamectine 18 g/l EC;Vertimec IA.003-11/21;BIOPROTECTION SYNGENTA;SYNGENTA
Abamectine 18 g/l EW;Diva 1.8 EWI.A.002-15;EL MOUSSEM CHEMINOVA;CHEMINOVA
Abamectine;ECACTRAOSÉ;Ets MEZGHANI;ASTRACHEM
Abamectine;ETINACE;ETS MEZGHANI INDUSTRIAL;QUIMICA KEY
Abamectine;MECTINE PRO;JADWA AGROTEC;AAKO BV
Abamectine;POTENZA 1.8;SANABEL AGRO SINON;CORPORATION
Abamectine;AKOMECTINE I A.009-11/21;STEC AAKO BV;UNIAGRO SHANDONG
Abamectine;TRANSACT 18 ECI.A.161-11/21;TASMID;ASTRACHEM
Abamectin + Chlorantraniliprole;CLEVEROLE PLUS SC I.14-23;UNIAGRO SHANDONG;RAINBOW CHEMICAL CO.LTD
Abamectin +Chlorantraniliprole;ABAROLE;PLANETE VERTE;SHANDONG TOMATE SOUS SERRE : (Tutaabsoluta):50 WEIFANG CHEMICAL
A bamectine +spinosad;REVINTY 5;PROMOCHIMIE;JIANGXI ZHENGBANG cc/hl CHINE
Acetameprid 70%;ACETADE FORT;SANABEL Agro;SHARDA Agrume: Mineuse: 40g/100 l (COMM du CROPCHEM 20/06/2017)
Acetamiprid +pyriproxyfen;CANVION310 DC;COTUGRAIN;Syngenta Crop Agrumes: cochenilles farineuses:40 ml/hl
Acetamiprid 200 g/kg;P Otegon 20 SP;PLANETE VERTE;ASTRANOVA TOMATE SOUS SERRE :Mouche blanche (Bemisiatabaci) :30 g/100 l
Acetamipride;Escort 20 SL;BIOPROTECTION UPL/(NIPPON SODA)ARYSTA LIFESCIENCE/UPL;I.010-11/21
Acetamipride;Mospilan 20 SL;SEPCM (NIPPON SODA)ARYSTA LIFESCIENCE/UPL;I.011-11/21
Acetamipride;DEPOT SL;PROTAGRI MODERN INSECTICIDES LIMITED;I.037-22
Acrinathrine;Orytis;ATLAS AGRICOLE CHEMINOVA;I.135-11/21
Acrinathrine;Rufast 7,5 EW;EL MOUSSEM CHEMINOVA;A.013-11/21
Acrinathrine +Abamectine;TRIPSOL EW;AGROSYSTEME Cheminova/fmc;I.010-19
Afidopyropen;VERSYS DC;AGRIPROTEC BASF;HOMOLOGATI I.30-23
Alphaméthrine;E C Bonbard I.176-11/21;COTUGRAIN;BASF
Alphacypermethrine;A LPHATOP EC I.39-23 SLDA SHARDA TOMATE SOUS SERRE : Noctuelles :15 cc/hl;CROPCHEM INDE;SHARDA
Alphacypermethrine;REMAX EC I.10.24 FERTITECH SHARDA TOMATE SOUS SERRE : Noctuelles :15 cc/hl;CROPCHEM INDE;SHARDA
Alphacypermethrine;ALLIG ATOR I.42-23 SSCC GHARDA TOMATE SOUS SERRE : Noctuelles :15 cc/hl;CHEMICALS LTD;GHARDA
Azadirachtine (0,03 %) + huile de 0 ,3 g/L+90,5%;Nimbicidine I.160-11/21 TASMID T. STANES;Tomate : TutaAbsoluta à la dose de 250 CC/HL;neem &Co.Ltd.
Azadirachtine;OIKOS MAX I.004-20 EL KHADRA SIPCAM INAGRA;Piment, Tomate : Mouches blanches : 100 cc/hl;Agrumes : Mineuses : 60 cc/hl
Bacillus thuringiensis 16x106I.U/g;BELTHIRUL I.09-21 AGRIPROTEC PROBLETE;Tomate: Mineuse (Tutaabsoluta) :200 cc/hl(1000 16SC l/ha);pulvérisation foliaire-appliquer de préférence à l'observation des premières larves et essayer de bien mouiller toute la
Bacillus thuringiensis kurstaki 3200 UI/mg WP;H ALT WP I.47-23;NEGANOR BIOSTADT INDE;INDE
Bacillus thuringiensis 32000UI/mg WG;Delfin WG I.131-11/21;AGROSYSTEMES CERTIS;CERTIS
Bacillus thuringiensis (spKurstaki),souche ABTS-351;BACTOSPINE DF I.017-19;SEPCM VALENT;VALENT
Bacillus thuringiensis 16000UI/mg WP;touta stop WP I.025-11/21;etsmezghani industrialquimica;NON SPECIFIE
Bacillus thuringiensis subsp-kurstakisouche EG-2348 (EUROPE)/BIOG 375 g/kg WP;LEPINOX I.019-22;COTUGRAIN CBC;CBC
Beauveria bassiana strain ATCC 0.0185 %W/W;Naturalis I.038-22;COTUGRAIN CBC europe/italie;Non spécifié
Beauveriabassianastrain R444 2x109 spores WP;Bb-Protec WP I.08-21;ALOHA Agriculture Plant Health;Tomate:Mouche blanche (Bemisiatabaci)
Bifenazate 240 g/l SC;COMITE 240 SC I.024-22;BIOPROTECTION CHEMTURA/AR;Agrumes : Acariens
Bifenazate 240 g/l SC;COMITE 240 SC I.024-22;BIOPROTECTION CHEMTURA/AR;YSTA Palmier dattier:Acariens (Oligonychusafrasiaticus)
Bifenazate;FLORAMITE 240;AGRIMATCO;CHEMTURA/AR
Bifenazate;BANTER WG;AGRIPROTEC;UPL limited
Bifenazate;Acramite 480 SC;SEPCM;CHEMTURA/UPL
Borax;Prev-am I.A.F.031-11/21;EL MOUSSEM ORO AGRI;Non spécifié
Borax;Orotun I.A.F.017-16;RAYEN ORO AGRI;Non spécifié
Buprofezin 25%;Applaud 25 SC I.23-23;AGRIPROTEC SIPCAM INAGRA;Non spécifié
Chlorantraniliprole 20%;Virago I.041-22;SHARDA SHARDA;CROPCHEM CROPCHEM
Chlorantraniliprole 20%;PROPICE SC I.041-22;SANABEL AGRO;SHARDA
Chlorantraniliprole 200 g/L;Coragen 20 SC I.033-11/21;SEPCM DU PONT/FMC;Tomate : Tutaabsoluta: 50 cc/hl
Chlorantraniliprole 350 g/kg;ALTACOR 35 I.015-22;AGRIPROTEC FMC;FMC Tomate sous serre:Tuta absoluta:10 g/hl (100g/ha)
Chlorantraniliprole 200 g/L;COREGIS SC I.025-22;PROMOCHIMIE DU PONT/FMC;Tomate :Tuta absoluta:50 cc/hl
Chlorantraniliprole 200 g/l;CLEVEROLE SC I.10-23;UNIAGRO SHANDONG;SHANDONG TOMATE SOUS SERRE :Tuta absoluta:50 ml/ha
Chlorantraniliprole 200 g/l;KORTEX I.06-24;NEGANOR FFT SHANDONG;WEIFANG RAINBOW CHEMICAL -volume de bouillie:500-600 l/ha
Chlorantraniliprole + Abamectine 4 5 g / L + 1 8 g /L;SC VoliamTargo 063 I.034-11/21;BIOPROTECTION;SYNGENTA
Chlorantraniliprole 100 g/L+50 g/L;BESIEGE 150 ZC I.009-18;COTUGRAIN;SYNGENTA
Chlorantraniliprole +Lambda-cyhalothrine 100 g/l+50 g/l;POLYVALENT I.18-23 Sté El Khadra;EASTCHEM TOMATE SOUS SERRE :Tutaabsoluta :30 cc/hl;l ambdacyhalothrin WEIFANG RAINBOW CHEMICAL CO.LTD CHINE
Chlorantraniliprole 100 g/l+50 g/l;LASTROLE EC I.11-23 UNIAGRO SHANDONG TOMATE SOUS SERRE :Tuta absoluta:30 ml/hl;l ambdacyhalothrin WEIFANG RAINBOW CHEMICAL CO.LTD CHINE;Non spécifié
Chlorantraniliprole 100 g/l+50 g/l;PLIGO ZC I.07-24 NEGANOR FFT SHANDONG TOMATE SOUS SERRE :Tuta absoluta:30 ml/hl;l ambdacyhalothrin WEIFANG RAINBOW CHEMICAL CO.LTD CHINE;Non spécifié
Chlorantranliprole 4%+18%;A BSOLUT SC I.09-23 STEC NANJING TOMATE SOUS SERRE :Tutaabsoluta :50 cc/hl;methoxyfenozide AGROCHEMICA L CHINE;Non spécifié
Chromafénozide 50 g/L;Matric I.044-11/21;BIOPROTECTION;UPL/ARYSTA
Cinnamaldéhyde w/w :22.03;S EICAN EC I.33-23;ATLAS AGRICOLE S EIPASA S.A TOMATE SOUS SERRE : Acariens rouges : 250cc/hl(2.5 l/ha);Volume de bouillie 1000 l/ha Application foliaire Appliquer en préventive oudés l'apparition des œufs ou larves Répéter le traitement tout les 5 à 7 j DAR:0 j ( COMM 28/12/2023)
Clofentezine;Apollo 50 A.045-11/21;STEC AAKO BV;C. maraichères : Acariens : 100 cc/hl
Cyantraniliprole;V ERIMARK SC I.25-23;SEPCM FMC;TOMATE SOUS SERRE:Mouche blanche (Bemisiatabaci):0.375 l/ha en goutte à goutte
Cyantraniliprole;O KINA SC I.05-23;SSCC FMC;TOMATE SOUS SERRE :Mouche blanche (Bemisiatabaci):0.375 l/ha en goutte à goutte
Cyantraniliprole;Benevia I.014-16;AGRIMATCO DU PONT;Tomates sous serre : mouche blanche : 0.6 l/ha (En Préventif : avant début de l’attaque)
Cyantraniliprole;Preza OD I.11-21;Agriprotec DU PONT/FMC;Tomates sous serre : mouche blanche : 0.6 l/ha (En Préventif : avant début de l’attaque)(COMM09/02/21)
Cyantraniliprole;PLESIVA ALPHA I.011-22;BIOPROTECTION SYNGENTA;Tomate sous serre:Mouche +Acibenzolar-S-methyl SC blanche(Bemisiatabaci)
Cyantraniliprole+Abamectine 60 g/l+18g/l SC;MINECTO PRO I.006-22;BIOPROTECTION SYNGENTA;SYNGENTA
Cyflumetofen 100g/l DC;DANIRANGER I.001-22;AGRIMATCO OAT;AgrioCO.Ltd
Cyflumetofen 193.5 g/1 SC;VELAR 20 SC I.03-21;cotugrain OAT;Agrumes: Acariens(TetranychusUrticae):1 l/ha Agrio(Fab)/Japo(LI BBCH:11-85 DA PLANT
Cypermethrine 100 g/l EC;CYTHRINE 10 EC I.41-23;AGRIPROTEC;ARYSTA
Cypermethrine 250 g/L EC;SYNCHRO I.004-15;EL KHADRA;SHARDA
Cypermethrine 25% EC;S INOCYPER I.44-23;EL KHADRA;CROPSAVE
Cypermethrine 250 g/L EC;CYPERNOVA I.004-17;AGRINOVA;SHARDA
Cypermethrine 500 g/l EC;CYPGOLD 500 I.029-22;EL MOUSSEM;ARYSTA
Cypermethrine 100 g/l EC;CYRUX I.003-17;PROTAGRI;UPL
Cypermethrine;MG Belem;I. SEPCM SBM;Non spécifié
Cyperméthrine;Selene I.048-11/21;ETS. MEZGHANI INDUSTRIAL;Key QUIMICA
Cyperméthrine;Sherpa I.146-11/21;JADWA AGROTEC;CMPA
Cyperméthrine;Cyper cal 250 EC I.046-11/21;BIOPROTECTION UPL/ARYSTA LIFESCIENCE;Non spécifié
Difenoconazole + Cyprodinil;INSPIRE PLUS F.03-23;BIOPROTECTION SYNGENTA;Non spécifié
Deltamethrin;CISTHRIN EC I.45-23;UNIAGRO SHANDONG;RAINBOW
Deltamethrin 25 g/l EC;DELTOP EC;COTUGRAIN SHANDONG;TOMATE:Noctuelles: 75 ml/hl
Deltamethrine 25 g/l EC;D66;ETS MEZGHANNI INDUSTRIAL;Agrumes: Cochenilles : 50 cc/hl
Deltamethrine 25 g/l EC;Dextra 25 EC;16-016I. RAYEN TAGROS;Tomate : Noctuelle : 75 cc/hl
Deltamethrine 25 g/l EC;Delmitox;16-011I. SANABEL AGRO SHARDA;Tomate : Pucerons : 100 cc/hl
Deltamethrine 15 g/l EC;Atrium 16-012I.;SANABEL AGRO ROTAM;Féverole : Sitonesphytonomes : 0.75 l/ha
Deltamethrine 25 g/l EC;Sergent I.006-15;SOCOOPEC SHARDA;Pommier : pucerons : 100 cc/hl
Deltamethrine 25 g/l EC;SCATTO EC;I.013-19 STIMA ISAGRO;Pêcher: Cératite:100 ml/hl
Deltaméthrine 100 g/L EC;Decis Expert I.056-11/21;ATLAS AGRICOLE BAYER;Tomate de pleins champs : Noctuelles (chenilles défoliatrices) : 15 cc/hl
Deltaméthrine 2 5 g/l EC;C OBRA EC;I.43-23 SSCCokina GHARDA;TOMATE SOUS SERRE : Noctuelles :75 cc/hl
Deltaméthrine 25 g/l EC;S ERISS 25 EC;I.40-23 EL KHADRA INDUSTRIAS;TOMATE SOUS SERRE :Noctuelles :50 cc/hl
AFRASA S.A;Non spécifié;Non spécifié;Traitement foliaire
ALBAUGH;Non spécifié;Non spécifié;Volume de bouillie :700 à 1000 l d’eau/ha
EUROPE SARL;Non spécifié;Non spécifié;2 Traitements espacés de 14 jours par cycle de la culture. -1er traitement au stade BBCH 72-73
Deltamethrine 100 g/l;D EXTRA 100 EC;RAYEN TRAGOS;Non spécifié
Deltaméthrine 25 g / L;Deltacal I.053-11/21;BIOPROTECTION UPL/ARYSTA;Non spécifié
Deltaméthrine 25 g / L;Decis EC 25 I.054-11/21;EL MOUSSEM BAYER;CROPSCIENCE
Deltaméthrine;E C Fruithrine;PROTAGRI;United Phosphorus
Deltaméthrine;Delta;STEC BAYER CROPSCIENCE;BAYER CropScience
Diafenthiuron;Pegasus 500 SC;BIOPROTECTION SYNGENTA;SYNGENTA
Difenoconazole;ANJI 250 EC;STEC JIANGSU MELON;FENGDENG (Sphaerotheca fuliginea)
Dinotefuran;STARKLE 20SG;AGRIMATCO;MITSUI CHEMICALS
Emamectin benzoate;Proact 50 EC;TASMID ASTRACHEM;ASTRACHEM
Emamectin benzoate;ROFAST EC;PLANETE VERTE;ASTRACHEM/AS
Emamectin benzoate;Proclaim 05 SG;BIOPROTECTION SYNGENTA;SYNGENTA
Emamectin benzoate;JEMSTAR;FERTIPLANT;KRISHLIFESCIENCE
Emamectine benzoate;E MATOP;Sté El Khadra;HANGZHOU TOMATE
Emamectin Benzoate + 20 g/l+60 g/l EC;Prifenup EC;UNIAGRO SHANDONG;RAINBOW CHEMICAL CO.LTD
Emamectin Benzoate + 20 g/l+60 g/l EC;PROXYSAFE EC;PLANETE VERTE SHANDONG;SHANDONG
Emamectin benzoate + 40 g/l+160 g/l EC;SPANVIC PLUS I.11-23;UNIAGRO SHANDONG;SHANDONG
Emamectin benzoate + 40 g/l+160 g/l EC;SMECTO SC I.05-24;NEGANOR FFT SHANDONG;SHANDONG
Etofenprox 30% EC;TREBON EC;ATLAS AGRICOLE SIPCAM INAGRA;S.S
Etoxazole 110g/l SC;Borneo 10 SC I.A.017-17;BIOPROTECTION SUMITOMO;SUMITOMO
(E,Z,Z)-3,8 ,11-Tetradecadien -1-60 mg VP SHIN –ETSU MD I.014-22;COTUGRAIN;Shin ETSU;SHIN –ETSU
Fenazaquin;MAGISTER A.I.003-20;SEPCM GOWAN Espagne Olivier;Olivier
Fenazaquin;QUEEN SC I.49-23;SHARDA SHARDA;TOMATE SOUS SERRE : Acariens rouges:50 cc/hl
Fenazaquin;QUEEN PRO SC I.09-24;SHARDA SHARDA;TOMATE SOUS SERRE : Acariens rouges:50 cc/hl
Fenpyroximate 5,1,2 g/L;FLASH EVO I.012-18;EL KHADRA SIPCAM INAGRA;ancientfabricant: NIHON NOHYAKU Co.
Fenpyroximate 5,0 g/L;Mitacid I.010-15;INNOVA SIPCAM INAGRA;ancientfabricant: NIHON NOHYAKU Co.
Flonicamid 500 g/kg;TEPPEKI WG I.10-21;AGRIPROTEC ISK Biosciences;Europe -Mode de traitement : goutte à goutte
Flubendiamide 480 g/l SC;FAME 480 SC I.020-22;ATLAS AGRICOLE;BAYER
Flubendiamide 24% WG;AKITOP WG I.17-23;Sté EL KHADRA;EASTCHEM CO,Ltd CHINE
Flubendiamide 20% WG;Takumi 20 WG I.070-11/21;EL MOUSSEM NIHON;NICHINO EUROPE
Flufenoxuron 100 g/L EC;Qatar I.071-11/21;AGROSYSTEMES GLOBACHEM;Non spécifié
Flupyradifurone 200g/l SL;SIVANTO PRIME I. 016-17;ATLAS AGRICOLE;BAYER A.G
Fluxametamide;GRACIA 100 EC;AGRIMATCO NISSAN;NISSAN TOMATE SOUS SERRE
Gamma-cyhalothrine;Vantex 60 g/l;AGROSYSTEMES FMC;FMC
Helicoverpaarmigeranucleopolyhedrovirus BIOCONTROL;BOLLDEX SC I.010-17;ALOHA Agriculture ANDERMATT;ANDERMATT
Hexythiazox;Jalisco IA.010-16;AGRIPROTEC PROPLAN/QUME;PROPLAN/QUME
Hexythiazox;Diablo I.A.175-11/21;EL KHADHRA INDUSTRIAS AFRAZA/ALBAU GH EUROPE SARL;AFRAZA/ALBAU GH EUROPE
Hexythiazox;Cesar I.A.075-11/21;EL MOUSSEM NIPPON SODA AGRICOLE CO., LTD/ARYSTA/UP;ARYSTA
Hexythiazox;Exitox I.A.177-11/21;Ets MEZGHANI INDUSTRIAL QUIMICA KEY;MEZGHANI INDUSTRIAL
Hexythiazox;ACRUX SC 258,7 g/l;Ascenza Agro AGROSYSTEMES;ASCENZA AGRO
Hexythiazox 258.7 g/l SC;DIABLO MAX SC;EL KHADRA INDUSTRIAS;Agrumes: Acariens(Tetranychusurticae):20 cc/hl
Hexythiazox 258.7 g/l SC;ROCINANTE I.04-21;AGRIPROTEC PROPLAN/QUME;"Palmier dattier : acarien "" Oligonychusafrasiticus"" :20 cc/Hl"
Hexythiazox 258.7 g/l SC;ROCINANTE I.04-21;AGRIPROTEC PROPLAN/QUME;"Palmier dattier : acarien "" Oligonychusafrasiticus"" :75 cc/Hl"
Hexythiazox 258.7 g/l SC;OLEORA EC I.04-23;BIOPROTECTION UPL;Agrumes: Cochenille : Pou rouge de floride (chrysomphalusaonidum):100 ml/hl(max. 2 L/ha)
Hexythiazox 258.7 g/l SC;OVIPRON TOP I.003-22;BIOPROTECTION UPL;Agrumes:Acariens(Tetranychusurticae):1.5 l/hl
H uile de paraffinique 79 % EC;LAINCOI L EC I.033-22;FERTITECH LAINCO;LAINCO
H uile de paraffinique 79 % EC;OLEO CA P EC I.047-22;NEGANOR LAINCO;LAINCO
H uile de paraffinique 830g/l EC;AGROIL BLEU I.034-22;PROMOCHIMIE SIPCAM INAGRA;SIPCAM INAGRA
Huile minérale 8 5 0 g / L E C;SunOIL I.008-13/23;AGRIMATCO PETRONAS;PETRONAS
Huile minérale 8 1 7 g / L E C;Oviphyt I.127-11/21;ATLAS COMPTOIR INDUSTRIE COMMERCIAL DES LUBRIFIANTS/S;ATLAS COMPTOIR
Huile minérale 8 5 0 g / L E C;Citrole I.076-11/21;EL MOUSSEM TotalEnergies;TotalEnergies
Acariens trait. D’hiver;E C L U M I E R E E C I . 5 0 - 2 3;COTUGRAIN;Non spécifié
Huile minérale;E C Insecticida KEY I.001-14/24;ETS MEZGHANI;TotalEnergies
Huile minérale;PetrOil I005-17;SOCOOPEC PETRONAS;PETRONAS
Huile minérale;Plant oil I.149-11/21;STE EL KHADRA INDUSTRIAS;AFRAZA/ALBAU
Indoxacarb 150 g/l;PIXEL SC I.043-22;FERTITECH TOPAGRO;BIOSCIENCE
Indoxacarb 150 g/l;POTER I.07-23;PROTAGRI NANJING;AGROCHEMICA
Indoxacarb 30 % WDG;INDOXAL XTRA I.15-23;AGRINOVA AGROBEATS;WDG TECH CHINE
Indoxacarb 30 % WDG;VEROX WDG;SANABEL AGRO;AGROBEATS
Indoxacarbe 150 g/l SC;OXAL SC;NEGANOR Jingboagrochemica;TECH CHINE
Indoxacarbe 150 g/l SC;INDO SUPER SC;Sté ELKHADRA NINGBO;SUNJOY AGROSCIENCE -CROPIDEA
Indoxacarbe 30% WG V;IRTUOZ WG;NEGANOR SHANDONG WEIFANG;RAINBOW CHEMICAL
Indoxacarbe 30% WG;HoproleXtra I.040-22;UNIAGRO Shandong weifang;RAINBOW CHEMICAL
Indoxacarbe 30% WG J OKARI 30WG;OKARI 30WG;SEPCM AAKO;TOMATE SOUS SERRE
Indoxacarbe 150 g/L SC;TALENT 150 SC;Ets MEZGHANI;ASTRACHEM/AS TRANNOVA
Indoxacarbe 150 g/L SC;Amiral I.087-11/21;EL MOUSSEM PARIJAT;AGRICOLE INDUSTR.
Indoxacarbe 150 g/L SC;GENERAL SC;RAYEN PARIJAT;PHYTAGRI INDUSTR.
Indoxacarbe;AVATAR EC;ATLAS AGRICOLE DU PONT/FMC;ATLAS AGRICOLE DU PONT/FMC
Indoxacarbe;Avaunt;SEPCM DU PONT/FMC;DU PONT/FMC
Indoxacarbe;STARCARB;SSCC GARDA;GARDA CHEMICAL
Indoxacarbe;GENERAL;ATLAS AGRICOLE GHARDA HOUSE;GHARDA HOUSE
Lambda-cyhalothrin;LASTING EC;UNIAGRO SHANDONG;SHANDONG RAINBOW CHEMICAL CO.LTD
Lambda-cyhalothrin;LATHRIN EC;PLANETE VERTE;SHANDONG RAINBOW CHEMICAL CO.LTD
Lambda-cyhalothrine;BREAK ME SC;EL KHADRA AUGUST;CORPORATE
Indoxacarbe;Vaulent;TASMID ASTRACHEM;ASTRACHEM
Lambada cyhalothrine;Kempo EG;BIOPROTECTION NUFARM;NUFARM
Lambada cyhalothrine;KAISO 5%;EL MOUSSEM;NUFARM
Lambda cyhalothrin;JUDO I. 013-17;STIMA;Sharda
Lambda cyhalothrin;INDIGO WDG I. 15-21;AGRIMED;Sharda
Lambda-cyhalothrin;KEYLAM EC I.003-18;EtsMezghanni Industrialquimica;Non spécifié
Lambda-cyhalothrine;POINTER GEO I.07-21;AGRIPROTEC;SIPCAM INAGRA
Lambda-cyhalothrine;TRIKA EXPERT I.06-21;PROMOCHIMIE;SIPCAM INAGRA
Lambda-cyhalothrine;LAMBDATROL I.007-18;AGRIPROTEC;SIPCAM INAGRA
Lambda-cyhalothrine;POINTER100 CS I.002-17;promochimie;SIPCAM INAGRA
Lambda-cyhalothrine;Pulsar I.168-11/21;PROTAGRI;United Phosphous Ltd
Lambda-cyhalothrine;Ravane I.091-11/21;AGROSYSTEMES;GLOBACHEM
Lambda-cyhalothrine;Markate I.016-15;AMINCO;GLOBACHEM
Lambda-cyhalothrine;Expert I.007-15;SANABEL AGRO;SHARDA
Lambda-cyhalothrine;lalione EC I.16-21;deltaagicole plus;SHARDA
Lambda-cyhalothrine;Jackpot 16-013I.;SANABEL AGRO;ROTAM
Lambda-cyhalothrine;K ung Fu I.005-18;SOLAGRI;SYNGENTA
Manipropamide +Oxychlorure de cuivre;REVUS C F .05-23;BIOPROTECTION;SYNGENTA
Metaflumizone;VERSIMO 240 SC I.13-21;AGRIPROTEC;BASF
metarhiziumrileyi strain PHP1705:1x108 N omu-Protec I.48-23;ALOHA ANDERMATT;Non spécifié;Non spécifié
Métam sodium 5 1 0 g / L S;L Fumical IN.098-11/21;BIOPROTECTION;UPL/ARYSTA
Methoxyfenozide 240 g/l SC;Runner I.019-16;PROMOCHIMIE DOW;AGROSCIENCES
Milbemectin 10 g/L EC;Milbeknock IA.103-11/21;AGRIPROTEC;Mitsui Chemicals C
Non spécifié;Non spécifié;Non spécifié;Non spécifié
Natural Pyrethrin;P ULSEI EC;COTUGRAIN SPEISA SA;Non spécifié
Oxamyl;Vydate 10 L 128-11/21;Tomate: mouche blanche: 10 l/ha;I. AGRIPROTEC DU PONT/cortevaagris science
Pyriproxyfen;L YNO EC;PROTAGRI NANJING TOMATE SOUS SERRE : Mouche blanche:50 CHINE(dis)/jiangs u (fab) 02 applications max durant 7 j d'intervalle;Non spécifié
Pyriproxifene;DRASSEN I.06-23;AGRONOMIC jiangsukuaida/shan Agrume : Cochenille : Pou rouge de land ghai shengnong floride (chrysomphalusaonidum):50 cc/hl;Non spécifié
Phosmet 50% WP;Imidan 50 A I.152-11/21;AGRIPROTEC GOWA&N/Espagn Arbo:Carpocapse, teigne, ver de jeunes fruits, psylle :100 g/hl;Poirier : Carpocapse:100 g/hl
Phosmet 50% WP;Foslete 50 I.011-13/23;EL KHADHRA SIPCAM INAGRA Arbo: Carpocapse, teigne, ver de jeunes fruits, psylle :100 g/hl;Non spécifié
Pyradaben 200 g/kg WP;R HAMSES 20 WP I.34-23;PLANETE VERTE;ASTRANOVA
Pyréthrine 40g/l EC;ABANTO 40 EC I.008-19;EL KHADRA INDUSTRIAS;AFRAZA/ALBAU (SARL EUROPE)
Phosphure d’Al. 77,50%;Quickphlo-R I.153-11/21;PROTAGRI UNITED;Non spécifié
Phosphure d’Al. + Phosphure d’Hy. 57% + 33%;Quickphos I.154-11/21;PROTAGRI UNITED;Non spécifié
Phosphure d’Al. + Phosphure d’Hy. 57% + 33%;Detia Gas I.142-11/21;STIMA DETIA;Non spécifié
Phosphure de Magnésium 57%+33%;PL Magnaphos I.171-11/21;PROTAGRI UNITED;Non spécifié
Phosphure de Magnésium 57%+33%;PL Deguech plate I.143-11/21;STIMA DETIA;Non spécifié
Pyrethrines;K RISANT EC;PROMOCHIMIE SIPCAM;SEIPASA S.A
Pyrethrins;PIRECRIS I.008-22;ATLAS AGRICOLE;SEIPASA S.A
Pyrethrins;Piretro Verde I. 012-17;STIMA COPYR S.p.A;SEIPASA S.A
Pyridalyl;Sumipleo50EC I.015-16;AGRIMATCO;SUMITOMO
Pyrifluquinazon;RCYCAR SC I.007-22;EL KHADRA SIPCAM;SIPCAM
Pyrimicarbe 5 0 % WG;y I.110-11/21;AGROSYSTEMES GLOBACHEM;SYNGENTA
Pyrimicarbe 5 0 % WG;Tornado I.017-15;AMINCO GLOBACHEM;SYNGENTA
PYRIMIPHOS METHYL 500 g/l EC;ACTELIC EC;y I.02-24;AGRIPROTEC SYNGENTA
Pyriproxyfen 100 g/l EC;MAGIC EC;y I.009-22;Fertitech HANGZHOU
Pyriproxyfene 100 g/l EC;MULIGAN I.001-18;AGRIPROTEC PROPLAN/QUME;PROPLAN/QUME
Pyriproxyfene;PROXIMO EC;EL KHADRA INDUSTRIAS;Tomate : Mouche blanche /75 cc/hl (12/01/2018)
Pyriproxyfene;BRAI EC;RAYEN LAINCO SA;Agrumes: Cochenille australienne: 50 cc/hl
Pyriproxyfene;PROXYG OLD EC;NEGANOR LAINCO SA;Agrumes: Cochenilles australienne : 50 cc/hl (27/12/22)
Spinetoram;Radiant 120 SC;ATLAS DOW;Cultures Maraichères s/serres : Noctuelles : 50 cc/hl
Spinetoram;Radiant 120 SC;ATLAS DOW;Tomate :Tutaabsoluta :50 cc/hl
Spinetoram;Radiant 120 SC;ATLAS DOW;Poirier : PSYLLE : 80 CC/HL
Spinetoram;Radiant 120 SC;ATLAS DOW;Piment : Thrips : 50 cc/hl
Spinetoram;Radiant 120 SC;ATLAS DOW;Pomme de terre: Teigne:10 cc/hl (Par pulvérisation ou trempage)Vigne: Thrips: 40 cc/hl(Pulvérisation foliaire)
Spinetoram;Radiant 120 SC;ATLAS DOW;Vigne: Drosophile: 20 cc/hl
Spinetoram;CORTIVA TOMATE SOUS SERRE;ATLAS AGRICOLE;TOMATE SOUS SERRE : Noctuelles : 35 cc/hl + Methoxyfenozide Application foliaire
Spinosade;SPINO 480 SC;EL KHADRA BAICO;Tomate sous serre:Tuta absoluta:0.25l/ha (25 cc/hl) BIOTECH Volume de bouillie:800-1000 l -pulvérisation foliaire -1 à 2 traitements par saison -au début de l'attaque, lorsque les premiers symptômes sont visibles. -DAR:0 jours. (COMM 08/06/22)
Spinosade;SPINO 480 SC;EL KHADRA BAICO;Pomme de terre de conservation :Teigne :5cc/hl pulvérisation sur tubercules, par trempage -moment: pendant la conservation. -DAR:0 jours AUTORISATION PROVISOIRE DE VENTE (comm22/05/2024)
Spinosade 480 g/l SC;Spanvic I.13-23;UNIAGRO SHANDONG;WEIFANG RAINBOW CHEMICAL (COMM 28/12/2023) CO.LTD
Spinosade 480 g/l SC;SPINOR 480 SC I.12-24;PLANETE VERTE;WEIFANG RAINBOW CHEMICAL (COMM 22/05/2024) CO.LTD
Spinosade 240 g/L SC;LASER 240 SC I.010-13/23;ATLAS AGRICOLE DOW;SHANDONG TOMATE SOUS SERRE :Tutaabsoluta : 50 cc/hl
Spinosade 0,24 g/L CB;Spintor I.007-14/24;ATLAS AGRICOLE DOW;AGROSCIENCE/c Tomates s/serres : Mouches mineuses : 60 cc/hl
Spinosade 480 g/l SC;SPINOBEST I.53-23;TASMID BAICO BIOTECH CO,LTD;/Tomate sous serre:Tuta absoluta:0.25l/ha (25 CO,LTD/
Spinosad 10% SC;SUCCESS SC I.16-23;PROTAGRI NANJING TOMATE SOUS SERRE : Tutaabsoluta :120 cc/hl AGROHEMICAL Traitement des parties aeriennes CHINE Intervalle de traitement 7-14 jours DAR:35 jours (COMM 28/12/2023);Non spécifié
Spirodiclofen 24% SC;SPIRIDOR 240 SC I.01-21;SHARDA SHARDA Agrumes:Acariens(TetranychusUrticae) :40 cc/hl CROPCHEM CROPCHEM le produit présente un effet toxique significatif sur les prédateurs respectivement aux 14ème et 21ème jours après traitement. (COMM09/02/21);Non spécifié
Spiropidion 300g/l;ELESTAL300 SC;BIOPROTECTION SYNGENTA;Agrumes: Pou rouge de floride, Pou rouge de Californie
Spirodiclofen 24%;SPIDER EXTRA I.026-22;SANABEL AGRO SHARDA;Agrumes: Acariens (Tetranychus Urticae)
Spirodiclofen 240 g/L;Bolido 240 SC IA.114-11/21;PROMOCHIMIE BAYER;CROPSCIENCE
Spirodiclofen 240 g/L;Envidor IA.115-11/21;STEC BAYER;CROPSCIENCE
Spirodiclofen 240 g/l;ASKARI 240 SC I.002-22;SEPCM AAKO;Tomate sous serre: Mouches blanches (Bemisiatabaci)
Spirodiclofen 240 g/l;ACAROS SC I.012-22;STEC Shandong NANJING;Tomate sous serre: Mouches blanches (Bemisiatabaci)
Spirodiclofen 240 g/l;SPIROFEN 01-24.I Ste ELKHADRA EASTCHEM;STEKHALDRA EASTCHEM;"Palmier dattier: Acarien ""Oligonychusafrasiticus"""
Spiromesifen 240 g/L SC;Oberon 240 SC;IA.116-11/21 ATLAS AGRICOLE BAYER;BAYER
Spirotetramat 150 g/L OD;Movento 150 OD;IA.117-11/21 ATLAS AGRICOLE BAYER;BAYER
Spirotetramat 240g/l SC;Natramat 240SC;I.02-23 AGRIPROTEC Jiangsu United;AGRIPROTEC JIANGSU UNITED
Spirotetramat 22.4% SC;M AGNUS SC;I.29-23 STEC AAKO;STEC AAKO
Spinetoram + Sulfoxaflor(Isoclast 100g/kg+300g/k WG FIDELITY WG I.32-23 SEPCM CORTEVA TOMATE SOUS SERRE :Pucerons;0.08 kg/ha;Non spécifié;Non spécifié
SplenNPV(Littovir I.007-19) ALOHA ANDERMATT Fraisier: Noctuelle;200 cc/hl;Non spécifié;Non spécifié
Spores de lecanicillummuscarium(MYCOTAL WG I.004-18) NUTRIPLANT KOPPERT Tomate: Aleurodes;1g/l de produit + 2.5 ml/l de adpro (adjuvant);Non spécifié;Non spécifié
Sulfoxaflor(Closer 240 SC I.008-15) SEPCM DOW Agrumes : Cochenilles;20 cc/hl;Non spécifié;Non spécifié
Sulfoxaflor(TRANSFORM I.55-23) EL BARAKA DOW Agrumes : Cochenilles;20 cc/hl;Non spécifié;Non spécifié
Tau-fluvalinate(Mavrik 2 F I.173-11/21) STEC AAKO Tomate, piment, pommier : Pucerons;100 cc/hl;Non spécifié;Non spécifié
Tebufenpyrad(MASAI I.A.007-13/23) AGRIPROTEC BASF/belchim/CeratisBelchimN.V Agrume:Acariens;50 g/hl;Non spécifié;Non spécifié
Tefluthrine;GR VOLTRA;COTUGRAIN SYNGENTA;SYNGENTA
Tefluthrine;DIASTAR MAXI;RAYEN DIACHEM;SYNGENTA
Tolfenpyrade;HACHI-HACHI;EL KHADRA SIPCAM;SIPCAM
Adepidyn+ Difenoconazole 75 g/l+125 g/l;Miravis duo SC;BIOPROTECTION SYNGENTA;SYNGENTA
Ametoctradin+ Dimethomorph 300 g/L + 225 g/L;Orvego F.002-14/24;AGRIPROTEC BASF;BASF
Ametoctradine 200 g/l;SNOOKER SC;STIMA;BASF
Amisulbrom 200g/l;LEIMAY 20 SC;AGRICOLE EUROPE SAS/ARYSTA;NISSAN CHEMICAL
Aureobasidiumpullulans DSM 500g/kg(2.5*109 WG);BOTECTOR WG;STIMA BIOFERM/SAN;BIOFERM/SAN Vigne
Azoxystrobine 25%;SORBISTAR F.040-22;SOCOOPEC ZHEJIANG E-TONG;ZHEJIANG E-TONG CHEMICAL Melon
Azoxystrobine 25%;ASTRO EC F.26-23;TASMID;ZHEJIANG E-TONG CHEMICAL Melon
Azoxystrobine 250 g/l;LEGADO 250 SC;EL KHADRA INDUSTRIAS AFRAZA/ALBAUGH;EUROPE SARL Blé
Azoxystrobine 250 g/l SC;Azox SC;F.039-17;Ets MEZGHANNI JIANGYIN SULI
Azoxystrobine 50% WG;AXYTOP 50WG;F.060-22;EXCEL AGRI SHARDA
Azoxystrobine 50% WG;Cayen 500 WG;F.035-16;RAYEN SHARDA
Azoxystrobine 250 g/l SC;SINSTAR SC;F.030-17;SANABEL AGRO SINON CORPORATION
Azoxystrobine 250 g/l SC;Globazta 250 SC;F.017-13/23;AGROSYSTEMES Globachem
Azoxystrobine 250 g/l SC;Zafra SC;F.034-15;AMINCO
Azoxystrobine 250 g/l SC;aZimuT SC;F.48-21;ATLAS AGRICOLE NUFARM
Azoxystrobine 250 g/l SC;TaZer 250 SC;F.024-15;EL MOUSSEM NUFARM
Azoxystrobine 250 g/l SC;Affix 250 SC;F.030-16;PROTAGRI UPL
Azoxystrobine 250 g/l SC;Aroxy 250 SC;F.074-22;AGRIMATCO UPL
Azoxystrobine 250 g/l SC;HyDo 250 SC;F.34-21;STEC nanjing JIANGYIN SULI CHEMICAL AGROCHEMICAL
Azoxystrobine 250 g/l SC + Cyproconazole 80 g/l SC;COUGAR SC;F.016-18;PROTAGRI UPL LIMITED
Azoxystrobine 250 g/l SC + Cyproconazole 80 g/l SC;Double Force;F.029-17;SANABEL AGRO SHARDA
Azoxystrobine 200 g/l+125 g/l SC;AMISCORE SC;PROTAGRI NANJING Vigne:Mildiou (Plasmopara viticola):50 cc/hl;F.014-22
Azoxystrobine +Difeconazole 125 g/l+125 g/l SC;PRIORI GOLD;SOLAGRI SYNGENTA Crop Blé dur:Septoriose(Septoriatritici) ,Rouille :1;F.40-21
Azoxystrobine 200 g/l+125 g/l SC;Black panther SC;FERTITECH HANGZHOU TOPAGRO Vigne:Oidium(Uncinulanecator): 450 ml/ha;difenoconazole BIOSCIENCE -volume de bouillie:1000 l/ha
Azoxystrobin + Flutriafol 25%+12.5% SC;CURAX EXTRA;SHARDA SHARDA CROPCHEM Blé:Rouille(puccinia spp):0.5 l/ha;SC CROPCHEM
Azoxystrobin + Flutriafol 25%+12.5% SC;CURATEX F.63-21;AGRIMED SHARDA CROPCHEM Blé:Rouille (puccinia spp):0.5 l/ha;EXTRA SC DISTRIBUTION
Azoxystrobine +flutriafol 125 g/l+125 g/l SC;Impact max SC;AGRIPROTEC Cheminova/FMC Blé tendre: Rouille:0.6 l/ha;F.037-22
Azoxystrobine +flutriafol;NANOK F.16-23 AGRIPROTEC;FMC;Tomate sous serre :Oidium(Leveillulataurica)
Azoxystrobine + Tebuconazole;START-UP F.038-15 BIOPROTECTION;AAKO;Blé: Septoriose
Azoxystrobine + Tebuconazole;Altitud Gold F.025-16 SANABEL AGRO ROTAM;240SC AGROCHEMICALS/rival Vigne : Oïdium;ROTAM Blé dur : Rouilles
Azoxystrobine;AZ-TOP SC F.003-20 SLDA Sharda cropchemlimited;F.003-20 SLDA;Sharda cropchemlimited Féverole: Anthracnose (Aschochytafabae)
Azoxystrobine;Ortiva TOP F.004-18 SLOGRI SYNGENTA;SLOGRI SYNGENTA;Vigne :Oïdium, black-rot
Azoxystrobine + Mefenoxam(metalaxyl-M);UNIFORM 446 F.132-11/21 BIOPROTECTION SYNGENTA;BIOPROTECTION SYNGENTA;Pastèque,Melon :Monosporascus, Macrophomina
Azoxystrobine + Mefenoxam(metalaxyl-M);SERENADE F.13-21 EL MOUSSEM Bayer AG;Bayer AG;Tomate sous serre :Pourriture grise(Botrytis QST713SCmin bacillus subtilis PRIME cinerea)
Bacillus subtilis de souche Y 1x109 CFU/g WP;BIOBAC F.131-11/21;BIOPROTECTION BION TECH INC/ AAKO;Non spécifié
Bacillus amyloliquefaciens 130 g/kg WP;Taegro F.006-22;COTUGRAIN Novozymesbiologicalsinc;Vigne:Oidium(Uncinulanecator):370 g/ha
Bacillus subtilis strain 1x108ufc/g SL;Fungisei SL F.008-22;ATLAS AGRICOLE SEIPASA S A;Vigne:Oidium Uncinulanecator:150 ml/hl(1.5 IAB/BS03 l/ha)
Borax 1 0 g / L;OROTUN I.A.F.017-16;RAYEN ORO AGRI;Non spécifié
Boscalid 5 0 % W G;Cantus WG F.005-11/21;STIMA BASF;Vigne : Botrytis : 75 g/hl
Boscalid 5 0 % W G;MASTOR WG F.47-21 rayenphytagri;BASF;Vigne : Botrytis : 75 g/hl
Boscalid +Krésoxym-Methyl 200 g/L +100 g/L SC;hexagon SC F.45-21 cotugrain;BASF;Vigne : Botrytis, oïdium : 40 cc/hl (au stade floraison à la véraison de la culture)
Boscalid +Krésoxym-Methyl 200 g/L +100 g/L;SC Collis 300SC F.007-11/21;STIMA;BASF
Boscalid +Pyraclostrobin 25,2 % +12,8%;Pristine WG F.006-11/21;AGRIPROTEC;BASF
Boscalid +Pyraclostrobin 267 g/kg +67;Signum WG 015-14/24F.;COTUGRAIN;BASF
Bromuconazole 100g/l;Vectra 10 SC F.037-15;STEC SUMITOMO;SUMITOMO
Bupirimate 2 5 0 g / L E C;Nimrod F.008-11/21;SEPCM AAKO BV;AAKO BV
Captane 80% WG;CAPITOL 80 WG F.023-17;EXCEL AGRI SHARDA;SHARDA
Captane 80% WG;Malvin80 WG F.135-11/21;BIOPROTECTION UPL/ARYSTA;ARYSTA
Captane 500 g/kg WP;PROTHANE F.020-16;DELTA AGRICOLE SHARDA;SHARDA
Captane 80% WG;MITANE F.016-16;SOCOOPEC SHARDA;SHARDA
Captane 480 g/l EC;CAPLANT EC F.008-19;FERTIPLANT Sharda Cropchem Limited;CROPCHEM LIMITED
Captane 480 g/l EC;KAPI-TOP 48 EC F.67-21;Agrinova SHARDA CROPCHEM;CROPCHEM
Captane 8 3 % W P;FILDER F.058-22;EL MOUSSEM ARYSTA;ARYSTA
Captane 8 3 % W P;Captan 83 WP;AGRIPROTEC;ARYSTA
Captane 8 3 % W P;Akotan 830 WP;SEPCM;AAKO
CINNAMOMUM 22.03% EC Cynam EC;Cynam EC;COTUGRAIN;LIDA
Chinozole 500 g/L SL;Beltanol-L;AGRIPROTEC;PROBELTE
Chinozole 500 g/L SL;V-NOL;AGROSYSTEMES;PROBELTE
Cuivre 360 g/L SC;Hydro Flo;BIOPROTECTION;NUFARM
Cuivre 600 g/l SC;Siscop 60 SC;SEPCM;AAKO
Cuivre Métal 35% WG;AIRONE;AGRIMATCO;ISAGRO/distribute par frarimpex
Cuivre Métal 20% WP;Comac;AGRIPROTEC;NUFARM
Cuivre Métal 50% WP;OSSICLOR 50 PB;ATLAS AGRICOLE MANICA Spa;MANICA
Cuivre Métal 20% WP;Super Bordeaux F.003-13/23;BIOPROTECTION;NUFARM
Cuivre Métal 75% WG;COBRE F.047-17;COTUGRAIN;NORDOX INDUSTRIER
Cuivre Métal 20% WP;POLTIGLIA 20 F.035-17;ATLAS AGRICOLE MANICA S.P.A;Atlas Agro Manica S.p.a.
Cuivre Métal 20% WG;Cuperval WG F.005-13/23;SANABEL AGRO I.Q.V. DELVALLES;Sanabel Agro I.q.v. Delvalles
Cuivre Métal 20% WG;Bouillie Bordelaise F.203-11/21;SEPCM Cerexagri/UPL Ltd;Cerexagri Upl Ltd.
Cuivre Métal 20% WG;Bordo valles WG F.154-11/21;SOCOOPEC I.Q.V. DELVALLES;Sanabel Agro I.q.v. Delvalles
Cuivre Métal 3 5 % W G K ocide 2000;AGRIPROTEC MITSUI & Co Ltd/kocide;AGRIPROTEC;Mitsui & Co Ltd/Kocide
Cuivre Métal 5 0 % W P C O P S I P;SIPCAM INAGRA;INAGRA;Sipcam Inagra
Cuivre Métal 5 0 % W P I n a c o p P M;ATLAS AGRICOLE SIPCAM;INAGRA;Sipcam Inagra
Cuivre Métal 5 0 % W P C o p e z i n e 5 0;EL KHAḌRA SIPCAM QUIMAGRO;QUIMAGRO;Sipcam Quimagro
Cuivre Métal 50 % W P;COBRE KEY F.018-11/21;ET S MEZGHANI INDUSTRI.;Industrie de la Phyto
Cuivre Métal 50 % W P;CUPREN E F.167-11/21;PROMOCHIMI;SIPCAM QUIMAGRO
Cuivre Métal 50 % W P;ROXON 50 F.008-13/23;ANABELA GRO;I.Q.V. – Espagne
Cuivre Métal 50 % W P;CUPROCUVR E F.151-11/21;SEP CI.Q.V. – Espagne;SIPCAM QUIMAGRO
Cuivre Métal 50 % W P;CURENOX F.152-11/21;SOCOOP EC I.Q.V. – Espagne;SIPCAM QUIMAGRO
bacterien, tavelure, septoriose;H i d r o c o b r e 5 0;S O C O O P E C IQV DEL VALLES;F.153-11/21
Mildiou;H i d r o c o b r e 5 0;S O C O O P E C IQV DEL VALLES;F.153-11/21
black-rot, bactériose;H i d r o c o b r e 5 0;S O C O O P E C IQV DEL VALLES;F.153-11/21
taches pourpres, rouges et angulaires;H i d r o c o b r e 5 0;S O C O O P E C IQV DEL VALLES;F.153-11/21
Traitement d’hiver;H i d r o c o b r e 5 0;S O C O O P E C IQV DEL VALLES;F.153-11/21
Mildiou;Cuivre Métal 5 0 % W P;I Q V - Espagne;F.150-11/21
black-rot, bactériose;Cuivre Métal 5 0 % W P;I Q V - Espagne;F.150-11/21
taches pourpres, rouges et angulaires;Cuivre Métal 5 0 % W P;I Q V - Espagne;F.150-11/21
Traitement d’hiver;Cuivre Métal 5 0 % W P;I Q V - Espagne;F.150-11/21
Mildiou;Cuivre métal(xyde de cuivre) 40% WG;SANABEL AGRO IndustriasQuimicas Del Pomme de terre : Mildiou;F.001-19
black-rot, bactériose;Cuivre métal(xyde de cuivre) 40% WG;SANABEL AGRO IndustriasQuimicas Del Pomme de terre : Mildiou;F.001-19
taches pourpres, rouges et angulaires;Cuivre métal(xyde de cuivre) 40% WG;SANABEL AGRO IndustriasQuimicas Del Pomme de terre : Mildiou;F.001-19
Traitement d’hiver;Cuivre métal(xyde de cuivre) 40% WG;SANABEL AGRO IndustriasQuimicas Del Pomme de terre : Mildiou;F.001-19
Mildiou;Cuivre(Oxychlorure de cuivre 57% WP;AGRIMED Shyhamchemical;Pomme de terre : Mildiou
black-rot, bactériose;Cuivre(Oxychlorure de cuivre 57% WP;AGRIMED Shyhamchemical;Pomme de terre : Mildiou
taches pourpres, rouges et angulaires;Cuivre(Oxychlorure de cuivre 57% WP;AGRIMED Shyhamchemical;Pomme de terre : Mildiou
Mildiou;Cuivre(oxychlorure de cuivre ) 57% WP;AMINCO Shyhamchemical;Pomme de terre : Mildiou
black-rot, bactériose;Cuivre(oxychlorure de cuivre ) 57% WP;AMINCO Shyhamchemical;Pomme de terre : Mildiou
taches pourpres, rouges et angulaires;Cuivre(oxychlorure de cuivre ) 57% WP;AMINCO Shyhamchemical;Pomme de terre : Mildiou
Mildiou;Cuivre(oxychlorure de cuivre 350g/kg WG;STIMA Manica S.P.A;Pomme de terre: Mildiou
Cuivre +cymoxanil;Cuprofix C WG;EL MOUSSEM;UPL
Cuivre +cymoxanil;Armetil cuivre F.159-11/21;SOCOOPEC IQV;DEL VALLES
Cuivre +Metalaxyl 40% + 8%;Mevaxil Cuivre F.043-22;NEGANOR;IQV DEL VALLES
Cyazofamid;RANMAN TOP F.05-21;AGRIPROTEC ISK Biosciences Europe;N.V.
Cyflufenamid;CONFIRM 5 EW F.25-21;EL MOUSSEM;NIPPON SODA/ Nisso
Cymoxanil;GR Cymbal 45 F.09-21;NEGANOR BELCHIM;BELCHIM NV
Cymoxanil + cuivre 40% (400 g/kg);CIMOXATE C F.12-23;AGROSYSTEMES ASCENZA;ASCENZA GRO
Cymoxanil + Famoxadone 30%;W G EQUATION PRO F.020-11/21;SEP CMD DU PONT (TAIWAN);AGRISCIENCE
Cymoxanil + Métirame de 4,8% +64% WG;BATO F.61-21;AGRIMATCO;BASF
Cymoxanil + Métirame de 4,8% +64% WG;AVISO DF F.023-11/21;STIMA;BASF
Cymoxanil+ Zoxamid 33%+33% WG;REBOOT WG F.013-22;AGRIMATCO;GOWAN CROP PROTECTION LIMITED
Cyproconazole 10% WG;ATEMI 10 WG F.002-15;AGRIPROTEC;SYNGENTA CROP
Cyproconazole 10% WG;XPERT WG F.013-16;EL KHADRA;SHARDA
Cyproconazole 80 g/L +200 g/L SC;PRIORI XTRA F.003-18;SOLAGRI;SYNGENTA CROP
Cyproconazole + 4% + 37,5 % SC;CHAMPION F.019-17;SOCOOPEC;SHARDA CROPCHEM
Cyproconazole +chlorothalonil 4%+37,5 % SC;CYCLONE F.015-19;SANABEL AGRO;SHARDA CROPCHEM
Cyprodinil;arnatin WG;SYNGENTA;F.68-21 SOLAGRI SYNGENTA
Diethofencarb;FRUGICO SC;AGROSYTEME GLOBACHEM;F.019-16 AGROSYTEME GLOBACHEM
Difenoconazole;250 g/L EC;Difcor;F.027-11/21 AGROSYSTEMES GLOBACHEM
Difenoconazole;30 g/L FS;Difender 30 FS 006-14/24F.;AGROSYSTEMES GLOBACHEM
Difenoconazole;250 g/L EC;Protector;F.032-15 AMINCO GLOBACHEM
Difenoconazole;250 g/L EC;Score 250 EC;F.028-11/21 BIOPROTECTION SYNGENTA
Difenoconazole;FS Spectro 30 FS;BIOPROTECTION SYNGENTA;SYNGENTA
Difenoconazole;CURYGEN EC;EL KHADRA JSC AVGUST INC;AVGUST INC
Difenoconazole;PROZOLE 250;Ets MEZGHANI A STRACHEM;STRACHEM
Difenoconazole;RAYOK;HALAB TUNISIE JSC AUGUST INC;AUGUST INC
Difenoconazole;Festival 250 EC;SANABEL AGRO Sharda World Wide;SHARDA CROPCHEM
Difenoconazole;SITARA FS;SANABEL AGRO SHARDA;SHARDA CROPCHEM
Difenoconazole+Cyflufenamid 60g/l+30g/l DC;DYNALI DC;SOLAGRI SYNGENTA;SYNGENTA
Difenoconazole + Fludioxonil 25 g/l +25 g/l FS;DIFEND EXTRA F.017-18;AGROSYSTEMES Globachem;Globachem
Difenoconazole + Fludioxonil 25 g/L + 25 g/L;Celest Extra 50 FS;BIOPROTECTION SYNGENTA;SYNGENTA
Difenoconazole + Fludioxonil 25 g/l + 25 g/l;Vibrance Gold F.013-15;BIOPROTECTION SYNGENTA;SYNGENTA
Difenoconazole 125g/L +15g/L;CIDELY TOP 140;AGRIPROTEC SYNGENTA;SYNGENTA
Difenoconazole 125g/L +15g/L;MELCAR TOP F.027-18;COTUGRAIN SYNGENTA;SYNGENTA
Difenoconazole + Métalaxyl-M 92 g/l + 23 g/l;SpectroExtreme F.008-14/24;BIOPROTECTION SYNGENTA;SYNGENTA
Difenoconazole + Métalaxyl-M 92 g/l + 23 g/l;DIVIDEND F.006-18 EXTREME 115 FS;SOLAGRI SYNGENTA;SYNGENTA
Diméthomorphe + Fluazinam 200 g/l +200 g/l;FOLY STAR 400;SEPCM AAKO;AAKO
Dimetomorphe + Folpel 11.3% +60% WG;MORPHEE 71.3 F.036-17;BIOPROTECTION AAKO;AAKO
Dimetomorphe + Folpel 11.3% +60% WG;DENIM F.007-17;RAYEN Sharda cropchem;SHARDACROPCHEM
Dimetomorphe + Folpel 11.3% +60% WG;FLOPY DUO F.65-21;AGRINOVA Sharda cropchem;SHARDACROPCHEM
Dimeyhomorph+ cymoxanil 50%+20% WG D IMANYL WG;F.07-23;EL KHADRA HANGZOU TOPAGRO BIOSCIENCE;BIOSCIENCE
Dinocap Meptyl + Myclobutanil 105 g/L + 45 g/L;AGRIKAR STAR F.029-18;ATLAS AGRICOLE DOW AGROSCIENCES;DOW AGROSCIENCES
Dithianon 500 g/l SC;DELAN 500 SC F.050-22;BIOPROTECTION;BASF
Dithianon 70%;ASTRONE F.056-22;SANABEL AGRO SHARDA CROPCHEM;SHARDA CROPCHEM
Dithianon 12 % + 4% WG shanon;F.32-21;AGRIMED shardacropchem;SHARDA CROPCHEM
Dithianon +Pyrachlostrobin 70% WDG;MACCANI F.014-16;COTUGRAIN;BASF
Dodine 400 g/L SC Syllit 400 SC;Syllit 400 SC F.172-11/21;PROTAGRI ARYSTA Life Science;ARYSTA Life Science
Dodine 400 g/L SC Efluzin 400 SC;Efluzin 400 SC F.010-15;SEPCM ARYSTA Life Science;ARYSTA Life Science
EXTRAIT de SWINGLEA 820g/l(82%);SL PERIMETER SL F.22-23;AGRIPROTEC GOWAN CROP;GOWAN CROP
Famoxadone +cymoxanil 22,5%+30% WG;VENUS WG;STIMA Shengnong Pesticide, Co. Ltd/hangzhouTopagro;Shengnong Pesticide, Co.
fenhexamide 53,70% WG;Teldor;PROMOCHIMIE BAYER CROPSCIENCE;Bayer CropScience
fenpyrazamine 50% WG;PROLECTUS;SEPCM SUMITOMO CHEMICAL;Sumitomo Chemical
fluazinam 5 00 g/l SC;Nando;BIOPROTECTION NUFARM;NuFarm
fluazinam 5 00 g/l SC;VERTIGO;Sanabel agro NUFARM;NuFarm
fluazinam +Azoxystrobine 375 g/l+150 g/l SC;VENDETTA SC;STEC FMC;FMC
fludioxinil 230 g/l SC;SCHOLAR 230;BIOPROTECTION SYNGENTA;Syngenta
fludioxonil 1 00 g / L FS;Maxim 100 FS;BIOPROTECTION SYNGENTA;Syngenta
fludioxonil +Cyprodinil 25% +37,5% WG;switch 62,5 WG;BIOPROTECTION SYNGENTA;Syngenta
Fludioxonil +Cyprodinil 25% +37,5% WG;Chorus Double F.044-11/21;BIOPROTECTION SYNGENTA;SYNGENTA Vigne : Botrytis cinerea : 120 g/hl
Tomate s/serre : Pourriture : 60 g/hl;;Non spécifié;Non spécifié
Cucurbitacées : Botrytis : 60 g/hl;;Non spécifié;Non spécifié
Fluopicolide + 625 g/l+ 625 g/l SC;PICOCARB SC F.11-23;UNIAGRO SHANDONG WEIFANG;RAINBOW CHEMICAL (Phytophthora infestans ) : 150 ml/ha
Fluopicolide + 625 g/l+ 625 g/l SC;ULTIMA SC F.10-24;NEGANOR FFT SHANDONG WEIFANG;RAINBOW CHEMICAL (Phytophthora infestans ) : 150 ml/ha
Fluopyram + Tebuconazole 200 g/L + 200 g/l SC;Luna Experience F.023-13/23;SEPCM BAYER CROPSCIENCE;BAYER CROPSCIENCE Vigne : Oidium : 0.4 l/ha
Pommier :Tavelure :0.25L/ha;;Non spécifié;Non spécifié
Pommier : Oïdium : 0.25 L/ha;(comm;Non spécifié;Non spécifié
17/05/2016);;Non spécifié;Non spécifié
Pêcher : Moniliose : 0.5 l/ha;(comm20/06/2017);Non spécifié;Non spécifié
Fluopyram + Tebuconazole 200 g/L + 200 g/l SC;Moon Experience F.04-24;ATLAS AGRICOLE BAYER CROPSCIENCE;BAYER CROPSCIENCE Vigne : Oidium : 0.4 l/ha
Pommier :Tavelure :0.25L/ha;;Non spécifié;Non spécifié
Pommier : Oïdium : 0.25 L/ha;(comm;Non spécifié;Non spécifié
17/05/2016);;Non spécifié;Non spécifié
Pêcher : Moniliose : 0.5 l/ha;;Non spécifié;Non spécifié
Fluopyram + Trifloxystrobine 250 g/L + 250 SC;Luna sensation F.019-13/23;ATLAS AGRICOLE BAYER CROPSCIENCE;BAYER CROPSCIENCE Frasier : Botrytis : 60 cc/hl
Tomate : Botrytis : 50 cc/hl;;Non spécifié;Non spécifié
Vigne : Botrytis : 50 cc/hl;;Non spécifié;Non spécifié
Piment :Oidium :25 ml/hl;(comm17/05/2016);Non spécifié;Non spécifié
Fluoxastrobine 480g/l SC;EVITO 480 SC F010-17;EL MOUSSEM ARYSTA LIFESCIENCE/UPL;ARYSTA Tomate, Pomme de terre : Mildiou : 500
Fluoxastrobine + 200 g/l + 277 g/l SC;Evito T F.033-16;EL MOUSSEM ARYSTA LIFESCIENCE/UPL;ARYSTA Blé dur : rouille, septoriose : 0.5 l/ha (entre stade
Flutriafol;Impact SC;AGRIPROTEC;CHEMINOVA/FMC
Flutriafol;Radikal SC;AGRIMED SHARDA;SHARDA
Flutriafol;Flutri 125 SC;RAYEN;SHARDA
Flutriafol + Thiabendazole;FLO Vincit F;(FS);CHEMINOVA/FMC
Flutriafol + Tébuconazole 75 g/l + 225 g/l SC;Pointer Duo;AGROSYSTEMES CHEMINOVA/FMC;Blé dur : Rouilles
Fluxapyroxad + Pyraclostrobine 75 g/l+150 g/l SE;PRIAXOR SE;COTUGRAIN BASF;Blé : Rouille
Fluoxastrobine + Propamocarbhydrochloride 75 g/l+400 g/l SC;EVITO P;EL MOUSSEM ARYSTA LIFESCIENCE/Melon:Mildiou de cuba(Pseudoperenosporacubensis);Non spécifié
Folpel 80% WP;Solfol F.034-17;ATLAS AGRICOLE BELCHIM CROP;Vigne:Mildiou
Folpet+ Foséthyl-Al 25%+50% WG;Mikal Flash F.049-11/21;SEPCM BAYER CROPSCIENCE;Vigne : Mildiou
Folpet+ Foséthyl-Al 25%+50% WG DUO Flash WG;DUO Flash WG F.01-24;El Moussem BAYER CROPSCIENCE;Vigne : Mildiou
Fosethyl al + Folpel + 50 % +25 % + WG CASSIOPEE WG;CASSIOPEE WG F.044-17;PROMOCHIMIE BAYER AG;Vigne:Mildiou
Foséthyl-Al 80% WP;Filal F.175-11/21;EL KHADRA INDUSTRIAS AFRAZA/ALBAUGH EUROPE SARL;Agrumes : Gommose
Foséthyl-Al 80% WP;Alial F.050-11/21;AGRIPROTEC PROPLAN/QUMETICA;BAYER CROPSCIENCE
Foséthyl-Al 80% WP;ROMERAL F.08-24;NEGANOR FFT PROPLAN/QUMETICA;BAYER CROPSCIENCE
Foséthyl-Al 80% WG;Aliette express F.051-11/21;SEPCM BAYER CROPSCIENCE;BAYER CROPSCIENCE
Foséthyl-Al 80% WG;ELIOS F.02-24;El Moussem;BAYER CROPSCIENCE
Fosetyl aluminium 80% WP;CLEANER WP F.017-22;FERTITECH HANGZHOU;TOPAGRO Vigne en plein champ:Mildiou:350 g/hl (3500 BIOSCIENCE g/ha)
Fostetyl –aluminium 80% (800 g/kg) WP S TIN 80 WP F.06-23;STIN 80 WP;PLANETE VERTE ASTRANOVA;ASTRANOVA TOMATE SOUS SERRE : Mildiou
Fosethyl-Al +Cymoxanil + 50 % +4 % + WP;BELKAP EXTRA F.026.18;AGROSYSTEMES PROBELTE;PROBELTE Vigne, P.de terre, Tomate : Mildiou : 300 g/hl
Fosethyl-Al +Cymoxanil + 50% +4% + WG;Anteor flash F.019-14/24;ATLAS AGRICOLE BAYER AG;BAYER AG Tomate :Mildiou : 2.5 kg/ha :250 g/hl
(comm17/05/2016);;Non spécifié;Non spécifié
Vigne:Mildiou: 2.5 kg/ha;(COMM 18/10/2017);Non spécifié;Non spécifié
Fosethyl-Al +Cymoxanil 50 % +4 % WP;Fosbel extra F.052.11;AGRIPROTEC PROBELTE;PROBELTE Vigne, P.de terre, Tomate : Mildiou : 300 g/hl
Fosethyl-Al +Cymoxanil 50 % +4 % WP;Magma Triple F.137-11/21;EL KHADRA INDUSTRIAS;EUROPE SARL Vigne, Pomme de terre : Mildiou (Stade de
+Folpet +25% AFRAZA/ALBAUGH nouaison) à la dose de 300 g/hl;;Non spécifié;Non spécifié
Fosethyl-Al +Cymoxanil 50 % +4 % WP;KATANGA TRIPLE WP F.04-21;NEGANOR PROPLAN/QUMETICA;Non spécifié
Fosethyl-Al +Fluopicolide 66,7 % +4,4% WG;PROFILER F.053-11/21;ATLAS AGRICOLE BAYER AG;BAYER AG
Foséthyl –Al 80%;FILAL PLUS WG F.051-22;EL KHADRA INDUSTRIAS;AFRAZA/ALBAUGH
Fosetyl –al 80% WP;ALU-VITE WP F.74-21;TASMID LIMIN CHEMICAL;CO.LTD
Fosetyl –al 80% WG;ALLUM WG F.009-16;EL MOUSSEM NUFARM;NUFARM
Fosetyl –al 80% WG;LOTUS F.49-21;SANABEL AGRO NUFARM;NUFARM
Fosetyl-Al 80% WP;KEYFOL 80 WP F.004-19;ETS MEZGHANI LIMIN CHEMICAL;CO.LTD
Fosethyl-al +sulfate de cuivre 200 g/kg+150 tribasique g/kg;OPTIX R WG F.021-22;BIOPROTECTION UPL;UPL
Huile essentielle de thym;EW NOPATH;NUTRIPLANT KOPPERT BIOLOGICAL;F.006-19
Hydroxyde de cuivre 77% soit 50%;Copper Progress;AGROSYSTEMES SPEISS;F.169-11/21
Hydroxyde de cuivre 77% soit 50%;Patrol 50 WP;AMINCO SPEISS;F.028-15
Hydroxyde de cuivre 250 g/kg;BLUE SHIELD 25;SOLAGRI;Albaugh.LLC
Hydroxyde de Cuivre (400 g/l 645 g/l SC);Heliocuivre F.211-11/21;BIOPROTECTION Action Pin/AAKO;Non spécifié
Hydroxyde de cuivre 40% Cu WG;Hidrocure WG;FERTITECH ALINTRA;Non spécifié
Hydroxyde de cuivre 237,7 g/l+45 g/l SC;CYCLO-R- 21-16.F;EL KHADRA INDUSTRIAS;Tomate :Mildiou(Phytophtora infestans):250 + Métalaxyl LIQUIDE AFRAZA/ALBAUGH
Hymexazole 300 g/L SL;Tachigaren F.056-11/21;AGRIPROTEC Mitsui Chemicals Agro,Inc/summit agro;Non spécifié
Iprovalicarbe +Oxychlorure de cuivre 8,4 % +40,6% WG Positron 49;F.058-11/21;ATLAS AGRICOLE BAYER CROPSCIENCE Vigne : Mildiou : 150 g/hl;Tomate : Mildiou : 175 g/hl
Isofetamid 400 g/l SC Kenja SC;F.20-21;Agriprotec ISK Biosciences Europe N.V(fabricant)/upl(fourniss eur);Non spécifié
Kreoxim-methyl 500 g/kg WG S UGOBY WG;F.02-23;RAYEN LAINCO ,S,A/ESPAGNE OLIVIER :Œil de paon(spilocaeaoleagina)) :0.2 PHYTAGRI kg/ha(20 g/hl);Non spécifié
Krésoxim-méthyl 50% WG QUIMERA WG;F.001-22;EL KHADRA INDUSTRIAS AFRAZA/ALBAUGH EUROPE SARL;Non spécifié
Krésoxim-méthyl 50% WG ALLIAGE DF;F.60-21;AGRIMATCO BASF Vigne : Oïdium : 20 g/hl;Pommier : Tavelure : 20 g/hl
Krésoxim-méthyl 350g/l SC Kresoxystar 350SC;F.030-22;Ets Mezghani ANHUI HUAXING Blé dur:Oidium: 600 ml/ha CHEMICAL INDUSTRY (COMM 08/06/22) CO.Ltd/CHINE(Nanjing agrochemical;Non spécifié
Krésoxim-méthyl;Stroby DF F.059-11/21;STIMA BASF;BASF
Krésoxim-methyl + difenoconazole;DECIBEL MAX F.01-23;AGROSYSTEMES ASCENZA GRO OLIVER;ASCENZA GRO OLIVER
Laminarin;VACCIPLANT F.28-21;EL MOUSSEM GOEMAR;ARYSTA/UPL
Mandipropamide;amphore SC F.69-21;SOLAGRI SYNGENTA;SYNGENTA
Mandipropamide 250 g/l + 250 g/l SC;CARIAL TOP F.006-16;BIOPROTECTION SYNGENTA;SYNGENTA
Difenoconazole;Non spécifié;Non spécifié;SYNGENTA
Mandipropamid+ 250g/l +30 g/l SC;ORONDIS F.77-21;Cotugrain;SYNGENTA CROP PROTECTION
Oxathiapiprolin ULTRA280 SC;-;Non spécifié;SYNGENTA
Zoxamid 250 g/kg+Mandipropamide 240 WG;Ampexio WG F.022-22;Vigne:Mildiou;BIOPROTECTION SYNGENTA
Mefenoxam + Folpel 5% + 40 % WG;Ridomil Gold F.072-11/21;Tomate: Mildiou;BIOPROTECTION SYNGENTA
Mefentrifluconazole 10% EC;REVySTAR EC F.035-22;Blé tendre: Rouille;AGRIMATCO BASF
Mefentrifluconazole 100 g/l+50g/l EC+Fluxapyroxade 400l/hapulvérisation foliaire;VERYDOR F.032-22;COTUGRAIN;BASF
Mefentrifluconazole+Fluxapyr 66,7g/l +66,7g/l EC;REVYTREX EC F.031-22;BIOPROTECTION;BASF
Mefentrifluconazole + 10%+10% EC;REVYCARE EC F.036-22;AGRIPROTEC;BASF
Melaleucaalternifolia(extrait 25% EC);TIMOREX GOLD F.15-23;ATLAS AGRICOLE;SIPCAM INAGRA
Meptyldinocap 350 g/L EC;Karathane 350 EC F.077-11/21;SEPCM DOW VINE;AGROSCIENCES/CORT EVA
Meptyldinocap;AGRIKAR EC;EL BARAKA DOW;DOW
Metalaxyl 25%;milor 25 WP;SANABEL AGRO IQV;IQV
Metalaxyl 317 g/l;RAMPART FS;AGRIPROTEC UPL LIMITED;UPL LIMITED
Metalaxyl +Folpet 10%+40%;ARMETIL F;SOCOOPEC IQV;IQV
Metalaxyl +Folpet 10%+40%;MEVAXIL F;NEGANOR FFT;IQV
Metalaxyl-M 37,5%+25,04%;VIBRANCE F;BIOPROTECTION SYNGENTA;SYNGENTA
metalaxyl-M +hydroxyde de cuivre 28.5 g/l+215 g/l;CYCLO MAX SC;EL KHADRA AFRASA;ALBAUGH EUROPE
Metirame de zinc 80% WP;Polyram DF F.078-11/21;STIMA;BASF
Metirame de zinc 80% WG;LUTIRAM WG F.53-21;AGRIPROTEC;BASF
Metrafenone 500g/L SC;VIVANDO F.015-13/23;AGRIPROTEC;BASF / SBM
Myclobutanil 240 g/L EC;MYCLAS F.014-19;SANABEL AGRO SHARDA CROPCHEM;Ltd
Myclobutanil 200 g/l EW;TOPOGAN F.011-19;SANABEL AGRO SHARDA CROPCHEM;Ltd
Vigne:Oїdium:30 cc/hl(0.3 l/ha);Pulvérisation foliaire;-2 à 3 traitements /saison;-
14 j de protection;(COMM 23/04/2019);Non spécifié;Non spécifié
Myclobutanil 240 g/L EC;MYCLONE 24 EC F.002-18;RayenPhytagri Sharda CROPCHEM;Melon :Oïdium : 30 cc/hl (COMM 12/01/2018)
Promy 240 g/L EC;PROMY F.64-21;AGRINOVA Sharda CROPCHEM;Melon :Oïdium : 30 cc/hl (COMM 09/02/21)
Myclobutanil;Systhane 240 EC F.081-11/21;SEPCM;DOW
Myclobutanil;DAYZER F.043-17;SOCOOPEC;SHARDA
Myclobutanil;MYCLO EC F.41-21;NEGANOR indofil industries limited;Indofil Industries E C AGRICOLE Limited/ARISTEAS Agro
Myclobutanil;FLUANCE 125 F.25-23;EL MOUSSEM;Indofil Industries
Oxathiapiprolin +famoxadone;Zorvecencantia SE F.048-22;EL BARAKA;CORTEVA
Oxathiapiprolin +zoxamide;ZorvecVinabel SE F.020-22;ATLAS AGRICOLE;CORTEVA
oxychlorure de cuivre;Valtonexflow SC F.018-22;NEGANOR IQV;Non spécifié
Oxychlorure de Cuivre 85 % (50 % de WP Agrocuivre F.168-11/21;Agrocuivre F.168-11/21;AGROSYSTEMES SPEISS;URANIA/COSACO
Oxychlorure de cuivre 877 g/kg WP CUPROCAFFAR F.14-23;CUPROCAFFAR F.14-23;LIEN AGRICOLE ISAGRO SPA/GOWAN;URANIA/COSACO
Oxychlorure de Cuivre 85 % (50 % de WP Cuprumax 50 WP F.027-15;Cuprumax 50 WP F.027-15;AMINCO SPEISS;URANIA/COSACO
Oxychlorure de cuivre 25%+4% WG Curame 25 WG F.023-22;Curame 25 WG F.023-22;ATLAS AGRICOLE Manica SPA;CURAME
Penconazole 1 0 0 g / L E C T o p e n c o 1 0 0;Ectopen 100;AGROSYSTEMES GLOBACHEM;AGROSYSTEMES GLOBACHEM
Penconazole;E C B u c k l e R F . 0 3 3 - 1 5;A M I N C O GLOBACHEM;GlobaChem
Penconazole;E C T o p a z e 1 0 0 F . 0 8 3 - 1 1 / 2 1;B I O P R O TECTION SYNGENTA;Syngenta
Pencycuron;E C M o n c e r e n F.085-11/21;PROMOCHIMIE;Bayer
Penthiopyrad;K A B U T O F . 0 2 6 - 2 2;E L MOUSS E M Mitsui Chemicals;Mitsui Chemicals
Summit Agro International Ltd;EL MOUSS E M;Summit Agro International;N/A
Pyraclostrobin +Boscalid;FOXTON 30 SC F.24-23;A G R I M A T C O LoatingYoloo Bio-Techology Co ,Ltd/chine;LoatingYoloo
Pyrimethanil 400 g/l;L AITANE SC;F.23-23 RAYEN LAINCO ,S,A/ESPAGNE;Non spécifié
Prochloraze +Triticonazole 60 g/l +20 g/l FS;REAL SUPER F.025-17;AGRIPROTEC BASF;Non spécifié
Propamocarbe 722 g/L;PROMORE 722 F.021-18;Ets MEZGHANI ASTRACHEM;Arysta Life Science
Propamocarbe 722 g/L;Promess F.012-15;JADWA AGROTEC;Arysta Life Science
Propamocarbe 722 g/L;PROPLANT F.199-11/21;PROTAGRI;Arysta Life Science
Promocarb 722g/l SL;omix 607 SL F.17-21;NEGANOR Agria;Non spécifié
Promocarb 722g/l SL;PROPAMIX SL F.11-24;TASMID AGRIA;Non spécifié
Promocarb 72.2 % SL;PRO-CARB SL;SHARDA;CROPCHEM
Promocarb 72.2 % SL;PRIVATE SL;SANABEL AGRO;SHARDA
Promocarb +Cymoxanil 400 g/l+50g/l SC;proxanil 450 SC F.06-21;BIOPROTECTION;arystalifescience
Promocarb +Cymoxanil 400 g/l+50g/l SC;Rival duo 450 SC F.07-21;AGRONOMIC;Land Agria
Promocarb +Cymoxanil 400 g/l+50g/l SC;OMIX DUO 450 F.071-22;NEGANOR;Agria
Propamocarbe + Fluopicolide 625 g/l + 62,5 g/l SC;Volare F.091-11/21;EL MOUSSEM BAYER AG;BAYER AG
Propamocarbe +Fosethyl-Al 530 g/L +310 g/L SL;Filex Energy F.089-11/21;ATLAS AGRICOLE;BAYER CROPSCIENCE
Propamocarbe +Fosethyl-Al 530 g/L +310 g/L;SL Previcur Energy F.023-14/24;EL MOUSSEM BAYER CROPSCIENCE;P. de terre : Mildiou
Propamocarb Hydrochloride 722 g/l;SL RIVAL 607 SL F.17-23;AGRICOLE MELON SOUS SERRE :Mildiou de cuba;AGRIA AGRI PROTEC
Proquinazid 200 g/l EC;Talendo F.101-11/21;SEPCM DU PONT;Arbo: Oïdium (stade floraison à la fermeture de la grappe)
Proquinazid 200 g/l EC;ASSOCIATE EC F.27-23;EL BARAKA DU PONT;Arbo: Oïdium (stade floraison à la fermeture de la grappe)
Prothioconazole 25% EC;PROTEZOLE F.057-22;SANABEL AGRO SHARDA CROPCHEM;Blé dur : Rouille
Prothioconazole 25% EC;Mirage EC F.35-21;SHARDA SHARDA CROPCHEM;Blé dur : Rouille
Prothioconazole 150 g/l+75 g/l EC;CERATAVO F.034-22;BIOPROTECTION SYNGENTA;Blé tendre:Rouille
Prothioconazole + 175 g/L+ 88 g/L SC;Madison 263 SC F020-13/23;SEPCM BAYER CROPSCIENCE;Blé : Septoriose
Prothioconazole + 175 g/L+ 88 g/L SC;DELARO DUO F.03-24;ATLAS AGRICOLE BAYER CROPSCIENCE;Blé : Septoriose
Prothioconazole 12,5% +12,5% EC;PROTECT PLUS F.061-22;EXCEL AGRI SHARDA CROPCHEM;Blé dur:Rouille
Prothioconazole 12,5% +12,5% EC;Perfecto EC F.36-21;SHARDA Sharda Cropchem;Blé dur:Rouille
Prothioconazole;Kestrel 240 SC;JADWA AGROTEC;BAYER CROPSCIENCE
Prothioconazole;Prosaro 250 EC;PROMOCHIMIE;BAYER CROPSCIENCE
Prothioconazole;Cello;AGRONOMIC Land;BAYER CROPSCIENCE
Prothioconazole;SKYWAY XPRO;PROMOCHIMIE;BAYER AG
Pyraclostrobine;OPTIMO DUO 013-18F.;AGRIPROTEC;BASF
Pyraclostrobine;PILARTEP SC;RAYEN PILARQUIIM (jiangsu);PHYTAGRI CO.LTD CHINE
Pyraclostrobin;MIRACLE WDG;SHARDA;CROPCHEM LIMITED
Pyraclostrobin;ORACLE 33 WG;SLDA;SHARDA CROPCHEM LIMITED
Pyraclostrobine;Cabrio Duo;AGRIPROTEC;BASF
Pyraclostrobin 100g/l+375 g/l EC;COMET PLUS EC;F.38-21 Agriprotec;BASF
Pyraclostrobin +fluxapyroxad 333 g/l+167 g/l SC;ORKESTRA SC;F.033-22 BIOPROTECTION;BASF
Pyraclostrobin +boscalid 12,8%+25,2% SC;Crystal SC;F.027-22 FERTITECH HANGZHOU TOPAGRO;BIOSCIENCE
Pyriofenone 300 g/l SC;KUSABI SC;F.23-21 AGRIPROTEC ISK Biosciences Europe;N.V/UPL
Pyrimethanil 60 g/l SC;ETHPYRI SC;F.18-23 UNIAGRO SHANDONG WEIFANG;RAINBOW CHEMICAL CO.LTD
Pyrimethanil 60 g/l SC;PYROS SC;F.07-24 COTUGRAIN SHANDONG WEIFANG;RAINBOW CHEMICAL CO.LTD
Pyrimethanil 400 g/l SC;PRETIL SC;F.21-23 EL KHADRA INDUSTRIAS AFRASA;ALBAUGH EUROPES A/S
Pyriméthanil;SC Scala 300 SC;F.102-11/21 ATLAS AGRICOLE BAYER CROPSCIENCE;BAYER CROPSCIENCE
Pyriméthanil;SC Mythos300 SC;F.103-11/21 EL MOUSSEM BAYER CROPSCIENCE;BAYER CROPSCIENCE
Pyriméthanil;40%;SC PYRAMIDE;F.062-22 FERTITECH SHARDA CROPCHEM
Pyriméthanil;40%;SC pyrma SC;F.12-21 SHARDA
Pyriméthanil;400 g/l;SC PYRUS 400 SC;F.025-22 STEC UPL
Pythiumoligandrum;POLYVERSUM F.038-17;FERTIPLANT BIOPREPARATY;BIOPREPARATY
Reynoutria sachalinensis (Extrai 20% SC);REYSANA SC F.016-14/24 BIOPROTECTION;Syngenta/ Marrone Bio Tomate;Innovation(fab)
Sedaxane+Fludioxonil 25 g/l+25 g/l FS;VIBRANCE DUO F.002-20 BIOPROTECTION;SYNGENTA AGRO AG;Semence de blé: Fusariose ,Septoriose, Carie
Soufre 80% WG;Sulpex F.028-13/23 AGRIMATCO;AgrostullnGmbH/frarimpe;Blé, Orge :Oïdium
Soufre 80% WG;COSAVET-DF F.010-19 AGRIPROTEC;Sulphur Mills Limited;Vigne:Oїdium
Soufre 80% WG;COSAMIDFF.26-21 SOCOOPESULPHURMILLSLIMITED;Sulphur Mills Limited;Vigne:Oїdium (unicinulane cator)
Soufre 80% WG;COSAVET-DF F.010-19 AGRIPROTEC;Sulphur Mills Limited;"Palmier dattier : acarien "" Oligonychusafrasiticus"""
Soufre 80% WG;Agrosoufre F.163-11/21;AGROSYSTEMES;AgrostullnGmbH
Soufre 98% DP;Cabridust F.107-11/21;AGROSYSTEMES;The national company for agrochemicals(AGROCHEM)
Soufre 80% WG;Soufrustulln F.031-15;AMINCO;AgrostullnGmbH
Soufre 80% WP;TIOSOL 80 F.004-14/24;ATLAS AGRICOLE SIPCAM;Non spécifié
Soufre 80% WP;Mistral 11-212F. BIOPROTECTION ESSECO sarl/AAKO;BIOPROTECTION ESSECO sarl/AAKO;Non spécifié
Soufre 80% WG;THIOMAX JET F.005-20;COTUGRAIN SYNGENTA;Syngenta
Soufre 98% DP;DP AzufreMicronizad;EL KHADRA AFEPASA S.A;AFEPASA S.A
Soufre 80% WG;Azumo;EL KHADRA AFEPASA S.A;AFEPASA S.A
Soufre 80% WP;KEY Azufre;Ets MEZGHANI INDUSTRIAL QUIMICA;QUIMICA
Soufre 98% DP;STV (Soufre F.;ETS MEZGHANNI Sté CHERIFIENNE;ENGRAIS TURQUIS
Soufre 80% WG;soufravit;TASMID AGROSTULLN;/Piment
Soufre 80% WP;Microsol;PROMOCHIMIE SIPCAM QUIMAGRO;SIPCAM QUIMAGRO
Soufre 80% WG;Insuf;PROTAGRI UNITED PHOSPHORUS;UNITED PHOSPHORUS
Soufre 80% WG;KIPRIDE WG;SANABEL Agro AFEPASA S.A;AFEPASA S.A
Soufre 80% WG;MICROCROPS F.;SEPCM AFEPASA S.A;AFEPASA S.A
Soufre 98% DP;DP;SEPCM AFEPASA S.A;AFEPASA S.A
Soufere 80% WG;MicrothiolSpecial;STEC UPL/CEREXAGRI;CEREXAGRI
Soufre 80% WG;Kumulus DF;STIMA BASF;BASF
Soufre 80% WG;SULFOSTAR DF;AGRIPROTEC;BASF
Soufre 700 g/L SC;Heliosoufre S;BIOPROTECTION Action Pin/AAKO;ACTION PIN/AAKO
Soufre 800 g/l SC;SULFOMAX F;EL KHARDA AFEPASA;AFEPASA
Soufre 80% WDG;Micro-cap F;NEGANOR AGROW ALLIED;AGROW ALLIED
Soufre;AGRINOVA AGROW ALLIED;BIOPROTECTION UPL Vigne:Oidium (Uncinulanecator):400 g/hl;Non spécifié
Soufre;Thiopron SC F.005-22 BIOPROTECTION UPL;Blé dur:Oidium: 2 l/ha,Vigne:Oidium(Uncinulanecator):250 cc/hl,Melon:Oidium: 250 cc/hl,Pommier:Tavelure(Venturia inaequalis):250 cc/hl;Non spécifié
Spiroxamine 300 g/l;PROSPER 300 CS F.27-21 Atlas agricole;BAYER CROPSCIENCE;Vigne:Oidium(Uncinulanecator):0.8 L/ha
piroxamine + difeconazole 400 g/l+50 g/l EC;SPIROX D EC;F.24-21 BIOPROTECTION;arystalifescience/UPL
spiroxamine 500 g/L EC;Prosper 500 EC;F.108-11/21 ATLAS AGRICOLE;BAYER CROPSCIENCE
sulfate de cuivre tribasique 345 g/l (soit 190 SC TRIBASE -FLOW F.71-21;SC Vigne : Mildiou : 300 cc/hl;Atlas Agricole;NUFARM
spiroxamine 500 g/L EC;Prosper 500 EC;F.108-11/21 ATLAS AGRICOLE;BAYER CROPSCIENCE
sulfate de cuivre tribasique 345 g/l (soit 190 SC Cuproxat 018-14 F. EL MOUSSEM;AGRICOLE;NUFARM;Tomate : Mildiou : 300 cc/hl
sulfate de cuivre tribasique 40% WG Novicure F.033-17 PROTAGRI UPL;Vigne : Mildiou : 150 g/hl;(COMM 18/10/2017);NUFARM
sulfate de cuivre tribasique 553.5 g/kg WG MEXIRAM TRI F.09-23 EL MOUSSEM;ALBAUGH EUROPE TOMATE SOUS SERRE : Mildiou (Soit 300 g/kg H I BIO WG AGRICOLE SARL;cuivre métal);NUFARM
sulfate de cuivre tribasique 40% WG Novicure F.033-17 PROTAGRI UPL;Vigne : Mildiou : 150 g/hl;(COMM 18/10/2017);NUFARM
sulfate de cuivre tribasique + 190 g/l +35 g/l Cymoxanil SC Moltovin F.037-17;BIOPROTECTION;NUFARM;Non spécifié
sulfate de cuivre tribasique + 266.6 g/l +40 SC Amaline Flow F.027-17 Zoxamide;EL MOUSSEM NUFARM Vigne : Mildiou : 2.8 l/ha;(COMM 18/10/2017);NUFARM
Sulfate de cuivre tribasique;VENTARO F.75-21;STEC NUFARM;Non spécifié
Sulphate de cuivre tribasique;CU MAX F.013-17;RAYEN DIACHEM S.P.A;Non spécifié
Sulfate tetracuivrique 20%;BORDOCURE WG F.024-22;FERTITECH ALINTRA;Non spécifié
sulfatetetracuivrique 88.24%p/p(CU)+ cymoxanil % cu métal min;CUPERTINE F.10-23;FERTITECH ALINTRA ESPAGNE;Non spécifié
Tebuconazole 250 g/L;SONG EC F.032-17;ATLAS AGRICOLE SIPCAM INAGRA;Non spécifié
Tebuconazole 250 g/L;KEYZOL SC F.014-20;EL KHADRA AVGUST CROP CORPORATION;Non spécifié
Tebuconazole 60 g/L;MYCOSEEDS FS 60 EL KHADRA;SHARDA WORLDWIDE;Non spécifié
Tebuconazole 60 g/L;FS TEBUSHA 6 FS F.022-17;AGRINOVA Sharda;Non spécifié
Tebuconazole 250 g/L;COLOSSAL;HALAB TUNISIE AVGUST CROP CORPORATION;Non spécifié
Tebuconazole 60 g/L;Timer FS 060 F.109-11/21;STEC BAYER CROPSCIENCE;Bayer CropScience
Tébuconazole 430 g/l;SPEEDY SC F.065-22;EL KHADRA NINGBO SUNJOY;Agroscience Industry/Cropidea
Tébuconazole 430 g/l;METROSTAR SC F.009-18;AGRIPLUS NINGBO SUNJOY;Agriplus
Tébuconazole 250 g/L;Corail F.113-11/21;PROMOCHIMIE BAYER CROPSCIENCE;Bayer CropScience
Tébuconazole 430 g/l;Camaro430SC F.026-16;RAYEN SHARDA;Non spécifié
Tébuconazole 430 g/l;TEBUNOVA SC F.66-21;AGRINOVA SHARDA;Agrovia
Tébuconazole 430 g/l;Matiz F.004-13/23;SANABEL AGRO ROTAM;Rotam
Tébuconazole 250 g/L EW;AZUROS F.018-19 SLDA SHARDA CROPCHEM;Blé : Septoriose : 1 l/ha stade tallage;Non spécifié
Ltd;Orge :Helminthosporiose : 1 l/ha stade tallage;;Non spécifié
Avoine : Oïdium : 1 l/ha stade N°2 à fin tallage;;Non spécifié;Non spécifié
Blé tendre : Oïdium : 1 l/ha;;Non spécifié;Non spécifié
Blé : Rouille brune : 1 l/ha;COMM 23/04/2019;Non spécifié;Non spécifié
Tébuconazole 250 g/L EW;Tebucur F.110-11/21 AGROSYSTEMES GLOBACHEM;Blé : Septoriose : 1 l/ha stade tallage;Non spécifié
Orge :Helminthosporiose : 1 l/ha stade tallage;;Non spécifié;Non spécifié
Avoine : Oïdium : 1 l/ha stade N°2 à fin tallage;;Non spécifié;Non spécifié
Blé tendre : Oïdium : 1 l/ha;;Non spécifié;Non spécifié
Blé : Rouille brune : 1 l/ha;Non spécifié;Non spécifié;Non spécifié
Tébuconazole 250 g/L EW;Teson F.036-15 AMINCO GLOBACHEM;Blé : Septoriose : 1 l/ha stade tallage;Non spécifié
Orge :Helminthosporiose : 1 l/ha stade tallage;;Non spécifié;Non spécifié
Avoine : Oïdium : 1 l/ha stade N°2 à fin tallage;;Non spécifié;Non spécifié
Blé tendre : Oïdium : 1 l/ha;;Non spécifié;Non spécifié
Blé : Rouille brune : 1 l/ha;Non spécifié;Non spécifié;Non spécifié
Tébuconazole 250 g/L EW;Konan EW F.014-13/23 ETS MEZGHANI INDUSTRIAL QUIMICA;Blé : Septoriose : 1 l/ha stade tallage;Non spécifié
KEY Orge :Helminthosporiose : 1 l/ha stade tallage;;Non spécifié;Non spécifié
Avoine : Oïdium : 1 l/ha stade N°2 à fin tallage;;Non spécifié;Non spécifié
Blé tendre : Oïdium : 1 l/ha;;Non spécifié;Non spécifié
Blé : Rouille brune : 1 l/ha;COMM18/10/2018;Non spécifié;Non spécifié
Tébuconazole 250 g/L EW;Horizon 250 EW F.111-11/21 PROMOCHIMIE BAYER CROPSCIENCE;Blé : Septoriose : 1 l/ha stade tallage;Non spécifié
Orge :Helminthosporiose : 1 l/ha stade tallage;;Non spécifié;Non spécifié
Avoine : Oïdium : 1 l/ha stade N°2 à fin tallage;;Non spécifié;Non spécifié
Blé tendre : Oïdium : 1 l/ha;;Non spécifié;Non spécifié
Blé : Rouille brune : 1 l/ha;Légumineuses (févrole) : Rouilles : dose 0,5 L/ha;Non spécifié;Non spécifié
Tébuconazole 250 g/L EW;TEBUZOL 25 EW F.043-21 Agriprotec UPL LIMITED;Orge:Helminthosporiose:1 l/ha;Non spécifié
-LAR :30 jours;COMM09/02/21;Non spécifié;Non spécifié
Tébuconazole 250 g/L EW;SUPREME 25 EW F.06-24 COTUGRAIN UPL LIMITED;Orge:Helminthosporiose:1 l/ha;Non spécifié
-Durée de la protection:3 à 4 semaines;Non spécifié;Non spécifié;Non spécifié
Tebuconazole+Prochloraz 200 g/l + 300 g/l EC;Mystic Pro F.128-11/21;AGRIPROTEC;NUFARM SAS
Tebuconazole+Prochloraz 200 g/l + 300 g/l EC;Winner F.206-11/21;BIOPROTECTION;NUFARM SAS
Tébuconazole 200 g/L+ 100 g/L SC;Nativo 300 SC F.115-11/21;STEC BAYER CROPSCIENCE;BAYER CROPSCIENCE
Thiabendazole 50 % SC;SC BENAZOLE F.059-22;EXCEL AGRI SHARDA;SHARDA CROPCHEM
Thiabendazole 50 % SC;SC TENAZOLE F.31-21;SHARDA;SHARDA CROPCHEM
Trifloxystrobin 50% WG;Zato 50 WG F.123-11/21;ATLAS AGRICOLE;BAYER CROPSCIENCE
Trifloxystrobin 50% WG;Flint F.124-11/21;PROMOCHIMIE;BAYER CROPSCIENCE
Trichoderma Asperellum 999 g/kg WP;REMEDIER WP F.007-19;STIMA ISAGRO SPA/GOWAN;ISAGRO SPA/GOWAN
Trichodermaasperellumstrain) T34 /120g/kg WP T34 F.19-21 STIMA BiocontrolTechnologies,S.;Non spécifié;Non spécifié;Non spécifié
Trichoderma asperellum strain 2x109 spores per WP T-protec F.05-24 ALOHA Plant Health Products;Non spécifié;Aloha agriculture Plant Health Products;Non spécifié
Trichodermaatroviride 77B 2x109cfu/g WP T-77 WP F.29-21 Aloha agriculture Plant Health Products;Non spécifié;Aloha agriculture Plant Health Products;Non spécifié
Zirame 76% WG Thionicautodispers F.136-11/21 AGROSYSTEMES TAMINCO/EASTMAN;Non spécifié;AGROSYSTEMES TAMINCO/EASTMAN;Non spécifié
Zoxamide + 180 g/l+180 g/l SC Presidium SC F.053-22 STEC Gowan;Presidium;STEC Gowan;Non spécifié
Aclonifen 600 g/l SC;Challenge 600SC;H.001-14/24 EL MOUSSEM;Bayer AG
Aclonifen 60%;ACTION 60 SC;H.026-22 SHARDA SHARDA;CROPCHEM CROPCHEM TUNISIA limited/
Aclonifen 60%;COSTA SC;H.02-23 SANABEL AGRO SHARDA;CROPCHEM CROPCHEM limited/
Aminopyralydes + Florasulam + CorTEVA Nikos forte;forte H.010-15 ATLAS DOW;Blé dur : Mauvaises herbes dicotylédones annuelles(appliqué en post –levée) :0.7l/ha (COMM 27/09/2016);CORTEVA
Aminopyralydes + Florasulam + CorTEVA Nikos forte;SE Nikos forte H.010-15 ATLAS DOW;Blé dur : Mauvaises herbes dicotylédones annuelles(appliqué en post –levée) :0.7l/ha (COMM 27/09/2016);CORTEVA
Amidosulfuron + Iodosulfuron + OD Sekator OD;OD H.002-17 AGRONOMIC BAYER;Blé : mauvaises herbes Dicotylédones annuelles :0.15l/ha (COMM 20/06./2017);BAYER
Aminopyralydes + Florasulam + CorTEVA Nikos forte;NEO 450 WG H.001-11/21 SEPCM DOW;Blé, triticale, avoine : Dicotylédones : 33 g/ha (COMM09/02/21);DOW
Arylex active(halauxifen-methyl) + pyroxsulam équivalent (Ecosurf EH-9 Surfactant);TARZEK + UPTAKE SL;COTUGRAIN;Dow Agrosciences
Arylex TM;CLASSICO WG;SEPCM;Dow Agrosciences
Bentazone 480g/l;BENTA SL;EL KHADRA NANJING;FENGSHAN CHEMICAL GROUP CO,LTD/NANGIN G FENGSHAN
Bentazone 480g/l;BASASTAR SL;AGRIPLUS;Nanjing FENGSHAN CHEMICAL GROUP
Bentazone 480g/l;BENTAKEY SL;ETS MEZGHANI SHANDONG;BIONNONG TECHNOLOGY CO.LTD/I.Q.Key
Bentazone 480g/l;SHARBA NT SL;SANABEL SHARDA;AGRO WORLD WIDE
Bentazone 480g/l;TROY 480 SL;TR OY 480 S L;AGRIPROTEC UPL LIMITED
Bentazone;SL B a s a g r a n H.;STIMA BASF;BASF
Bentazone;BENTAPROTEKT SL;LIEN AGRICOLE ANHUI;ZHONGSHAN volume de bouillie: 300 l/ha
Bentazone;L f i g h t e r H.;cotugrain;BASF
Bentazone +Imazamox;CORUM SL;AGRIPROTEC;BASF
Chlortoluron;DESPERADO H.;AGRIPROTEC;Nufarm
Chlortoluron;Tolurex 50 H.;SEPCM;AAKO
Chlortoluron + Isoxabene;FLEXIDOR H.;ATLAS;Dow Agrosciences
Chlortoluron + Isoxabene;Aubaine H.;H.014-13/23;SEPCM
Chlorotoluron 250g/l+300g/l+;UMBRA 590 SC H.;BIOPROTECTIO SYNGENTA;SYNGENTA
Clethodim 240 g/l SC;ICASSO 240 SC H.013-20;SANABEL AGRO;RotamAgrochemic
Clethodim 240 g/l EC;CLETOPROTEKT H.031-22;LIEN AGRICOLE Zhejiang;Tidecropscience/Protektingph
Cléthodime 120 g/L EC;Select Super H.004-11/21;BIOPRO U P L / A R Y S T A P e t i t p o i s , f è v e , a i l , f é n u g r e c , o i g n o n;LIFESCIENCE
Clethodim 240 g/l EC;CDLODIM FORTE 240 EC H.004-22;SOLAGRI SYNGENTA;Syngenta
Cléthodime;Akodim 120 EC;SEPCM AAKO;H.005-11/21
Clethodim;FYTODIM EC;FERTITECH TOPAGRO;H.032-22
Clodinafop-propagyl;BUGUIS EC;AGRIPROTEC PROPLAN/QUME;H.008-18
Clodinafop-propargil;BIOSCIENCE;BIOPROTECTIO SYNGENTA;H . 0 0 7 - 1 1 / 2 1
Clodinafop-propargil;RUBAH;AGRIPLUS PARIJAT;H.026-15
Clodinafop-propargil;Uniform;BIOPROTECTIO SYNGENTA;H.008-11/21
Clodinafop-propargyl;CICLOPE EC;EL KHADRA INDUSTRIAS;H.002-20
Clopyralid;VERSATILL;ATLAS DOW AGROSCIENCE;H.014-20
Clopyralid;GLOPYR 100 SL;AGROSYSTEME Globachem;H.004-18
Clopyralid;clopryd 30 SL;SLDA Sharda cropchem;H.005-20
Clopyralid;PRYSTAR SL;SANABEL AGRO;Sharda cropchem
Cycloxidime 100 g/L;Focus Ultra H.009-11/21;STIMA BASF;BASF
Cycloxidime 100 g/L;stratos ultra EC H.17-21 agriprotec;STIMA BASF;BASF
Dicamba-Sel 480g/l;procamba;SSCC;ghardachemical
Dicamba +Prosulfuron 500 g/kg+50 g/kg WG;CASPER 55 WG;H.004-20 SOLAGRI;Syngenta
Diflufenican 50% WG;OSSETIA WG;H.008-20 El MOUSSEM;RotamAgrochemic
Diflufenican+flufenacet 200 g/l + 400g/l SC;FLOUKAN SC;H.008-22 SANABEL AGRO;shardacropchem
Diflufenican (ou 500 g/l SC Diflanil);H.010-14/24 AGROSYSTEME GLOBACHEM;GLOBACHEM;Non spécifié
Diflufenican + Flufenacet 60 g/l + 240 g/l + SC Vigon 420 SC;H.012-16 PROMOCHIMIE BAYER;BAYER;Non spécifié
Diflufenican + 60 % +6% WG Alliance;H.002-13/23 BIOPROTECTIO NUFARM S.A;NUFARM S.A;Non spécifié
Diflufenican + 60 % +6% WG polymer WG;H.19-21 AGRIPROTEC NUFARM S.A;NUFARM S.A;Non spécifié
Diflufenican +flufenacet;SC H.009-22 BIOPROTECTIO UPL;UPL;Non spécifié
Dimethenamid-P+Metazachlor+Quinmerac;SE BUTISAN H.012-20 COTUGRAIN;COTUGRAIN BASF;Non spécifié
EthametSulfuron Methyl;MUSTER 75 WG H.023-22 SSCC FMC;FMC;Non spécifié
Fénoxaprop-p-Ethyl;Foxtrot H.027-15 AGROSYSTEME;AGROSYSTEME FMC;Non spécifié
Fénoxaprop-P-Ethyl+Iodosulfuron-Méthyl Sodium+déthyl;Puma Evolution H.015-11/21 JADWA BAYER;JADWA BAYER Céréales;Non spécifié
Flurosulame+Flumetsulam;Derby H.085-11/21 PROMOCHIMIE DOW;DOW AGROSCIENCES/CORTeva;Non spécifié
Florasulam+tribenuron-methyl;GRANSTAR MAX WG H.12-21 AGRIPROTEC;AGRIPROTEC CHENMINOVA/FMC;Non spécifié
Fluazifop-P-Butyl;FOUZILE EC H.019-15 ETS MEZGHANI INDUST. QUIMICA KEY;ETS MEZGHANI INDUST. QUIMICA KEY;Non spécifié
Fluazifop-P-Butyl;Benfuron H.013-16 AGRIMED SHARDA;AGRIMED SHARDA;Non spécifié
Fluazifop-P-Butyl;Fouir H.013-17 EL KHADRA SHARDA;EL KHADRA SHARDA;Non spécifié
Fluazifop-P-Butyl;Trivko H.001-18 SOLAGRI SYNGENTA;SYNGENTA;SOLAGRI
Flucarbazone-sodium;EVEREST 70 WG H.017-11/21 AGRIPROTEC ARYSTA;AGRIPROTEC ARYSTA;ARYSTA
Flumetsulam;BROADSTRIKE WG H.009-20 PROMOCHIMIE DOW;PROMOCHIMIE DOW;DOW
Fluroxypyr 20%;keynyl herbicide EC H.11-21 etsmezghani industrialquimicak;etsmezghani industrialquimicak;Non spécifié
Fluroxypyr (ester1-methylheptyl);Flurostar 200 H.011-14/24 AGROSYSTEME GLOBACHEM;AGROSYSTEME GLOBACHEM;GLOBACHEM
Fluroxypyr +Clopyralid 150 g/l+60 g/l EC VEGA EC;VEGA EC H.006-20 AGRIMED Sharda cropchem;AGRIMED SHARDA CROPCHEM;SHARDA CROPCHEM
Fluroxypyr +Clopyralid 5 0 g / l + 2 8 g / l;M E K I N V A R A M E H . 0 0 5 - 2 2;AGRIPROTEC B R A C L A Y;Non spécifié
Glyphosate 360 g/l;GLYFOSTAR H.002-19;SLDA SHARDA;Arbo, Toutes cultures, Sol nu: Chiendent, cypérus, diss : 12 l/ha
Glyphosate 360 g/l;GALLUP SUPER SL H.033-22;AGRIPROTEC Braclaychemicals;Agrumes:Désherbage total
Glyphosate 360g/l;Round Up Pro H.004-15;ATLAS MONSANTO/BA;Agrumes : Mauvaises herbes annuelles (Graminées et dicotylédones)
Glyphosate 360 g/l;DRAGON H.003-19;FERTITECH SHARDA;Arbo, Toutes cultures, Sol nu: Chiendent, cypérus, diss : 12 l/ha
Glyphosate 360 g/l;SATELITE360 SL H.001-19;EL KHADRA INDUSTRIAS PECHER: AFRAZA/ALBAU;GH EUROPE -Trait.
Glyphosate 360 g/l;VERDIS 36 SL H.009-17;EXCEL AGRI Sharda;Cropchem Arbo, Toutes cultures, Sol nu: Chiendent, cypérus, diss : 12 l/ha
Glyphosate 360 g/l:NOV-UP H.003-17;AGRINOVA;Sharda Cropchem Arbo, Toutes cultures, Sol nu: Chiendent, cypérus, diss : 12 l/ha;Non spécifié
Glyphosate;GLYPHO-CAP;NEGANOR FFT HOCKLEY;HOCKLEY
Glyphosate;GLYFAST 450 SL;AGRIPROTEC;Braclaychemicals
Glyphosate;GALLUP HI-AKTIV SL;RAYEN;Phytagri chemicals(R&D) Ltd.
Glyphosate;Round up innov;ATLAS MONSANTO;Atlas Monsanto
Glyphosate;Kalach Extra;BIOPROTECTIO N LIFESCIENCE;Arista Zones non cultivées et vergers
Glyphosate;Herbolex Max;SEPCM DOW AGROSCIENCE/ CORTEVA/ALBA;Dow AgroSciences/Corteva/Alba
Glyphosate;Kalach 360;BIOPROTECTIO UPL/ARYSTA;UPL/Arista
Glyphosate;Round up Plus;ATLAS MONSANTO/BA;Atlas Monsanto/Bayer
Glyphosate;Gycle;AGRICOMAT CO excel crop;AgriMatco/Sumitomo Chemical
Glyphosate;Cible;AGRIPROTEC NUFARM;Agriprotec
Glyphosate;SL Agritech H.020-11/21;AGRO SYSTEME AGRAS;Non spécifié
Glyphosate;SL Mayonate H.025-15;AMINCO AGRAS;Non spécifié
Glyphosate;SL Glyweed H.086-11/21;ATLAS INDUSTRIE COROMANDEL E Ltd.;Non spécifié
Glyphosate;SL Kleen Up H.097-11/21;BIOPROTECTION U FARM;Non spécifié
Glyphosate;SL Blanc H.006-13/23;COT GRAINS HARDAS WORLDCO IMPEX Wide;Non spécifié
Glyphosate;SL GLISO 360 H.005-16;EL KHADE RAS IPCAMINGARA;Non spécifié
Glyphosate;SL Weed Killer H.006-16;EL KHADE RAS HARDAS WORLDCO IMPEX Wide;Non spécifié
Glyphosate;SL Fortin H.024-11/21;ETS MEZGHAN INDUSTRIQUE LICAKEY;Non spécifié
Glyphosate;SL Buggy H.079-11/21;PROMOCHIMIES IPCAMINGARA;Non spécifié
Glyphosate;SL Glyphomax H.013-14/24;LEINAGRO HARDAS WORLDCO IMPEX Wide;Non spécifié
Glyphosate;SL Diss H.093-11/21;PROTAGRIO UNITÉ;Non spécifié
Glyphosate;SL Glyster H.025-11/21;SANABEL AGROSINO CORPORATION;Non spécifié
Glyphosate;SL Nas 36 SL H.001-15;SOCOPEC ZENITH CROPSCIENCES/agria;Non spécifié
Glyphosate;S L G l y p h o t e c;H.028-11/21;STEA KOBOV Arbo
Glyphosate + Oxyfluorfène;Dipiril Plus;H.016-13/23;EL KHADRA INDUSTRIAS
Glyphosate + Oxyfluorfène;Brout;H.030-11/21;SEPCM AAKO Agrumes
Glyphosate 360g/l +5g/l EW;Affinex;H.006-15;COTUGRAIN FMC
Halauxifen-methyl 33.7 g/l EC;TREZAK EC;H.14-21;AGRIPROTC Dow agroscience
Imazamox + Metazachlor;Nopasaran;H.011-16;COTUGRAIN BASF
Iodosulfuron 6 g/Kg +30 g/Kg WG;Atlantis H.033-11/21;ATLAS BAYER Céréales;Non spécifié
Iodosulfuron 6 g/Kg +30 g/Kg WG;Atlantis H.033-11/21;CROPSCIENCE AGRICOLE;Non spécifié
Indaziflam 500 g/l SC;Alion 500 SC;H.013-22;PROMOCHIMIE BAYER Vigne
Lenacil 80 % (800 g/kg) WG;VENZAR H.003-22;SEPCM FMC Betterave à sucre;Non spécifié
Mesosulfuron-30 g/Kg+30 g/Kg WG;Amilcar H.036-11/21;STEC BAYER;BAYER AG
Méthyl(Mesomax)+Iodosulfuron+Méfenpyrdiéthyl;Non spécifié;CROPSCIENCE;CROPSCIENCE
Mesosulfuron-7,5 g/L+7,5 g/L+Iodosulfuron+Méthyl Sodium+Méfenpyrdiéthyl;Amilcar OD H.037-11/21;STEC BAYER;BAYER AG
Mesosulfuron-10 g/l+2 g/l+Iodosulfuron+Méthyl+Méfenpyrdiéthyl;Atlantis OD H.012-15;ATLAS BAYER;BAYER AG
Mesosulfuron-méthyle 45 g/kg+Propoxcarbasone-sodium+90g/kg+Méfenpyr-diéthyle;OLYMPUS FLEX WG H.009-18;ATLAS BAYER;BAYER AG
Metazachlor 500 g/l;RAPSAN 500 SC H.002-18;AGROSYSTEME Globachem;Globachem
Metazachlor+Quinmerac 400 g/l+100g/l;RAPSAN TDI SC H.003-18;AGROSYSTEME Globachem;Globachem
Metazachlore 500 g/L;TWIGA H.022-15;BIOPROTECTIO AAKO BV;AAKO BV
Metribuzine 75% WG;Maestro 75 WG H.042-11/21;BIOPROTECTIO AAKO;AAKO BV
Metribuzine 600 g/L;Sencor 600SC H.089-11/21;PROMOCHIMIE BAYER;BAYER AG
Metribuzine 70%(g/kg) WG;MAYA H.017-22;SLDA UPL;UPL
Metribuzine 70%(g/kg) WG;DANCOR 70 H.004-16;PROTAGRI;UPL
Metribuzine 700 g/kg WDG;MATRIX WDG H.001-17;STIMA SHARDA;SHARDA
Metribuzine;G RAZY 70% WDG H.20-21 AGRIMED SHARDA;AGRIMED SHARDA;SHARDA
Metribuzine;TUBERON H.01-21 AGRIMATCO UPL;AGRIMATCO;UPL
Metribuzine;buzzin H.03-21 Delta agricole plus shardacropchemli;DELTA AGRI CO;SHARDA CROPCHEM
Metribuzine;Mitraze H.015-22 AGRIMED shardacropchemli;AGRIMED;CROPCHEM
Metribuzine;OVAMET WP H.037-22 AGRINOVA AGROW ALLIED;AGRINOVA;AGROW ALLIED
Metribuzine;POMOCORE WP H.001-22 NEGANOR AGROW ALLIED;NEGANOR;AGROW ALLIED
Metribuzine+Clomazone;CETUS H.003-16 AGRIPROTEC FMC;AGRIPROTEC;FMC
Metsulfuron Méthyl;Isomexx H.043-11/21 AGRIPROTEC NUFARM;AGRIPROTEC;NUFARM
Metsulfuron Méthyl;Karal H.003-13/23 BIOPROTECTIO NUFARM;BIOPROTECTIO;NUFARM
Metsulfuron Méthyl;Metsy WG H.009-16 PROTAGRI UNITED;PROTAGRI;UNITED
Metsulfuron Méthyl 20% WG;METRON WG H.038-22;AGRIMATCO;UNITED
Metsulfuron-methyl + Bensulfuron-methyl 40g/kg+500 g/kg WG;XANADU H.029-22;BIOPROTECTIO UPL limited;Blé tendre, Orge:Adventices dicotylédones
Metrobromuron 500g/l SC;PROMAN H.02-21;NEGANOR BELCHIM CROP;POMME DE TERRE:Mauvaises herbes: graminées PROTECTION/CE annuelles &dicotylédones annuelles
Oxyfluorfene 240 g/L EC;Goal H.081-11/21;promochimie;HANGZHOU NUTRICHEM/su mittimo Oignons : Mauvaises herbes graminées et dicotylédones
Oxyfluorfene 240 g/L E C;OXIFENE H.046-11/21;ETS MEZGHAN INDUSTRIAL CHEMICALS;QUIMICA KEY Oignons : Graminées et dicotylédones
Oxyfluorfene 240 g/L EC;Clenofen 240 H.005-13/23;SANABEL AGRO ZHEJIANG E-TONG L/ha;CHEMICALCO LTD
Oxyfluorfene 240 g/L EC;Oxistar 24% H.087-11/21;SOCOOPEC ZHEJIANG E-TONG;CHEMICALCO LTD/shandongqiao chang modern agriculture Oignons : Graminées et dicotylédones
Oxyfluorfene 240 g/l EC;FENFEN EC H.041-22;ATLAS LAINCO;AGRICOLE Agrumes:Adventices annuelles dicotylédones et graminées
Oxyfluorfene 240 g/l EC;VERIN EC H.035-22;NEGANOR LAINCO;Agrumes:Adventices annuelles dicotylédones et graminées
Pendimethaline 400 g/L SC;HERBOL H.008-17;EXCEL AGRI SHARDA;SHARDA
Pendimethaline 400 g/L SC;Penda 16-010H. DELTA;SHARDA;SHARDA
Pendimethaline 400 g/L EC;TERAPUR H.002-16;Ets MEZGHANI IndustrialQuimica;MEZGHANI IndustrialQuimica
Pendimethaline 455 g/L EC;Stomp Aqua H.048-11/21;STIMA BASF;BASF
Pendimethaline 455 g/L EC;prowl aqua EC H.15-21 cotugrain;cotugrain;BASF
Pendimethaline 333g/l+30 g/l CS;STALLION H.07-21;AGRIPROTEC FMC;FMC
Phenmedipham + 75 g/l+15 g/l+115 SC;BETASANA TRIO H.016-20;AGRIPROTEC UPL Limited;UPL Limited
Desmedipham + 91 g/L +71 g/L + Ethofumesate;Betanal Expert 274EC H.049-11/21;SEPCM BAYER;BAYER
Pinoxaden +Florasulam 45 g/l + 5 g/l EC;Navigator H.005-14/24;BIOPROTECTIO SYNGENTA;SYNGENTA
Pinoxaden +Clodinafop- 25g/l +6.25 EC;Traxospratic H.014-15;BIOPROTECTIO;Syngenta
Pinoxaden +Clodinafop- 30g/l +7,5 EC;Swipe H.013-15;BIOPROTECTON;Syngenta
Pinoxaden +Cloquintocet-méxyl;Axial pratic H.015-15;BIOPROTECTIO;Syngenta
prometryn 500 g/l;gesagard 500 FW H.06-21;bioprotection syngentacrop;Syngenta
Propaquizafop 10%;PRODIGE H.024-22;SHARDA SHARDA;CROPCHEM CROPCHEM TUNISIA limited
Propaquizafop 10%;KIFEN EC H.01-23;SANABEL AGRO;SHARDA SHARDA limited
Propyzamide 400g/l;PROPYZ H.013-18;AGRIPROTEC BARCLAY;CHEMICALS Ltd
Propyzamide 400g/l;PROPER FLO SC H.005-18;AGROSYSTEME;Globachem
Propyzamide 400g/l;CADDY SC H.016-17;RAYEN BARCLAY;PHYTAGRI CHEMICALS Ltd
Prosulfocarb 80% EC;PROXER H.09-21 AGRIMED shardacrochem;Blé dur d'hiver :Adventices monocotylédones:4 l/ha;Non spécifié
Prosulfocarb 80% EC;ROXANE EC H.036-22 COTUGRAIN shardacrochem;Blé dur d'hiver :Adventices monocotylédones:4 l/ha;Non spécifié
Prosulfocarb 800 g/L EC;Roxy H.052-11/21 AGROSYSTEME GLOBACHEM;Blés : Graminées : 4 l//ha;Non spécifié
Prosulfocarb 800 g/L EC;Fidox 800 EC H.024-15 AMINCO GLOBACHEM;Blés : Graminées : 4 l//ha;Non spécifié
Prosulfocarb 800 g/L EC;Boxer H.053-11/21 BIOPROTECTIO SYNGENTA;Blés : Graminées : 4 l//ha;Non spécifié
Pyroxsulam 46,6 g/L OD;PRIORITY H.016-18 ATLAS DOW AGRICOLE AGROSCIENCES/ « Liberate »;Blés : Brome : 0,5 L/ha + 0,1 L d’adjuvant;Non spécifié
Pyroxsulam 46,6 g/L OD;Pallas 45 OD H.054-11/21 SEPCM DOW AGROSCIENCES « Liberate »;Blés : Brome : 0,5 L/ha + 0,1 L d’adjuvant;Non spécifié
Pyroxasulfone 85 % WG;YAMATO 85 WG H.027-22 AGRIMATCO Kumaichemicalind;Blé tendre: Mauvaises herbes graminées sauf ray industrie grass résistant :125 g/ha Volume de bouillie:300 l/ha;Non spécifié
Pyroxsulam +Florasulam +Cloquintocetmexyl;Broadway;AGROSCIENCES CORTEVA;DOW
Pyraflufen-ethyl;VOLCAN EC;AGRICOLE SA;ATLAS SPICAM INAGRA
Saflufenacil;Heat;AGRIPROTEC;BASF
Simazine;SIMAKEY;ETS MEZGHANI INDUSTRIAL;QUIMICA KEY/ESPagne
Terbuthylazine;TERBYNE 75 WG;EL KHADRA SIPCAM INAGRA;SIPCAM
Terbuthylazine;Terbuzine 75 WG;promochimie SIPCAM INAGRA;SIPCAM
Triflusulfuronmethyl;SAFARI 50 WG;SEPCM FMC;FMC
Thifensulfuron-methyl + Tribuneron-methyl;Gipsy;EL MOUSSEM ROTAM;AGROCHEMICA
Triallate;AVADEX FACTOR CS;ATLAS GOWAN CROP PROTECTION;FACTOR CS
Tribenuronmethyl + 56.3 %+ 18.7 % WG;BOMBA WG;EL KHADRA JSC(AVGUST);Blé dur : Dicotylédones : 20 g/ha (300 à 400 l de Florasulam bouillie/ha)
Tribenuron-Methyl 75% WG;TOSCANA H.010-18;AGRIPROTEC PROPLAN/QUME;Blé dur : Dicotylédones : 30 g/ha (200 L/ha) en Post TICA levée
Tribenuron-Methyl 75% WG;SKYLLA WDG H.012-18;AGRONOMIC ROTAM LAND AGROCHEMICAL CO.LTD;Liseron
Tribenuron-Methyl 75% WG;Volteo 75 WG 16-008H. EL KHADRA INDUSTRIAS AFRAZA/ALBAU (NB/Indiquer sur l’étiquette : Faible action surmoutarde et ravenelle) GH EUROPE SARL;Non spécifié;Non spécifié
Tribenuron-Methyl 75% WG;TRISTAR WG H.020-18;SANABEL AGRO Sharda Cropchem Blé dur : Dicotylédones : 25 g/ha (300 L de bouillie/ha). En Post levée;"Traitement foliaire).Avec faible efficacité sur les mauvaises herbes""Liseron"""
Tribenuron-Methyl 75% WG;TRYBERON 75 WG H.02-24;AGRIMED Sharda Cropchem Blé dur : Dicotylédones : 25 g/ha (300 L de bouillie/ha). En Post levée;"Traitement foliaire).Avec faible efficacité sur les mauvaises herbes""Liseron"""
Tribenuron-Methyl 75% WG;Granstar H.057-11/21;SEPCM DU PONT Céréales : Dicotylédones : 25 g/ha;Non spécifié
Tribenuron-Methyl 75% WG;Corida 75 WG H.088-11/21;SOCOOPEC AGRIA Céréales : Dicotylédones : 25 g/ha;Non spécifié
Tribenuron-Methyl 75% WG;TRIBUNEO 75 G H.015-20;SSCC AGRIA Céréales : Dicotylédones : 25 g/ha;(COMM13/02/2020)
Trebuniron-methyl + 250g/l+104g/kg SG FLAME DUO SG;SG FLAME DUO SG H.006-22;SOLAGRI ALBAUGH;Blé:Mauvaises herbes dicotylédones :60 g/ha Florasulame volume de bouillie: 300-400 l/ha -application foliaire après apparition des mauvaises herbes -nbre d'application:1 -appliquer les stades BBCH 23-39, stade jeunes des mauvaises herbes.
Trifluraline;E C H e r b a l i n e;SEPCM AAKO;AAKO
Trifluraline;E C R A L I N E 4 80;EL KHADRA JIANGSU;FENGSHAN GROUP CO,LTD
Trifluraline;E C H E R B A S T AR;AGRIPLUS JIANGSU;FENGSHAN GROUP CO,LTD
Trifluraline;E C T r i f l e x;Ets MEZGHANI INDUSTRIAL Q.;STEC AAKO
Trifluraline;E C R i d a l i n e;SEPCM;DOW AGROSCIENCES
Trifluraline;E C T r i f l e x;STE C AAKO;AAKO
2,4- D + MCPA 345 g/l +345 g/l;SL Weedone Plus;BIOPROTECTIO NUFARM;NUFARM
2,4- D + MCPA 345 g/l +345 g/l;SL DAMEX FORTE SUPER;SOCOOPEC;NUFARM
2,4 –D EHE 904,5 g/L;EC certrol DS EC;agriprotec A H MARKS;NUFARM
2,4 D –Ester butylglycol 600 g/L;EC Weedone;BIOPROTECTIO NUFARM;NUFARM
2,4 D –Ester butylglycol 600 g/L;EC Desormone lourd;SEPCM;NUFARM
2,4-D Acide +Florasulam 300 g/L +6,25 g/L;SE Nikos 306 SE H.;ATLAS DOW;AGRICOLE AGROSCIENCES/corteva
2,4-D Sel d’amine 720 g/L;SL Dicopur 720 SL;AGRIPROTEC NUFARM;NUFARM
2,4-D Sel d’amine 720 g/L;SL Sanaphen D 720 SL;ATLAS DOW;AGRICOLE AGROSCIENCES
2,4-D Sel d’amine 720g/l;SL Topol H.009-15;EL KHADRA SHARDA;Non spécifié
2,4-D Sel d’amine 720g/l;SL SHARMINA 720 SL H.005-17;AGRINOVA SHARDA;SHARDA
2,4-D Sel d’amine 720g/l;SL Stopweeds H.011-15;SANABEL AGRO;SHARDA
2,4-D Sel de 860g/l;SL Amanora H.014-17;AGRIMATCO UPL;UPL
2,4-D Sel de 860g/l;SL D IAMEX SL H.037-22;COTUGRAIN;UPL
2,4-D Sel de 720g/l;SL BLITZ 720 SL H.022-22;EL KHADRA JIANGSU FENGSHAN GROUP CO,LTD;JIANGSU FENGSHAN CHEMICAL(FR)
2,4-D Sel de 720g/l;SL BOZAR H.012-17;AGRIPLUS JIANGSU;JIANGSU FENGSHAN CHEMICAL(F)
Dicamba +2,4 – D 120 g/L +344 g/L;SL Dialen Super H.011-11/21;BIOPROTECTIO SYNGENTA;SYNGENTA
2.4-D +Glyphosate 160 g/l+240 g/l;SL KYLEO H.011-22;EL MOUSSEM NUFARM;NUFARM
2.4-D +Glyphosate 160 g/l+240 g/l;SL NUFOSATESL H.040-22;SANABEL AGRO NUFARM;NUFARM
2,4-D-ethylhexyl + 453g/l+6g/l;SE BOOSTER SE H.028-22;FERTITECH TOPAGRO;TOPAGRO
Dicamba + Florasulam;BIOSCIENCE -Application en post levée des adventices -Bouillie: 300L/ha;Non spécifié;Non spécifié
(E,Z,Z)-3,8,11Tetradecatrien 1-y acetate (E,Z)-;PHERODIS D.007-16;NUTRIPLANT KOPPERT;KOPPERT
4-methyl-5-nonanol et 4-methyl-5-nonanone;Ferrolure D.002-22;BIOPROTECTION;CHemitica
Acétate d'ammonium min 8.75 g/sachet +Trimethylaminehydrochloride 1.25 g/sachet + diaminubutane 0.04 g/sachet +KILLDISC;PherosanCeratitis D.004-17;NUTRIPLANT SANSAN;SANSAN
Acetate d'ammonium + TrimethylamineHCl +1,4-diaminobutane (Putrescine) +DDVP .29%+20%;MERCI D.006-16;Ets MEZGHANI KEY;KEY
Acide Beta indolbutirique 4 g/l;Exuberone D.005-11/21;SEPCM;SEPCM
Acide chloro 4 phénoxyacétique +Naphoxy 2acétamide;Procarpil D.013-11/21;SEPCM CMPA;CMPA
Acide gibberellique 10% SG;progibb 40 SG D.004-13/23;BIOPROTECTION VALENTBioscience;SUMITOMO
Acide gibberellique 20% ST;Fitogib D.03-21;BIOPROTECTION NUFARM;NUFARM
Acide gibberellique 20% ST;GIB GRO D.005-16;BIOPROTECTION NUFARM;NUFARM
Acide gibberellique 9% ST;Giberkey D.001-15;ETS MEZGHANNI IndustrialQuimica;IndustrialQuimica
Acide gibberellique 10% TB;TB Gibb 3 D.001-11/21;AGROSYSTEMES GLOBACHEM;GLOBACHEM
Acide gibberellique 10% TB;TB Aminogibb D.008-15;AMINCO GLOBACHEM;GLOBACHEM
Acide gibberellique 10% TB;Protagibb D.029-11/21;PROTAGRI United Phosphorus;United Phosphorus
Acide gibberellique 40%;Berelex 40 SG;SEPCM CHEMICAL Agro;Agro
Acide gibbérellique +phenothiol 0.5%+1%;FENGIB MAX EC;promochimie SIPCAM INAGRA Agrumes;SIPCAM INAGRA Agrumes
Acide gibbérellique +phenothiol 0.5%+1%;FENGIB EC;INNOVA SIPCAM INAGRA Agrumes;SIPCAM INAGRA Agrumes
Alkylphenolexy-Ethylène 200 g/L;Etaldyne 95;SEPCM CMPA/Espagne;CMPA/Espagne
Aurebasidiumpillulan(2 souches) :DSM 14940 +DSM 250g/kg;Blossom protect;STIMA BIO FERM Poirier;Poirier
Capsaicine +Ally Isothiocyanate 0.42 % +3.7 SI;Dazitol;EL KHADRA CHAMPION Tomate;CHAMPION
chlormequat-chlorure 750 g/l;Stabilan750;AGRIPROTEC NUFARM Céréales (variétés de longue paille, ex Nacer);NUFARM
chlormequat-chlorure 750 g/l;Cekwat 750;BIOPROTECTION NUFARM Céréales (variétés de longue paille, ex Nacer);NUFARM
Chlormequat-chlorure 750 g/l;Stabilan750;AGRIPROTEC NUFARM Céréales (variétés de longue paille, ex Nacer);NUFARM
Chlormequat-chlorure 750 g/l;Cekwat 750;BIOPROTECTION NUFARM Céréales (variétés de longue paille, ex Nacer);NUFARM
Chlorprophame 1%;NEO STOP;PROTAGRI AGRIPHAR P. de terre;AGRIPHAR
Chlorprophame 500 g/L HN;Neostop 500 HN;PROTAGRI AGRIPHAR P. de terre de consevation;AGRIPHAR
Cyanamide d’hydrogène 520 g/L;Dormex;BIOPROTECTION DEGUSSA AG/ Vigne;ARYSTA
Non spécifié;Non spécifié;NUTRIPLANT KOPPERT;Koppert Baryon N.V.
25 Deltametrine+Acetate d’ammonium+Trimethylamine;Magnet Med;SEPCM;D.004-16
286 g/l+430 EC ACTILANDE TM EC;Actilande TM EC;SEPCM;NUFARM
25 g/L Dichloroprop-p;Clementgros;SANABEL AGRO;NUFARM
286 g/l+430 EC ACTILANDE TM EC;Actilande TM EC;SEPCM;NUFARM
95% EO codacide EO;Garal EC;AGRIMATCO;Mirocide Ltd
1 l/ha Huile de colza 95% EO;Codacide EO;AGRIMATCO;Syngenta
50cc/hl Huile non ionique 92%;GaraL EC;SOLAGRI;Syngenta
550 g/L Hydrolysat de Protéines;CeraBait;EL MOUSSEM EVIE;Evie
59 g/L+13/0 SC Borax;Ceratrap;BIOPROTECTION BIOEBERICA S.A;Bioprotection
piége;Keromone D.003-22;BIOPROTECTION;Chemtica
acetate d'ethyle magnet(keromone);Non spécifié;Non spécifié;Non spécifié
metaldehyde 3%;GR ALDEM 3%;GR;EXCEL AGRI SHARDA
metaldehyde 3%;GR METAX D.003-16;DELTA AGRICOLE SHARDA;Agrumes :Limace
metaldehyde 5%;GB LIMAGRAM D.001-20;EL KHADRA SIPCAM INAGRA;Toutes cultures : Escargot, limace
metaldehyde 5%;GB Metakey D.006-11/21;ETS.MEZGHANI INDUS;Toutes cultures : Escargot, limace
metaldehyde 5%;GB Metapro D.030-11/21;PROTAGRI;United Phosphorus
metaldehyde 5%;GB GHLALA D.003-19;SANABEL AGRO UPL;Toutes cultures : Escargot, limace
metaldehyde 5%;GB Antilimace granule D.025-11/21;SEPCM CEQUISA S.A/UPL;Toutes cultures : Escargot, limace
metaldehyde 5%;GB Super meta D.007-11/21;STEC CEQUISA/PHOSPHONIA, SL/UPL;Toutes cultures : Escargot, limace
Methaldehyde;GR LIMASTOP D.;COTUGRAIN SHARDA;SHARDA
Methaldehyde;GR ESCARGOCHE D.;SOCOOPEC;SHARDA
Phéromones appliquée pour la confusion sexuelle de la SPLAT-EC-O;sous D.004-20;NUTRIPLANT ISCA;TECHNOLOGIES
Phéromones de la pyrale des dattes(ISCA LURE CAROB D.003-20);NUTRIPLANT ISCA;MOHT TECHNOLOGIES;Non spécifié
Polyethermodifiedtrisiloxane + polyether 75%+25%;SL BREAK THRU SL;D.001-22;ATLAS EVONIC
Polyoxyethylene amine;SL PHYDEAL SL;D.003-17;FERTIPLANT SDP/France
Proteines hydrolysées 360 g/L;SL BIOBAIT D.;D.002-16;BIOPROTECTION BIOIBIRICA
Sodium lauryl ether sulfate (SLES);SL Biopower;ATLAS BAYER AG;BAYER AG
Trichodermaharzianum T-22;Trianum –P;NUTRIPLANT KOPPERT;KOPPERT
Abamectine;TERVIGO;BIOPROTECTION SYNGENTA CROP PROTECTION;SYNGENTA CROP PROTECTION
Capsaicine +Ally 0.42 % +3.7 % ISO;Dazitol;EL KHADRA CHAMPION;CHAMPION
Fluopyram;VELUM PRIME 400;ATLAS AGRICOLE BAYER AG;BAYER AG
Garlicextract 1000 g/l;NEM guard SC;STIMA Ecospraylimited;ECOSPRAYLIMITED
Oxamyl;Vydate GR;AGRIMATCO DUPONT;DUPONT
Oxamyl;OXYTANE;Sharda SHARDA CROPCHEM;CROPCHEM TUNISIA
Oxamyl;RETURN 24 SL;Sanabel Agro ROTAM;AGROCHEMICAL(rivale)
Oxamyl;Non spécifié;CropchemTunisia;INDE
Fluazaindolzine;SALIBRO 500 SC;BARAKA Agricole;CORTEVA
Brodifacoum;Broditop R.;ETS MEZGHANI ZAPI SPA;ZAPI SPA
Brodifacoum;Broditop wax block R.;ETS MEZGHANI ZAPI SPA;ZAPI SPA
Brodifacoum;Klerat R.;AGRIPROTEC;SYNGENTA
Brodifacoum;Raticide detia R.;STIMA DETIA;DETIA
Difenacoum;SOREXA PELLETS;AGRIPROTEC;BASF
Diméthoate;Non spécifié;Non spécifié;Non spécifié
Imidaclopride;Non spécifié;Non spécifié;Non spécifié
Malathion;9 5 % ULV;Non spécifié;Non spécifié
imidacloprid+tebuconazole;GIZMO SUPER FS;AGRIPROTEC NUFARM;NUFARM
thiamethoxam;ADAGE 350FS;SOLAGRI SYNGENTA;SYNGENTA
thiametoxam;Cruiser 350 FS;BIOPROTECTION SYNGENTA;SYNGENTA
Difenoconazole + Fludioxonil + Thiamethoxam;CelestTop;F. BIOPROTECTION SYNGENTA;SYNGENTA
Difenoconazole + Thiamethoxam;APRON STAR WS FI.028-22;COTUGRAIN SYNGENTA;SYNGENTA
Mancozèbe 80% WP;Non spécifié;Non spécifié;Non spécifié
Chlorothalonil;Morfus 720 SC F.014-14/24;SANABEL AGRO ROTAM;F.014-14/24
Chlorothalonil;AVOCA F.004-20;RAYEN Barclay;AGRICOLE chemicals(R&D) Ltd.
Chlorothalonil;Banko 720 SC F.013-11/21;BIOPROTECTION UPL/ARYSTA LIFESCIENCE;LIFESCIENCE
Chlorothalonil;TERRAVO F.010-20;SOLAGRI SYNGENTA;SYNGENTA
Chlorothalonil +Tebuconazole 250 g/l+90 g/l SC;SUPER PLAZMA F.55-21;AGRIPROTEC NUFARM;NUFARM
Tébuconazole +Chlorothalonil 125 g/l+375 g/l SC;CIGAL PLUS SC F.008-18;SANABEL AGRO RotamAgrochemi;CALCO.LTD
(E,Z,Z)-3,11-Tetradecadien-1-yl acetate;COTUGRAIN;Shin ETSU MD I.014-22;Shin ETSU
Abamectin;ABAMET EC;UNIAGRO SHANDONG;SHANDONG CHEMICAL/ CBC diffuseurs/ha(100 diffuseurs/1000 m2)
Abamectin;PHYTAGRI;RAYEN LAINCO-Espagne;Non spécifié
Abamectine;Numectin I.A.009-16;MULTAGRI;NUFARM
Abamectine 18 g/L EC;25/06/2025;LAOTTA 03-24.I;ATLAS AGRICOLE LAINCO
Abamectine 84 g/L SC Agrimec Gold 084 I.A.129-11/21;25/06/2025;BIOPROTECTION SYNGENTA;SYNGENTA
Abamectine 20g/l SC TERVIGO 020 SC IN.001-19;23/04/2019;BIOPROTECTION Syngenta Crop;SYNGENTA
Abamectine 18g/l EC VALMEC EC I.004-19;23/04/2019;EL KHADRA INDUSTRIAS;"Tomate: Acariens ""Tetranychus urticae"""
Non spécifié;23/04/2019;AFRAZA/ALBAU -Pulvérisation foliaire (action : translaminaire);SARL -2éme application après 02 semaines
Abamectine 18 g/l EC;LAND CHEMISTRY 25 ml/100 l CO.,Ltd -Pulverisation foliaire;Non spécifié;Non spécifié
Abamectine 18 g/l EC;VARGAS I.51-23 SOLAGRI ROTAM;ULTRA EC CHEMISTRY 25 ml/100 l CO.,Ltd/ALBAUG -Pulverisation foliaire;Non spécifié
Abamectine 18 g/l E C V e r t i m e c I A . 0 0 3 - 11/21 BIOPROTECTION SYNGENTA;Tomate et Pommier: Acariens 75 cc/hl + Mouillant;Fraisier: Acariens: 75 cc/hl;Poirier : Psylle : 75 cc/hl
Abamectine 18 g/l E C V e r t i m e c I A . 0 0 3 - 11/21 BIOPROTECTION SYNGENTA;Palmier dattier:Acariens des dattes(Oligonychusafrasiaticus):60 ml/hl en Traitement curatif (COMM 08/06/22);Non spécifié;Non spécifié
Abamectine 18 g/l E W D i v a 1 . 8 E W I . A . 0 0 2 -15/25 EL MOUSSEM CHEMINOVA;Pommier : Acariens : 75 cc/hl;AGRICOLE;"Palmier dattier : acarien "" Oligonychusafrasiticus"
":60 cc/Hl Nbre max de traitement: 03 Période de traitement: curatif Calendrier des applications: début d'attaque des formes mobiles d'acariens avec intervalle de 7 à 10 jours Pas plus de 2 traitements consécutifs Alterner avec des acaricides appartenant à des familles chimiques différentes Persistance d'action:3-6 semaines DAR:14 jours LMR:0.01;Non spécifié;Non spécifié";Non spécifié;Non spécifié;Non spécifié
Abamectine 1 8 g / L;E W Z O R O I . 3 0 - 25;SCC CHEMINOVA/ Pommier;Non spécifié
Abamectine 1 8 g / l;E C A C T R O S E 1 8 E C I . 0 1 5 - 1 8;ETS MEZGHANI;ASTRACHEM
Abamectine 1 8 g / l;E C T I N A E C I A . 0 0 5 - 11/21;ETS MEZGHANI;INDUSTRIAL
Abamectine 1 8 g / l;E C M E C T I N E P R O I . 0 0 6 - 1 7;JADWA AGROTEC;AAKO BV
Abamectine 1 8 g / l;E C P o t e n z a 1 . 8 I A . 0 0 7 - 11/21;SANABEL AGRO;SINON
Abamectine 1 8 g / l;E C A a k o m e c t i n e I A . 0 0 9 - 11/21;STEC;AAKO BV
Abamectine 1 8 g / l E C;T r a n s a c t 1 8 E C I . A . 1 6 1 -11/21;ASTRACHEM Poirier;TASMID
Abamectine 1.8% EC;LAINSECT EC I.06-25;FERTITECH LAINCO;Atlas Agricole Nanjing(Hebei Guamlong)
Abamectin + Chlorantraniliprole 1,7% + 4,3 % SC;CORAG DUO SC 25-37.I;ATLAS AGRICOLE NANJING(HEBEI GUAMLONG);Atlas Agricole Nanjing(Hebei Guamlong)
Abamectin + Chlorantraniliprole 18 g/l+45 g/l SC;Cleverole plus SC I.14-23;UNIAGRO SHANDONG;WEIFANG Rainbow Chemical CO.LTD
Abamectin + Chlorantraniliprole 18 g/l+45 g/l SC;ABAROLE SC I.13-24;PLANETE VERTE SHANDONG;WEIFANG Rainbow Chemical CO.LTD
Abamectin + Etoxazole 42 g/L + 168g/L SC;BOSCOTT SC I.34-25;BIOPROTECTION ALBAUGH;Albaugh
Abamectin +Spirotetramat 4%+ 24%;SPERAMET I.17-25;SOLAGRI SHANDONG;Agrumes : Cochenille « pou rouge de californie A.
Abamectine +spinosad 3%+ 2%;REVINTY 5 EW I.35-23;PROMOCHIMIE JIANGXI;TOMATE SOUS SERRE : Acariens rouges :75 ZHENGBANG cc/hl
Abamectine +Spirotetramat 4% + 24%;TITONIC SC 25-48.I PROTAGRI NANJING;Tomate sous serre : Mouche blanche Bemisia AGROCHEMICA tabaci :35 cc/hl;Non spécifié
Abamectine+spirotetramat 4% + 24%;FLEXINE SC 25-54.I NEGANOR FFT HEBEI VEYONG;Tomate sous serre: Mouche Blanche Bemisia BIO tabaci : 40 ml/hl (0.4l/ha);Non spécifié
Acetameprid 70% SP;ACETADE FORT I.009-17;SANABEL Agro SHARDA;Agrume: Mineuse: 40g/100 l
Acetameprid 70% SP;Polysect I.004-16;SOCOOPEC SHARDA;Agrume:Mineuse :40g/100 l
Acetamiprid 200 g/kg SP;POtegon 20 SP I.22-23;PLANETE VERTE ASTRANOVA;TOMATE SOUS SERRE :Mouche blanche (Bemisiatabaci) :30 g/100 l
Acetamiprid 20%;CAPILAN SL;NEGANOR AGROW ALLIED Agrumes;Mineuse des agrumes (Phyllocnistris citrella)
Acetamiprid 72.5%;ACEGOALXTRA;NEGANOR FFT SHANDONG CHEMICAL CO.LTD CHINE;Non spécifié
Acetamiprid 20%;EKKA SP;FERTIPLANT KR Pvt Ltd;Non spécifié
Acetamiprid 200 g/l;TRISTAR SL;ATLAS NUFARM;Non spécifié
Acetamiprid + Flonicamid 15% + 20% WG;FLOWPRID WG I.31-25 NEGANOR;SHANDONG PIMENT SOUS SERRE;WEIFANG
Acetamiprid + Flonicamid 15% + 20% WG;ACTAMID WG 25-51.I TASMID;NANJING TOMATE SOUS SERRE;AGROCHEMICA
Acetamiprid + Emamectin 218 g/l + 37 g/l DC;TRAMICS DC 25-39.I SOLAGRI;SYNGENTA TOMATE SOUS SERRE;SYNGENTA
Acetamiprid +pyriproxyfen 186 g/l+124 g/l DC;CANVION310 DC I.032-22 COTUGRAIN;AGRUMES: COCHENILLES FARINEUSES;SYNGENTA CROP
Acetamipride 200 g/L SL;Escort 20 SL;BIOPROTECTION UPL;NIPPON SODA ARYSTA
Acetamipride 200 g/L SL;Mospilan 20 SL;SEPCM;NIPPON SODA ARYSTA UPL LIFESCIENCE
Acetamipride 200 g/l SL;DEPOT SL;PROTAGRI MODERN;INSECTICIDES LIMITED
Acrinathrine 75 g/L EW;Orytis;ATLAS AGRICOLE CHEMINOVA;CHEMINOVA
Acrinathrine 75 g/L EW;Rufast 7,5 EW;A.013-11/21;EL MOUSSEM CHEMINOVA
Acrinathrine +Abamectine 22.5 g/l+12.6 g/l EW;TRIPSOL EW I.010-19;AGROSYSTEME;Cheminova/fmc
Afidopyropen 100 g/l;DC VERSYS DC;HOMOLOGATI AGRIPROTEC;BASF
Alphacypermethrine 100 g/l;ALPHATOP EC I.39-23;SLDA SHARDA;TOMATE SOUS SERRE
Alphacypermethrine 100 g/l;REMAX EC I.10.24;FERTITECH SHARDA;TOMATE SOUS SERRE
Alphacypermethrine 100g/l;ALLIGATOR I.42-23;SSCC GHARDA TOMATE SOUS SERRE;Non spécifié
Alphaméthrine 1 0 0 g / L E C;Bonbard I.176-11/21;COTUGRAIN;BASF
Azadirachtin 1%;BIO-AZA EC 25-40.I;EL KHADRA CROPSAFE;Tomate sous serre
32 g/L EC OIKOS MAX;I.004-20;EL KHADRA SIPCAM INAGRA;Non spécifié
Azadirachtine (0,03 %) + huile de 0 ,3 g/L+90,5% EC Nimbicidine;I.160-11/21;TASMID T. STANES;neem &Co.Ltd.
Bacillus thuringiensis 16x106I.U/g SC;I.09-21;AGRIPROTEC PROBLETE;Non spécifié
Bacillus thuringiensis 32000UI/mg WG;I.131-11/21;AGROSYSTEMES CERTIS;Non spécifié
Bacillus thuringiensis 32000UI/mg WG;I.017-19;SEPCM VALENT;BIOSCIENCE -Traitement parties aériennes sur jeunes stades
CORPORATION/s larvaires;;Non spécifié;Non spécifié
umitomo chemical -Deux applications espacées de 07 à 10jours;;Non spécifié;Non spécifié
Bacillus thuringiensis 16000UI/mg WP;I.025-11/21;etsmezghani industrialquimica;Non spécifié
Bacillus thuringiensis kurstaki 3200 UI/mg WP;I.47-23;NEGANOR BIOSTADT INDE;INDE TOMATE : Noctuelles
Bacillus thuringiensis subsp- 375 g/kg WP;I.019-22;COTUGRAIN CBC;Non spécifié
60 Beauveria bassiana strain ATCC 0.0185 %W/W;Naturalis I.038-22;COTUGRAIN CBC europe/italie;Non spécifié
74040;Non spécifié;Non spécifié;Non spécifié
Beauveria bassiana strain PPRI;VELIFER OD I.32-25 COTUGRAIN;BASF;BASF
Impex occidentalis;Non spécifié;Non spécifié;Non spécifié
Beauveriabassianastrain R444 2x109 spores WP Bb-Protec WP I.08-21 ALOHA Agriculture Plant Health;Tomate:Mouche blanche (Bemisiatabaci) :300 g/ha;ALOHA Agriculture Plant Health;T PHP(Pty)
Impex occidentalis;Non spécifié;Non spécifié;Non spécifié
Bifenazate 240 g/l SC;COMITE 240 SC I.024-22 BIOPROTECTION CHEMTURA/AR;BIOPROTECTION CHEMTURA/AR;CHEMTURA/AR
Bifenazate 240 g/l SC;FLORAMITE 240 I.008-16 AGRIMATCO CHEMTURA/AR;AGRIMATCO;CHEMTURA/AR
Bifenazate 50% WG;BANTER WG I.003-19 AGRIPROTEC UPL limited;AGRIPROTEC UPL limited;UPL limited
Bifenazate 494,8 g/L SC;Acramite 480 SC IA.030-11/21 SEPCM;CHEMTURA;UPL
Bifenazate 494,8 g/L SC;VIGILANT 480 I.29-25 COTUGRAIN CHEMTURA;COTUGRAIN;CHEMTURA
Bifenazate +Etoxazole 30% + 15% SC;MITOVER SC I.01-25 NEGANOR FFT SHANDONG WEIFANG RAINBOW;FFT SHANDONG RAINBOW;NEGANOR FFT SHANDONG
Borax 10 g/L;SL Prev-am I.A.F.031-11/21;EL MOUSSEM ORO AGRI;Non spécifié
Borax 10 g/L;Orotun I.A.F.017-16;RAYEN ORO AGRI;Non spécifié
Buprofezin 25%;Applaud 25 SC I.23-23;AGRIPROTEC SIPCAM INAGRA;AGRIPROTEC SIPCAM INAGRA
Chlorantraniliprole 20%;Virago I.041-22;SHARDA SHARDA;SHARDA
Chlorantraniliprole 20%;PROPICE SC I.54-23;SANABEL AGRO SHARDA;SHARDA
Chlorantraniliprole 200 g/L;Coragen 20 SC I.033-11/21;SEPCM DU PONT/FMC;FMC
Chlorantraniliprole 350 g/kg;ALTACOR 35 I.015-22;AGRIPROTEC FMC;FMC
Chlorantraniliprole 200 g/l SC;COREGIS SC;I.025-22 PROMOCHIMIE DU PONT/FMC;Tomate :Tuta absoluta:50 cc/hl(COMM 08/06/22)
Chlorantraniliprole 200 g/l SC;CLEVEROLE SC;I.10-23 UNIAGRO SHANDONG;Tomate sous serre :Tuta absoluta:50 ml/ha WEIFANG -1 application (COMM 28/12/2023) CHEMICAL CO.LTD
Chlorantraniliprole 200 g/l SC;KORTEX I.06-24 NEGANOR FFT SHANDONG;Tomate sous serre :Tuta absoluta:50 ml/ha WEIFANG -1 application (COMM 28/12/2023) CHEMICAL CO.LTD;Non spécifié
Chlorantraniliprole + Emamectin 12% + 4% SC;PROPROLE (SC) 25-41.I TASMID Nanjing;Tomate sous serre:Tuta absoluta: 300 mL / ha Agrochemical Co., Ltd.;Non spécifié
Chlorantraniliprole + 100 g/l+50 g/l EC;LASTROLE EC I.11-23 UNIAGRO SHANDONG;Tomate sous serre :Tuta absoluta:30 ml/hl lambdacyhalothrin WEIFANG -1 application (COMM 28/12/2023) CHEMICAL CO.LTD;Non spécifié
Chlorantraniliprole + 100 g/l+50 g/l EC;PLIGO ZC I.07-24 NEGANOR FFT SHANDONG;Tomate sous serre :Tuta absoluta:30 ml/hl lambdacyhalothrin WEIFANG -1 application (COMM 28/12/2023) CHEMICAL CO.LTD;Non spécifié
Chlorantraniliprole + Abamectine 4 5 g / L + 1 8 g /L SC;VoliamTargo 063 I.034-11/21 BIOPROTECTION SYNGENTA;Tomate : Tutaabsoluta : 60 cc/hl Tomate : noctuelles : 60 cc/ hl Poirier : Psylle : 60 cc/ hl Pommier: Acariens: 60cc/hl BIOPROTECTION SYNGENTA;Non spécifié
Chlorantraniliprole 100 g/L+50 g/L SC;BESIEGE 150 ZC I.009-18;COTUGRAIN;SYNGENTA
LambdaCyhalothrine IMPEX;Non spécifié;IMPEX PIMENT;Non spécifié
Chlorantraniliprole +Lambda-cyhalothrine 100 g/L+50 g/L SC;POLYVALENT I.18-23;Sté El Khadra;EASTCHEM
methoxyfenozide AGROCHEMICA;Non spécifié;STEC NANJING;CHINE
Chromafénozide 50 g/L;Matric I.044-11/21;BIOPROTECTION UPL/ARYSTA;LIFESCIENCE
CINNAMALDHEYDE 238.78 g/L EC;SEICAN EC I.33-23;ATLAS AGRICOLE SEIPASA S.A;Non spécifié
Clofentezine 500 g/L SC;Apollo 50 A.045-11/21;STEC AAKO BV;Non spécifié
Cyantraniliprole 200g/kg SC;VERIMARK SC I.25-23;SEPCM FMC;TOMATE SOUS SERRE:MOUCHE BLANCHE
Cyantraniliprole 200g/kg SC;OKINA SC I.05-23 SSCC;AGRIMATCO DU PONT;I.014-16
Cyantraniliprole 100 g/L OD;Benevia I.014-16 AGRIMATCO DU PONT;DU PONT;I.014-16
Cyantraniliprole 100 g/L OD;Preza OD I.11-21 Agriprotec;DU PONT/FMC;I.11-21
Cyantraniliprole 100 g/l+12,5 g/L SC;PLESIVA ALPHA I.011-22 BIOPROTECTION SYNGENTA;BIOPROTECTION SYNGENTA;I.011-22
Cyantraniliprole+Abamectine 60 g/l+18g/l SC;MINECTO PRO I.006-22 BIOPROTECTION SYNGENTA;BIOPROTECTION SYNGENTA;I.006-22
Cyflumetofen 0.75 l/ha;Agrumes : Acariens (tetranychus urticae);Non spécifié;AgrioCO.Ltd
Cyflumetofen 100 cc/hl;"Palmier dattier : acarien "" Oligonychusafrasiticus """;Non spécifié;Agrimatco OAT
Cyflumetofen 1 l/ha;TOMATE SOUS SERRE : Acariens rouges;VELAR 20 SC I.03-21;cotugrain
Cypermethrine 100 g/l EC;CYTHRINE 10 EC;AGRIPROTEC ARYSTA TOMATE SOUS SERRE;ARYSTA
Cypermethrine 250 g/L EC;SYNCHRO I.004-15/25;EL KHADRA SHARDA;SHARDA
Cypermethrine 25% EC;SINOCYPER I.44-23;EL KHADRA CROPSAVE;CROPSAVE
Cypermethrine 25% EC;CYPRINE I.22-25;TASMID CROPSAVE;CROPSAVE
Cypermethrine 250 g/L EC;CYPERNOVA I.004-17;AGRINOVA SHARDA;SHARDA
Cypermethrine 500 g/l EC;CYPGOLD 500 I.029-22;EL MOUSSEM ARYSTA;ARYSTA
Cypermethrine 100 g/l EC;CYRUX I.003-17;PROTAGRI UPL;UPL
Cypermethrine 0.86 % MG Belem 0.8 MG 002-16;Non spécifié;I. SEPCM SBM;Non spécifié
Cyperméthrine 100 g/L;Selene I.048-11/21;ETS. MEZGHANI INDUSTRIAL;Non spécifié
Cyperméthrine 100 g/L;Sherpa I.146-11/21;JADWA AGROTEC;CMPA
Cyperméthrine 2 5 0 g / L E C;Cy p er cal 250 EC I.046-11/21;BIOPROTECTION UPL/ARYSTA;Non spécifié
Deltamethrin 25 g/l EC;CISTHRIN EC I.45-23;UNIAGRO SHANDONG;TOMATE:Noctuelles: 75 ml/hl CHEMICAL CO.LTD
Deltamethrin 25 g/l EC;DELTOP EC I.04-24;COTUGRAIN SHANDONG;TOMATE:Noctuelles: 75 ml/hl CHEMICAL CO.LTD
Deltaméthrine 25 g/l EC;D66 I.003-15/25;ETS MEZGHANNI INDUSTRIAL;QUIMICA KEY
Deltamethrine 25 g/l EC;Dextra 25 EC;RAYEN TAGROS;PHYTAGRI CHEMICALS
Deltamethrine 25 g/l EC;Delmitox;SANABEL AGRO SHARDA;CROPCHEM LIMITED INDE
Deltamethrine 25 g/l EC;DOREMY I.25-25;FERTITECH SHARDA;CROPCHEM (Comm 25/06/2025) LIMITED INDE
Deltamethrine 15 g/l EC;Atrium 16-012I.;EL MOUSSEM ROTAM;AGROCHEMICA 25/06/2025
Deltamethrine 25 g/l EC;SCATTO EC I.013-19;STIMA ISAGRO;SPA/GOWAN
Deltamethrine 25 g/l EC;CIDIAL I.23-25;AGRIPROTEC ISAGRO;SPA/GOWAN
Deltamethrine 100 g/l EC;DEXTRA 100 EC;RAYEN TRAGOS;PHYTAGRI CHEMICOLS /INDE
Deltaméthrine 100 g/L EC;Decis Expert I.056-11/21;ATLAS AGRICOLE BAYER;CROPSCIENCE
Deltaméthrine 25 g/l EC;COBRA EC I.43-23;SSCCokina GHARDA TOMATE SOUS SERRE;CHEMICALS (COMM 28/12/2023) LTD
Deltaméthrine 25 g/l EC;SERISS 25 EC I.40-23;EL KHADRA INDUSTRIAS;AFRASA S.A / -Traitement foliaire ALBAUGH - Volume de bouillie :700 à 1000 l d’eau/ha EUROPE SARL -2 Traitements espacés de 14 jours par cycle de la culture. -1er traitement au stade BBCH 72-73 (Comm 25/06/2025)
Deltaméthrine 2,5 g/L E C Deltacal I.053-11/21;BIOPROTECTION UPL/ARYSTA;Non spécifié;BAYER
Deltaméthrine 2,5 g/L E C Decis EC 25 I.054-11/21;EL MOUSSEM BAYER;AGRICOLE CROPSCIENCE;BAYER
Deltaméthrine 2,5 g/L E C Fruithrine I.166-11/21;PROTAGRI United Phosphorus Betterave Ltd;Non spécifié;UNITED PHOSPHORUS
Deltaméthrine;124 Deltaméthrine 2 5 g / L;STEC BAYER;CÉRALES : PUCERONS:CÉRALES : PUCERONS:100 cc/hl
Deltaméthrine;124 Deltaméthrine 2 5 g / L;STEC BAYER;C. MARAÎCHÈRES : NOCTUELLE, PUCERONS:C. MARAÎCHÈRES : NOCTUELLE, PUCERONS:75 cc/hl
Deltaméthrine;124 Deltaméthrine 2 5 g / L;STEC BAYER;VIGNE : TORDEUSE, PYRALE, CICADELLE, THrips:VIGNE : TORDEUSE, PYRALE, CICADELLE, THrips:50 cc/hl
Deltaméthrine;124 Deltaméthrine 2 5 g / L;STEC BAYER;OLIVIER: PSYLLÉ, DACUS, TEIGNE, HYLÉSINE COCHENILLE, NEIROUN, PYRALE DE JASMIN:OLIVIER: PSYLLÉ, DACUS, TEIGNE, HYLÉSINE COCHENILLE, NEIROUN, PYRALE DE JASMIN:50 cc/hl
Deltaméthrine;124 Deltaméthrine 2 5 g / L;STEC BAYER;P.de terre : TEIGNE:P.de terre : TEIGNE:100 cc/hl
Deltamétrine;125 Deltametrine 2.5 % EC;DELTA PROTEKT;AGRUMES: COCHENILLES NOIRES:AGRUMES: COCHENILLES NOIRES:100 cc/hl
Diafenthiuron;126 Diafenthiuron 500 g/L SC;PEGASUS 500 SC;BIOPROTECTION SYNGENTA
Diafenthiuron;126 Diafenthiuron 500 g/L SC;PEGASUS 500 SC;BIOPROTECTION SYNGENTA
Diafenthiuron;126 Diafenthiuron 500 g/L SC;PEGASUS 500 SC;BIOPROTECTION SYNGENTA
Diafenthiuron;127 Diafenthiuron 500 g/l SC;MIRACO SC;SOLAGRI SHANDONG
Difenoconazole 250 g/l EC;NANJI 250 EC F.19-23 STEC JIANGSU MELON SOUS SERRE;Non spécifié;STEC JIANGSU MELON SOUS SERRE
Fen Deng (Difenoconazole 250 g/l EC);Nanjing;Non spécifié;NANJI
Dinotefuran 20% SG;STARKLE 20SG I.30-22;AGROCHEMICA -pulvérisation foliaire;AGRO,INC
Emamectin benzoate 50 g/L EC;Proact 50 EC I.128-11/21;TASMID ASTRACHEM;Tomate : Tutaabsoluta : 30 cc/hl
Emamectin benzoate 50 g/L EC;PROFAST EC I.046-22;PLANETE VERTE ASTRACHEM/AS;Tomate : Tutaabsoluta : 30 cc/hl (COMM27/12/22)
Emamectin benzoate 5% SG;Proclaim 05 SG I.063-11/21;BIOPROTECTION SYNGENTA;Tomate : Noctuelles : 250 g/ha
Emamectin benzoate 5% SG;JEMSTAR I.049-22;FERTIPLANT Krishlifescience;Tomate:Tuta absoluta:30 g/hl (COMM27/12/22)
Emamectin benzoate + 40 g/l+160 g/l EC;SPANVIC PLUS I.11-23;UNIAGRO SHANDONG;TOMATE SOUS SERRE :Tuta absoluta :20 ml/hl
Emamectin benzoate + 40 g/l+160 g/l EC;SMECTO SC I.05-24;NEGANOR FFT SHANDONG;TOMATE SOUS SERRE :Tuta absoluta :20 ml/hl
Emamectin Benzoate + 20 g/l+60 g/l EC;Prifenup EC I.03-23;UNIAGRO SHANDONG;CO.LTD
Emamectin Benzoate + 20 g/l+60 g/l EC;PROXYSAFE EC I.11-24;PLANETE VERTE SHANDONG;CO.LTD
Emamectine benzoate 5.7 % WG;EMATOP I.19-23;Sté El Khadra;HANGZHOU TOMATE SOUS SERRE
Etofenprox 30% EC;TREBON EC I.012-19;ATLAS AGRICOLE SIPCAM INAGRA;CO.LTD
Etoxazole 110g/l SC;BORNEO 10 SC I.A.017-17;BIOPROTECTION SUMITOMO Pommier;AGRO EUROPE S.A.S
Etoxazole 110g/l SC;EXPELER SC I.01-25;UNIAGRO SHANDONG;CO.LTD
Fenazaquin 200 g/L SC;MAGISTER A.I.003-20;SEPCM GOWAN Espagne Olivier;Olivier
Fenazaquin 20%;QUEEN SC I.49-23;SHARDA SHARDA;CROPCHEM CROPCHEM LIMITED TUNISIA LIMITED INDE
Fenazaquin 20%;QUEEN PRO SC I.09-24;SHARDA SHARDA;CROPCHEM CROPCHEM LIMITED TUNISIA LIMITED INDE
Fenpyroximate 5 1 , 2 g / L S C;FLASH EVO I.012-18;EL KHADRA SIPCAM INAGRA;NIHYAKU Co.
Flometoquin 100g/l SC;GLADIUS 10 SC 25-39.I;EL MOUSSEM Nippon kayaku;Agro international Ltd
Flonicamid 500 g/kg WG;TEPEKI WG I.10-21;AGRIPROTEC ISK Biosciences;Tomate :Mouche blanche (Bemisiatabaci) :160 g/ha
Flonicamid 20% WG;FLOPUS WG 25-53.I NEGANOR FFT NANJING(D)SHA;HENTIAN;Agriculture(fab)
Flubendiamide 480 g/l SC;FAME 480 SC I.020-22;ATLAS AGRICOLE;BAYER
Flubendiamide 24% WG;TAKITOP WG I.17-23;Sté EL KHADRA EASTCHEM TOMATE SOUS SERRE : Tuta absoluta :25 g/hl;CO,Ltd CHINE
Flubendiamide;Takumi 20 WG;I.070-11/21 EL MOUSSEM NIHON;Non spécifié
Flufenoxuron;Qatar I.071-11/21;AGROSYSTEMES GLOBACHEM;Non spécifié
Flupyradifurone;SIVANTO PRIME I. 016-17 ATLAS AGRICOLE;Bayer A.G;Non spécifié
Fluxametamide;GRACIA 100 EC;I.38-23 AGRIMATCO NISSAN CORPORATION;Non spécifié
Gamma-cyhalothrine;Vantex 60 g/l CS;AGROSYSTEMES FMC;Non spécifié
Helicoverpaarmigeranucleopolyhe 7.5 1012 cfu/l SC BOLLDEX SC;I.010-17 ALOHA Agriculture ANDERMATT;Non spécifié;Non spécifié
Hexythiazox 10% WP;Jalisco IA.010-16;AGRIPROTEC PROPLAN/QUME;TICA
Hexythiazox 10% WP;Diablo I.A.175-11/21 EL KHADHRA INDUSTRIAS;AFRAZA/ALBAU;Non spécifié
Hexythiazox 10% WP;GH EUROPE Agrumes, pommier : Acariens;GH EUROPE;Non spécifié
Hexythiazox 50 g/hl;"SARL Palmier dattier : acarien "" Oligonychusafrasiticus """;SARL Palmier dattier;Non spécifié
Hexythiazox 10% WP;159 Hexythiazox 10% WP Cesar I.A.075-11/21 EL MOUSSEM NIPPON SODA;EL MOUSSEM NIPPON SODA;Cesar
Hexythiazox 10% WP;AGRICOLE CO., Piment : Acariens;AGRICOLE CO.;Non spécifié
Hexythiazox 10% WP;LTD/ARYSTA/UP Agrumes, pommier : Acariens;LTD/ARYSTA/UP;Non spécifié
Hexythiazox 10% WP;L/Aristeas Palmier dattier : Acariens des dattes:Oligonychus afrasiaticus;L/Aristeas;Non spécifié
Hexythiazox 258,7 g/l SC;160 Hexythiazox 258,7 g/l SC Exitox I.A.177-11/21 Ets MEZGHANI INDUSTRIAL;Ets MEZGHANI INDUSTRIAL;Exitox
Hexythiazox 258.7 g/l SC;"QUIMICA KEY Palmier dattier : acarien "" Oligonychusafrasiticus """;QUIMICA KEY;Non spécifié
Hexythiazox 258.7 g/l SC;161 Hexythiazox 258,7 g/l SC ACRUX SC I.005-22 AGROSYSTEMES Ascenza Agro;AGROSYSTEMES Ascenza Agro;ACRUX SC
Hexythiazox 258.7 g/l SC;162 Hexythiazox 258.7 g/l SC DIABLO MAX SC I.004-22 EL KHADRA INDUSTRIAS;EL KHADRA INDUSTRIAS;DIABLO MAX SC
Hexythiazox 50% WG;163 Hexythiazox 50% WG MITADOR WG I.05-25 AGRINOVA /Sharda Cropchem INDE (100 g/hl);AGRINOVA /Sharda Cropchem INDE;MITADOR WG
Hexythiazox +Abamectine 50 g/L+18g/l SC;164 Hexythiazox +Abamectine 50 g/L+18g/l SC ROCINANTE I.04-21 AGRIPROTEC PROPLAN/QUME TICA;AGRIPROTEC PROPLAN/QUME TICA;ROCINANTE
165 Huile d’essence d’orange;OLEORA EC I.04-23;BIOPROTECTION UPL;UPL
166 Huile de paraffine;OVIPRON TOP I.003-22;BIOPROTECTION UPL;UPL
167 Huile de paraffinique 79 %;LAINCOIL EC I.033-22;FERTITECH LAINCO;FERTITECH LAINCO
168 Huile de paraffinique 79 %;OLEO CAP EC I.047-22;NEGANOR;LAINCO
169 Huile de paraffinique 830g/l;AGROIL BLEU I.034-22;PROMOCHIMIE SIPCAM INAGRA;PROMOCHIMIE SIPCAM INAGRA
Huile de paraffinique 830g/l EC;SIP-OIL I.24-25;AGRIPROTEC SIPCAM INAGRA;Non spécifié
Huile minérale 850 g/L E C;SunOIL I.008-13/23;AGRIMATCO PETRONAS;PETRONAS LUBRICANTS BELGIUM NV
Huile minérale 817 g/L E C;Oviphyt I.127-11/21;ATLAS COMPTOIR INDUSTRIE COMMERCIAL DES LUBRIFIANTS/S DES ANGOSSE;Non spécifié
Huile minérale 850 g/L E C;Citrole I.076-11/21;EL MOUSSEM TOTALEnergies;Non spécifié
Huile minérale 850 g/L E C;L U M I E R E E C I . 5 0 - 2 3;COTUGRAIN TOTALEnergies;Non spécifié
Huile minérale 830 g/l E C;Insecticida KEY I.001-14/24;KEY ETS MEZGHANI IndustrialQuimica;Non spécifié
Indoxacarb 150 g/l SC;PIXEL SC I.043-22;FERTITECH TOPAGRO;BIOSCIENCE
Indoxacarb 150 g/l SC;POTER I.07-23;PROTAGRI NANJING TOMATE SOUS SERRE;AGROCHEMICA
Indoxacarb 30 % WDG;INDOXAL XTRA I.15-23;AGRINOVA AGROBEATS;WDG TECH CHINE
Indoxacarb 30 % WDG;VEROX WDG I.08-24;SANABEL AGRO AGROBEATS;TECH CHINE
Indoxacarbe 150 g/l SC;OXAL SC I.035-22;NEGANOR Jingboagrochemica;ls technologie
Indoxacarbe 150 g/l SC;INDO SUPER SC I.039-22;Sté ELKHADRA NINGBO;Non spécifié
Indoxacarbe 30% WG;VIRTUOZ WG I.52-23;NEGANOR SHANDONG;WEIFANG
Indoxacarbe 30% WG;HoproleXtra I.040-22;UNIAGRO Shandong weifang;RAINBOW (COMM 28/12/2023)
Indoxacarbe 30% WG;JOKARI 30WG I.37-23;SEPCM AAKO;Non spécifié
Indoxacarbe 150 g/L SC;TALENT 150 SC I.016-18;Ets MEZGHANI;ASTRACHEM/AS
Indoxacarbe 150 g/L SC;Amiral I.087-11/21;EL MOUSSEM PARIJAT;AGRICOLE INDUSTR./ariestas
Indoxacarbe 150 g/L SC;General SC I.045-22;RAYEN PARIJAT;PHYTAGRI INDUSTR.
Indoxacarbe 150 g/L EC;AVATAR EC I.023-22;ATLAS AGRICOLE DU PONT/FMC;Non spécifié
Indoxacarbe 150 g/L EC;Avaunt I.089-11/21;SEPCM DU PONT/FMC;Non spécifié
Indoxacarbe 150 g/l SC;STARCARB I.021-22;SSCC GARDA;CHEMICAL
Indoxacarbe 15% SC;KING DOXA 15 I.21-23;RAYEN GHARDA HOUSE;PHYTAGRI INDE
Indoxacarbe 150 g/L SC;Vaulent I.086-11/21;TASMID ASTRACHEM;Non spécifié
Lambada cyhalothrine 5% EG;Kempo EG I. 14-21;BIOPROTECTION NUFARM;Agrumes : Pucerons
cyhalothrine 5% EG;Lambada;KAISO 5%;NUFARM Agrumes
cyhalothrin 2,50% WDG;JUDO;STIMA SHARDA Agrumes;Non spécifié
cyhalothrin 2,50% WDG;INDIGO WDG;AGRIMED SHARDA Pêcher;Non spécifié
cyhalothrin 50 g/l EC;LASTING EC;UNIAGRO SHANDONG TOMATE SOUS SERRE;Non spécifié
cyhalothrin 50 g/l EC;LATHRIN EC;PLANETE VERTE SHANDONG;Non spécifié
cyhalothrin 25 g/l EC;KEYLAM EC;ETSMEZGHANNI Industrialquimica Betterave à sucre;Non spécifié
cyhalothrine 100 g/l SC;ALLEYA ME;EL KHADRA AUGUST TOMATE SOUS SERRE;Non spécifié
cyhalothrine 100 g/l ME;SIAL ME;NEGANOR FFT AUGUST TOMATE SOUS SERRE;Non spécifié
cyhalothrine 0.4 % GR;POINTER GEO;AGRIPROTEC SIPCAM INAGRA Pomme de terre;Non spécifié
Lambda-cyhalothrine 0.4 % GR;TRIKA EXPERT I.06-21;PROMOCHIMIE SIPCAM INAGRA;Non spécifié
Lambda-cyhalothrine 10g/l CS;LAMBDATROL I.007-18;AGRIPROTEC SIPCAM INAGRA;Non spécifié
Lambda-cyhalothrine 100g/l CS;POINTER100 CS I.002-17;PROMOCHIMIE SIPCAM INAGRA;Non spécifié
Lambda-cyhalothrine 25 g/l EC;Pulsar I.168-11/21;PROTAGRI United Phosphous Olivier;Non spécifié
Lambda-cyhalothrine 5 0 g / L EC;Ravane I.091-11/21;AGROSYSTEMES GLOBACHEM;Non spécifié
Lambda-cyhalothrine 5 0 g / L EC;Markate I.016-15/25;AMINCO GLOBACHEM;Non spécifié
Lambda-cyhalothrine 5 0 g / L EC;Expert I.007-15/25;SANABEL AGRO SHARDA CROPCHEM LIMITED INDE;Non spécifié
Lambda-cyhalothrine 5 0 g / L EC;lalione EC I.16-21;SHARDA CROPCHEM LIMITED INDE;Deltaagicole plus
Lambda-cyhalothrine 5 0 g / L EC;Jackpot 16-013I.;SANABEL AGRO ROTAM;AGROCHEMICA LS(rivale)
Lambda-Cyhalothrine 5 % EC;LAMDA MAX EC I.15-25;LIEN AGRICOLE UNITED;CHEMICALS Foliaire
Lambda-cyhalothrine + 1,5% + 6% EC;LAMBDAFAST I.11-25;ATLAS Agricole Nanjing(shandong);Acétamiprid EC Max 2 applications par saison Dar :21 Jours
Manipropamide;GRE VUS C F . 0 5 - 2 3 B I O P R O T E C T I O N S Y N G E N T A T O M A T E SOUS SERRE;Non spécifié;Non spécifié
Oxychlorure de 2.5%;GRE VUS C F . 0 5 - 2 3 B I O P R O T E C T I O N S Y N G E N E T A M O T A M A T E SOUS SERRE;Non spécifié;Non spécifié
Metaflumizone;VERSIMO 240 SC;AGRIPROTEC;BASF
Métam sodium;Fumical;BIOPROTECTION UPL/ARYSTA;Non spécifié
metarhiziumrileyi strain PHP1705:1x108 CFU/g (1.0 W/W PHP;Nomu-Protec I;ALOHA ANDERMATT;Non spécifié
Methoxyfenozide;Runner;PROMOCHIMIE DOW;AGROSCIENCES/corteva
Milbemectin;Milbeknock;IA.103-11/21 AGRIPROTEC;Mitsui Chemicals C
Natural Pyrethrin;PULSEI EC;I.24-23 COTUGRAIN SPEISA SA;Non spécifié
Oxamyl 100 g/l SL;Vydate 10 L;I. AGRIPROTEC;PONT/cortevaagris
Phosmet 50% WP;Imidan 50 A;AGRIPROTEC GOWAN/Espagne;I.152-11/21
Phosmet 50% WP;Foslete 50;EL KHADHRA SIPCAM INAGRA;I.011-13/23
Phosphure d’Al. 77,50%;Quickphlo-R;PROTAGRI UNITED;PHOSPHORUS Insectes des denrées agro-alimentaires stockés LTD Céréales, légumineuses : Insectes des denrées stockés
Phosphure d’Al. + Phosphure d’Hy. 57 % +33%;FU Quickphos;PROTAGRI UNITED;PHOSPHORUS Désinfection des denrées stockées
Phosphure d’Al. + Phosphure d’Hy. 57 % +33%;ET Detia Gas;STIMA DETIA;Désinfection des denrées stockées
Phosphure d’Al. + Phosphure d’Hy. 57 % +33%;FU Quickphos;PROTAGRI UNITED;Désinfection des dattes : 1,5 g/m3 (Comm 16/07/2025)
Phosphure de Magnésium 57%+33%;Deguech plate;STIMA DETIA;UNITED Dattes
Phosphure de Magnésium 57%+33%;Phugaphos I;PROTAGRI UNITED Dattes;UNITED Dattes
Pyradaben 200 g/kg WP;Rhamse 20 WP;PLANETE VERTE;ASTRANOVA TOMATE SOUS SERRE
Pyréthrine 40g/l EC;Abanto 40 EC;EL KHADRA INDUSTRIAS;AFRAZA/ALBAU (30 g s.a/ha)
Pyrethrines 40 g/l EC;Krisant EC;PROMOCHIMIE SIPCAM INGRA;ESPAGNE
Pyrethrins 20 g/l EC;Pirecris I;ATLAS AGRICOLE;SeipasaS.A
Pyrethrins 18, 61 g/l EC;Piretro Verde I;STIMA COPYR S.p.A;STIMA COPYR S.p.A.
230 Pyridabène 100 g/l SC;NEXTER 10 SC 25-35.I;AGRIPROTEC NISSAN;BASF
237 Pyridalyl 500 g/l EC;Sumipleo50EC I.015-16;AGRIMATCO SUMITOMO;BASF
238 Pyrifluquinazon 20%;RYCAR SC I.007-22;EL KHADRA SIPCAM;Non spécifié
40 Pyridabène 100 g/l SC;NEXTER 10 SC 25-35.I;AGRIPROTEC NISSAN;BASF
25 Pyrifluquinazon 20%;RYCAR SC I.007-22;EL KHADRA SIPCAM;Non spécifié
Pyrimicarbe 50 % WG;y I.110-11/21;AGROSYSTEMES GLOBACHEM;Globachem
Pyrimicarbe 50 % WG;Tornado I.017-15/25;AMINCO GLOBACHEM;Globachem
PYRIMIPHOS METHYL 500 g/l;ACTELIC EC;i.02-24;AGRIPROTEC SYNGENTA
Pyriproxifene 50 cc/hl;DRASSEN I.06-23;AGRONOMIC jiangsukuaida/shan Agrume;Land ghai shengnong
Pyriproxyfen 100 g/l;LYNO EC;i.27-23;PROTAGRI NANJING CHINE
Pyriproxyfen 100 g/l;MAGIC EC;i.009-22;Fertitech HANGZHOU
Pyriproxyfen 98 g/L + Spirotetramate 98 g/L;SPIROMAX OD 25-47.I;BIOPROTECTION ALBAUGH;ALBAUGH TOMAHUGH
Pyriproxyfene 100 g/l;MULIGAN I.001-18;AGRIPROTEC PROPLAN/QUME;AGRICULTURAL SOLUTIONS SPAIN SLU
Pyriproxyfene 100 g/l;PROXIMO EC I.002-18;EL KHADRA INDUSTRIAS;ALBAUGH TOMAHUGH
Pyriproxyfene 100g/l;BRAI EC I.006-19;RAYEN LAINCO SA;LAINCO SA
Pyriproxyfene 100g/l;PROXYGOLD EC I.044-22;NEGANOR LAINCO SA;LAINCO SA
Sesame oil + Clove oil + 5% + 1% + 94%;ARMOREX 25-42.I;ALOHA SOILTECHNOLO;ALBAUGH TOMAHUGH
Spinetoram 60g/l+300g/l SC;UPHOLD SC I.36-23;ATLAS AGRICOLE CORTIVA;CORTIVA
Spunetoram + Sulfoxaflor(Isoclast 100g/kg+300g/k WG FIDELITY WG I.32-23;TM active) g -3 trait. dés l’apparition des ravageurs;SEPCM CORTEVA;CORTEVA
Spinosad 10% SC;SUCCESS SC I.16-23 PROTAGRI;NANJING TOMATE SOUS SERRE;I.16-23 PROTAGRI
Spinosade 480 g/l SC;SPINO 480 SC I.017-22 EL KHADRA BAICO;Tomate sous serre:Tuta absoluta:120 cc/hl;EL KHADRA BAICO
Non spécifié;Pomme de terre de conservation :Teigne :5cc/hl;UNIAGRO SHANDONG TOMATE SOUS SERRE;WEIFANG RAINBOW CHEMICAL CO.LTD
Spinosade 480 g/l SC;SPINOZAR 480 I.12-24 PLANETE VERTE;SHANDONG TOMATE SOUS SERRE:Tutaabsoluta :25 ml/hl;WEIFANG RAINBOW CHEMICAL CO.LTD
Spinosade 240 g/L SC;LASER 240 SC I.010-13/23;ATLAS AGRICOLE DOW TOMATE : Tutaabsoluta : 50 cc/hl;ATLAS AGRICOLE DOW
Non spécifié;mouches mineuses : 60 cc/hl;ATLAS AGRICOLE DOW TOMATE : Tutaabsoluta : 50 cc/hl;ATLAS AGRICOLE DOW
Non spécifié;mouches blanches : 60 cc/hl;ATLAS AGRICOLE DOW TOMATE : Tutaabsoluta : 50 cc/hl;ATLAS AGRICOLE DOW
Non spécifié;Thrips: 40 cc/hl;ATLAS AGRICOLE DOW Vigne, fraisier : Thrips: 40 cc/hl;ATLAS AGRICOLE DOW
Non spécifié;Teigne : 10 cc/hl;ATLAS AGRICOLE DOW P. de terre de conservation : Teigne : 10 cc/hl;ATLAS AGRICOLE DOW
Spinosade 0,24 g/L;CB Spintor;ATLAS AGRICOLE;DOW Agrumes
Spinosade 480 g/l;SPINOBEST;TASMID BAICO BIOTECH;AGROSCIENCE/
Spinosade 480 g/l;PLATINUM SC;25-38.I NEGANOR FFT HEBEI VEYONG;HEBI CHEMICAL
Spirodiclofen 24%;SPIRIDOR 240 SC;I.01-21 SHARDA;SHARDA Agrumes
Spirodiclofe 240 g/L;SPIDER EXTRA;IA.026-22 SANABEL AGRO;SHARDA CROPCHEM LIMITED INDE
Spirodiclofen 240 g/L;Bolido 240 SC;IA.114-11/21 PROMOCHIMIE BAYER;CROPSCIENCE/G OWAN
Spirodiclofen 240 g/L;Envidor;IA.115-11/21 STEC BAYER;CROPSCIENCE/g
Spirodiclofen 240 g/l SC;ASKARI 240 SC I.002-22;SEPCM AAKO;I.002-22 SEPCM AAKO
Spirodiclofen 240 g/l SC;PROSPIRO I.28-25;BIOPROTECTION AAKO;I.28-25 BIOPROTECTION AAKO
Spirodiclofen 240 g/l SC;ACAROS SC I.012-22;STEC Shandong;I.012-22 STEC Shandong
Spirodiclofen 240 g/l SC;SPOZINE SC 25-45.I COTUGRAIN SHANDONG;RAINBOW CHEMICAL CO.LTD CHINE;08/06/22 RAINBOW CHEMICAL CO.LTD CHINE
Spirodiclofen 240 g/l SC;SPIROFEN 01-24.I Ste ELKHADRA EASTCHEM;"Palmier dattier: acarien "" Oligonychusafrasiticus""";22/02/2024 STE ELKHADRA EASTCHEM
Spirodiclofen +Abamectine 240 g/l + 10g/l SC;MISKY SC I.03-25;PROTAGRI NANJING CHINE;I.03-25 PROTAGRI NANJING CHINE
Spirodiclofene 240 g/l SC;272 Spirodi;BRINKA SC I.04-25;El MOUSSEM UPL
Spiromesifen 240 g/L SC;273 Spirom;Oberon 240 SC IA.116-11/21;ATLAS AGRICOLE BAYER
Spiromesifen 24%;274 Spiro;SPYRITE SC 25-52.I FERTITECH SHARDA;CROPSCIENCE
Spiropidion 300g/l SC;275 Spiro;ELESTAL300 SC I . 0 1 - 2 3 B I O P R O T E C T I O N S Y N G E N T A;SYNGETA
Spirotetramat 150 g/L OD;276 Spiro;Movento 150 OD I.117-11/21;ATLAS AGRICOLE BAYER
Spirotetramat 240g/l SC;Natramat 240SC;AGRIPROTEC Jiangsu United Agrume;I.02-23
Spirotetramat 22.4% SC;MAGNUS SC;STEC AAKO TOMATE SOUS SERRE;I.29-23
Spirotetramat 22.4% SC;MAXIMUS SC;BIOPROTECTION AAKO TOMATE SOUS SERRE;I.26-25
Spirotetramat 10% SC;OPTIMUM PRO I;SOLAGRI Sharda Cropchem Agrumes;I.18-25
Spirotetramat +buprofezin 11% + 22%;ULTOR 33 SC;PROMOCHIMIE Shaanxi hengtian Agrumes;I.16-25
SpliNPV 5 x 1011 corps SC LITTOVIR I.007-19;ALOHA ANDERMATT;Fraisier: Noctuelle;Non spécifié
lecanicillummuscarium 48 g/kg WG MYCOTAL WG I.004-18;NUTRIPLANT KOPPERT;Tomate: Aleurodes (mouches blanches);Non spécifié
sulfoxaflor 240 g/l SC Closer 240 SC I.008-15/25;SEPCM DOW;Agrumes : Cochenilles;Agrumes : Pucerons
sulfoxaflor 240 g/l SC TRONSFORM I.55-23;AGRIPROTEC DOW;Agrumes : Cochenilles;Agrumes : Pucerons
tau-fluvalinate 240 g/L EW Mavrik 2 F I.173-11/21;STEC AAKO;Tomate, piment, pommier : Pucerons;Pommier : Carpocapse
tau-fluvalinate 240 g/L EW ARPEGE I.27-25;BIOPROTECTION AAKO;Tomate, piment, pommier : Pucerons;Pommier : Carpocapse
tebufenozide 240 g/l SC MIMIC 240 SC I.09-25;EL MOUSSEM /NISSO;Agrumes :Mineuse des agrumes (Phyllocnistris citrella);AGRICOLE CHEMICAL AGRI Europe -pulvérisation foliaire GMBH/Allemagne -NIPPON Soda/Japan
tebufenpyrad 20% WP MASAI I.A.007-13/23;AGRIPROTEC BASF/belchim/CeratisBelchimN.V;Pommier: Acariens;Agrume:Acariens
Tefluthrine 0,50%;VOLTRA 0.5 G I.005-20;COTUGRAIN;SYNGENTA
Tefluthrine 0.5%;DIASTAR MAXI I.05-21;RAYEN DIACHEM;Non spécifié
Tolfenpyrade 150 g/l;HACHI-HACHI I.20-23;EL KHADRA SIPCAM INAGRA;Non spécifié
Phytoseiulus persimilis;Non spécifié;Non spécifié;Non spécifié
Adepidyn+ Difenoconazole 75 g/l+125 g/l SC;Miravis duo Sc;BIOPROTECTION SYNGENTA;Tomate:Alternaria(Alternariasolani):0.75 l/ha-Trois applications /cycle/15 jours
Pastèque: Oidium (Sphaerothecafuliginea);0.75 l/ha-1ère application après 15 jours de repiquage;Non spécifié;Non spécifié
Vigne: Oidium(Uncinulanecator):0.65 l/ha;SC F.11-21;BIOPROTECTION SYNGENTA;Non spécifié
Ametoctradin+ Dimethomorph 300 g/L + 225 SC;Orvego;AGRIPROTEC BASF;Pomme de terre : Mildiou : 0.8 l/ha
(COMM22 mai 2024);SC F.002-14/24;AGRIPROTEC BASF;Non spécifié
Ametoctradine 200 g/l SC;SNOOKER SC;F.003-19 STIMA;BASF Tomate:Mildiou:150 cc/hl(1.5 l/ha),-pulvérisation foliaire
(COMM23/04/2019);SC F.003-19 STIMA;BASF;Non spécifié
Amisulbrom 200g/l SC;LEIMAY 20 SC;F.014-17 EL MOUSSEM NISSAN CHEMICAL;AGRICOLE EUROPE SAS/ARYSTA Pomme de terre : Mildiou : 500 ml/ha
Vigne : Mildiou : 375 ml/ha(COMM 20/06/2017);SC F.014-17 EL MOUSSEM NISSAN CHEMICAL;AGRICOLE EUROPE SAS/ARYSTA;Non spécifié
Aureobasidiumpullulans DSM 500g/kg(2.5*109 WG BOTECTOR WG F.22-21 STIMA BIOFERM/SAN Vigne:Pourriture grise(Botrytis cinerea):14940 et CFU/g)500g/kg( AGROW/autriche 1 kg/ha;F.22-21;STIMA BIOFERM/SAN Vigne:Pourriture grise(Botrytis cinerea):14940 et CFU/g)500g/kg( AGROW/autriche 1 kg/ha;Non spécifié
aureobasidiumpullulans DSM 2.5*109 CFU/g;F.22-21;STIMA BIOFERM/SAN Vigne:Pourriture grise(Botrytis cinerea):14940 et CFU/g)500g/kg( AGROW/autriche 1 kg/ha;Non spécifié
Azoxystrobin + Flutriafol 25%+12.5% SC;CURAX EXTRA F.009-20 SHARDA SHARDA CROPCHEM Blé:Rouille(puccinia spp):0.5 l/ha;SC CROPCHEM LIMITED INDE -2 applications d’intervalle 3 semaines;Non spécifié
LIMITED TUNISIE (COMM13/02/2020);CURAX EXTRA F.009-20 SHARDA SHARDA CROPCHEM Blé:Rouille(puccinia spp):0.5 l/ha;SC CROPCHEM LIMITED INDE -2 applications d’intervalle 3 semaines;Non spécifié
LIMITED TUNISIE (COMM13/02/2020);CURAX EXTRA F.63-21 AGRIMED SHARDA CROPCHEM Blé:Rouille (puccinia spp):0.5 l/ha;SC DISTRIBUTION LIMITED INDE -2 applications d’intervalle 3 semaines;Non spécifié
EXTRA SC;F.63-21 AGRIMED SHARDA CROPCHEM Blé:Rouille (puccinia spp):0.5 l/ha;SC DISTRIBUTION LIMITED INDE -2 applications d’intervalle 3 semaines;Non spécifié
EXTRA SC;COMM09/0;Non spécifié;Non spécifié
Azoxystrobine 250 g/l SC;LEGADO 250 SC F.014-18;EL KHADRA INDUSTRIAS;F.014-18 EL KHADRA INDUSTRIAS
Azoxystrobine 250 g/l SC;Azox SC F.039-17;Ets MEZGHANNI;Jiangyin Suli
Azoxystrobine 50% WG;AXYTOP 50WG F.060-22;EXCEL AGRI SHARDA CROPCHEM;INDE
Azoxystrobine 50% WG;Cayen 500 WG F.035-16;RAYEN SHARDA CROPCHEM;PHYTAGRI LIMITED INDE
Azoxystrobine 250 g/l SC;SINSTAR SC F.030-17;SANABEL AGRO SINON CORPORATION;F.030-17 SANABEL AGRO SINON CORPORATION
Azoxystrobine 250 g/l S C;Globaztar 250 S C F . 0 1 7-13/23;AGROSYSTEMES;Globachem
Azoxystrobine 250 g/l S C;Zaftra S C F . 0 3 4-15/25;AMINCO;Globachem
Azoxystrobine 250 g/l S C;aZimuT S C F . 4 8 -21;ATLAS AGRICOLE NUFARM;Blé : Septoriose, rouille : 0,8 l/ha
Affix 250 S C F . 0 3 0-16;AFFIX 250 S C;PROTAGRI UPL;Blé dur : rouilles : 0,8 l /ha
Aerox 250 S C F . 0 7 4-22;AROXY 250 S C;AGRIMATCO UPL;Blé dur : rouilles : 0,8 l /ha (COMM 27/12/22)
Hydo 250 S C F . 3 4 -21;HYDO 250 S C;STEC nanjing;SULI CHEMICAL -pulvérisation foliaire
Cougar SC F.016-18;COUGAR SC;PROTAGRI UPL LIMITED;Blé : septoriose : 0,5 l/ha (Traitement par +Cyproconazole pulvérisation)(COMM 18/10/2018)
Double Force F. 029-17;DOUBLE FORCE;SANABEL AGRO SHARDA CROPCHEM;LIMITED INDE
Alliance Top F.011-22;ALLIANCE TOP;AGRI PLUS NANJING;Vigne: Mildiou Plasmopara viticola : 50 cc/hl +Difenoconazole
25 Azoxystrobine 200 g/l+125 g/l SC;AMISCORE SC F.014-22 PROTAGRI NANJING;NANJING Vigne:Mildiou (Plasmopara viticola);Nanjing Vigne
26 Azoxystrobine + Tebuconazole 200g/l + 200 g/l SC;START-UP F.038-15/25 BIOPROTECTION AAKO Blé: Septoriose;AAKO Blé;Non spécifié
27 Azoxystrobine + Tebuconazole 80 g/l + 160g/l SC;Altitud Gold F.025-16 SANABEL AGRO ROTAM Blé dur : Rouilles;ROTAM Blé;Non spécifié
240SC AGROCHEMICALS/rival Vigne : Oïdium;AGROCHEMICALS/rival Vigne : Oïdium;Non spécifié;Non spécifié
28 Azoxystrobine + Difeconazole 125 g/l+125 g/l SC;PRIORI GOLD F.40-21 SOLAGRI SYNGENTA Crop Blé dur:Septoriose(Septoriatritici) ,Rouille;SYNGENTA Crop Blé;Non spécifié
29 Azoxystrobine 200 g/l+125 g/l SC Black panther SC;F.009-22 FERTITECH HANGZHOU TOPAGRO Vigne:Oidium(Uncinulanecator);TOPAGRO Vigne;Non spécifié
30 Azoxystrobine 200 g/l+125 g/l SC FULL TOP SC;F.08-25 NEGANOR NANJING Agrochemical Vigne :oidium (Uncinula necator);Nanjing Agrochemical;Non spécifié
31 Azoxystrobine 200 g/L +125 g/L SC AZ-TOP SC;F.003-20 SLDA SHARDA CROPCHEM Féverole: Anthracnose (Aschochytafabae);SHARDA CROPCHEM;Non spécifié
Ortiva TOP F.004-18;Non spécifié;SOLAGRI SYNGENTA;Syngenta
Impact max SC F.037-22;Non spécifié;AGRIPROTEC Cheminova/FMC;FMC
NANOK F.16-23;Non spécifié;AGRIPROTEC FMC;FMC
UNIFORM 446 F.132-11/21;Non spécifié;BIOPROTECTION SYNGENTA;Syngenta
SERENADE F.13-21;Non spécifié;EL MOUSSEM;Bayer AG
Corticin;Non spécifié;COTUGRAIN;Novozymes biologicals inc
37 Bacillus amyloliquefaciens 130 g/kg WP;Taegro F.006-22;COTUGRAIN;Novozymes biologicals inc
Oidium(Uncinulanecator);Non spécifié;BIOPROTECTION BION TECH INC;AAKO
37 Bacillus subtilis de souche Y 1x109 CFU/g WP;BIOBAC F.131-11/21;BIOPROTECTION BION TECH INC;AAKO
Botrytis cinerea;Non spécifié;AAKO;Fraisier, Tomate
Alternariamaliet ,Alternariaarborescens;Non spécifié;RAYEN ORO AGRI;OROTUNIA F.017-16
Botrytis cinerea;Non spécifié;STIMA BASF;BASF
Botrytis cinerea;Non spécifié;MASTOR WG;BASF
Botrytis cinerea 220 g/l + 65 g/l SC;BOSPEL PLUS F.35-25;NEGANOR FFT SHANDONG WEIFANG;RAINBOW CHEMICAL
Boscalid + Pyraclostrobin 25.2%+ 12.8% WG;BOOSTER WG F.013-25;NEGANOR NANJING Agrochemical;Non spécifié
Boscalid + Pyraclostrobin 25.2%+ 12.8% WG;ESSENCE Xtra F.14-25;SOLAGRI SHANDONG WEIFANG;RAINBOW CHEMICAL CO.LTD CHINE
Boscalid +Krésoxym-Methyl 200 g/L +100 g/L SC;hexagon SC F.45-21 cotugrain;COTUGRAIN;BASF
Boscalid +Krésoxym-Methyl 200 g/L +100 g/L SC;Collis 300SC F.007-11/21;STIMA;BASF
Boscalid +Pyraclostrobin 25,2 % +12,8% WG;Pristine WG F.006-11/21;AGRIPROTEC;BASF
Boscalid +Pyraclostrobin 267 g/kg +67;Signum WG 015-14/24F.;COTUGRAIN;BASF
Bupirimate 2 5 0 g / L E C;Nimrod F.008-11/21;SEPCM AAKO BV;AAKO BV
Captane 80% WG;CAPITOL 80 WG F.023-17;EXCEL AGRI SHARDA CROPCHEM;SHARDA CROPCHEM LIMITED INDE
Captane 80% WG;Malvin80 WG F.135-11/21;BIOPROTECTION UPL/ARYSTA;UPL/ARYSTA
Captane 500 g/kg WP;PROTHANE F.020-16;DELTA AGRICOLE SHARDA CROPCHEM;SHARDA CROPCHEM PLUS LIMITED INDE
Captane 80% WG;MITANE F.016-16;SOCOOPEC SHARDA CROPCHEM;Pommier:Tavelure: 200g/hl
Captane 480 g/l EC;CAPLANT EC F.008-19;FERTIPLANT SHARDA CROPCHEM;Pommier:Tavelure:300 ml/100l d’eau (3 l/ha)
Captane 480 g/l EC;KAPI-TOP 48 EC F.67-21;AGRINova SHARDA CROPCHEM;Pommier:Tavelure:300 ml/100l d’eau (3 l/ha)
Captane 8 3 % W P;FILDER F.058-22;EL MOUSSEM ARYSTA;Vigne,P de Terre : Mildiou : 200 g/hl
Captane 8 3 % W P;Captan 83 WP F.009-11/21;AGRIPROTEC ARYSTA;LIFESCIENCE/UPL Pommier, Poirier : Tavelure : 200 g/hl
Captane 8 3 % W P;Akotan 830 WP F.010-11/21;SEPCM AAKO;LIFESCIENCE/UPL Pommier, Poirier : Tavelure : 200 g/hl
Chinozole 500 g/L SL;Beltanol-L F.011-11/21;AGRIPROTEC PROBELTE;Cucurbitacées : Fusarium : 4 L/ha dans l’eau d’irrigation goutte à goutte juste après le repiquage
Chinozole 500 g/L SL;V-NOL F.025-18;AGROSYSTEMES PROBELTE;Cucurbitacées : Fusarium : 4 L/ha dans l’eau d’irrigation goutte à goutte juste après le repiquage
CINNAMOMUM 22.03% EC;TINAMOL F.004-22;COTUGRAIN LIDA;Vigne:oidium(Uncinulanecator):2.5 l/ha
Cuivre 360 g/L SC;Hydro Flo F.209-11/21;BIOPROTECTION NUFARM;Arbo : Traitement d’hiver : 5 L/ha
Cuivre 600 g/l SC;Siscop 60 SC F.041-17;SEPCM AAKO BV;Vigne:Mildiou: 1,5 l/ha
Cuivre +cymoxanil 200 g/l+40 g/l WG;Cuprofix C WG F.019-22;EL MOUSSEM UPL;Vigne:Mildiou(Plasmopara viticola)::2 kg/ha(200 g/hl)
cymoxanil;Non spécifié;Non spécifié;Non spécifié
Cuivre;Mildiou;TOMATE SOUS SERRE;Non spécifié
cymoxanil;Phytophthora infestans;66 Cuivre +Metalaxyl 40% + 8% WP Mevaxil;NEGANOR IQV DEL VALLES
Cuivre;Mildiou;67 Cuivre Métal 35% WG;AIRONE F.004-17 AGRIMATCO ISAGRO/distribute par Pomme de terre
cymoxanil;Non spécifié;68 Cuivre Métal 20% WP Comac;F.214-11/21 AGRIPROTEC NUFARM Vigne
Cuivre;Mildiou;69 Cuivre Métal 50% WP OSSICLOR 50 PB;F.015-17 ATLAS AGRICOLE MANICA Spa Tomate
cymoxanil;Non spécifié;70 Cuivre Métal 20% WP Super Bordeaux;F.003-13/23 BIOPROTECTION NUFARM Vigne
Cuivre;Mildiou;71 Cuivre Métal 75% WG COBRE;F.047-17 COTUGRAIN NORDOX INDUSTRIER Vigne NORDOX A(fabricant)/S
Cuivre;Mildiou;72 Cuivre Métal 20% WP POLTIGLIA 20;F.035-17 ATLAS AGRICOLE MANICA S.P.A Vigne PB
Cuivre;Mildiou;73 Cuivre Métal 20% WG Cuperval WG;F.005-13/23 SANABEL AGRO I.Q.V. DELVALLES Vigne
Cuivre;Mildiou;74 Cuivre Métal 20% WG Bouillie Bordelaise;F.203-11/21 SEPCM Cerexagri/UPL Ltd Vigne
Cuivre;Mildiou;75 Cuivre Métal 20% WG Bordo valles WG;F.154-11/21 SOCOOPEC I.Q.V. DELVALLES Vigne
Kocide;Tavelure;76 K ocide 2000;F.019-11/21 AGRIPROTEC MITSUI & Co Ltd/kocide Pommier
Kocide;Cloque;76 K ocide 2000;F.019-11/21 AGRIPROTEC MITSUI & Co Ltd/kocide Pêcher
Kocide;Mildiou;76 K ocide 2000;F.019-11/21 AGRIPROTEC MITSUI & Co Ltd/kocide Tomate
Kocide;Bactériose;76 K ocide 2000;F.019-11/21 AGRIPROTEC MITSUI & Co Ltd/kocide Vigne
Kocide;Traitement d’hiver;76 K ocide 2000;F.019-11/21 AGRIPROTEC MITSUI & Co Ltd/kocide Arbres fruitiers
Cuivre Métal 50 % W P;A G R I P R O T E C;SIPCAM INAGRA;Non spécifié
Cuivre Métal 50 % W P;INACOP PM F. 003-14/24;ATLAS AGRICOLE SIPCAM;INAGRA
Cuivre Métal 50 % W P;COPEZINE 50 F.;EL KHAḌRA SIPCAM;QUIMAGRO
Cuivre Métal 50 % W P;COBR KEY F. 018-11/21;ANIMEZ GHR ANI INDUSTRI.;QUIMICAKEY
Cuivre Métal 50 % W P;CUPURENE F. 167-11/21 PROMOCHIMIE;SIPCAM QUIMAGRO;Non spécifié
Cuivre Métal 50 % W P;R o x o n 5 0 F . 0 0 8 - 1 3 / 2 3;SANABEL AGRO I.Q.V. – Espagne;Non spécifié
Cuivre Métal 50 % W P;C u p r o c u i v r e F . 1 5 1 - 1 1 / 2 1;SEPM C I.Q.V. – Espagne;Non spécifié
Cuivre Métal 50 % W P;C u r e n o x F . 1 5 2 - 1 1 / 2 1;SOCOOP EC I.Q.V. – Espagne;Non spécifié
Cuivre Métal 50 % W P;H i d r o c o b r e 5 0 F . 1 5 3 - 1 1 / 2 1;SOCOOPEC IQV DEL VALLES P. de terre: Mildiou : 400 g/hl;Non spécifié
Cuivre Métal 50 % W P;C u i v o x F . 1 5 0 - 1 1 / 2 1;STE C I.Q.V. – Espagne;Non spécifié
500 g/hl;Non spécifié;Sanabel Agro IndustriasQuimicas Del Pomme de terre;Mildiou:F.001-19 SANABEL AGRO IndustriasQuimicas Del Pomme de terre
87 Cuivre métal(xyde de cuivre) 40% WG HYDRO 40 WG F.001-19;Pulvérisation foliaire -2 traitements/cycle en préventif ou curatif -14j de protection(COMM 23/04/2019);Sanabel Agro IndustriasQuimicas Del Pomme de terre;F.001-19 SANABEL AGRO IndustriasQuimicas Del Pomme de terre
89 Cuivre(Oxychlorure de cuivre 57% WP 50 F.066-22;Pulvérisation foliaire -2 traitements/cycle en préventif ou curatif -14j de protection(COMM 23/04/2019);Agrimed Shyhamchemical Pomme de terre;F.066-22 AGRIMED Shyhamchemical
91 Cuivre(oxychlorure de cuivre ) 57% WP COOPOX WP F.02-21;Pulvérisation foliaire -2 traitements/cycle en préventif ou curatif -14j de protection(COMM 23/04/2019);Agrimed Shyhamchemical Pomme de terre;F.02-21 AGRIMED Shyhamchemical
92 Cuivre(oxychlorure de cuivre 350g/kg WG RAMCU 35 WG F.002-19;Pulvérisation foliaire -2 traitements/cycle en préventif ou curatif -14j de protection(COMM 23/04/2019);Stima Manica S.P.A Pomme de terre;F.002-19 STIMA Manica S.P.A
87 Cuivre métal(xyde de cuivre) 40% WG HYDRO 40 WG F.001-19;Pulvérisation foliaire -2 traitements/cycle en préventif ou curatif -14j de protection(COMM 23/04/2019);Sanabel Agro IndustriasQuimicas Del Pomme de terre;F.001-19 SANABEL AGRO IndustriasQuimicas Del Pomme de terre
89 Cuivre(Oxychlorure de cuivre 57% WP 50 F.066-22;Pulvérisation foliaire -2 traitements/cycle en préventif ou curatif -14j de protection(COMM 23/04/2019);Agrimed Shyhamchemical Pomme de terre;F.066-22 AGRIMED Shyhamchemical
91 Cuivre(oxychlorure de cuivre ) 57% WP COOPOX WP F.02-21;Pulvérisation foliaire -2 traitements/cycle en préventif ou curatif -14j de protection(COMM 23/04/2019);Agrimed Shyhamchemical Pomme de terre;F.02-21 AGRIMED Shyhamchemical
92 Cuivre(oxychlorure de cuivre 350g/kg WG RAMCU 35 WG F.002-19;Pulvérisation foliaire -2 traitements/cycle en préventif ou curatif -14j de protection(COMM 23/04/2019);Stima Manica S.P.A Pomme de terre;F.002-19 STIMA Manica S.P.A
87 Cuivre métal(xyde de cuivre) 40% WG HYDRO 40 WG F.001-19;Pulvérisation foliaire -2 traitements/cycle en préventif ou curatif -14j de protection(COMM 23/04/2019);Sanabel Agro IndustriasQuimicas Del Pomme de terre;F.001-19 SANABEL AG
Cyflufenamid 50g/l;EW F.25-21 EL MOUSSEM;Nisso Vigne;Non spécifié
Cymoxanil 450 g/kg;Cymbal 45 F.09-21 NEGANOR;BELCHIM NV;Belchim
Cymoxanil + oxychlorure de cuivre 4.2% + 39.7%;SYNERGY WP F.30-25 EL MOUSSEM;Aristeas Tomate;Industries Agro(fournisseur)/Indofi Limited(fabricant)
Cymoxanil + Métirame de 4,8 % +64% WG;BATO F.61-21 AGRIMATCO BASF;P. de terre, vigne;Basf
Cymoxanil + Métirame de 4,8 % +64% WG;Aviso DF F.023-11/21 STIMA;BASF;P. de terre, vigne
Cymoxanil + Bouillie 3% + 22.5 %'exp WP;FESTIVAL WP F.25-25 RAYEN LAINCO, S, A/ESPAGNE;Tomate;Espagne
Cymoxanil + Famoxad 30% + 22,5% WG;EQUATION PRO F.020-11/21 SEPMCD DU TAIWAN;AGRISCIENCE/CORTEV TOMATE SOUS SERRE;Dupont Taiwan
Cymoxanil + Famoxad 30% + 22,5% WG;FAMOXATE F.16-25 AGRIPROTECT DU TAIWAN;AGRISCIENCE/CORTEV TOMATE SOUS SERRE;Dupont Taiwan
Cyflufenamid 50g/l;97 EW CONFIRM 5 EW F.25-21 EL MOUSSEM;Nisso Vigne;Non spécifié
Cymoxanil + folpet 80 g/kg (8%) + WG;VITIPEC F.29-25 EL MOUSSEM;ASCENZA Tomate;Portugal
Cymoxanil +Oxychlorure de 4% (40 g/kg)+ CIMOXATE C;Non spécifié;AGROSYSTEMES ASCENZA GRO;F.12-23
cuivre 40% (400 g/kg);Non spécifié;SAPORTUGAL;Phytophthora infestans
Cymoxanil+ Zoxamid 33%;REBOOT WG;AGRIMATCO GOWAN CROP PROTECTION LIMITED;F.013-22
Cyproconazole 10%;Xpert WG;EL KHADRA SHARDA CROPCHEM;LIMITED INDE
Cyproconazole 80 g/L +200 g/L SC;Priori Xtra;SOLAGRI SYNGENTA;SYNGENTA
Cyproconazole + 4% + 37.5 % SC;CHAMPION F.019-17;SOCOOPEC SHARDA CROPCHEM;LIMITED INDE
Cyproconazole +chlorothalonil 4%+37.5 % SC;CYCLONE F.015-19;SANABEL AGRO SHARDA CROPCHEM;LIMITED INDE
Cyprodinil 50%;arnatin WG;SOLAGRI SYNGENTA;F.68-21
Cyprodinil + Fludioxonil 37.5 %+ 25%;SHAOLIN XTRA F.12-25;PLANETE VERTE SHANDONG WEIFANG CHEMICAL CO.LTD CHINE;CHINE
Diethofencarb 250 g/l SC;FRUGICO SC;AGROSYTEME GLOBACHEM;F.019-16
Difenoconazole 250 g/L EC;Difcor F.027-11/21;AGROSYSTEMES GLOBACHEM;Pommier, Poirier : Tavelure
Difenoconazole 30 g/L FS;Difender 30 FS 006-14/24F.;AGROSYSTEMES GLOBACHEM;Semences de blé : Carie, Charbon
Difenoconazole 250 g/L EC;Protector F.032-15/25;AMINCO GLOBACHEM;Pommier, Poirier : Tavelure
Difenoconazole 250 g/L EC;Score 250 EC F.028-11/21;BIOPROTECTION SYNGENTA;Pommier, Poirier : Tavelure
Difenoconazole 30 g/L FS;Spectro 30 FS F.;BIOPROTECTION SYNGENTA;Semences de blé :Carie, Charbon
Difenoconazole 250 g/L EC;CURYGEN EC F.;EL KHADRA JSC AVGUST INC;Non spécifié
Difenoconazole 250 g/L EC;PROZOLE 250 F.;Ets MEZGHANI ASTRACHEM;AVGUST INC
Difenoconazole 250 g/L EC;RAYOK F.;HALAB TUNISIE JSC AUGUST INC;Non spécifié
Difenoconazole 250 g/L EC;Festival 250 EC F.;SANABEL AGRO SHARDA CROPCHEM;LIMITED INDE
Difenoconazole 30 g/l FS;SITARA FS F.;SANABEL AGRO SHARDA CROPCHEM;LIMITED INDE
Difenoconazole 250 g/L EC;Divisole F.;TASMID ASTRACHEM;AUGUST INC
Difenoconazole 250 g/l EC;ORION EC F.;EL MOUSSEM ARISTEAS Agro;INDOFIL INDUSTRIES -application foliaire
LIMITED INDE;Non spécifié;Non spécifié;Non spécifié
Difenoconazole + Cyprodinil 87.2g/l+251.1 g/l EW;INSPIRE PLUS;BIOPROTECTION SYNGENTA;SYNGENTA
Difenoconazole + Fludioxonil 25 g/l +25 g/l FS;DIFEND EXTRA;AGROSYSTEMES Globachem;SYNGENTA
Difenoconazole + Fludioxonil 25 g/L + 25 g/L FS;CELEST EXTRA 50 FS;BIOPROTECTION SYNGENTA;SYNGENTA
Difenoconazole + Fludioxonil 25 g/l + 25 g/l + FS;VIBRANCE GOLD;BIOPROTECTION SYNGENTA;SYNGENTA
Difenoconazole 125g/L +15g/L DC;CIDELY TOP 140;AGRIPROTEC SYNGENTA;SYNGENTA
Difenoconazole 125g/L +15g/L DC;MELCAR TOP;COTUGRAIN SYNGENTA;SYNGENTA
Cyflufenamid DC;Non spécifié;Non spécifié;SYNGENTA
Cyflufenamid 140 DC IMPEX;Non spécifié;COTUGRAIN SYNGENTA;SYNGENTA
Difenoconazole +Métalaxyl-M 92 g/l + 23 g/l FS;SpectroExtreme F.008-14/24;BIOPROTECTION SYNGENTA;SYNGENTA
Difenoconazole +Métalaxyl-M 92 g/l + 23 g/l FS;DIVIDEND F.006-18;SOLAGRI SYNGENTA;SYNGENTA
Difenoconazole+Cyflufenamid 60g/l+30g/l DC;DYNALI DC F.002-22;SOLAGRI SYNGENTA;SYNGENTA
Diméthomorphe +Fluazinam 200 g/l +200 g/l SC;FOLY STAR 400 F.007-16;SEPCM AAKO;AAKO
Dimetomorphe +Folpel 11.3% +60% WG;MORPHEE 71.3 F.036-17;BIOPROTECTION AAKO;AAKO
Dimetomorphe +Folpel 11.3% +60% WG;DENIM F.007-17;RAYEN SHARDA CROPCHEM;SHARDA CROPCHEM
Dimetomorphe +Folpel 11.3% +60% WG;FLOPY DUO F.65-21;AGRINOVA SHARDA CROPCHEM;SHARDA CROPCHEM
Dimeyhomorph+ cymoxanil 50%+20% WG;DIMANYL WG F.07-23;EL KHADRA HANGZOU TOPAGRO;BIOSCIENCE
Dinocap Meptyl + 105 g/L + 45 g/L EC;AGRIKAR STAR F.029-18;ATLAS AGRICOLE DOW AGROSCIENCES;DOW AGROSCIENCES
Myclobutanil;Non spécifié;Non spécifié;DOW AGROSCIENCES
Dithianon 500 g/l SC;DELAN 500 SC F.050-22;BIOPROTECTION BASF;BASF
Dithianon 70% WG;ASTRONE F.056-22;SANABEL AGRO SHARDA CROPCHEM;SHARDA CROPCHEM
Dithianon 12 % + 4% WG;shanon F.32-21;AGRIMED SHARDA CROPCHEM;DISTRIBUTION LIMITED INDE
145 Dithianon + Pyrachlostrobin 70% WDG;MACCANI F.014-16 COTUGRAIN;BASF;IMPEX
146 Dodine 400 g/L SC;Syllit 400 SC F.172-11/21 PROTAGRI ARYSTA Life Science;Pêcher : Clôque;Benelux / Belgique/UPL
147 Dodine 400 g/L SC;Efluzin 400 SC F.010-15/25 SEPCM ARYSTA Life Science;Pêcher : Tavelure;Belgique/ARYSTA Poirier : Tavelure
148 Eugenol + géraniol + thymol 3.3%(33g/l);CS ARAW CS F.09-25 PROMOCHIMIE SIPCAM;Vigne : oidium (Uncinula necator);PROMOCHIMIE SIPCAM Vigne : Pourriture grise (Botrytis cinerea)
149 EXTRAIT de SWINGLEA 820g/l(82%);SL PERIMETER SL F.22-23 AGRIPROTEC GOWAN CROP;Fraise : Pourriture grise (Botrytis cinerea);GLUTINOSA PROTECTION LIMITED
Famoxadone +cymoxanil 22,5%+30% WG;VENUS WG F.045-22;STIMA Shengnong Pesticide, Co.;Non spécifié
Famoxadone +cymoxanil 22,5%+30% WG;EQUALIZER WG F.20-25;RAYEN;Shengnong Pesticide, Co.
Famoxadone +cymoxanil 22.5% + 30% WG;CYMOFLEX WG F.24-25;PROTAGRI NANJING;Non spécifié
Fenhexamide 53,70% WG;Teldor F.040-11/21;PROMOCHIMIE;BAYER CROPSCIENCE
Fenpyrazamine 50% WG;PROLECTUS F.040-17;SEPCM SUMITOMO CHEMICAL;AGRO EUROPE
Florylpicoxamid 100 g/l SC;VERPIXO F.33-25;ATLAS AGRICOLE CORTEVA;AGRISCIENCE
Fluazinam 5 000 g/l SC;Nando F.045-11/21;BIOPROTECTION NUFARM;NUFARM
Fluazinam 5 000 g/l SC;VERTIGO F.208-11/21;Sanabel agro;NUFARM
Fluazinam +Azoxystrobine 375 g/l+150 g/l SC;VENDETTA SC F.055-22;STEC FMC;FMC
Fluazinam +Azoxystrobine 375 g/l+150 g/l SC;DRABANT F.19-25;PROMOCHIMIE;FMC
Fludioxinil;SCHOLAR 230 F.052-22 BIOPROTECTION SYNGENTA;BIOPROTECTION SYNGENTA;SYNGENTA
Fludioxonil;Maxim 100 FS F.042-11/21 BIOPROTECTION SYNGENTA;BIOPROTECTION SYNGENTA;SYNGENTA
Fludioxonil +Cyprodinil 25% +37,5%;Chorus Double F.043-11/21 BIOPROTECTION SYNGENTA;BIOPROPROTECTION SYNGENTA;SYNGENTA
Fludioxonil +Cyprodinil 25% +37,5%;F.044-11/21 BIOPROPOSITION SYNGENTA;BIOPROPOSITION SYNGENTA;SYNGENTA
Fluopicolide;PICOCARB SC F.11-23 UNIAGRO SHANDONG WEIFANG;UNIAGRO SHANDONG WEIFANG;RAINBOW CHEMICAL
Fluopicolide;ULTIMA SC F.10-24 NEGANOR FFT SHANDONG WEIFANG;NEGANOR FFT SHANDONG WEIFANG;RAINBOW CHEMICAL
Fluopyram + Tebuconazole;Luna Experience F.023-13/23 SEPCM BAYER CROPSCIENCE;SEPCM BAYER CROPSCIENCE;BAYER CROPSCIENCE
Fluopyram + Tebuconazole 200 g/L + 200 g/l SC;Moon Experience F.04-24 ATLAS AGRICOLE;BAYER CROPSCIENCE;Non spécifié
Fluopyram + Trifloxystrobine 250 g/L + 250 SC;luna sensation F.019-13/23 ATLAS AGRICOLE;BAYER CROPSCIENCE;Non spécifié
Fluoxastrobine 480g/l SC;EVITO 480 SC F010-17 EL MOUSSEM ARYSTA LIFESCIENCE/UPL;;Non spécifié
Fluoxastrobine + Tebuconazole 200 g/l + 277 g/l SC;Evito T F.033-16 EL MOUSSEM ARYSTA LIFESCIENCE/UPL;;Non spécifié
Fluoxastrobine + Propamocarbhydrochloride 75 g/l+400 g/l SC;EVITO P F.044-22 EL MOUSSEM ARYSTA LIFESCIENCE/ UPL;;Non spécifié
Flutriafol;Impact SC;AGRIPROTEC CHEMINOVA/FMC;Non spécifié
Flutriafol;Radikal SC;AGRIMED SHARDA CROPCHEM;Non spécifié
Flutriafol;Flutri 125 SC;RAYEN SHARDA CROPCHEM;PHYTAGRI LIMITED INDE
Flutriafol + Thiabendazole;FLO Vincit F;AGRIPROTEC CHEMINOVA/FMC;Non spécifié
Flutriafol + Tébuconazole;Pointer Duo;AGROSYSTEMES CHEMINOVA/FMC;Non spécifié
Flutriafol + Azoxystrobine;VANGUARD SC;EL KHADRA HANGHZOU TOPAGRO BIOSCIENCE;Non spécifié
Fluxapyroxad + 75 g/l+150 g/l SE PRIAXOR;SE PRIAXOR SE 18-010F;COTUGRAIN;BASF
Pyraclostrobine;IMPEX;Non spécifié;BASF
Fluxapyroxad +difenoconazole 75 g/l + 50 g/l SC;SERCADIS PLUS F.37-25 AGRIPROTEC;BASF;Non spécifié
Folpel 80% WP;Solfol F.034-17;ATLAS AGRICOLE;BELCHIM CROP VINE
Folpet+ Foséthyl-Al 25%+50% WG;Mikal Flash F.049-11/21;SEPCM;BAYER CROPSCIENCE
Folpet+ Foséthyl-Al 25%+50% WG;DUO Flash WG F.01-24;El Moussem;BAYER CROPSCIENCE
Foséthyl –Al 80% WG;FILAL PLUS WG F.051-22;EL KHADRA INDUSTRIAS;AFRAZA/ALBAUGH - EUROPE SARL
Iprovalicarbe 4%;CASSIOPEE WG F.044-17;PROMOCHIMIE BAYER AG;Vigne: Mildiou
Foséthyl-Al 80% WP;Filal F.175-11/21;EL KHADRA INDUSTRIAS;AFRAZA/ALBAUGH - EUROPE SARL
Foséthyl-Al 80% WP;Alial F.050-11/21;AGRICIPROTEC PROPLAN/QUMETICA;SOLUTIONS SPAIN SLU
Foséthyl-Al 80% WP;Romeral F.08-24;NEGANOR FFT PROPLAN/QUMETICA;SOLUTIONS SPAIN SLU
Foséthyl-Al 80% WG;Aliette express F.051-11/21;SEPCM;BAYER CROPSCIENCE
Foséthyl-Al 80% WG;ELIOS F.02-24;BAYER CROPSCIENCE;BAYER CROPSCIENCE
Fosethyl-Al +Cymoxanil +50% +4% +WP;BELKAP EXTRA F.026.18;AGROSYSTEMES PROBELTE;PROBELTE
Fosethyl-Al +Cymoxanil +50% +4% +WG;Anteor flash F.019-14/24;ATLAS AGRICOLE BAYER AG;BAYER AG
Fosethyl-Al +Cymoxanil 50% +4% WP;Fosbel extra F.052.11/21;AGRIPROTEC PROBELTE;PROBELTE
Fosethyl-Al +Cymoxanil 50% +4% WP;Magma Triple F.137-11/21;EL KHADRA INDUSTRIAS;EL KHADRA INDUSTRIAS
Fosethyl-Al +Cymoxanil 50% +4% WP;Katanga Triple WP F.04-21;NEGANOR PROPLAN/QUMETICA;QUMETICA
Fosétyl -Al +Cymoxanil 50%+4%+25% WG;Magma Triple F.23-25;EL KHADRA INDUSTRIAS;EL KHADRA INDUSTRIAS
Fosethyl-Al +Fluopicolide 66,7 % +4,4% WG;Profiler F.053-11/21;ATLAS AGRICOLE BAYER AG;BAYER AG
Fosethyl-al +sulfate de cuivre 200 g/kg+150 g/kg;Optix R WG F.021-22;BIOPROTECTION UPL;UPL
Fosetyl –al 80% WP;ALU-VITE WP F.74-21;TASMID LIMIN CHEMICAL;Agrumes:Gommose:250 g/hl(COMM09/02/21) CO.LTD
Fosetyl –al 80% WG;ALLUM WG F.009-16;EL MOUSSEM NUFARM;Agrumes:Gommose: 250g/hl
Fosetyl –al 80% WG;lotus F.49-21;SANABEL AGRO NUFARM;Agrumes:Gommose: 250g/hl
Fosetyl aluminium 80% WP;CLEANER WP F.017-22;FERTITECH HANGZHOU TOPAGRO;Vigne en plein champ:Mildiou:350 g/hl (3500 BIOSCIENCE g/ha) le produit doit être appliqué sur les raisins au stade initial de la mildiou de la vigne. Intervalle d'application:14 jours Fréquence d'application:3 fois Méthode d'app:par pulvérisation DAR:21 jours.(COMM 08/06/22)
Fosetyl-Al 80% WP;KEYFOL 80 WP F.004-19;Ets MEZGHANI LIMIN CHEMICAL;Agrumes: Gommose:250 g/hl
Fostetyl –aluminium 80% (800 g/kg) WP;STIN 80 WP F.06-23;PLANETE VERTE ASTRANOVA;TOMATE SOUS SERRE : Mildiou (Phytophthora infestans ) :250 g/hl Nbre d’app :3 DAR:7 jours(COMM 28/12/2023)
Hexitiazox 25 % SC;SHOSHI 25 SC I.20-25;RAYEN LAINCO-Espagne;Palmiers dattier PHYTAGRI Acariens « Oligonychus afrasiaticus » : Acaricide spécifique de contact et d'ingestion contre les œufs et les larves d'acariens tétrarques 25 ml/hl d’eau(Comm 25/06/2025)
Huile essentielle de thym 81.87 g/l EW;NOPATH EW F.006-19;NUTRIPLANT KOPPERT BIOLOGICAL;Fraisier: Pourriture grise (Botrytis cinerea) :1,5 (thymol) SYSTEM L/ha au stade de jeunes plants
Hydrogénocarbonat de 994.9 g/kg WP;VITISAN WP F.11-25;ALOHA BIOFA;Vigne :oidium (Uncinula necator) : 5 kg/ha potassium 6 applications/an Stade d’application: BBCH11-82 7 jours DAR:1 jour DRE:6 heures ZNT:5 m(Comm 25/06/2025)
Hydroxyde de cuivre 77% soit 50% WP;Copper Progress F.169-11/21;AGROSYSTEMES SPEISS P. de terre : Mildiou : 400 g/hl;sous forme de URANIA/COSACO Vigne : Mildiou, black-rot,bactériose : 1 Kg/hl
400 g/hl;angulaires;Non spécifié;Non spécifié
1 Kg/hl;Arbo;Non spécifié;Non spécifié
400 g/hl;Tomate : Mildiou, bactériose;Non spécifié;Non spécifié
500 g/hl;Arbo:bactériose, coryneum, chancre Cloque, feu bacterien, tavelure, septoriose;Non spécifié;Non spécifié
77%;207 Hydroxyde de cuivre;AMINCO SPEISS P. de terre;Fraisier : Maladie des taches pourpres, rouges et angulaires : 400 g/hl
1 Kg/hl;URANIA/COSACO Vigne : Mildiou, black-rot, bactériose;cuivre métal GmbH;Fraisier : Maladie des taches pourpres, rouges et angulaires : 400 g/hl
1 Kg/hl;Arbo;Non spécifié;Non spécifié
500 g/hl;Arbo:bactériose, coryneum, chancre Cloque, feu bacterien, tavelure, septoriose;(comm 25 juin 2025);Non spécifié
400 g/l 645 g/l SC;Heliocuivre F.211-11/21;BIOPROTECTION Action Pin/AAKO Vigne : Mildiou : 125 cc/hl;Tomate : Mildiou 150 cc/hl
Olivier: Oeil de Paon (Spilocaea oleaginum) : 150 ml/hl;Non spécifié;BIOPROTECTION Action Pin/AAKO Vigne : Mildiou : 125 cc/hl;Non spécifié
Olivier: Oeil de Paon (Spilocaea oleaginum) : 150 ml/hl;Non spécifié;BIOPROTECTION Action Pin/AAKO Vigne : Mildiou : 125 cc/hl;Non spécifié
3 kg/ha;Hydroxyde de cuivre 250 g/kg WG BLUE SHIELD 25 F.016-22;SOLAGRI Albaugh.LLC;Vigne : Mildiou (Plasmopara viticola) : 3kg/ha
40% Cu WG;Hidrocure WG F.049-22;FERTITECH ALINTRA;Tomate : Mildiou (Phytophtora infestans) : 0.5 kg/hl
125 cc/hl;Hydroxyde de Cuivre (400 g/l 645 g/l SC Heliocuivre F.211-11/21;BIOPROTECTION Action Pin/AAKO Vigne : Mildiou : 125 cc/hl;Tomate : Mildiou 150 cc/hl
150 ml/hl;Hydroxyde de Cuivre (400 g/l 645 g/l SC Heliocuivre F.211-11/21;BIOPROTECTION Action Pin/AAKO Vigne : Mildiou : 125 cc/hl;Olivier : Oeil de Paon (Spilocaea oleaginum) : 150 ml/hl
250+45 g/l SC CYCLO-R-21-16.F;EL KHADRA INDUSTRIAS;EUROPE SARL;Tomate : Mildiou (Phytophtora infestans) : 250 + Métalaxyl LIQUIDE AFRAZA/ALBAUGH cc/hl
300 g/L SL;Tachigaren F.056-11/21;AGRIPROTEC Mitsui Chemicals;Tomate, piment, cucurbitacées : Fusarium : 200 Agro,Inc/summit agro cc/hl
8,4 % +40,6% WG;Positron 49 F.058-11/21;ATLAS AGRICOLE BAYER CROPSCIENCE Vigne : Mildiou : 175 g/hl;Tomate : Alternariose (Alternaria
Isofetamid 400 g/l SC;Kenja SC F.20-21 Agriprotec ISK Biosciences Europe;Non spécifié;Non spécifié
Kreoxim-methyl 500 g/kg WG;SUGOBY WG F.02-23 RAYEN LAINCO ,S,A/ESPAGNE OLIVIER;PHYTAGRI kg/ha(20 g/hl);Non spécifié
Krésoxim-méthyl 50% WG;QUIMERA WG F.001-22 EL KHADRA INDUSTRIAS;AFRAZA/ALBAUGH;EUROPE SARL
Krésoxim-méthyl 50% WG;ALLIAGE DF F.60-21 AGRIMATCO BASF;Non spécifié;BASF
Krésoxim-méthyl 350g/l SC;Kresoxystar 350SC F.030-22 Ets Mezghani ANHUI HUAXING Blé dur;CHEMICAL INDUSTRY CO.Ltd/CHINE(BASF);Non spécifié
Krésoxim-méthyl 50% WG;Stroby DF F.059-11/21 STIMA BASF;Non spécifié;BASF
Krésoxim-méthyl 50% WG;ARIANE WG F.06-25 FERTITECH HANGZHOU TOPAGRO Vigne;BIOSCIENCE/Chine;Non spécifié
Krésoxim-methyl + 250 g/kg WG DECIBEL MAX;AGROSYSTEMES ASCENZA GRO OLIVER;Non spécifié;Non spécifié
difenoconazole +125g/kg WG S.APORTUGAL;Non spécifié;Non spécifié;Non spécifié
Laminarin;VACCIPLANT F.28-21 EL MOUSSEM GOEMAR;SAS/ARYSTA/UPL;l/ha
Mandipropamid;ORONDIS F.77-21;Cotugrain Syngenta Crop Protection;250g/l +30 g/l SC
Oxathiapiprolin ULTRA280 SC;Non spécifié;Non spécifié;SC
Phytophthora infestan;Non spécifié;Non spécifié;Mildiou
Botrytis cinerea;Non spécifié;Non spécifié;Pourriture grise
Mandipropamide 250 g/L SC;SC F.69-21 SOLAGRI SYNGENTA;Non spécifié;SYNGENTA
Mandipropamide 250 g/l + Difenoconazole;CARIAL TOP F.006-16 BIOPROTECTION SYNGENTA;Non spécifié;SYNGENTA
Manipropamide +zoxamid 250 g/kg+240 WG;Ampexio WG F.022-22 BIOPROTECTION SYNGENTA;Non spécifié;SYNGENTA
Mefentrifluconazole 10% EC;REVFYSTAR EC F.035-22 AGRIMATCO BASF;Blé tendre: Rouille;BASF
Mefentrifluconazole + 10%+10% EC;REVYCARE EC F.036-22 AGRIPROTEC BASF;Blé tendre : Rouille;BASF
Mefentrifluconazole 100 g/l+50g/l EC;VERYDOR F.032-22;COTUGRAIN;BASF
Fluxapyroxade 400l/hapulvérisation foliaire-stade;Non spécifié;BIOPROTECTION;BASF
Mefentrifluconazole+Fluxapyr 66,7g/l +66,7g/l EC;REVYTREX EC F.031-22;BIOPROTECTION;BASF
Fluxapyroxade 400l/hapulvérisation foliaire-stade;Non spécifié;Blé tendre:Rouille;BASF
Melaleucaalternifolia(extrait 25% EC);TIMOREX GOLD F.15-23;ATLAS AGRICOLE;SIPCAM INAGRA
Meptyldinocap 350 g/L EC;Karathane 350 EC F.077-11/21;SEPCM DOW;AGROSCIENCES/CORT EVA
Meptyldinocap 350 g/L EC;AGRIKAR EC F.28-23;AGRIPROTEC DOW;AGROSCIENCES/CORT EVA
Metalaxyl 25% WP;milor 25 WP F.30-21;SANABEL AGRO;IQV
317 g/l FS RAMPART FS;F.42-21 AGRIPROTEC UPL LIMITED;Semences de blé:Fusariose(Fusariumspp);Non spécifié
Metalaxyl 10%;Folpet 40%;WP ARMETIL F;F.015-22 SOCOOPEC IQV
Metalaxyl 10%;Folpet 40%;WP MEVAXIL F;F.09-24 NEGANOR FFT IQV
Metalaxyl –M 25%;cuivre 2% + 14.19% WG ARIS GOLD R;F.26-25 COTUGRAIN SYNGENTA;Tomate :Mildiou (Phytophora infestans )
Metalaxyl-M 37,5%+fludioxinil 25,04%+ FS VIBRANCE F;F.029-22 BIOPROTECTION SYNGENTA;Semences des féveroles:Anthracnose, Fusariose,;Non spécifié
metalaxyl-M 28.5 g/l+215 g/l SC CYCLO MAX SC;F.08-23 EL KHADRA AFRASA TOMATE SOUS SERRE : Mildiou cuivre INDUSTRIALS/ESPAGN (Phytophthora infestans );SARL ALBAUGH EUROPE -application foliaire EUROPESARL ALBAUGH -stade végétative BBCH 36-81;Non spécifié
Metirame de zinc 80% WP;Polyram DF F.078-11/21;STIMA;BASF
Metirame de zinc 80% WG;LUTIRAM WG F.53-21;AGRIPROTEC;BASF
Metrafenone 500g/L;VIVANDO F.015-13/23;AGRIPROTEC;BASF / SBM
Myclobutanil 240 g/L EC;MYCLAS F.014-19;SANABEL AGRO SHARDA;CROPCHEM
Myclobutanil 200 g/l EW;TOPOGAN F.011-19;SANABEL AGRO SHARDA;CROPCHEM
Myclobutanil 240 g/L EC;MYCLONE 24 EC F.002-18;RayenPhytagri;SHARDA CROPCHEM
myclobutanil 240 g/l EC;PROMY F.64-21;AGRINOVA;SHARDA CROPCHEM
Myclobutanil 240 g/L EC;Systhane 240 EC F.081-11/21;SEPCM DOW;AGROSCIENCES/corteva
Myclobutanil 240 g/L EC;DAYZER F.043-17;SOCOOPEC;SHARDA CROPCHEM
Myclobutanil 125 g/l EC;MYCLO EC F.41-21 NEGANOR;indofil industries limited;Vigne :Oidium(Uncinulanecator):40 cc/hl(1000 l/ha)
Myclobutanil 125 g/l EC;FLUANCE 125 F.25-23 EL MOUSSEM;EL MOUSSEM Indofil Industries EC AGRICOLE Limited/ARISTEAS Agro;Vigne :Oidium(Uncinulanecator):40 cc/hl(1000 l/ha)
Oxathiapiprolin +famoxadone 30 g/l+300 g/l SE;Zorvecencantia SE F.048-22 EL BARAKA;EL BARAKA CORTEVA;Tomate:Mildiou(Phytophtora infestans): 0.5 l/ha
Oxathiapiprolin +zoxamide 40 g/l+300 g/l SE;ZorvecVinabel SE F.020-22 ATLAS AGRICOLE CORTEVA;ATLAS AGRICOLE CORTEVA;Vigne:Mildiou:0.5 l/ha
Oxychlorure de cuivre 678.6 g/l SC;Valtonexflow SC F.018-22 NEGANOR IQV;NEGANOR IQV;Vigne:Mildiou(plasmopara viticola): 200 ml/hl (2(équivalent à 380 l/ha) g/l cuivre métal) -volume de bouillie:1000 l/ha
Oxychlorure de Cuivre 85 % (50 % de WP Agrocuivre F.168-11/21;Agrocuivre F.168-11/21 AGROSYSTEMES SPEISS;AGROSYSTEMES SPEISS;Pomme de terre : Mildiou : 400 g/hl cuivre metal) URANIA/COSACO Vigne : Mildiou, black-rot, bactériose : 1 Kg/hl Arboriculture : Traitement d’hiver : 1 Kg/hl Arboriculture :Bactériose, Coryneum, chancre Cloque, feu bactérien, Tavelure, septoriose
Mildiou, bactériose;CUPROCAFFAR F.14-23 LIEN AGRICOLE ISAGRO SPA/GOWAN;Tomate;Non spécifié
Mildiou;50 WP Cuprumax 50 WP F.027-15/25 AMINCO SPEISS;Pomme de terre, Vigne, Fraisier, Arboriculture;Non spécifié
Mildiou, black-rot, bactériose;URANIA/COSACO GmbH Fraisier;Vigne, Fraisier, Arboriculture;Non spécifié
Mildiou, bactériose;ALINTRA-ESPAGNE FERTITECH;Tomate;Non spécifié
Mildiou;Curame 25 WG F.023-22 ATLAS AGRICOLE Manica SPA;Vigne, Tomate;Non spécifié
Oïdium;LECT ope n100 E C F . 0 8 2 - 1 1 / 2 1 A G R O S Y STEMES GLOBACHEM;Vigne, Tomate, Pommier;Non spécifié
Penconazole;E C B u c k l e r F . 0 3 3 - 1 5 / 2 5 A M I N C O GLOBACHEM;Vigne : Oïdium : 25 cc/hl;Non spécifié
Tomate, Pommier : Oïdium : 50 ml/hl(comm 25 juin 2025);Non spécifié;Non spécifié;Non spécifié
Penconazole;E C T o p a z e 1 0 0 F . 0 8 3 - 1 1 / 2 1 B I O P R O TECTION SYNGENTA;Vigne : Oïdium : 25 cc/hl;Non spécifié
Tomate, Pommier : Oïdium : 50 ml/hl;Non spécifié;Non spécifié;Non spécifié
Pencycuron;E C Monceren F.085-11/21 PROMOCHIMIE;Semences de p.de terre : Rhizoctoniasolani :;Non spécifié
op Protection;BAYER;Non spécifié;Non spécifié
Penthiopyrad;K A B U T O F.026-22 EL MOUSSEM Mitsui Chemicals;Vigne de table:Pourriture grise (Botrytis crop&lifesolutions,Inc(fab) cinerea):150 cc/hl (1.5 l/ha);Non spécifié
Ltd(fournisseur);Non spécifié;Non spécifié;Non spécifié
Prochloraze +Triticonazole;F.025-17 AGRIPROTEC BASF;Semences de blé : Carie, Charbon : 200 cc du Produit + 0.5 L d’eau/Ql;(COMM20/06/2017)
0.5 L d’eau/Ql;;Non spécifié;Non spécifié
semences;Nombre des traitements :1;Calendrier;Non spécifié
(COMM13/02/2020);Non spécifié;Non spécifié;Non spécifié
Prompaocarb +Cymoxanil 400 g/l+50g/l SC;Rival duo 450 SC;Agria Pomme de terre:Mildiou;Land
Prompaocarb +Cymoxanil 400 g/l+50g/l SC;OMIX DUO 450 F.071-22;Agria Pomme de terre:Mildiou;Neganor
Propamocarb 722g/l SL;omix 607 SL;Agria Tomate :Fonte de semis(P ythiumspp);Neganor
Propamocarb 722g/l SL;PROPAMIX SL;TASMID AGRIA Tomate :Fonte de semis(P ythiumspp);NEGANOR
Propamocarb 72.2 % SL;PRO-CARB SL;SHARDA SHARDA CROPCHEM CONCOMBRE : Phythium;SHARDA CROPCHEM LIMITED INDE
Propamocarb 72.2 % SL;PRIVATE SL;SANABEL AGRO SHARDA CROPCHEM CONCOMBRE : Phythium;LIMITED INDE
Propamocarb +Cymoxanil 400 g/l+50g/l SC;proxanil 450 SC;Pomme de terre :Mildiou;BIOPROTECTION arystalifescience
Propamocarb +Cymoxanil 400 g/l+50g/l SC;proxanil 450 SC;Tomate: Mildiou(Phytophthora infestans);Arystalifescience
Propamocarb Hydrochloride 722 g/l SL;RIVAL 607 SL;AGRIA MELON SOUS SERRE;F.17-23 AGRIPROTEC
Propamocarb Hydrochloride 722 g/l SL;PROPAMINE 722 F.;AGRIA MELON SOUS SERRE;F.21-25 SSCC
Propamocarbe 722 g/L SL;PROMORE 722;Ets MEZGHANI ASTRACHEM;F.021-18
Propamocarbe 722 g/L SL;Promess F.;JADWA AGROTEC ARYSTA Life Science;F.012-15/25
Propamocarbe 722 g/L SL;PROPLANT F.;PROTAGRI ARYSTA Life Science;F.199-11/21
Propamocarbe + Fluopicolide 625 g/l + 62,5 g/l SC;Volare F.;EL MOUSSEM BAYER AG;AGRICOLE
Propamocarbe + Fosethyl-Al 530 g/L +310 g/L SL;Filex Energy F.;ATLAS AGRICOLE BAYER CROPSCIENCE;AGRICOLE
Propamocarbe + Fosethyl-Al 530 g/L +310 g/L SL;Previcur Energy F.;EL MOUSSEM BAYER CROPSCIENCE;AGRICOLE
Proquinazid 200 g/l EC;Talendo F.;SEPCM DU PONT/Corteva Arbo: Oïdium (stade floraison à la fermeture de la grappe);25 cc/hl
Proquinazid 200 g/l EC;ASSOCIATE EC F.;ATLAS AGRICOLE DU PONT/Corteva Arbo: Oïdium (stade floraison à la fermeture de la grappe);25 cc/hl
Prothioconazole 25% EC;PROTEZOLE F.057-22;SANABEL AGRO SHARDA CROPCHEM;Blé dur:Rouille:0.8 L/ha(500 l/ha) EC LIMITED INDE (COMM 08/06/22)
Prothioconazole 25% EC;Mirage EC F.35-21;SHARDA SHARDA CROPCHEM;Blé dur:Rouille:0.8 L/ha(500 l/ha) CROPCHEM LIMITED INDE -stade BBCH 31-65(COMM09/02/21) LIMITED tunisie
Prothioconazole + 175 g/L+ 88 g/L SC;Madison 263 SC F020-13/23;SEPCM BAYER CROPSCIENCE;Blé : Septoriose : 0.75 L/ha
Prothioconazole + 175 g/L+ 88 g/L SC;DELARO DUO F.03-24;ATLAS AGRICOLE BAYER CROPSCIENCE;Blé : Septoriose : 0.75 L/ha
Prothioconazole 150 g/l+75 g/l EC;CERATAVO F.034-22;BIOPROTECTION SYNGENTA;Blé tendre:Rouille: 1 l/ha +benzovindiflupyr(SOLATEN ERA Volume de bouillie:300 à 400l OL) Foliaire en préventif et en curatif-Stade d'application: BBCH 31-69( Epi 1 cm-fin floraison)-nbre d'application:2-durée entre les applications:2-3 semaines(en fonction de l'intensité de l'attaque)-DAR:35 jours.(COMM 08/06/22)(COMM27/12/22)
Prothioconazole 12,5% +12,5% EC;PROTECT PLUS F.061-22;EXCEL AGRI SHARDA CROPCHEM;Blé dur:Rouille :1 l/ha(100-300l/ha) +Tebuconazole EC LIMITED INDE -stade BBCH 31-32 ne dépasser BBCH 71-02 app d'un intervalle de 21 jours entre les 2.(COMM09/02/2021)
Prothioconazole 12,5% +12,5% EC;Perfecto EC F.36-21;SHARDA SHARDA CROPCHEM;Blé dur:Rouille :1 l/ha(100-300l/ha) +Tebuconazole CROPCHEM LIMITED INDE -stade BBCH 31-32 ne dépasser BBCH 71 LIMITED tunisie -02 app d'un intervalle de 21 jours entre les 2(COMM09/02/21)
Prothioconazole 125 g/L +125 g/L EC;Prosaro 250 EC F.098-11/21;PROMOCHIMIE BAYER CROPSCIENCE;Céréales : Septoriose, rouille, oïdium, Fusarium: +Tebuconazole 0,8 L/ha
Prothioconazole 100 g/L + 100 EC;Cello F.021-17;AGRONOMIC Land BAYER CROPSCIENCE;Blé : Septoriose :1 l /ha(COMM 20/06/2017) +Tebuconazole + Spiroxamine g
Pyraclostrobin + 6,7%+26,7% WDG;ORACLE 33 WG F.076-22;SLDA SHARDA CROPCHEM;Tomate: Mildiou (Phytophthora infestan)
Pyraclostrobin +Boscalid 10%+20%;FOXTON 30 SC F.24-23;AGRIMATCO LoatingYoloo Bio-Technology Co ,Ltd/chine;l/ha
Pyraclostrobin +Boscalid 13% + 25%;BELAGIO WG F.39-25;SEPCM AAKO;Courgette : Pourriture grise (Botrytis cinerea)
Pyraclostrobin +boscalid 12,8%+25,2%;Crystal SC F.027-22;FERTITECH HANGZHOU TOPAGRO;Vigne de table:Pourriture grise (Botrytis cinerea)
Pyraclostrobin 100g/l+375 g/l EC;COMET PLUS EC F.38-21;Agriprotec BASF;Blé dur:Rouill
Pyraclostrobin +fluxapyroxad 333 g/l+167 g/l SC;ORKESTRA SC F.033-22;BIOPROTECTION BASF;Blé tendre : Rouille: 0.4 l/ha
Pyraclostrobine Metconazole 130 g/l +80 g/l EC;OPTIMO DUO 013-18F. AGRIPROTEC BASF;Blé : Rouille, septoriose : 0.75 l/ha;EC (Pulvérisation foliaire
Pyraclostrobine + 40 g/l + 72 g/l EC;Cabrio Duo F.001-14/24;AGRIPROTEC BASF;Pomme de terre : Mildiou : 2.5 l/ha
Pyraclostrobine 115 g/l+230 g/l SC;PILARTEP SC;F.04-23 RAYEN PILARQUIIM (jiangsu);Non spécifié
Tebuconazole;PHYTAGRI CO.LTD CHINE;Non spécifié;Colletotricumgleosporoides ou/et Colletotrichumacutatum :50 cc/hl(0.5 l/ha)
Pyrithiobac-sodium 294;LAITANE SC;F.23-23 RAYEN LAINCO ,S,A/ESPAGNE;Non spécifié
Pyrimethanil 600 g/l;ETHPYRI SC;F.18-23 UNIAGRO SHANDONG WEIFANG;RAINBOW CHEMICAL CO.LTD
Pyrimethanil 600 g/l;PYROS SC;F.07-24 COTUGRAIN SHANDONG WEIFANG;RAINBOW CHEMICAL CO.LTD
Pyrimethanil 400 g/l;PRETIL SC;F.21-23 EL KHADRA INDUSTRIAS AFRASA S.A / ALBAUGH EUROPE SARL;EUROPE SARL
Pyriméthanil 3 0 0 g / L;Scala 300 SC;F.102-11/21 ATLAS AGRICOLE;BAYER CROPSCIENCE
Pyriméthanil 3 0 0 g / L;Mythos300 SC;F.103-11/21 EL MOUSSEM;BAYER CROPSCIENCE
Pyriméthanil 4 0 % S C;EXCEL AGRI SHARDA;SHARDA CROPCHEM;Tomate : Pourriture grise(Botrytis cinerea)
Pyriméthanil 4 0 % S C;PYRMA SC;SHARDA;SHARDA CROPCHEM
Pyriméthanil 400 g/l SC;PYRUS 400 SC;STEC UPL;Vigne de table:Pourriture grise (Botrytis cinerea)
Pyriméthanil + Fludioxonil 336 g/l+ 133 g/l SC;POMAX SC;SSCC GLOBACHEM;Vigne :Botrytis cinerea : Pourriture grise(Botrytis spp)
Pyriofenone 300 g/l SC;KUSABI SC;AGRIPROTEC ISK Biosciences Europe;Vigne:Oïdium(Uncinulanecator)
Pythiumoligandrum 1*106oospores(1 WP POLYVERSUM F.038-17;POLYVERSUM;FERTIPLANT BIOPREPARATY;Blé (Traitement de semences) : Fusarium spp, 0-25% w/w)
Pythiumoligandrum 1*106oospores(1 WP POLYVERSUM F.038-17;POLYVERSUM;FERTIPLANT BIOPREPARATY;Tomate : Botytiscinerea(Pourriture grise) : 200 g/ha
Pythiumoligandrum 1*106oospores(1 WP POLYVERSUM F.038-17;POLYVERSUM;FERTIPLANT BIOPREPARATY;Blé : Fusariose :100g/ha
Pythiumoligandrum 1*106oospores(1 WP POLYVERSUM F.038-17;POLYVERSUM;FERTIPLANT BIOPREPARATY;Fraisier : Pourriture grise(Botytis cinerea) :200 g/ha
Pythiumoligandrum 1*106oospores(1 WP POLYVERSUM F.038-17;POLYVERSUM;FERTIPLANT BIOPREPARATY;Vigne: Pourriture grise (Botrytis Cinerea) :250g/ha
Reynoutria sachalinensis (Extrait 20% SC REYSANA SC F.016-14/24 BIOPROTECTION);SYNGENTA/MARRONES BIO TOMATE;Innovation(fab);Vigne: Botrytis
Sedaxane+Fludioxonil 25 g/l+25 g/l FS VIBRANCE DUO F.002-20 BIOPROTECTION;SYNGENTA AGRO AG;AGROSTULLN GmbH/frarimpe;Semence de blé: Fusariose ,Septoriose, Carie, Semence d'orge:helminthosporiose de l’orge
Soufre 80% WG Sulpex F.028-13/23 AGRIMATCO;Non spécifié;Agrostulln GmbH/frarimpe;Blé, Orge:Oïdium, C. maraîchères: Oïdium, Acariose bronzé de la tomate: 600 g/hl, Arbo+ Vigne : Oïdium: 400 g/hl, C. ornementales : Oïdium, maladie des tâches noires: 400 g/hl
Soufre 80% WG COSAVET-DF F.010-19 AGRIPROTEC;Non spécifié;Sulphur Mills Limited;"Vigne:Oїdium:1 kg/hl, Palmier dattier : acarien "" Oligonychusafrasiticus"" :300g/hl"
Soufre 80% WG;Agrosoufre F.163-11/21;AGROSYSTEMES;AgrostullnGmbH
Soufre 98% DP;Cabridust F.107-11/21;AGROSYSTEMES;Non spécifié
Soufre 80% WG;Soufrustulln F.031-15/25;AMINCO;AgrostullnGmbH
Soufre 80% WP;TIOSOL 80 F.004-14/24;ATLAS AGRICOLE SIPCAM;Non spécifié
Soufre 80% WP;Mistral 11-212F. BIOPROTECTION ESSECO sarl/AAKO;BIOPROTECTION ESSECO sarl/AAKO;Non spécifié
Soufre 80% WG;THIOMAX JET F.005-20;COTUGRAIN SYNGENTA;Syngenta
Soufre 98% DP;AzufreMicronizad F.025-13/23;EL KHADRA AFEPASA S.A;Non spécifié
Soufre 80% WG;Azumo F.026-13/23;EL KHADRA AFEPASA S.A;Non spécifié
Soufre 80% WP;KEY Azufre F.012-16;Ets MEZGHANI INDUSTRIAL QUIMICA;Non spécifié
Soufre 98% DP STV;Non spécifié;CHERIFIENNE Vigne;Non spécifié
Soufre 80% WG;TASMID AGROSTULLN/ Piment :Oidium :600 gr/hl;Non spécifié;Non spécifié
Soufre 80% WP;PROMOCHIMIE SIPCAM QUIMAGRO Blé, Orge : Oïdium : 12 Kg/ha Vigne : excoriose, acariose : 1 Kg/hl Cultures maraîchères : Oïdium : 250 g/hl , Acariose bronzé de la tomate : 600 g/hl Arboriculture - Vigne : Oïdium : 400 g/hl Cultures Ornementales : Oïdium, maladie des tâches noires : 400 g/hl;Non spécifié;Non spécifié
Soufre 80% WG;PROTAGRI UNITED PHOSPHORUS Blé, Orge : Oïdium : 12 Kg/ha Vigne : excoriose, acariose : 1 Kg/hl Cultures maraîchères : Oïdium : 250 g/hl , Acariose bronzé de la tomate : 600 g/hl Arboriculture - Vigne : Oïdium : 400 g/hl Cultures Ornementales : Oïdium, maladie des tâches noires : 400 g/hl;Non spécifié;Non spécifié
Soufre 80% WG;SANABEL Agro AFEPASA S.A Vigne : Oïdium : 400g/hl;Non spécifié;Non spécifié
Soufre 80% WG;SEPCM AFEPASA S.A Vigne : Oïdium : 400g/hl;Non spécifié;Non spécifié
Soufre 98% DP NOVAZUFRE DP;SEPCM AFEPASA S.A Vigne : Oïdium (stade floraison à la fermeture de la grappe) : 15 Kg/ha;Non spécifié;Non spécifié
Soufre 80% WG;STEC UPL/CEREXAGRI Blé, Orge : Oïdium : 12 Kg/ha Vigne : excoriose, acariose : 1 Kg/hl Cultures maraîchères : Oïdium : 250 g/hl , Acariose bronzé de la tomate : 600 g/hl Arboriculture - Vigne : Oïdium : 400 g/hl Cultures Ornementales : Oïdium, maladie des tâches noires : 400 g/hl;Non spécifié;Non spécifié
Soufre 80% WG;STIMA BASF Blé, Orge : Oïdium : 12 Kg/ha Vigne : excoriose, acariose : 1 Kg/hl Cultures maraîchères : Oïdium : 250 g/hl , Acariose bronzé de la tomate : 600 g/hl Arboriculture - Vigne : Oïdium : 400 g/hl Cultures Ornementales : Oïdium, maladie des tâches noires : 400 g/hl;Non spécifié;BASF
Soufre 80% WG;AGRIPROTEC BASF Blé, Orge : Oïdium : 12 Kg/ha Vigne : excoriose, acariose : 1 Kg/hl Cultures maraîchères : Oïdium : 250 g/hl , Acariose bronzé de la tomate : 600 g/hl Arboriculture - Vigne : Oïdium : 400 g/hl Cultures Ornementales : Oïdium, maladie des tâches noires : 400 g/hl;Non spécifié;BASF
Soufre 700 g/L SC;Heliosoufre S F.213-11/21;BIOPROTECTION Action Pin/AAKO;Non spécifié
Soufre 800 g/l SC;SULFOMAX F.009-19;EL KHARDA AFEPASA;Non spécifié
Soufre 80% WDG;Micro-cap F.007-22;NEGANOR AGROW ALLIED;Non spécifié
Soufre 80% WDG;SULFINOVA F.075-22;AGRONOVA AGROW ALLIED;Non spécifié
Soufre 80%;DP SOLFOXIDANTE F.;SEPCM AFEPASA/Espagne;Non spécifié
Soufre 80%;BIOSOUFRE WG F.;EL KHADRA CROPSAFE;PESTICIDES INDIA PRIVATE LIMITED
Soufre 825 g/l;Thiopron SC;BIOPROTECTION UPL;UPL
Soufre 80%;Super I.19-25;FERTIPLANT KR Lifesciences/inde;Non spécifié
Spiroxamine 300 g/l;CS PROSPER 300 CS;F.27-21 Atlas agricole;BAYER CROPSCIENCE
Spiroxamine 500 g/l;XAMIN –UP EC;F.10-25 COTUGRAIN UPL;UPL
Spiroxamine 500 g/L;Prosper 500 EC;F.108-11/21 ATLAS AGRICOLE;BAYER CROPSCIENCE
Spiroxamine + difeconazole 400 g/l+50 g/l;SPIROX D EC;F.24-21 BIOPROTECTION arystalifescience/UPL;UPL
Sulfate de cuivre tribasique 345 g/l (soit 190 SC TRIBASE -FLOW);SC Vigne : Mildiou;F.71-21 Atlas Agricole;NUFARM
Sulfate de cuivre tribasique 345 g/l (soit 190 SC Cuproxat 018-14);AGRICOLE Tomate : Mildiou;F. EL MOUSSEM;NUFARM
Sulfate de cuivre tribasique 40% WG Novicure;F.033-17 PROTAGRI UPL;UPL;Non spécifié
Sulfate de cuivre tribasique 553.5 g/kg WG MEXIRAM TRI F.09-23;EL MOUSSEM ALBAUGH EUROPE TOMATE SOUS SERRE : Mildiou;SARL (Phytophthora infestans);ALBAUGH EUROPE
sulfate de cuivre tribasique;Moltovin F.037-17;BIOPROTECTION NUFARM;NUFARM
sulfate de cuivre tribasique;Amaline Flow F.027-17;EL MOUSSEM NUFARM;NUFARM
zoxamide;ventaro F.75-21;STEC NUFARM;NUFARM
sulfatetetracuivrique 20%;Bordocure WG F.024-22;FERTITECH ALINTRA;ALINTRA
sulfatetetracuivrique 88.24%;CUPERTINE F.10-23;FERTITECH ALINTRA ESPAGNE;ALINTRA
sulfate de cuivre tribasique;CU MAX F.013-17;RAYEN DIACHEM S.P.A;DIACHEM S.P.A
tebuconazole 250 g/L;SONG EC F.032-17;ATLAS AGRICOLE SIPCAM INAGRA;SIPCAM INAGRA
tebuconazole 250 g/L;KEYZOL SC F.014-20;EL KHADRA AVGUST CROP CORPORATION;AVGUST CROP
tebuconazole 60 g/L;Mycoseeds FS 60 F.009-14/24;EL KHADRA SHARDA CROPCHEM;SHARDA CROPCHEM
Tebuconazole 60 g/L FS;TEBUSHA 6 FS F.022-17;AGRINOVA SHARDA CROPCHEM;Blé dur et tendre : Charbon, carie : 50ml +500 ml eau/Ql
Tebuconazole 250 g/L SC;COLOSSAL F.045-17;HALAB TUNISIE AVGUST CROP Vigne : Oïdium : 40 cc/hl soit 400 cc/ha;Non spécifié
Tebuconazole 60 g/L FS;Timer FS 060 F.109-11/21;STEC BAYER CROPSCIENCE;Blé dur et tendre : Charbon, carie : 50ml PC+500 ml eau/Ql
Tébuconazole 430 g/l SC;SPEEDY SC F.065-22;EL KHADRA NINGBO SUNJOY;Blé : Rouille : 0,5 l/ha
Pulvérisation foliaire;Stade d’app Espagne fin floraison;Non spécifié;Non spécifié
Tébuconazole 430 g/l SC;METROSTAR SC F.009-18;AGRIPLUS NINGBO SUNJOY;Blé : Rouille : 0,5 l/ha
Pulvérisation foliaire;Stade d’app Espagne fin floraison;Non spécifié;Non spécifié
Tébuconazole 250 g/L EW;Corail F.113-11/21;PROMOCHIMIE BAYER CROPSCIENCE;Vigne : Oïdium : 40 cc/hl soit 400 cc/ha
Tébuconazole 430 g/l SC;Camaro430SC F.026-16;RAYEN SHARDA CROPCHEM;PHYTAGRI LIMITED INDE
Tébuconazole 430 g/l SC;TEBUNOVA SC F.66-21;AGRINOVA SHARDA CROPCHEM;LIMITED INDE
Tébuconazole 430 g/l SC;Matiz F.004-13/23;SANABEL AGRO ROTAM;AGROCHEMICAL(rival)
Tébuconazole 250 g/L EW;AZUROS F.018-19;SLDA;SHARDA CROPCHEM
Tébuconazole 250 g/L EW;Tebucur F.110-11/21;AGROSYSTEMES GLOBACHEM;BAYER CROPSCIENCE
Tébuconazole 250 g/L EW;Teson F.036-15/25;AMINCO GLOBACHEM;BAYER CROPSCIENCE
Tébuconazole 250 g/L EW;Konan EW F.014-13/23;ETS MEZGHANI INDUSTRIAL QUIMICA;UPL LIMITED
Tébuconazole 250 g/L EW;Horizon 250 EW F.111-11/21;PROMOCHIMIE;BAYER CROPSCIENCE
Tébuconazole 250 g/L EW;TEBUZOL 25 EW F.043-21;Agriprotec;UPL LIMITED
Tébuconazole 250 g/L EW;SUPREME 25 EW F.06-24;COTUGRAIN;UPL LIMITED
Tébuconazole 25% E W SILVZOLE EW F.07-25;SILVZOLE EW;Cotugrain Impex SHANDONG WEIFANG;RAINBOW CHEMICAL CO.LTD CHINE
Tébuconazole 200 g/L+ 100 g/L SC;Nativo 300 SC;STEC BAYER CROPSCIENCE;BAYER CROPSCIENCE
Tébuconazole 200 g/L+ 100 g/L SC;GREEN STAR F.18-25;AGRIPROTEC;BAYER CROPSCIENCE
Tebuconazole+Prochloraz 200 g/l + 300 g/l EC;Mystic Pro;AGRIPROTEC;NUFARM SAS
Tebuconazole+Prochloraz 200 g/l + 300 g/l EC;Winner;BIOPROTECTION;NUFARM SAS
Thiabendazole 50 % SC;SC BENAZOLE F.059-22;EXCEL AGRI SHARDA CROPCHEM;SHARDA CROPCHEM P.LTD INDE
Thiabendazole 50 % SC;SC TENAZOLE F.31-21;SHARDA;SHARDA CROPCHEM P.LTD INDE
Trichoderma Asperellum 999 g/kg WP;REMEDIER WP;STIMA ISAGRO SPA/GOWAN;ISAGRO SPA/GOWAN
Trichoderma Asperellum 999 g/kg WP;BLINDAR F.17-25;AGRIPROTEC;ISAGRO SPA/GOWAN
phaeomoniellachlamydospora, Phaeoacremoniumi nflatipes;Non spécifié;Non spécifié;Non spécifié
Trichoderma asperellum strain 2x109 spores per WP T-protec F.05-24;ALOA Plant Health Products Agrumes;PHP(Pty) Ltd/ANDERMATT;BIOCONTROL GROUP AG
Trichodermaasperellumstrain) T34 /120g/kg WP T34 F.19-21;STIMA BiocontrolTechnologies,S.;Non spécifié;BIOCONTROL L/
Trichodermaatroviride 77B 2x109cfu/g WP T-77 WP F.29-21;Aloha agriculture Plant Health Products;Non spécifié;ALOHA AGROCHEMICAL
Trifloxystrobin 50% WG;Zato 50 WG F.123-11/21;Atlas Agricole;BAYER CROPSCIENCE
Trifloxystrobin 50% WG;Flint F.124-11/21;Promochemie;BAYER CROPSCIENCE
Trifloxystrobine 50% WG CIVIC WG F.01-25;Non spécifié;Protagri Nanjing;AGROCHEMICAL
Zirame 76% WG Thionicautodispers;Non spécifié;Non spécifié;AGROSYSTEMES TAMINCO/EASTMAN
Zoxamide;Presidium SC F.053-22;STEC Gowan;NUFARM
Dimethomorph;Non spécifié;Non spécifié;Non spécifié
2,4-D + MCPA;Weedone Plus H.001-13/23;BIOPROTECTION;NUFARM
2,4-D + MCPA;DAMEX FORTE H.21-21;SOCOOPEC;NUFARM
2,4 –D EHE;certrol DS EC H.18-21 agriprotec A;AGRIPROTEC;H MARKS
2,4 D Diméthyle;HERBOXONE SL H.20-25;ATLAS;NUFARM
2,4 D –Ester butylglycol;Weedone H.060-11/21;BIOPROTECTION;NUFARM
2,4 D –Ester butylglycol 600 g/L;Desormone lourd H.078-11/21;SEPCM;NUFARM
2,4-D 2-Ethylhexyl Ester + Florasulam 300 g/L +6,25;SE TEAMSPRAY PLUS SE H.19-25;UNIAGRO SHANDONG;ATLAS AGRICOLE DOW
Florasulam;WEIFANG Volume de bouillie:300 -500 l/ha;Non spécifié;CHINE
2,4-D Acide + Florasulam 300 g/L +6,25;Nikos 306 SE H.011-13/23;ATLAS AGRICOLE DOW;AGROSCIENCES/corteva
2,4-D Sel d’amine 720 g/L;Dicopur 720 SL H.008-13/23;AGRIPROTEC;NUFARM
2,4-D Sel d’amine 720g/l;Sanaphen D 720 SL H.013-13/23;ATLAS AGRICOLE DOW;DOW AGROSCIENCES
2,4-D Sel d’amine 720g/l;Topol H.009-15/25;EL KHADRA SHARDA;CROPCHEM LIMITED INDE
2,4-D Sel d’amine 720g/l;SHARMINA 720 SL H.005-17;AGRINOVA SHARDA;CROPCHEM LIMITED INDE
2,4-D Sel d’amine 720g/l;Stopweeds H.011-15/25;SANABEL AGRO SHARDA;CROPCHEM LIMITED INDE
2,4-D Sel de 860g/l;Amanora H.014-17;AGRIMATCO UPL;UPL
2,4-D Sel de 860g/l;DIAMEX SL H.037-22;COTUGRAIN;UPL
2,4-D Sel de 720g/l;BLITZ 720 SL H.022-22;EL KHADRA JIANGSU;NANJING FENGSHAN CHEMICAL(FR)
2,4-D Sel de 720g/l;BOZAR H.012-17;AGRIPLUS JIANGSU;NANJING FENGSHAN GROUP CO,LTD
2,4-DB;BUTTRESS SC H.21-25;AGRIPROTEC NUFARM;NUFARM
2.4 D-ethylhexyl ester (2- EHE);DESORMONE PRO EC H.07-25;SEPCM NUFARM;NUFARM
2.4-D + Glyphosate;KYLEO H.011-22;EL MOUSSEM NUFARM;NUFARM
2.4-D + Glyphosate;NUFOSATE SL H.040-22;SANABEL AGRO NUFARM;NUFARM
2.4-D DMA;CLEANSPRAY SL H.09-25;SOLAGRI SHANDONG WEIFANG;CHINE
2.4-D-ethylhexyl + 453g/l+6g/l SE BOOSTER;SE H.028-22;FERTITECH TOPAGRO;Bayer AG
Florasulam;BIOSCIENCE -Application en post levée des adventices -Bouillie: 300L/ha (com 27/12/22);H.001-14/24;EL MOUSSEM
Aclonifen 600 g/l SC;Challenge 600SC H.001-14/24;EL MOUSSEM;Bayer AG
Aclonifen 60% SC;ACTION 60 SC H.026-22;SHARDA SHARDA;Sharda Limited Tunisia Limited Inde
Aclonifen 60% SC;COSTA SC H.02-23;SANABEL AGRO;Sharda
Aclonifen +Diflufenican 450 g/l + 30 g/l + Flufenacet 90 g/l SC;MATENO STAR 570 H.17-25;PROMOCHIMIE BAYER;Bayer CropScience
Amidosulfuron + 100 g/l + 25 g/l + Iodosulfuron 250g/l CROPSCIENCE;OD Sekator OD H.002-17;AGRONOMIC Land;Bayer CropScience
Aminopyralydes + 350 g/Kg +150 WG Lancelot NEO 450 WG H.001-11/21;SEPCM DOW;Dow AgroSciences;Non spécifié
Aminopyralydes + 10g/l +5g/l +180g/l SE Nikos forte H.010-15/25;ATLAS AGRICOLE DOW;Dow AgroSciences;Non spécifié
Florasulam g/Kg AGROSCIENCES;CORTEVA 27/09/2016)(comm 25 juin 2025);AGROSCIENCES;Corteva
Arylex active(halauxifen-methyl) + pyroxsulam + cloquintocet acide;TARZEK;COTUGRAIN;Dow Agrosciences
Arylex TM;CLASSICO WG;SEPCM;Dow Blé dur: Mauvaises herbes dicotylédones
Arylex TM;QUELEX;H.05-25 COTUGRAIN;Dow Blé dur: Mauvaises herbes dicotylédones
Bentazone 480g/l;BENTA SL;H.019-22 EL KHADRA NANJING;FENGSHAN CHEMICAL GROUP CO,LTD/NANGIN G FENGSHAN
Bentazone 480g/l;BASASTAR SL;H.010-20 AGRIPLUS NANJING;FENGSHAN CHEMICAL GROUP
Bentazone 480g/l;BENTAKEY SL;H.007-20 ETS MEZGHANI SHANDONG;BIONNONG TECHNOLOGY CO.LTD/I.Q.Key
Bentazone 480g/l;SHARBENTAH SL;H.004-13/23 SANABEL AGRO SHARDA;CROPCHEM LIMITED INDE
TROY 480 SL;TR O Y 4 8 0 S L;H.007-18 AGRIPROTEC UPL;LIMITED FENUGREC:Dicotylédones
Bentazone;SL B a s a g r a n;STIMA BASF;BASF
Bentazone;BENTAPROTEKT SL;LIEN AGRICOLE ANHUI;ANHUI Blé:Adventices Dicotylédones
Bentazone;L f i g h t e r;cotugrain;BASF
Bentazone;RAINZONE EC;NEGANOR FFT SHANDONG;FFT WEIFANG Stade d'application: BBCH12-31
Bentazone;BENHUR SL;PROTAGRI NANJING;AGROCHEMICA
Bentazone +Imazamox 480 g/l+22.4 g/l SL;ZILLION;AGRIPROTEC;BASF
Carfentrazone-ethyl 400 g/kg WG;AFFINITY WG;SSCC;FMC
Chlorotoluron 250g/l+300g/l+ SC UMBRA 590 SC;UMBRA 590 SC;BIOPROTECTION;SYNGENTA
Chlorotoluron 600 g/L + 40 g/L SC;CARMINA MAX SC;AGRIPROTEC;NUFARM
Chlortoluron 500 g/L SC;DESPERADO H.08-21;AGRIPROTEC;Nufarm
Chlortoluron 500 g/L SC;Tolurex 50 H.006-11/21;SEPCM;AAKO
Chlortoluron 500 g/L SC;RAYGARD H.03-25;BIOPROTECTION;AAKO
Chlortoluron 500 g/L + Isoxabene 18.7 g/L SC;FLEXIDOR H.015-18;ATLAS AGRICOLE;Dow
Chlortoluron 500 g/L + Isoxabene 18.7 g/L SC;Aubaine H.014-13/23;SEPCM;Dow Agrosciences
Clethodim 240 g/l SC;ICASSO 240 SC H.013-20;SANABEL AGRO;RotamAgrochemic
Clethodim 240 g/l EC;CLETOPROTEKT H.031-22;LIEN AGRICOLE Zhejiang Tidecropscience/chine;Zhejiang Fève: Graminée:0.8 l/ha
Clethodim 240 g/l EC;CDLODIM FORTE 240 H.004-22;SOLAGRI SYNGENTA;Colza:Graminéesannuelles:0.5 l/ha
Clethodim;FYTODIM EC;H.032-22;FERTITECH TOPAGRO
Cléthodim;CLETHODIM EC;H.06-25;TASMID PSYCHE M
Cléthodim;Select Super;H.004-11/21;BIOPRO U P L / A R Y S T A P
Cléthodime;Akodim 120 EC;H.005-11/21;SEPCM AAKO
Cléthodime;SKIPPER 120 EC;H.04-25;ATLAS AGRICOLE AAKO
Clodinafop -propargyl;CLOWIT EC;H.26-25;UNIAGRO SHANDONG
cloquintocet mexyl;Non spécifié;CHEMICALS;RAINBOW
cloquintocet mexyl;Non spécifié;CO.LTD CHINE;Le produit a montré une efficacité de moyenne sur : Brome Une efficacité faible sur : Ray grass, chient dent une bonne efficacité sur : Folle avoine, orge
Clodinafop-propagyl;BUGUIS;AGRIPROTEC PROPLAN/QUME;AGRICULTURAL SOLUTIONS SLU
Cloquintocet-mexyl;TICA;AGRIPROTEC PROPLAN/QUME;AGRICULTURAL SOLUTIONS SLU
Clodinafop-propargil;TOPIK;BIOPROTECTION SYNGENTA;SYNGENTA
Cloquintocet-mexyl;AFRAZA/ALBAU -Traitement foliaire;-1 à 2 traitements espacés de 20 GH EUROPE jours par cycle de la culture;EL KHADRA INDUSTRIAS
Clopyralid;VERSATILL;ATLAS AGRICOLE DOW;"COLZA : M. Herbesdicotylédones : 1 L/ha (Avec faible efficacité sur les mauvaises herbes ""Moutarde"") en Post-levée. Avec action systémique."
Clopyralid;GLOPYR 100 SL;AGROSYSTEMES Globachem;Colza : Dicotylédone graminées: 1.25 l/ha en Post-levée
Clopyralid;clopryd 30 SL;SLDA SHARDA;Blé:Adventices dicotylédones:0,4 l/ha
Clopyralid;PRYSTAR SL;SANABEL AGRO SHARDA;Blé:Adventices dicotylédones:0,4 l/ha
Cycloxidime;Focus Ultra;STIMA BASF;PETIT POIS, LENTILLE, FÉVEROLE : Antigraminées : 2L/ha
Cycloxidime;stratos ultra;agriprotec;BASF
Dicamba +2,4 – D;Dialen Super;BIOPROTECTION SYNGENTA;SYNGENTA
Dicamba +Prosulfuron;CASPER 55 WG;SOLAGRI;Syngenta
Dicamba-Sel;procamba;SSCC;ghardachemical
Diflufenican;OSSETIA WG;El MOUSSEM RotamAgrochemic;RotamAgrochemic
Diflufenican (ou 500 g/l SC Diflanil);H.010-14/24;AGROSYSTEMES GLOBACHEM;Globachem
Diflufenican + Flufenacet;Vigon 420 SC;PROMOCHIMIE BAYER;Bayer
Diflufenican + 60 % +6% WG polymer WG;Alliance H.002-13/23;BIOPROTECTION NUFARM S.A;NuFarm S.A.
Diflufenican + 60 % +6% WG polymer WG;H.19-21;AGRIPROTEC;NuFarm S.A.
Diflufenican +flufenacet 200 g/l+400 g/l SC;SC H.009-22;BIOPROTECTION UPL;UPL
Diflufenican+flufenacet 200 g/l + 400g/l SC;FLOUKAN SC H.008-22;SANABEL AGRO SHARDA CROPCHEM;Sharda
Dimethenamid- 100g/l+300g/l+100 SE BUTISAN;SE BUTISAN;COTUGRAIN;BASF
Metazachlor;SE BUTISAN;COTUGRAIN;BASF
Quinmerac;SE BUTISAN;COTUGRAIN;BASF
EthametSulfuron Methyl 750 g/kg WG;MUSTER 75 WG;SSCC;FMC
Fénoxaprop-p-Ethyl 69g/l;Foxtrot;H.027-15/25;AGROSYSTEME
Fénoxaprop-P-Ethyl 64 g/L +8 g/L + 24 EC;Puma Evolution;H.015-11/21;JADWA AGROTEC
Iodosulfuron-Méthyl Sodium diéthyl;Puma Evolution;H.015-11/21;BAYER
Fénoxaprop-P-Ethyl 64 g/L +8 g/L + 24 EC;HUSSAR EVOLUTION;H.02-25;AGRIPROTEC
Iodosulfuron-Méthyl Sodium diéthyl;HUSSAR EVOLUTION;H.02-25;BAYER
Florasulam +Iodosulfuron-méthyl-sodium 400 g/kg;JOYSTICK WG;H.11-25;AGROSYSTEMES
Diflufénican;JOYSTICK WG;H.11-25;AGROSYSTEMES
Florasulam 200 g/kg+600 g/kg WG;GRANSTAR MAX WG;H.12-21;AGRIPROTEC
Tribenuron-methyl;GRANSTAR MAX WG;H.12-21;AGRIPROTEC
Florasulame 250g/kg;Clyde SG;H.12-25;AGRIPROTEC
Flurosulame;Derby H.085-11/21;Promochem DOW;Céréales à pailles:Dicotylédones
Flumetsulam;Broadstrike WG H.009-20;Promochem DOW;Petit pois
Fluazifop-P-Butyl;Benfuron H.013-16;Agrimed Sharda;CROPCHEM
Fluazifop-P-Butyl;Fouir H.013-17;El Khadra Sharda;CROPCHEM
Flucarbazone-sodium;Everest 70 WG H.017-11/21;Agriprotec Arysta;LIFESCIENCE huile non ionique
Flumetsulam;Non spécifié;Promochem DOW;Petit pois
Fluroxypyr 20% EC;H.11-21;etsmezghani industrialquimicak;Blé dur :Adventices dicotylédones :1 l/ha
Flurostar 200;H.011-14/24;AGROSYSTEMES GLOBACHEM;Blés :Dicotylédones : 1L/ha
Fluroxypyr +Clopyralid 150 g/l+60 g/l EC;H.006-20;AGRIMED SHARDA;Blé:Adventices dicotylédones:1 l/ha
VEGA EC;DISTRIBUTION CROPCHEM Pulvérisation foliaire.Stade d’application : fin tallage à;Non spécifié;Non spécifié
Fluroxypyr +Clopyralid 5 0 g / l + 2 8 g / l;H.005-22;AGRICROTEC B R A C L A Y;Blé d u r : M a u v a i s e s h e r b e s d i c o t y l é d o n e s (annuelles et
Fluroxypyr-l-methylheptyl 144 g/l +2.5 g/l SE;H.14-25;SSCC GLOBACHEM;Blé dur:anti-dicotylédones :1l/ha
FLUROSTAR XL SE;H.002-19;SLDA SHARDA;Arbo, Toutes cultures, Sol nu: Chiendent, cypérus,
Glyfostar;H.033-22;MULTAGRI Braclay chemicals;Agrumes:Désherbage total
Féverole;Orobanche : 166 ml/ha;ATLAS AGRICOLE;MONSANTO/BA
Glyphosate 360g/l;SL Round Up Pro H.004-15/25;ATLAS AGRICOLE;MONSANTO/BA
Féverole;Orobanche : 166 ml/ha;FERTITECH SHARDA;AFRAZA/ALBAU
Glyphosate 360 g/l;SL DRAGON H.003-19;FERTITECH SHARDA;AFRAZA/ALBAU
Glyphosate 360 g/l;SL SATELITE360 SL H.001-19;EL KHADRA INDUSTRIAS PECHER;AFRAZA/ALBAU
Glyphosate 360 g/l;SL VERDIS 36 SL H.009-17;EXCEL AGRI SHARDA;AFRAZA/ALBAU
Glyphosate 360 g/l;SL NOV-UP H.003-17;AGRINOVA SHARDA;AFRAZA/ALBAU
Glyphosate 360 g/l;SL GLYPHO-CAP H.010-17;NEGANOR FFT HOCKLEY;AFRAZA/ALBAU
Féverole;Orobanche;SL GLYFAST 450 SL;MULTAGRI Braclay chemicals
Glyphosate;GALLUP HI-AKTIV SL;H.001-20;RAYEN Barclay Poirier: Mauvaises herbes vivaces ou PHYTAGRI chemicals(R&D) Ltd.
Glyphosate;Round up innov H;H.003-15/25;ATLAS AGRICOLE MONSANTO
Glyphosate;70% SG Kalach Extra;H.007-16;BIOPROTECTION ARYSTA LIFESCIENCE
Glyphosate;480 g/l SL Herbolex Max;H.008-15/25;SEPCM DOW AGROSCIENCE/CORTEVA/ALBA
Glyphosate;360 g/l SL Kalach 360;H.022-11/21;BIOPROTECTION UPL/ARYSTA LIFESCIENCE
Féverole;Orobanche;SL ROUNDPUP PLUS H;ATLAS AGRICOLE MONSANTO/BA YER Arboriculture : M. herbes annuelles : 2 L/ha
Glyphosate;S L G l y c e l H . 0 1 9 - 1 1 / 2 1 A G R I M A T C O e x c e l c r o p;Arbo, Toutes cultures, Sol nu: Chiendent, cypérus;diss : 12 l/ha
Glyphosate;S L C i b l e H . 0 1 8 - 1 1 / 2 1 A G R I P R O T E C N U F A R M;Arbo, Toutes cultures, Sol nu: Chiendent, cypérus;diss : 12 l/ha
Glyphosate;S L A g r i a t e c h H . 0 2 0 - 1 1 / 2 1 A G R O S Y S T E M E S A G R I A S A;Arbo, Toutes cultures, Sol nu: Chiendent, cypérus;diss : 12 l/ha
Glyphosate;S L M a y n o z a t e H . 0 2 5 - 1 5 / 2 5 A M I N C O A G R I A S A;Arbo, Toutes cultures, Sol nu: Chiendent, cypérus;diss : 12 l/ha
Glyphosate;S L G l y w e e d H . 0 8 6 - 1 1 / 2 1 A T L A S C O R O M A N DEL;Arbo, Toutes cultures, Sol nu: Chiendent, cypérus;diss : 12 l/ha
Glyphosate;S L K l e e n U p H . 0 9 7 - 1 1 / 2 1 B I O P R O T E C T I O N N U F A R M;Arbo, Toutes cultures, Sol nu: Chiendent, cypérus;diss: 12 l/ha
Glyphosate;S L B l a n c a H . 0 0 6 - 1 3 / 2 3 C O T U G R A I N S H A R D A;Arbo, Toutes cultures, Sol nu: Chiendent, cypérus;diss : 12 l/ha
Glyphosate;S L G L I S O 3 6 0 H . 0 0 5 - 1 6 E L K H A D R A S I P C A M I N GARA;Arbo, Toutes cultures, Sol nu: Chiendent, cypérus, diss : 12 l/ha;Désherbant total : 12 l/ha
Glyphosate;S L W e e d K i l l e r H . 0 0 6 - 1 6 E L K H A D R A S H A R D A;Arbo, Toutes cultures, Sol nu: Chiendent, cypérus, diss : 12 l/ha;Désherbant total : 12 l/ha
Glyphosate;S L F o r t i n H . 0 2 4 - 1 1 / 2 1 E T S M E Z G H A N I I N D U S T R L Q U I M;Arbo, Toutes cultures, Sol nu: Chiendent, cypérus, diss : 12 l/ha;Désherbant total : 12 l/ha
Glyphosate;S L B u g g y H . 0 7 9 - 1 1 / 2 1 P R O M O C H I M I E S I P C A M I N GARA;Arbo, Toutes cultures, Sol nu: Chiendent, cypérus, diss : 12 l/ha;Désherbant total : 12 l/ha
Glyphosate;S L G l y p h o m a x H . 0 1 3 - 1 4 / 2 4 L I E N A G R I C O L E S H A R D A;Arbo, Toutes cultures, Sol nu: Chiendent, cypérus, diss : 12 l/ha;(COMM13/02/2020) (comm 22 mai 2024)
Glyphosate;S L D i s s H . 0 9 3 - 1 1 / 2 1 P R O T A G R I U N I T E D;Arbo, Toutes cultures, Sol nu: Chiendent, cypérus, diss : 12 l/ha;Désherbant total : 12 l/ha
Glyphosate;S L G l y s t e r H . 0 2 5 - 1 1 / 2 1 S A N A B E L A G R O S I N O N;Arbo, Toutes cultures, Sol nu: Chiendent, cypérus, diss : 12 l/ha;Désherbant total : 12 l/ha
Glyphosate;S L N a s a 3 6 S L H . 0 0 1 - 1 5 / 2 5 S O C O O P E C Z E N I T H;Arbo, Toutes cultures, Sol nu: Chiendent, cypérus, diss : 12 l/ha;(comm 25 juin 2025)
Glyphosate;S L G l y p h o t e c H . 0 2 8 - 1 1 / 2 1 S T E C A A K O B V;Arbo, Toutes cultures, Sol nu: Chiendent, cypérus, diss : 12 l/ha;Désherbant total : 12 l/ha
Glyphosate + Oxyfluorfène 200 gL + 30 g/L;SC Dipiril Plus H.016-13/23 EL KHADRA INDUSTRIAS;Arboriculture : M. herbes annuelles et vivaces: 4 AFRAZA/ALBAU L/ha (COMM 19 avril 2023);Non spécifié
Glyphosate + Oxyfluorfène;SC Brout;SEPCM AAKO;AAKO
Halauxifen-methyl;TREZAK EC;AGRIPROTC;Dow agroscience
Imazamox + Metazachlor;Nopasaran;COTUGRAIN;BASF
Indaziflam;Alion 500 SC;BIOPROTECTION;BAYER
Iodosulfuron + Mesosulfuron + Mefenpyr;Atlantis;ATLAS AGRICOLE;BAYER
Iodosulfuron + Mesosulfuron + Mefenpyr;Atlantis;ATLAS AGRICOLE;BAYER
Lenacil;VENZAR;SEPCM FMC;FMC
Mesosulfuron + Méthyl(Mesomax) + Iodosulfuron + Méfenpyrdiéthyl;Amilcar;STEC BAYER;CROPSCIENCE
Mesosulfuron + Méthyl Sodium + Iodosulfuron + Méfenpyrdiéthyl (Correction de la dose : COMM 27/09/2016);Amilcar OD;STEC BAYER;BAYER
Mesosulfuron- 7,5 g/L + 7,5 g/L+ OD COSSACK;OD H.01-25;AGRIPROTEC;BAYER
Méthyl+Iodosulfuron – 22,5 g/L CROPSCIENCE;Non spécifié;ATLAS AGRICOLE;BAYER
Méthyl Sodium + brome, faux fenouil, fumeterre et coquelicot;Non spécifié;Non spécifié;Non spécifié
Mesosulfuron-méthyle 45 g/kg +67,5g/kg WG OLYMPUS FLEX WG H.009-18;H.009-18;ATLAS AGRICOLE;BAYER AG
Propoxcarbasone-sodium +90g/kg;Non spécifié;Non spécifié;BAYER AG
Méfenpyrdiéthyl (COMM 25/06/2025);COMM 25/06/2025;Non spécifié;BAYER
Mesosullfuron-methyl + 28.8 g/L + 120 g/L OD AVOXA MAXX OD H.23-25;H.23-25;BIOPROTECTION;SYNGENTA
Pinoxaden +mefenpyr-diethyl (phytoprotecteur) + 90 g/l;Non spécifié;Non spécifié;BIOPROTECTION
Metazachlor 500 g/l SC RAPSAN 500 SC H.002-18;H.002-18;AGROSYSTEMES;Globachem
Metazachlor +Quinmerac 400 g/l +100g/l SC RAPSAN TDI SC H.003-18;H.003-18;AGROSYSTEMES;Globachem
Metrib 75% WG Maestro 75 WG H.042-11/21;H.042-11/21;BIOPROTECTION;AAKO
Metribuzine;Sencor 600SC H.089-11/21;PROMOCHIMIE BAYER;BAYER
Metribuzine;MAYA H.017-22;SLDA UPL;UPL
Metribuzine;DANCOR 70 H.004-16;PROTAGRI UPL;UPL
Metribuzine;MATRIX WDG H.001-17;STIMA SHARDA;CROPCHEM
Metribuzine;GRAZY 70% WDG H.20-21;AGRIMED SHARDA;DISTRIBUTION CROPCHEM
Metribuzine;TUBERON H.01-21;AGRIMATCO UPL;UPL
Metribuzine;buzzin H.03-21;Delta agricole plus SHARDA;CROPCHEM LIMITED INDE
Metribuzine;Mitraze H.015-22;AGRIMED SHARDA;DISTRIBUTION CROPCHEM LIMITED INDE
Metribuzine;NOVAMET WP H.037-22;AGRINOVA AGROW ALLIED;ALLIED
Metribuzine;POMCORE WP H.001-22;NEGANOR AGROW ALLIED;ALLIED
Metribuzine+Clomazone 233g/l + 60 g/l;CETUS H.003-16;AGRIPROTEC FMC;FMC
Metrobromuron;PROMAN;NEGANOR BELCHIM CROP;BELCHIM
Metsulfuron Méthyl 20% WG;Isomexx H.043-11/21;AGRIPROTEC;NUFARM
Metsulfuron Méthyl 20% WG;Karal H.003-13/23;BIOPROTECTION;NUFARM
Metsulfuron Méthyl 20% WG;Metsy WG;PROTAGRI UNITED;UNITED BLÉ DUR
Metsulfuron Méthyl 20% WG;METRON WG;AGRIMATCO;UNITED BLÉ DUR
Metsulfuron-methyl + 40g/kg+500 g/kg WG XANADU H.029-22;BIOPROTECTION;UPL limited;BLÉ TENDRE, ORGE
Oxyfluorfene 240 g/L EC;Goal H.081-11/21;promochimie;HANGZHOU NUTRICHEM/su mittimo
Oxyfluorfene 240 g/L E C O X I F E N E C H . 0 4 6 - 1 1 / 2 1;E t s M E Z G H A N I I N DUST.;QUIMICA KEY;KEY (COMM13/02/2020)
Oxyfluorfene 240 g/L EC Clenofen 240 H.005-13/23;SANABEL AGRO ZHEJIANG E-TONG;CHEMICALCO LTD;Non spécifié
Oxyfluorfene 240 g/L EC Oxistar 24% H.087-11/21;SOCOOPEC ZHEJIANG E-TONG;CHEMICALCO LTD/shandongqiao chang modern agriculture;Non spécifié
Oxyfluorfene 240 g/l EC FENFEN EC H.041-22;ATLAS AGRICOLE LAINCO;AGRUMES;Non spécifié
Oxyfluorfene 240 g/l EC;VERIN EC H.035-22;NEGANOR LAINCO;Agrumes:Adventices annuelles dicotylédones et graminées
Pendimethaline 400 g/L SC;HERBOL H.008-17;EXCEL AGRI SHARDA;Oignon : mauvaises herbes graminées et CROPCHEM dicotylédones
Pendimethaline 400 g/L SC;Penda 16-010H. DELTA AGRICOLE;SHARDA;Oignon : mauvaises herbes graminées et CROPCHEM dicotylédones
Pendimethaline 400 g/L EC;TERAPUR H.002-16;Ets MEZGHANI IndustrialQuimica;Pomme de terre : Adventices Dicot. ANNUELLES
Pendimethaline 455 g/L EC;Stomp Aqua H.048-11/21;STIMA BASF;Tomate transplantée : Dicotylédone et graminées
Pendimethaline 455 g/L EC;prowl aqua EC H.15-21 cotugrain;BASF;Tomate transplantée : Dicotylédone et graminées
Pendimethaline 333g/l+30 g/l CS;STALLION H.07-21;AGRIPROTEC FMC;Féverole:Graminées et dicotylédones annuelles
Phenmedipham + 75 g/l+15 g/l+115 SC;BETASANA TRIO H.016-20;AGRIPROTEC UPL Limited;Betteraves à sucre: Mauvaises herbes dicotylédones
Phenmediphame + Desmedipham + Ethofumesate;Betanal Expert 274EC H.049-11/21;SEPCM BAYER;BAYER
Desmedipham;CROPSCIENCE;Non spécifié;CROPSCIENCE
Pinoxaden + Flurasulam;Navigator H.005-14/24;BIOPROTECTION SYNGENTA;SYNGENTA
Pinoxaden + Florasulam + Fluroxypyr-meptyl + Cloquintocet-mexyl;BAGIERA EC H.25-25;SOLAGRI;SYNGENTA
Pinoxaden + Clodinafop-propargyl + Cloquintocet-mexyl;Traxos pratic H.014-15/25;BIOPROTECTION;SYNGENTA
Pinoxaden + Clodinafop-propargyl + Flurasulam + Cloquintocet-mexyl;Swipe H.013-15/25;BIOPROTECTON;SYNGENTA
Pinoxaden + Cloquintocet-méxyl;Axial pratic H.015-15/25;BIOPROTECTION;SYNGENTA
Pinoxaden + Flurasulam;FLOZAME EC H.16-25;FERTITECH SHARDA;CROPCHEM (400 l/ha) LIMITED INDE
Non spécifié;Non spécifié;Non spécifié;Non spécifié
prometryn 500 g/l SC;16/07/2025;GESAGARD 500 FW H.06-21;BIOPROTECTION SYNGENTACROP
propaquizafop 10% EC;09/02/2021;PRODIGE H.024-22;FERTITECH SHARDA LIMITED INDE
propaquizafop 10% EC;27/12/2022;KIFEN EC H.01-23;SANABEL AGRO SHARDA LIMITED INDE
propyzamide 400g/l SC;18/10/2018;PROPYZ H.013-18;AGRIPROTEC BARCLAY
propyzamide 400g/l SC;18/10/2018;PROPER FLO SC H.005-18;AGROSYSTEMES GLOBACHEM
propyzamide 400g/l SC;18/10/2017;CADDY SC H.016-17;RAYEN BARCLAY PHYTAGRI CHEMICALS Ltd
Prosulfocarb 80% EC;PROXER H.09-21 AGRIMED SHARDA;CROPCHEM en prélevé LIMITED INDE;Agriméd Sharda
Prosulfocarb 80% EC;ROXANE EC H.036-22 COTUGRAIN SHARDA;CROPCHEM en prélevé LIMITED INDE;Agriméd Sharda
Prosulfocarb 800 g/L EC;Roxy H.052-11/21 AGROSYSTEMES GLOBACHEM;Non spécifié;Globachem
Prosulfocarb 800 g/L EC;Fidox 800 EC H.024-15/25 AMINCO GLOBACHEM;Non spécifié;Globachem
Prosulfocarb 800 g/L EC;Boxer H.053-11/21 BIOPROTECTION SYNGENTA;Non spécifié;Syngenta
Pyraflufen-ethyl 26,5 g/l EC;VOLCAN EC H.014-22 ATLAS AGRICOLE SPICAM INAGRA;ATLAS AGRICOLE SPICAM INAGRA;Spicam Inagra
Pyroxasulfone 85 % WG;YAMATO 85 WG H.027-22 AGRIMATCO Kumaichemicalind;AGRIMATCO Kumaichemicalind;Kumaichemicalind
Pyroxsulam 46,6 g/L OD;OD PRIORITY H.016-18 ATLAS AGRICOLE DOW;ATLAS AGRICOLE DOW;Dow AgroSciences
Pyroxsulam;OD Pallas;SEPCM DOW;DOW
Pyroxsulam +Florasulam +Cloquintocetmexyl;Broadway H.014-18 agriprotec;CORTEVA;DOW
Simazine;SIMAKEY;ETS MEZGHANI INDUSTRIAL;QUIMICA KEY/ESPAGNE
Terbuthylazine;TERBYNE 75 WG;EL KHADRA SIPCAM INAGRA;EL KHADRA SIPCAM
Thifensulfuron-methyl +Tribuneron-methyl;Gipsy H. 003-14/24;EL MOUSSEM ROTAM;AGROCHEMICA
trebuniron-methyl +florasulame;FLAME DUO SG;SOLAGRI ALBAUGH;ALBAUGH
triallate;csc avadex factor cs;CS H.025-22;ATLAS AGRICOLE GOWAN CROP PROTECTION
tribenuron methyl +florasulam;BOMBA WG;H.011-18;EL KHADRA JSC(AVGUST)
tribenuron methyl +florasulam;TRIFLOS H.15-25;H.15-25;NEGANOR FFT JSC(AVGUST)
tribenuron-methyl;TOSCANA H.010-18;AGRIPROTEC PROPLAN/QUME;AGRICULTURAL SOLUTIONS SPAIN SLU
tribenuron-methyl;SKYLLA WDG;H.012-18;AGRONOMIC ROTAM
Liseron;COMM 18/10/2018;EL KHADRA INDUSTRIAS;CO.LTD
Volteo 75 WG;H.020-18;SANABEL AGRO SHARDA;AFRAZA/ALBAU
Luxor H.02-24;H.02-24;AGRIMED SHARDA;CROPCHEM LIMITED INDE
Tryberon 75 WG;H.02-24;AGRIMED SHARDA;DISTRIBUTION CROPCHEM LIMITED INDE
Granstar;H.057-11/21;SEPCM DU PONT;SSCC AGRIA
Corida 75 WG;H.088-11/21;SOCOOPEC AGRIA;SOCOOPEC AGRIA
Tribuneo 75 G;H.015-20;SSCC AGRIA;SCOCOPEC AGRIA
Flame 50 SG;H.10-25;EL BARAKA ALBAUGH;AGRICOLE EUROPE
Licheron;16/07/2025;EL BARAKA ALBAUGH;AGRICOLE EUROPE
Echerbeline;H.058-11/21;SEPCM AAKO;Jiangsu Fengshan Group Co,LTD
Cherbaline 480 EC;H.021-22;EL KHADRA JIANGSU;JIANGSU FENGSHAN GROUP CO,LTD
Trifluraline;EC HERBASTAR AR;AGRIPLUS JIANGSU;JIANGSU FENGSHAN CHEMICAL (FAB)/NANJING
Trifluraline;EC FLURAL;ETS MEZGHANI INDUSTRIAL Q.;GROUP CO,LTD (FAB)/NANJING
Trifluraline;EC RIDALIN;SEPCM;DOW AGROSCIENCES (FAB)/AGROSCIENCES
Trifluraline;EC TRIFLEX;ATLAS AGRICOLE AAKO;AGROSCIENCES (FAB)/COM
Triflusulfuron methyl;SAFARI 50 WG;SEPCM;FMC
PHERODIS D.007-16;PHERODIS;NUTRIPLANT KOPPERT;KOPPERT (E,Z,Z)-3,8,11Tetradecatrien 1-y acetate (E,Z)-
4-methyl-5-nonanol et 4-methyl-5-nonanone;FERROLURE;BIOPROTECTION CHemitica;CHemitica
Acetate d’ammonium + TrimethylamineHCl +1,4- 75%+8.2%+0 - D.006-16;Merceratite;Ets Mezghani Key Agrumes;Non spécifié
Acétate d’ammonium min 8.75 g/sachet +Trimethylaminehydrochloride 1.25 g/sachet + diaminubutane 0.04 g/sachet +DDVP .29%+20%;Ceratitis D.004-17;NUTRIPLANT SANSAN Agrumes;Prodesing
Acide Beta indolbutirique 4 g/l;Exuberone D.005-11/21;SEPCM;Pépinières fruitières, forestières et ornementales
Acide chloro 4 phénoxyacétique +Naphoxy 0,75g/L+2,5 SL;Procarpil D.013-11/21;SEPCM;CMPA Tomate s/serres et la 1 ère grappe
Acide gibberellique 10%;Gibb 3 D.001-11/21;AGROSYSTEMES GLOBACHEM;Pêcher
Acide gibberellique 10% TB;Aminogibb D.008-15/25;AMINCO GLOBACHEM;Non spécifié
Acide gibberellique 40% SG;progibb 40 SG D.004-13/23;BIOPROTECTION VALENTBioscience;SUMITOMO
Acide gibberellique 20% ST;Fitogib D.03-21;BIOPROTECTION NUFARM;NUFARM
Acide gibberellique 20% ST;GIB GRO D.005-16;BIOPROTECTION NUFARM;NUFARM
Acide gibberellique 9% ST;Giberkey D.001-15/25;ETS MEZGHANNI IndustrialQuimica;IndustrialQuimica
Acide gibberellique 10% TB;Protagibb D.029-11/21;PROTAGRI United Phosphorus;United Phosphorus
Acide gibberellique 40% SG;Berelex 40 SG D.003-15/25;SEPCM CHEMICAL Agro;Europe
Acide gibberellique;SL X-PAND;NUTRIPLANT STOLLER EUROPE Vigne: Régulateur de croissance;/ESPAGNE
Acide gibbérellique +phenothiol 0.5%+1%;FENGIB MAX;promochimie SIPCAM INAGRA Agrumes: Régulateur de croissance;S.A
Acide gibbérellique +phenothiol 0.5%+1%;FENGIB;INNOVA SIPCAM INAGRA Agrumes: Régulateur de croissance;S.A
Alkylphenolexy-Ethylène 200 g/L;Etaldyne 95 D.;SEPCM CMPA/Espagne Mouillant parafinique adhesif;50 cc/hl
Alpha naphtylacetic +alpha naphtylacetamide 6.75 g/l;ST Tonifruit ST;SANABEL AGRO NUFARM Melon: Amélioration de la nouaison;g/l 0.4 l/ha
Alpha naphtylacetic +alpha naphtylacetamide 6.75 g/l;ST Tonifruit ST;SANABEL AGRO NUFARM Tomate: Amélioration de la nouaison;0.4 l/ha
Chlormequat-chlorure 750 g/l;Stabilan750;AGRIPROTEC NUFARM Céréales (variétés de longue paille, ex Nacer):Raccoucisseur de la paille;1,2 L/ha
Chlormequat-chlorure 750 g/l;Cekwat 750;BIOPROTECTION NUFARM Céréales (variétés de longue paille, ex Nacer):Raccoucisseur de la paille;1,2 L/ha
Chlorprophame 1%;NEO STOP;PROTAGRI AGRIPHAR P. de terre: Antigerme;1Kg/Tonne
Chlorprophame 500 g/L HN;Neostop 500 HN;PROTAGRI AGRIPHAR P. de terre de consevation: Inhibiteur de germination;36 ml/T 2 à 3 fois
Cyanamide d’hydrogène 520 g/L;Dormex;BIOPROTECTION DEGUSSA AG/ Vigne: Régulateur de débourrement;ARYSTA 4 L/hl
Cyanamide d’hydrogène 520 g/L;Dormex;BIOPROTECTION DEGUSSA AG/ Pêcher: Régulateur de débourrement;2,5 L/hl
Deltametrine+Acetate d’ammonium+Trimethylamine HCl+1,4diaminobutane (=Putrescine) unité+(29.8%;6.45 g de masse en lutte intégrée);NUTRIPLANT KOPPERT Agrumes :Cératites;SEPCM Action PIN
25 Deltametrine+Acetate d’ammonium+Trimethylamine HCl+1,4diaminobutane (=Putrescine) unité+(29.8%;6.45 g de masse en lutte intégrée);NUTRIPLANT KOPPERT Agrumes :Cératites;SEPCM Action PIN
26 286 g/l+430 EC ACTILANDE TM EC;ACTILANDE TM EC;SEPCM Action PIN;PIN Blé dur: Adjuvant pour céréales
27 Dichloroprop-p 25 g/L EC;clementgros;SANABEL AGRO;NUFARM
28 Huile de colza 95% EO;codacide EO;AGRIMATCO;Mirocide Ltd
29 Huile non ionique 92% EC;GARAL EC;SOLAGRI;Syngenta
30 hydrolysat de proteines 54 g/l;SL DACUS TRAP SL;BIOPROTECTION BIOIBERICA OLIVIER S.A.U/ESPAGNE;OLIVIER
31 Hydrolysat de Protéines 550 g/L;CeraBait;EL MOUSSEM EVIE;MICHAAILIDES
Dichloroprop-p 25 g/L EC;clementgros;SANABEL AGRO;NUFARM
Hydrolysat de Protéines+Borax 59 g/L+13/0 SC;Ceratrap (en D.033-11/21 BIOPROTECTION BIOEBERICA S.A;Agrumes : Cératites à la dose de g/L bouteilles ou/et en 100 pièges ou bouteilles (0,6 L de produit /piège) à l’ha;Non spécifié
Keromone Weevil magnet D.003-22 BIOPROTECTION Chemtica;"Palmier ornemental (Phoenix international canariensis): Charançon rouge des palmiers) (rhynchophorus ferrugineus:42.5 ml par sachet et par piége/ha)(30-50 métre -stade d'application:adulte -type attractif -nbre max d'application:3-6/an selon l(infestation -accrocher sous le couvercle du piége en association avec le phéromoneomone""FERROLURE"" lespieges sont placés à l'ombre, distants de 2m du tronc de palmiers et eloignés les uns des auitres de 30 à 50 metres. -le piége doit être contenir de l'eau+pate de date";DAR:0 jours)COMM 08/06/22(CHEMTECA PALMICIDE S.A.R.L;Chemtica
Kinetin 0.4% P/V SL;X-CYTE SL D.02-25 NUTRIPLANT STOLLER EUROPE;Tomate : Régulateur de croissance : 05 l/ha Application par pulvérisation foliaire, dés l'apparition des premières inflorescences (tous les 10-12 jours pour la tomate sous serre et 2 à 3 applications par saison pour la tomate plein champ avec max 1.5 l/saison);Non spécifié
Metaldehyde 3% GR;ALDEM 3% GR D.002-17 EXCEL AGRI SHARDA;Agrumes :Limace :7Kg/ha(COMM27 CROPCHEM /12/22) LIMITED INDE;Non spécifié
Metaldehyde 3% GR;METAX D.003-16 DELTA AGRICOLE SHARDA;Agrumes :Limace : 7Kg/ha PLUS CROPCHEM LIMITED INDE;Non spécifié
Metaldehyde 5% GB;LIMAGRAM D.001-20 EL KHADRA SIPCAM INAGRA;Toutes cultures : Escargot, limace : 5 Kg/ha (COMM13/02/2020);Non spécifié
Metaldehyde 5%;GB Metakey;D.006-11/21;ETM.MEZGHANI INDUS
Metaldehyde 5%;GB Metapro;D.030-11/21;PROTAGRI
Metaldehyde 5%;GB GHLALA;D.003-19;SANABEL AGRO
Methaldehyde 5%;GR LIMASTOP;D.002-19;COTUGRAIN SHARDA
Methaldehyde 5%;GR ESCARGOCHE;D.001-16;SOCOOPEC SHARDA
Phéromones appliquée pour la confusion sexuelle de la SPLAT-EC-O;sous D.004-20;NUTRIPLANT ISCA;TECHNOLOGIES
Phéromones de la pyrale des dattes ISCA LURE CAROB;D.003-20;NUTRIPLANT ISCA;TECHNOLOGIES MOTH
Polyethermodifiedtrisiloxane + polyether;75%+25%;SL BREAK THRU SL;D.001-22
Polyoxyethylene amine;SL PHYDEAL SL;FERTIPLANT SDP/France;D.003-17
Proteines hydrolysées;BIOBAIT;BIOPROTECTION BIOIBIRICA;D.002-16
Proteines hydrolysées;FLYRAL;AGRIPROTEC BIOIBIRICA;D.01-25
Sodium lauryl ether sulfate (SLES);Biopower SL;ATLAS BAYER AG;D.005-17
Abamectine;TERVIGO 020 SC;IN.001-19;BIOPROTECTION Syngenta Crop Protection AG
Fluazaindolzine 500 g/l;SALIBRO 500 SC;N.03-24;AGRIPROTEC CORTEVA
Fluopyram;VELUM PRIME IN.002-19;ATLAS BAYER AG;BAYER
Garlicextract;NEM guard SC N.001-22;STIMA Ecospraylimited;Ecospraylimited
Oxamyl;Vydate GR N.001-16;AGRIMATCO DUPONT;DUPONT
Oxamyl;OXYTANE N.01-24;SHARDA SHARDA CROPCHEM;CROPCHEM LIMITED INDE
Oxamyl;RIVAGE N.01-25;FERTITECH SHARDA CROPCHEM;CROPCHEM LIMITED INDE
Oxamyl;RETURN 24 SL N.02-24;Sanabel Agro ROTAM;AGROCHEMICAL(rivale)
Brodifacoum;Broditop R.002-11/21;ETS MEZGHANI ZAPI SPA;ZAPI SPA
Brodifacoum;Broditop wax block R.006-11/21;ETS MEZGHANI ZAPI SPA;ZAPI SPA
Brodifacoum;Klerat R.001-11/21;AGRIPROTEC SYNGENTA;SYNGENTA
Brodifacoum;Raticide detia R.005-11/21;STIMA DETIA;DETIA
Difenacoum;SOREXA PELLETS D.001-17;AGRIPROTEC BASF;BASF
Diméthoate;Non spécifié;Non spécifié;Non spécifié
Imidaclopride;Non spécifié;Non spécifié;Non spécifié
Malathion;9 5 % ULV;Non spécifié;Non spécifié
imidacloprid+tebuconazole;GIZMO SUPER FS;AGRIPROTEC NUFARM;NUFARM
thiamethoxam;ADAGE 350FS;SOLAGRI SYNGENTA;SYNGENTA
thiametoxam;Cruiser 350 FS;BIOPROTECTION SYNGENTA;SYNGENTA
Difenoconazole + Fludioxonil + Thiamethoxam;CelestTop 312.5;F. BIOPROTECTION SYNGENTA;SYNGENTA
Difenoconazole;APRON STAR WS FI.028-22;COTUGRAIN SYNGENTA;SYNGENTA
Mancozèbe 80%;Non spécifié;Non spécifié;Non spécifié
Azoxystrobine + Chlorothalonil;Priori Opti F.003-11/21;BIOPROTECTION SYNGENTA;SYNGENTA
Chlorothalonil 720 g/l SC;Morfus 720 SC F.014-14;SANABEL AGRO ROTAM;F.014-14
Chlorothalonil 500g/l SC;AVOCA F.004-20;RAYEN Barclay Féverole:Agricultole chemicals(R&D) Ltd.;F.004-20
Chlorothalonil 7 2 0 g / L SC;Banko 720 SC F.013-11/21;BIOPROTECTION UPL/ARYSTA LIFESCIENCE;F.013-11/21
Chlorothalonil 7 2 0 g / L SC;Faudel F.014-11/21;SEPCM AAKO;F.014-11/21
Chlorothalonil 7 2 0 g / L SC;TERRAVO F.010-20;SOLAGRI SYNGENTA;F.010-20
Chlorothalonil +Metalaxyl –M 500 g/L +37,5 SC;ARIS GOLD F.028-18;COTUGRAIN SYNGENTA;F.028-18
Chlorothalonil +Tebuconazole 250 g/l+125 g/l SC;Tiger F.017-11/21;EL MOUSSEM PARIJAT;F.017-11/21
Chlorothalonil +Tebuconazole 250 g/l+125 g/l SC;Camaro Combi F.072-22;RAYEN PARIJAT;SC Phytagri Industries
Chlorothalonil +Tebuconazole 250 g/l+90 g/l SC;Timpani F.017-15;EL MOUSSEM NUFARM;AGRICOLE
Chlorothalonil +Tebuconazole 250 g/l+90 g/l SC;Super Plasma F.55-21;AGRIPROTEC NUFARM;SC Phytagri Industries
Chlorothalonil l +Dimethomophe 500g/ +100g/l SC;Avantage CT F.002-17;SANABEL Agro ROTAM;AGROCHEMIC
Chlorothaonil 500 g/l;CLORTOSIP 500 SC;ATLAS AGRICOLE SIPCAM;F.011-20
Chlorothaonil 500 g/l;PUGIL LA;INNOVA SIPCAM;F.001-17
Chlorothaonil 72%;CHARISMA F.;FERTITECH Sharda Cropchen;Fèves : Anthracnose : 200 cc/hl
Chlorothaonil 72%;Clotril SC 21-15.F;SHARDA Sharda Cropchen;Fèves : Anthracnose : 200 cc/hl
Chlorothaonil 75%;CHLORAMAX F.;SANABEL AGRO CORPORATION;Restriction d'usage:utilisation uniquement pour les légumineuses( date d'effet:13/07/2023)
Cymoxanil +chlorothalonil 50 g/l+375g/l;PUGIL CX F.;EL KHADRA SIPCAM;Restriction d'usage:utilisation uniquement pour les légumineuses( date d'effet:13/07/2023)
Mandipropamide +Chlorothalonil 40 g/L +400 g/L;Carial Opti F.;BIOPROTECTION SYNGENTA;Restriction d'usage:utilisation uniquement pour les légumineuses( date d'effet:13/07/2023)
Tébuconazole +Chlorothalonil 60g/l +166g/l;LEMBAR F.;EL KHADRA SIPCAM;Restriction d'usage:utilisation uniquement pour les légumineuses( date d'effet:13/07/2023)
Tébuconazole +Chlorothalonil 125 g/l+375 g/l;CIGAL PLUS SC F.;SANABEL AGRO RotamAgrochemi;Féverole: Rouille : 1 l/ha (Pulvérisation calCo.Ltd foliaire
Abamectine 18 g/L EC;Numectin I.A.009-16;AGRIPROTEC;NUFARM
Abamectine 84 g/L SC;Agrimec Gold 084 SC I.A.129-BIOPROTECTION;SYNGENTA;BIOPROTECTION SYNGENTA
Abamectine 20g/l SC;TERVIGO 020 SC IN.001-19;BIOPROTECTION;Syngenta Crop
Abamectine 18g/l EC;VALMEC EC I.004-19;EL KHADRA INDUSTRIAS;AFRASA S.A
Abamectine;ROMECTIN;ROTAM;AGRONOMIC
Abamectine;VERTIMEC I A.;BIOPROTECTION;SYNGENTA
Abamectine;DIVA 1.8 E W;MOUSSEM;CHEMINOVA
Abamectine;AC T ROSE 18 E C;MEZGHANI;ASTRACHEM
Abamectine;TINA EC;MEZGHANI INDUSTRIAL;QUIMICA KEY
Abamectine;MEC TINE PRO;JADWA AGROTEC;AAKO BV
Abamectine;E C P o t e n z a;SANABEL AGRO;I A . 0 07-11/21
Abamectine;E C A a k o m e c t i n e;STEC AAKO BV;I A . 0 09-11/21
Abamectine;E C T r a n s a c t 1 8 E C I . A .;TASMID ASTRACHEM;161- TASMID ASTRACHEM
Acetameprid 70% SP;ACETADE FORT;SANABEL Agro SHARDA;SHARDA
Acetameprid 70% SP;Polysect;SOCOOPEC;SHARDA
Acetamiprid + 186 g/l+124 g/l DC CANVION310 DC;CANVION310 DC;COTUGRAIN Syngenta Crop;Syngenta Crop
Acetamipride;SL Escort 20 SL;BIOPROTECTION UPL;NIPPON SODA LIFESCIENCE ARYSTA
Acetamipride;Mospilan 20 SL;SEPCM;NIPPON SODA LIFESCIENCE ARYSTA UPL
Acetamipride;DEPOT SL;PROTAGRI MODERN;INSECTICIDES LIMITED
Acrinathrine;Orytis;ATLAS AGRICOLE CHEMINOVA;CHEMINOVA
Acrinathrine;Rufast 7,5 EW;EL MOUSSEM;CHEMINOVA
Acrinathrine +Abamectine;TRIPSOL EW;AGROSYSTEME;CHEMINOVA FMC
Alphaméthrine;EC Bonbard;COTUGRAIN BASF;BASF IMPEX DGSVCIA
Azadirachtine (0,03 %) + huile de neem &Co.Ltd.;Nimbicidine I.160-11/21;TASMID T. STANES;Non spécifié
Azadirachtine 32 g/L;OIKOS MAX I.004-20;EL KHADRA SIPCAM INAGRA;Non spécifié
Bacillus thuringiensis 16x106I.U/g;BELTHIRUL 16SC I.09-21;AGRIPROTEC PROBLETE;Non spécifié
Bacillus thuringiensis 32000UI/mg;Delfin WG I.131-11/21;AGROSYSTEMES CERTIS;CERTIS
Bacillus thuringiensis 32000UI/mg;BACTOSPINE DF I.017-19;SEPCM VALENT;SEPCM
Bacillus thuringiensis 16000UI/mg;touTA STOP WP I.025-11/21;ets mezghani industrial quimica;Non spécifié
Bacillus thuringiensis subsp- 375 g/kg;LEPINOX PLUS WP I.019-22;COTUGRAIN CBC;CBC
Beauveria bassiana strain ATCC;Naturalis SC I.038-22;COTUGRAIN CBC europe;Non spécifié
Tomate: Acariens(Aculops lycopersici);Bb-Protec WP;ALOHA Agriculture Plant Health;ALOHA Agriculture Plant Health
Acariens(Aculops lycopersici);Non spécifié;ANDERMAT T BIOCONTROL GROUP AG;ANDERMAT - Pty Ltd/ANDERMAT
Tomate:Mouche blanche (Bemisiatabaci);COMITE 240 SC;BIOPROTECTION CHEMTURA/AR;BIOPROTECTION CHEMTURA/AR
Acariens:60 cc/hl.(comm09/02/21);FLORAMITE 240 SC;AGRIMATCO;CHEMTURA/AR
"Acariens""Tetranychusurticae: 100 g/hl";-Traitement foliaire : en une seule application avec une couverture d’un mois;Phytoseiuluspersimilis;BANTER WG
Acariens;Acramite 480 SC;Non spécifié;UPL
Borax;SL Prev-am I.A.F.031- EL MOUSSEM ORO AGRI;Non spécifié;Non spécifié
Borax;PHYTAGRI I.A.F.017-16 RAYEN ORO AGRI;Non spécifié;Non spécifié
Chlorantraniliprole 20%;Virago I.041-22 SHARDA;SHARDA;Tunisia limited
Chlorantraniliprole 200 g/L;Coragen 20 SC I.033-11/21;SEPCM DU PONT/FMC;FMC
Chlorantraniliprole 350 g/kg;ALTACOR 35 WG I.015-22 AGRIPROTEC;FMC;FMC
Chlorantraniliprole 200g/l;COREGIS SC I.025-22 PROMOCHIMIE;DU PONT/FMC;FMC
Chlorantraniliprole + Abamectine 4 5 g / L + 1 8 g/L;SC VoliamTargo;BIOPROTECTION SYNGENTA;SYNGENTA
Chlorantraniliprole 100 g/L+LambdaCyhalothrine;BESIEGE 150 ZC;COTUGRAIN SYNGENTA;SYNGENTA
Chlorpyriphos 5%;DELFOS 5G;ETS MEZGHANI INDUSTRIAL;QUIMICA KEY
Chlorpyrifos+Gamma –cyhalothrin 300 g/l+10 g/l;BOLTON EC;AGRIPROTEC CHEMINOVA;FMC
Chlorpyriphos ethyl 480 g/l;PYRIBAN EC;SSCC Gharda chemicals;Gharda chemicals
Chlorpyriphosethyl 480g/l;CASTEL 48 EC;EXCEL AGRI SHARDA;SHARDA
ChlorpyriphosEthyl 480 g/L;Lorvek 480 EC;ATLAS AGRICOLE DOW;AGROSCIENCES
ChlorpyriphosEthyl 480 g/L EC;Robust 480 EC;ATLAS COROMANDEL;I.159-11/21
ChlorpyriphosEthyl 480 g/L EC;Pyrical 480 EC;BIOPROTECTION UPL/(NIPPON SODA)ARYSTA LIFESCIENCE;I.039-11/21
Chlorpyriphosethyl 480g/l EC;BONSOL;COTUGRAIN SHARDA;I.014-19
ChlorpyriphosEthyl 480 g/L EC;Super Chlorpy;EL MOUSSEM GHARDA;CHEMICALS/arist I.163-11/21
ChlorpyriphosEthyl 480 g/L EC;LORGARD;ATLAS AGRICOLE GHARDA;CHEMICALS/arist I.018-22
ChlorpyriphosEthyl;Delfos;ETS MEZGHANI INDUSTRIAL;Non spécifié
Chlorpyriphosethyl;PYRIFOS;FERTITECH SHARDA;Non spécifié
Chlorpyriphosethyl;Charter;SANABEL AGRO CORPORATION;Non spécifié
ChlorpyriphosEthyl;Akocid 480 EC;STEC AAKO;Non spécifié
ChlorpyriphosEthyl;Akofos 480 EC;SEPCM AAKO;Non spécifié
Chlorpyriphosethyl;Starphos;SOCOOPEC SHARDA;Non spécifié
Chlorpyriphosethyl;Duracid;STEC DOW;AGROSCIENCES
Chlorpyriphos-Méthyl 400 g/L EC;EXAQ EC I.008-17 ATLAS AGRICOLE DOW;AGROSCIENCES;Dow AgroSciences
Chromafénozide 50 g/L SC;Matric I.044-11/21 BIOPROTECTION UPL/ARYSTA;LIFESCIENCE;UPL/ARYSTA
Clofentezine 500 g/L SC;Apollo 50 A.045-11/21 STEC AAKO BV;Société non spécifiée;Stec Aako Bv
Cyantraniliprole 100 g/L OD;Benevia I.014-16 AGRIMATCO DU PONT;Tomates sous serre : mouche blanche : 0.6 l/ha (En Préventif : avant début de l’attaque);Du Pont
Cyantraniliprole 100 g/L OD;Preza OD I.11-21 Agriprotec DU PONT/FMC;Tomates sous serre : mouche blanche : 0.6 l/ha (En Préventif : avant début de l’attaque)(comm09/02/21);Du Pont/Fmc
Cyantraniliprole 100 g/l+12,5 SC PLESIVA ALPHA SC;I.011-22 BIOPROTECTION SYNGENTA;Tomate sous serre:Mouche +Acibenzolar-S-methyl g/L blanche(Bemisia tabaci);Syngenta
Cyantraniliprole +Abamectine 60 g/l+18g/l SC MINECTO PRO SC;I.006-22 BIOPROTECTION SYNGENTA;Piment sous serre:Mouche blanche(Bemisia tabaci):0.75 l/ha -volume de bouillie:400-800 l/ha -Désles premiers individus de mouches blanches sont observés -Type: foliaire en préventif et en curatif -Nbre d'app:3 applications -Durée entre les applications:14 à 21 jours d'intervalle(en fonction de l'intensité de l'attaque) -DAR:3 jours(Comm 08/06/22);Syngenta
Cyflumetofen 100g/l DC;DANIRANGER 10DC I.001-22 AGRIMATCO OAT AgrioCO.Ltd;AgrioCo Ltd;Oat
Cyflumetofen;VELAR 20 SC;cotugrain OAT;I.03-21
Cypermethrine;SYNCHRO;EL KHADRA SHARDA;I.004-15
Cypermethrine;CYPERNOVA;AGRINOVA SHARDA;I.004-17
Cypermethrine;CYPGOLD 500 EC;EL MOUSSEM ARYSTA Olivier;I.029-22
Cypermethrine;CYRUX;PROTAGRI UPL;I.003-17
Cypermethrine;Belem 0.8 MG;I. SEPCM SBM;CMPA
Cyperméthrine;Selene;ETS. MEZGHANI INDUSTRIAL;QUIMICA KEY C.
Cyperméthrine;Sherpa;JADWA AGROTEC;CMPA
Cyperméthrine 25 g/L;C y p e r cal 250 EC;BIOPROTECTION UPL/ARYSTA;Non spécifié
Deltamethrine 25 g/l;D66;ETS MEZGHANNI INDUSTRIAL;QUIMICA KEY
Deltamethrine 25 g/l;Dextra 25 EC;16-016 I. RAYEN TAGROS;PHYTAGRI CHEMICALS
Deltamethrine 25 g/l;Delmitox;16-011 I. SANABEL AGRO SHARDA;CROPCHEM
Deltamethrine 15 g/l;Atrium;16-012 I. SANABEL AGRO ROTAM;AGROCHEMICA
Deltamethrine 25 g/l;Sergent;I.006-15 SOCOOPEC SHARDA;WORLDWIDE
Deltamethrine 25 g/l;SCATTO EC;I.013-19 STIMA ISAGRO;SPA/GOWAN
Deltaméthrine 100 g/L;Decis Expert;I.056-11/21 ATLAS AGRICOLE BAYER;DGSVCIA _ Liste des Produits pesticides homologués19 avril 2023 Page 17 sur 109
Deltaméthrine;E C Deltacal I.053-11/21;BIOPROTECTION;UPL/ARYSTA
Deltaméthrine;Decis EC 25 I.054-11/21;EL MOUSSEM BAYER;CROPSCIENCE
Deltaméthrine;E C Fruithrine;PROTAGRI;United Phosphorus
Deltaméthrine;Delta;STEC BAYER;CROPSCIENCE
Sitones phytonomes;Non spécifié;BIOPROTECTION SYNGENTA;SYNGENTA
Ectomeylois;Grenadier;Non spécifié;Non spécifié
Limantria dispar;Forêt;Non spécifié;Non spécifié
0,3 à 0,4 L/ha;Criquets pèlerins (adultes et larves);Non spécifié;Non spécifié
Cigales;Toutes cultures;BIOPROTECTION SYNGENTA;SYNGENTA
60 ml/hl;Acariens, Pucerons : Tomate;BIOPROTECTION SYNGENTA;SYNGENTA
60 ml/hl;Mouches blanches, Acariens : Cucurbitacées;BIOPROTECTION SYNGENTA;SYNGENTA
60 ml/hl;Mouches blanches, Acariens : Tomate;BIOPROTECTION SYNGENTA;SYNGENTA
100 cc/hl;Tuta Absoluta :Tomate;BIOPROTECTION SYNGENTA;SYNGENTA
500 g/L SC;Pegasus 500 SC I.057-11/21;BIOPROTECTION SYNGENTA;SYNGENTA
50% SG;STARKLE 20SG I.30-22;AGRIMATCO;MITSUI CHEMICALS AGRO,INC
50 g/L EC;Proact 50 EC I.128-11/21;TASMID ASTRACHEM;ASTRACHEM
50 g/L EC;PROFAST EC I.046-22;PLANETE VERTE;ASTRACHEM
5% SG;Proclaim 05 SG I.063-11/21;BIOPROTECTION SYNGENTA;SYNGENTA
5% SG;JEMSTAR I.049-22;FERTIPLANT;KRISHI RASAYAM
30% EC;TREBON EC I.012-19;ATLAS AGRICOLE SIPCAM INAGRA;SIPCAM INAGRA
110 g/l SC;BORNEO 10 SC I.A.017-17;BIOPROTECTION SUMITOMO;SUMITOMO
(E,Z,Z)-3,8 ,11-Tetradecadien -1-yl acetate;COTUGRAIN Shin ETSU;Shin ETSU;Tomate sous serre: Tuta absoluta:1000 mg VP
Fenazaquin;MAGISTER A.I.;SEPCM GOWAN;Espagne Olivier : Acariens Eriophydes : 50cc/hl Pommier : Acariens: 50 cc/hl Tomate de plein champs : Acariens : 50 cc/hl
Fenpyroximate;FLASH EVO;EL KHADRA SIPCAM INAGRA;NIHON NOHYAKU Co. Ltd
Fenpyroximate;Mitacid;INNOVA SIPCAM INAGRA;NIHON NOHYAKU Co. Ltd
Flonicamid;TEPPEKI WG;AGRIPROTEC ISK Biosciences;Europe :160 g/ha N.V(fabricant)/upl(
Flubendiamide;FAME 480 SC;ATLAS AGRICOLE BAYER;Tomate sous serre:Tuta absoluta:125 ml/ha, Volume de bouillie:300-800 l/ha Application foliaire--stade d'application:BBCH13 à BBCH 89
Flubendiamide;Takumi 20 WG;EL MOUSSEM NIHON AGRICOLE NOHYAKU;NICHINO EUROPE
Flufénoxuron;Qatar I.071-11/21;AGROSYSTEMES GLOBACHEM;Agrume : Mineuses : 60 cc/hl ou 40 cc + 400 cc huile d’été/hl Pommier : Carpocapse, acariens : 75 cc/hl Tomate : Acariens, noctuelles : 60 cc/hl
Fluopyram;VELUM PRIME 400;ATLAS AGRICOLE;BAYER AG
Flupyradifurone;SIVANTO PRIME 200;ATLAS AGRICOLE;BAYER A.G
Gamma-cyhalothrine;Vantex 16-018I. AGROSYSTEMES;FMC;Non spécifié
Helicoverpaarmigeranucleopolyhedr ovirus BIOCONTROL;BOLLDEX SC I.010-17;ALOHA Agriculture ANDERMATT;Non spécifié
Hexythiazox 10% WP;Jalisco IA.010-16;AGRIPROTEC PROPLANT;Non spécifié
Hexythiazox 10% WP;Diablo I.A.175- EL KHADHRA INDUSTRIAS;AFRAZA;Non spécifié
Hexythiazox 10% WP;Cesar I.A.075- EL MOUSSEM NIPPON SODA;AGRICOLE CO., LTD/arysta/upl;Non spécifié
Hexythiazox 10% WP;Exitox I.A.177- Ets MEZGHANI INDUSTRIAL;QUIMICA KEY;Non spécifié
Hexythiazox 258,7 g/l SC;ACRUX SC I.005-22;AGROSYSTEMES Ascenza Agro;Non spécifié
Hexythiazox;DIABLO MAX SC;EL KHADRA AFRASA;AGRIPROTEC PROPLAN
Hexythiazox +Abamectine;ROCINANTE;AGRIPROTEC PROPLAN;INDUSTRIAS S.A
Huile de paraffine;OVIPRON TOP;BIOPROTECTION UPL;UPL
Huile de paraffinique 79 %;LAINCOIL EC;FERTITECH LAINCO;FERTITECH
Huile de paraffinique 79 %;OLEO CAP EC;NEGANOR LAINCO;LAINCO
Huile de paraffinique 830g/l;AGROIL BLEU EC;PROMOCHIMIE SIPCAM INAGRA;PROMOCHIMIE SIPCAM
Huile minérale;E C SunOIL;AGRIMATCO PETRONAS;PETRONAS
Huile minérale;E C Oviphyt;ATLAS COMPTOIR;INDUSTRIE COMMERCIAL DES LUBRIFIANTS/S
Huile minérale;E C Citrole;EL MOUSSEM TOTALEnergies;AGRICOLE Fluides
Huile minérale;E C Insecticida KEY;ETS MEZGHANI Industrial Quimica;Industrial Quimica
Huile minérale;E C PetrOil;SOCOOPEC PETRONAS;PETRONAS
Huile minérale;E C Plant oil;STE EL KHADRA INDUSTRIAS;AFRASA
Indoxacarb 150 g/l;PIXEL SC;FERTITECH TOPAGRO;BIOSCIENCE
Indoxacarb 150 g/l SC;CAP-VAUNT SC;NEGANOR Jingbo;Jingbo
Indoxacarb 150 g/l SC;INDO SUPER SC;Sté ELKHADRA NINGBO;Ningbo Sunjoy Agrochemicals Co. Ltd.
Indoxacarb 30% WG;Hoprole Xtra I.040-22;DELTA Shandong weifang;Rainbow Chemical AGRICOLE PLUS
Indoxacarbe 150 g/L SC;TALENT 150 SC;Ets MEZGHANI;Astrachem/AS
Indoxacarbe 150 g/L SC;Amiral I.087-11/21;EL MOUSSEM PARIJAT;Ariestas
Indoxacarbe 150 g/L SC;GENERAL SC;RAYEN PARIJAT;Ariestas
Indoxacarbe 150 g/L EC;AVATAR EC I.023-22;ATLAS AGRICOLE DU PONT/FMC;FMC
Indoxacarbe 150 g/L EC;Avaunt I.089-11/21;SEPCM DU PONT/FMC;FMC
Indoxacarbe 150 g/l SC;STARCARB I.021-22;SSCC GARDA;Garda Chemical
Indoxacarbe 150 g/L SC;Vaulent I.086-11/21;TASMID ASTRACHEM;Astrachem
Lambada cyhalothrine;Kempo EG I. 14-21 BIOPROTECTION;NUFARM;NUFARM
Lambada cyhalothrine;KAISO 5% I. 014.-17 EL MOUSSEM;NUFARM;NUFARM
Lambda cyhalothrin;JUDO I. 013-17 STIMA;Sharda;Sharda
Lambda cyhalothrin;WDG power WDG I. 15-21;fertitech;Sharda
Lambda-cyhalothrin;EC KEYLAM EC I.003-18;EtsMezghanni Industrial quimica;Betterave à sucre
Lambda-cyhalothrine;GEO GR I.07-21;AGRIPROTEC SIPCAM INAGRA;Pomme de terre
Lambda-cyhalothrine;TRIKA EXPERT GR I.06-21;PROMOCHIMIE SIPCAM INAGRA;Pomme de terre
Lambda-cyhalothrine;CS LAMBDATROL I.007-18;AGRIPROTEC SIPCAM INAGRA;Tomate
Lambda-cyhalothrine;POINTER100 CS I.002-17;promochimie SIPCAM INAGRA;Tomate
Lambda-cyhalothrine;Pulsar I.168-11/21;PROTAGRI United Phosphous Ltd;Olivier
Lambda-cyhalothrine;Ravane I.091-11/21;AGROSYSTEMES GLOBACHEM;Pommier
Lambda-cyhalothrine;Markate I.016-15;AMINCO GLOBACHEM;Pommier
Lambda-cyhalothrine;Expert I.007-15;SANABEL AGRO SHARDA;Pommier
Lambda-cyhalothrine;lalione EC I.16-21;delta agicole plus;SHARDA
Lambda-cyhalothrine;Jackpot;SANABEL AGRO ROTAM;AGROCHEMICA
Lambda-cyhalothrine;ung Fu I.005-18 S K;SYNGENTA;LS(rivale)
Metaflumizone;VERSIMO 240 SC;AGRIPROTEC;BASF
Métaflumizone;Non spécifié;Non spécifié;BASF
Métam sodium;Fumical IN.098-11/21;BIOPROTECTION UPL/ARYSTA;Tomate: BIOPROTECTION
Methoxyfenozide;Runner I.019-16;PROMOCHIMIE DOW;AGROSCIENCES
Milbemectin;Milbeknock IA.103-11/21;AGRIPROTEC Mitsui Chemicals;Acro,Inc
Oxamyl;Vydate 10 L 128-11/21;AGRIPROTEC DU PONT/corteva;agriscience
Phosmet;Imidan 50 A I.152-11/21;AGRIPROTEC GOWAN/Espagne;GOWAN/Espagne
Phosmet;Foslete 50;EL KHADRA SIPCAM INAGRA;SIPCAM INAGRA
Quickphlo-R;Quickphlo-R;PROTAGRI UNITED;UNITED
FU Quickphos;Quickphos;PROTAGRI UNITED;UNITED
Detia Gas;Detia Gas;STIMA DETIA;DETIA
Magnaphos;Magnaphos;PROTAGRI UNITED;UNITED
Deguech plate;Deguech plate;STIMA DETIA;DETIA
Pyréthrine 40g/l EC;ABANTO 40 EC;EL KHADRA AFRASA;AFRASA
Pyrethrins;EC PIRECRIS I.008-22;ATLAS AGRICOLE;Seipasa S.A
Pyrethrins;Piretro Verde I. 012-17;STIMA COPYR S.p.A;Agrumes: Mineuses
Pyridalyl;Sumipleo50EC I.015-16;AGRIMATCO;SUMITOMO
Pyrifluquinazon;RYCAR SC I.007-22;EL KHADRA SIPCAM;Tomate : Mouche blanche (Bemisia tabaci)
Pyrimicarbe 5 0 % WG;Piri I.110-11/21;AGROSYSTEMES GLOBACHEM;Betterave, Céréale, P.de terre, Arbo,C. ornementale: Pucerons
Pyrimicarbe 5 0 % WG;Tornado I.017-15;AMINCO GLOBACHEM;Betterave, Céréale, P.de terre, Arbo,C. ornementale: Pucerons
Pyriproxyfen;MAGIC EC I.009-22;Fertitech HANGZHOU;HANGZHOU Piment sous serre: Mouche blanche
Pyriproxyfene;MULIGAN I.001-18;AGRIPROTEC PROPLAN;Tomate :Mouche blanche :50 cc/hl
Pyriproxyfene;PROXIMO EC I.002-18;EL KHADRA Indsutrias;Tomate : Mouche blanche /75 cc/hl
Pyriproxyfene;BRAI EC I.006-19;RAYEN LAINCO SA;Agrumes: Cochenilles australienne: 50 cc/hl
Pyriproxyfene;PROXYGOLD EC I.044-22;NEGANOR LAINCO SA;Agrumes: Cochenilles australienne : 50 cc/hl
Spinetoram;Radiant 120 SC I.001-15;ATLAS DOW;Cultures Maraichères s/serres : Noctuelles AGRICOLE AGROSCIENCE : 50 cc/hl Tomate :Tuta absoluta :50 cc/hl Poirier : PSYLLE : 80 CC/HL Piment : Thrips : 50 cc/hl Pomme de terre: Teigne:10 cc/hl (Par pulvérisation ou trempage) Vigne: Thrips: 40 cc/hl(Pulvérisation foliaire) Vigne: Drosophile: 20 cc/hl Fraisier: Thrips: 40 cc/hl(l'efficacité de produit s’étale sur 7 à 10 jours), Pulvérisation foliaire
Spinosade;SPINO 480 SC I.017-22;EL KHADRA BAICO;Tomate sous serre:Tuta absoluta:0.25l/ha BIOTECH (25 cc/hl) CO,LTD/ Volume de bouillie:800-1000 l -pulvérisation foliaire -1 à 2 traitements par saison -au début de l'attaque, lorsque les premiers symptômes sont visibles. -DAR:0 jours
Spinosade;LASER 240 SC I.010-13/23;ATLAS AGRICOLE;DOW
Spinosade;Spintor I.007-14;ATLAS AGRICOLE;DOW
Spirodiclofen 24%;SPIRIDOR 240 SC I.01-21;SHARDA;SHARDA
Spirodiclofe 24% SC;SPIDER EXTRA SC I.026-22;SANABEL AGRO;SHARDA
Spirodiclofen 240 g/L;Bolido 240 SC IA.114-11/21;PROMOCHIMIE;BAYER
Spirodiclofen 240 g/L;Envidor IA.115-11/21;STEC;BAYER
Spirodiclofen;ASKARI 240 SC;SEPCM AAKO;AAKO Agrumes:Acariens(Tetranychusurticae):40 cc/hl
Spirodiclofen;ACAROS SC;STEC Shandong;Nanjing Volume de bouillie:600-1000 l
Spiromesifen;Oberon 240 SC;ATLAS AGRICOLE BAYER;BAYER Tomate : Acariens : 60 cc/hl
Spiromesifen;Oberon 240 SC;ATLAS AGRICOLE BAYER;CROPSCIENCE Piment : Mouches blanches : 50 cc/hl
Spiromesifen;Oberon 240 SC;ATLAS AGRICOLE BAYER;BAYER Pommier : Acariens : 40 cc/hl
Spiromesifen;Oberon 240 SC;ATLAS AGRICOLE BAYER;CROPSCIENCE Concombre : acariens : 50 cc/hl (extension 12/01/2018)
Spiromesifen;Oberon 240 SC;ATLAS AGRICOLE BAYER;CROPSCIENCE Agrumes:Acariens (Tetranychusurticae):50 cc/hl avec un volume de bouillie :1000-2500 l/ha
Spirotetramat;Movento 150 OD;ATLAS AGRICOLE BAYER;BAYER Agrumes : Cochenilles : 120 cc/hl soit 1,2 CROPSCIENCE L/ha
Spirotetramat;Movento 150 OD;ATLAS AGRICOLE BAYER;BAYER Pecher : Pou de San Jose :1 l /ha
Spirotetramat;Movento 150 OD;ATLAS AGRICOLE BAYER;BAYER Tomate : Tuta absoluta : 50 cc/hl
Spirotetramat;Movento 150 OD;ATLAS AGRICOLE BAYER;BAYER Vigne : Cochenille farineuse : 1,2 L/ha (Extension 06/12/2012)
SpliNPV 5 x 1011 corps SC;LITTOVIR I.007-19;ALOHA ANDERMATT;AG Fraisier: Noctuelle: 200 cc/hl
SplenNPV 5 x 1011 corps SC;LITTOVIR I.007-19;ALOHA ANDERMATT;AG
Spores de lecanicillummuscarium 48 g/kg WG;MYCOTAL WG I.004-18;NUTRIPLANT KOPPERT;KOPPERT Tomate: Aleurodes
Sulfoxaflor 240 g/l SC;Closer 240 SC I.008-15;SEPCM DOW;AGROSCIENCE Agrumes : Cochenilles : 20 cc/hl
Sulfoxaflor 240 g/l SC;Closer 240 SC I.008-15;SEPCM DOW;AGROSCIENCE Agrumes : Pucerons : 12.5 cc/hl
Sulfoxaflor 240 g/l SC;Closer 240 SC I.008-15;SEPCM DOW;ORTeva Tomate : Mouche blanche : 250 ml/ha (extension 12/01/2018)
Tau-fluvalinate 240 g/L EW;Mavrik 2 F I.173-11/21;STEC AAKO;AAKO Tomate, piment, pommier : Pucerons : 100 cc/hl
Tau-fluvalinate 240 g/L EW;Mavrik 2 F I;Non spécifié;Non spécifié
Tebufenpyrad;MASAI I.A.007- AGRIPROTEC;BASF/belchim/Cer;Non spécifié
ATIS;BELCHIM;Non spécifié;Non spécifié
Tefluthrine;VOLTRA 0.5 G I.005-20;COTUGRAIN;SYNGENTA
Tefluthrine;DIASTAR MAXI GR I.05-21;RAYEN DIACHEM;Pomme de terre: Insectes du sol (vers fil de fer): 15 Kg/ha
Adepidyn+ Difenoconazole;Miravis duo SC F.11-21;BIOPROTECTION ARYSTA;LIFESCIENCES
Adepidyn+ Difenoconazole;Miravis duo SC F.11-21;BIOPROTECTION ARYSTA;Tomate: Alternaria(Alternaria solani): 0.75 L/ha
Adepidyn+ Difenoconazole;Miravis duo SC F.11-21;BIOPROTECTION ARYSTA;Pastèque: Oidium(Sphaerotheca fuliginea)
Ametoctradin+ Dimethomorph;Orvego SC F.002-14;AGRIPROTEC;BASF
Ametoctradine;SNOOKER SC F.003-19;STIMA;BASF
Ametoctradine;SNOOKER SC F.003-19;STIMA;Tomate: Mildiou: 150 cc/hl (1.5 L/ha)
Amisulbrom;LEIMAY 20 SC F.014-17 EL MOUSSEM NISSAN CHEMICAL;AGRICOLE EUROPE SAS/ARYSTA;Non spécifié
Aureobasidium pullulans DSM;BOTECTOR WG F.22-21 STIMA BIOFERM/SAN AGROW;Non spécifié;Non spécifié
Azoxystrobine 25%;SORBISTAR F.040-22 SOCOOPEC ZHEJIANG E-TONG;Melon:Oidium:30 cc/hl (Comm 08/06/22);Non spécifié
Azoxystrobine 250 g/l;LEGADO 250 SC F.014-18 EL KHADRA AFRASA INDUSTRIAS;Blé : Rouille : 0.8 l/ha (300-400 l/ha);AFRASA S.A
Azoxystrobine 250 g/l;Azox SC F.039-17 Ets MEZGHANNI JIANGYIN SULI;Blés : Septoriose: 0.8 l/ha (300 l/ha)(Comm 18/10/2017);CO.LTDi,Q,Key
Azoxystrobine 50% WG;AXYTOP 50WG F.060-22 EXCEL AGRI SHARDA;Blé dur : Septoriose : 0.4 kg/ha (Comm 08/06/2022);Non spécifié
Azoxystrobine 50% WG;Cayen 500 WG F.035-16 RAYEN SHARDA;Blé dur : Septoriose : 0.4 kg/ha (Comm 18/10/2017);PHYTAGRI
Azoxystrobine 250 g/l;SINSTAR SC F.030-17 SANABEL AGRO SINON CORPORATION;Blés : Septoriose: 0.8 l/ha (Comm 18/10/2017);Féverole: Botrytis : 0.75 l/ha
Azoxystrobine;SC G lobaztar 250 S C F . 0 1 7-13/23;AGROSYSTEMES;Globachem
Azoxystrobine;Z a f t r a S C F . 0 3 4-15;AMINCO;Globachem
Azoxystrobine;a z i m u t S C F . 4 8 -21;ATLAS AGRICOLE;NUFARM
Azoxystrobine;t a z e r 2 5 0 S C F . 0 2 4-15;EL MOUSSEM;NUFARM
Azoxystrobine;a f f i x 2 5 0 S C F . 0 3 0-16;PROTAGRI;UPL
Azoxystrobine;a r o x y 2 5 0 S C F . 0 7 4-22;AGRIMATCO;UPL
Azoxystrobine;H Y D O 2 5 0 S C F . 3 4 -21;STEC nanjing;nanjing
Azoxystrobine;c y p r o c o n a z o l e /a z o x y 2 0 0 g / l +8 0 g / l S C COUGAR SC F.016-18;PROTAGRI UPL LIMITED;UPL
Azoxystrobine;c y p r o c o n a z o l e /a z o x y 2 0 0 g / l +8 0 g / l S C D O U B L E F O R C E F. 0 2 9-17;SANABEL AGRO SHARDA;SHARDA
Azoxystrobine;d i f e n o c o n a z o l e /a z o x y 2 0 0 g / l +1 2 5 g / l S C A L L I A N C E T O P F.011-22;AGRI PLUS NANJING;Nanjing
Azoxystrobine;d i f e n o c o n a z o l e /a z o x y 2 0 0 g / l +1 2 5 g / l S C A M I S C O R E F.014-22;PROTAGRI NANJING;Nanjing
Azoxystrobine + Difeconazole;PRIORI GOLD;F.40-21 SOLAGRI SYNGENTA;SYNGENTA
Azoxystrobine 200 g/l+125 g/l;Black panther SC;F.009-22 FERTITECH HANGZHOU TOPAGRO;HANGZHOU TOPAGRO
Azoxystrobine + Flutriafol 25%;CURAX EXTRA;F.009-20 SHARDA SHARDA CROPCHEM;SHARDA CROPCHEM
Azoxystrobine + Flutriafol 25%;CURATEX F.63-21;FERTITECH SHARDA CROPCHEM;SHARDA CROPCHEM
Azoxystrobine + flutriafol 125 g/l+125 g/l;Impact max SC;F.037-22 AGRIPROTEC Cheminova/FMC;CHEMINOVA/FMC
Azoxystrobine + Tebuconazole 200g/l + 200 g/l;START-UP F.038-15;BIOPROTECTION AAKO;AAKO
Azoxystrobine + Tebuconazole 80 g/l + 160g/l;Altitud Gold F.025-16;SANABEL AGRO ROTAM;ROTAM
Azoxystrobine 200 g/L +125 g/l;AZ-TOP SC;F.003-20 SLDA Sharda cropchem limited;SHARDA CROPCHEM
Azoxystrobine;Ortiva TOP F.004-18;SLOGRI SYNGENTA;SYNGENTA
Azoxystrobine;UNIFORM 446 F.132-11/21;BIOPROTECTION;SYNGENTA
Bacillus amyloliquefaciens;SERENADE F.13-21;EL MOUSSEM;BAYER AG
Bacillus subtilis de souche Y;BIOBAC F.131-11/21;BIOPROTECTION;BION TECH INC/ AAKO
Bacillus amyloliquefaciens;Taegro F.006-22;COTUGRAIN;NOVOZYMESBIOLOGICALSINC/
Bacillus subtilis strain 1x108ufc/g;Fungisei SL;ATLAS AGRICOLE SEIPASA S A/ Vigne: Oidium Uncinulanecator:150 ml/hl(1.5 IAB/BS03 l/ha);Non spécifié
Borax 1 0 g / L;Orotu N.I.A.;RAYEN ORO AGRI;Non spécifié
Boscalid 5 0 % W G;Cantus WG;STIMA BASF Vigne : Botrytis : 75 g/hl;Non spécifié
Boscalid 5 0 % W G;MASTOR WG;rayen phytagri BASF;Non spécifié
Boscalid +Krésoxym-Methyl 200 g/L +100 g/L SC;hexagon SC F.45-21 cotugrain;STIMA BASF Vigne : Botrytis, oïdium : 40 cc/hl (au stade floraison à la véraison de la culture);Non spécifié
Boscalid +Krésoxym-Methyl 200 g/L +100 g/L SC;Collis 300SC F.007-11/21;STIMA BASF Vigne : Botrytis, oïdium : 40 cc/hl (au stade floraison à la véraison de la culture);Non spécifié
Boscalid +Pyraclostrobin 25,2 % +12,8% WG;Pristine WG F.006-11/21;AGRIPROTEC BASF Vigne : Botrytis, oïdium : 650 g/ha;Poirier : Maladies de conservation : 800g/ha
Boscalid +Pyraclostrobin 267 g/kg +67 WG;Signum WG 015-14F.;COTUGRAIN BASF Tomate, fraisier :Botrytis 125 g/hl en 3 g/kg IMPEX applications au max.;Non spécifié
Bromuconazole 100g/l;Vectra 10 SC;STEC SUMITOMO Vigne, Concombre : oïdium 30 cc/hl;Non spécifié
Bupirimate 2 5 0 g / L E C;Nimrod F.008-11/21;SEPCM AAKO BV Arbo, cucurbitacées : Oïdium : 100 cc/hl;Non spécifié
Captane 80% WG;CAPITOL 80 WG;AGRIMATCO SHARDA Pommier:Tavelure: 200g/hl;Non spécifié
Captane 80% WG;Malvin80 WG;BIOPROTECTION UPL/ARYSTA Poirier : Tavelure : 200 g/hl soit 2 kg/ha;LIFESCIENCE Pomme de terre : Mildiou : 2 kg/ha
Captane;PROTHANE F.020-16;DELTA AGRICOLE SHARDA;SHARDA
Captane;MITANE F.016-16;SOCOOPEC;SHARDA
Captane;CAPLANT EC F.008-19;FERTIPLANT Sharda Cropchem Limited;SHARDA CROPCHEM
Captane;KAPI-TOP 48 EC F.67-21;Agrinova;SHARDA CROPCHEM
Captane;8 3 % W P FILDER F.058-22;EL MOUSSEM;ARYSTA
Captane;8 3 % W P Captan 83 WP F.009-11/21;AGRIPROTEC;ARYSTA
Captane;8 3 % W P Akotan 830 WP F.010-11/21;SEPCM;AAKO
CINNAMOMUM 22.03% EC;Cynam EC F.004-22;COTUGRAIN LIDA;LIDA
Chinozole 500 g/L SL;Beltanol-L F.011-11/21;AGRIPROTEC;PROBELTE
Chinozole 500 g/L SL;V-NOL F.025-18;AGROSYSTEMES;PROBELTE
Cuivre 360 g/L SC;Hydro Flo F.209-11/21;BIOPROTECTION;NUFARM
Cuivre 600 g/l SC;Siscop 60 SC F.041-17;SEPCM;AAKO
Cuivre Métal 35% WG;AIRONE F.004-17;AGRIMATCO ISAGRO/distribute par Pomme de terre: Mildiou : 150 g/hl;(Comm frarimpex 20/06/2017)
Cuivre Métal 20% WP;Comac F.214-11/21;AGRIPROTEC;NUFARM
Cuivre Métal 50% WP;OSSICLOR 50 PB F.015-17;ATLAS AGRICOLE MANICA Spa;MANICA
Cuivre Métal 20% WP;Super Bordeaux F.003-13/23;BIOPROTECTION;NUFARM Vigne : Mildiou : 1,5 Kg/hl
Pomme de Terre : Mildiou : 500 g/hl (EXTENSION 17/05/2016);;Non spécifié;Non spécifié
Olivier : Œil de paon (Tavelure) : 375g/hl (EXTENSION20/06/2017);;Non spécifié;Non spécifié
Cuivre Métal 75% WG;COBRE F.047-17;COTUGRAIN NORDOX INDUSTRIER;NORDOX A(fabricant)/S
Cuivre Métal 20% WP;POLTIGLIA 20 F.035-17;ATLAS AGRICOLE MANICA S.P.A;MANICA
Cuivre Métal 20% WG;Cuperval WG F.005-13/23;SANABEL AGRO I.Q.V. DELVALLES;I.Q.V. DELVALLES Vigne : Mildiou : 1,5 Kg/hl (comm 19 avril 2023)
Cuivre Métal 20% WG;Bouillie Bordelaise F.203-11/21;SEPCM Cerexagri/UPL Ltd;Vigne : Mildiou : 1,5 Kg/hl
Cuivre Métal 20% WG;Bordo valles WG F.154-11/21;SOCOOPEC I.Q.V. DELVALLES;I.Q.V. DELVALLES Vigne : Mildiou : 1,5 Kg/hl
Kocide 35% WG;K ocide 2000 F.019-11/21;AGRIPROTEC;MITSUI & Co Ltd/kocide Pommier : Tavelure : 150 g/hl
LLC/cosaco LLC(japon) Pêcher : Cloque : 200 g/hl;;Non spécifié;Non spécifié
g/hl;;Non spécifié;Non spécifié
Vigne : Bactériose : 150 g/hl;;Non spécifié;Non spécifié
Coppsip 50% WP;CO P S I P F . 0 1 9 - 1 8;AGRIPROTEC;SIPCAM INAGRA P. de terre : Mildiou : 400 g/hl
Cuivre Métal 5 0 % W P I n a c o p P M F . 0 0 3 - 1 4;A T L A S A G R I COLE;SIPCAM INAGRA;Non spécifié
Cuivre Métal 5 0 % W P C o p e z i n e 5 0 F . 0 2 3 - 1 6;E L K H A D R A;SIPCAM QUIMAGRO;Non spécifié
Cuivre Métal 5 0 % W P C o b r e F . 0 1 8 - 1 1 / 2 1;C O B R E;ETS MEZGHANI INDUSTRI.;Key QUIMICAKEY
Cuivre Métal 5 0 % W P C u p r e n e F . 1 6 7 - 1 1 / 2 1;P r o m o c h i m i e;SIPCAM QUIMAGRO;Non spécifié
Cuivre Métal 5 0 % W P R o x o n 5 0 F . 0 0 8 - 1 3 / 2 3;S A N A B E L A G RO I.Q.V. – Espagne;P. de terre : Mildiou : 400 g/hl;Non spécifié
Cuivre Métal 5 0 % W P C u p r o c u i v r e F . 1 5 1 - 1 1 / 2 1;S E P C M I.Q.V. – Espagne;P. de terre : Mildiou : 400 g/hl;Non spécifié
Cuivre Métal 5 0 % W P C u r e n o x F . 1 5 2 - 1 1 / 2 1;S O C O O P E C I.Q.V. – Espagne;P. de terre : Mildiou : 400 g/hl;Non spécifié
Cuivre Métal 5 0 % W P H i d r o c o b r e 5 0 F . 1 5 3 - 1 1 / 2 1;S O C O O P E C IQV DEL VALLES;P. de terre : Mildiou : 400 g/hl;Non spécifié
noires des agrumes (Phyllostictacitricarpa);Non spécifié;DAR:1 jour.;F.150-11/21 S.T.E C.I.Q.V. – Espagne P. de terre
Cuivre Métal 5 0 % W P;Mildiou;IQV -Pulvérisation foliaire;P. de terre : Mildiou, black-rot, bactériose
Cuivre(Oxychlorure de cuivre 57% WP);Mildiou;AGRIMED Shyham chemical;Pomme de terre : Mildiou
Cuivre(oxychlorure de cuivre ) 57% WP;Mildiou;AMINCO;Pomme de terre : Mildiou
Cuivre(oxychlorure de cuivre 350g/kg WG);Mildiou;STIMA Manica S.P.A;Pomme de terre: Mildiou
Cuivre +cymoxanil 200 g/l+40 g/l WG;Mildiou(Clamatocystis viticola);EL MOUSSEM UPL;Vigne:Mildiou(Plasmopara viticola)
Cuivre+ Métalaxyl 40% + 8%;Armetil cuivre F.159-11/21;SOCOOPEC IQV DEL VALLES;F.159-11/21
Cuivre +Metalaxyl 40% + 8%;Mevaxil Cuivre F.043-22;NEGANOR IQV DEL VALLES;F.043-22
Cyazofamid 160g/l;RANMAN TOP F.05-21;AGRIPROTEC ISK Biosciences Europe;Europe
Cyflufenamid 50g/l;CONFIRM 5 EW F.25-21;EL MOUSSEM NIPPON SODA/ Nisso;N.V -Mode de traitaitement.
Cymoxanil 450 g/kg;Cymbal 45 F.09-21;NEGANOR BELCHIM CROP;PROTECTION
Cymoxanil + Métirame de 4,8 % +64%;BATO F.61-21;AGRIMATCO BASF;P. de terre, vigne : Mildiou
Cymoxanil + Métirame de 4,8 % +64%;Aviso DF F.023-11/21;STIMA BASF;P. de terre, vigne : Mildiou
Cymoxanil + Famoxad 3 0 % + 2 2 , 5 % W G E q u a t i o n P r o F .;P r o F .;S E P C M D U P O N T ( T a i w a n );P O N T
Cymoxanil+ Zoxamid 33%+33% WG REBOOT WG;REBOOT WG;AGRIMATCO GOWAN CROP PROTECTION LIMITED;GOWAN CROP Vigne: Mildiou (plasmopora viticola):45 g/hl
Cyproconazole 10% WG;Atemi 10 WG;AGRIPROTEC SYNGENTA;SYNGENTA CROP Vigne : Oïdium : 0.3 kg/ha
Cyproconazole 10% WG;Xpert WG;EL KHADRA Sharda;SHARDA Vigne: Oidium : 12g/hl
Cyproconazole 80 g/L +200 g/L SC;Priori Xtra F.003-18;SOLAGRI;SYNGENTA Blé : Oïdium, Rouille, Septoriose : 0,5 L/ha
Cyproconazole + 4% + 37.5 % SC;CHAMPION F.019-17;SOCOOPEC SHARDA CROPCHEM;SHARDA CROPCHEM Restriction d'usage:utilisation uniquement
Cyproconazole +chlorothalonil 4%+37.5 % SC;CYCLONE F.015-19;SANABEL AGRO SHARDA CROPCHEM;SHARDA CROPCHEM Restriction d'usage:utilisation uniquement
Cyprodinil 50% WG arnatin WG;arnatin WG;SOLAGRI SYNGENTA;SYNGENTA Pommier, Poirier : Tavelure : 50 g/hl
Diethofencarb 250 g/l SC;FRUGICO SC F.019-16;AGROSYTEME GLOBACHEM;GLOBACHEM Pommier :Botrytis : 1.5 L/ha
Difenoconazole 250 g/L EC;Difcor F.027-11/21;AGROSYSTEMES GLOBACHEM;GLOBACHEM Pommier, Poirier : Tavelure : 20 cc/hl
Vigne : Oïdium : 20 cc/hl;;Non spécifié;Non spécifié
Difenoconazole 30 g/L FS;Difender 30 FS 006-14F.;AGROSYSTEMES GLOBACHEM;GLOBACHEM Semences de blé : Carie, Charbon : 200 cc du
Difenoconazole 250 g/L EC;Protector F.032-15;AMINCO GLOBACHEM;GLOBACHEM Pommier, Poirier : Tavelure : 20 cc/hl
Vigne : Oïdium : 20 cc/hl;;Non spécifié;Non spécifié
Difenoconazole 250 g/L EC;Score 250 EC F.028-11/21;BIOPROTECTION SYNGENTA;SYNGENTA Pommier, Poirier : Tavelure : 20 cc/hl
Vigne : Oïdium : 20 cc/hl;;Non spécifié;Non spécifié
Arbo : Moniliose : 20 cc/hl;;Non spécifié;Non spécifié
Difenoconazole;FS Spectro 30 FS;BIOPROTECTION SYNGENTA;SYNGENTA
Difenoconazole;CURYGEN EC;EL KHADRA JSC AUGUST INC;AUGUST INC
Difenoconazole;PROZOLE 250;Ets MEZGHANI ASTRACHEM;ASTRACHEM
Difenoconazole;RAYOK;HALAB TUNISIE JSC AUGUST INC;AUGUST INC
Difenoconazole;Festival 250 EC;SANABEL AGRO SHarda World Wide;SHARDA CROPCHEM
Difenoconazole;SITARA FS;SANABEL AGRO SHARDA;SHARDA
Difenoconazole;Divisole;TASMID ASTRACHEM;ASTRACHEM
Difenoconazole;60g/l+30g/l DC DYNALI DC;SOLAGRI SYNGENTA;SYNGENTA
Difenoconazole + Fludioxonil;DIFEND EXTRA F.017-18;AGROSYSTEMES Globachem;Globachem
Difenoconazole + Fludioxonil 25 g/L + 25 g/L;Celest Extra 50 FS F.030-11/21;BIOPROTECTION SYNGENTA;SYNGENTA
Difenoconazole + Fludioxonil 25 g/l + 25 g/l;Vibrance Gold F.013-15;BIOPROTECTION SYNGENTA;SYNGENTA
Difenoconazole 125g/L +15g/L;CIDELY TOP 140 F.026-17;AGRIPROTEC SYNGENTA;SYNGENTA
Difenoconazole 125g/L +15g/L;MELCAR TOP F.027-18;COTUGRAIN SYNGENTA;SYNGENTA
Difenoconazole +Métalaxyl-M 92 g/l + 23 g/l;SpectroExtreme 008-14F.;BIOPROTECTION SYNGENTA;SYNGENTA
Difenoconazole +Métalaxyl-M 92 g/l + 23 g/l;DIVIDEND F.006-18;SOLAGRI SYNGENTA;SYNGENTA
Diméthomorphe +Fluazinam 200 g/l +200 g/l;FOLY STAR 400 F.007-16;SEPCM AAKO;AAKO
Dimetomorphe +Folpel 11.3% +60% WG;MORPHEE 71.3 F.036-17;BIOPROTECTION AAKO;AAKO
Dimetomorphe +Folpel 11.3% +60% WG;DENIM F.007-17;RAYEN Sharda cropchem;SHARDACROPCHEM
Dimetomorphe +Folpel 11.3% +60% WG;FLOPY DUO F.65-21;AGRINOVA Sharda cropchem;SHARDACROPCHEM
Dinocap Meptyl + 105 g/L + 45 g/L;AGRIKAR STAR F.029-18;ATLAS AGRICOLE DOW AGROSCIENCES;DOW AGROSCIENCES
Dithianon 500 g/l;DELAN 500 SC F.050-22;BIOPROTECTION BASF;BASF
Dithianon 70% WG;ASTRONE F.056-22;SANABEL AGRO SHARDA CROPCHEM;SHARDA CROPCHEM
Dithianon 12 % + 4% WG shanon;F.32-21;SHARDA sharda cropchem;CROPCHEM TUNISIE
Dithianon +Pyrachlostrobin 70% WDG;MACCANI F.014-16;COTUGRAIN BASF;IMPEX
Dodine 400 g/L SC;Syllit 400 SC F.172-11/21;PROTAGRI ARYSTA Life Science;UPL POMMIER: Tavelure
Dodine 400 g/L SC;Efluzin 400 SC F.010-15;SEPCM ARYSTA Life Science;ARYSTA LIFE SCIENCE PÊCHER: Clôque
Famoxadone +cymoxanil 22,5%+30% WG;VENUS WG F.045-22;STIMA Shengnong Pesticide, Co. Ltd/hangzhou Topagro Bioscience;Bioscience
Fenhexamide 53,70% WG;Teldor F.040-11/21;PROMOCHIMIE BAYER CROPSCIENCE;CROPSCIENCE Vigne, Tomate, Fraisier: Botrytis
Fenpyrazamine 50% WG;PROLECTUS F.040-17;SEPCM SUMITOMO CHEMICAL;SUMITOMO CHEMICAL Vigne: Botrytis
Fluazinam;Nando F.045-11/21;BIOPROTECTION;NUFARM
Fluazinam;VERTIGO F.208-11/21;Sanabel agro;NUFARM
Fluazinam +Azoxystrobine;VENDETTA SC F.055-22;STEC FMC;NUFARM
Fludioxinil;SCHOLAR 230 F.052-22;BIOPROTECTION;SYNGENTA
Fludioxonil;Maxim 100 FS F.042-11/21;BIOPROTECTION;SYNGENTA
Fludioxonil +Cyprodinil;switch 62,5 WG F.043-11/21;BIOPROTECTION;SYNGENTA
Fludioxonil +Cyprodinil;Chorus Double F.044-11/21;BIOPROTECTION;SYNGENTA
Fluopyram + Tebuconazole;Luna Experience F.023-13/23;SEPCM BAYER CROPSCIENCE;BAYER CROPSCIENCE
Fluopyram + Trifloxystrobine;Luna sensation F.019-13/23;ATLAS AGRICOLE;BAYER CROPSCIENCE
Fluoxastrobine;EVITO 480 SC;EL MOUSSEM;ARYSTA LIFESCIENCE
Fluoxastrobine + Tebuconazole;Evito T;EL MOUSSEM;ARYSTA LIFESCIENCE
Flutriafol 1 25 g/L;Impact S;AGRIPROTEC CHEMINOVA/FMC;CHEMINOVA/FMC
Flutriafol 1 25 g/L;Radikal SC;F.73-21;AGRIMED SHARDA
Flutriafol 1 25 g/L;Flutri 125 SC;F.032-16;RAYEN SHARDA
Flutriafol + Thiabendazole 25 g/L;FLO Vincit F;F.048-11/21;AGRIPROTEC CHEMINOVA/FMC
Flutriafol + Tébuconazole 75 g/l;Pointer Duo;F.028-16;AGROSYSTEMES CHEMINOVA/FMC
Fluxapyroxad;SE PRIAXOR;SE;BASF
Pyraclostrobine;SE PRIAXOR;SE;F. COTUGRAIN
Fluoxastrobine;EVITO P;F.044-22;EL MOUSSEM ARYSTA LIFESCIENCE
Propamocarb hydrochloride;UPL;Melon:Mildiou de cuba(Pseudoperenosporacubensis);P. HCI
Fluoxastrobine;SE EVITO P F.;F.044-22;ARYSTA LIFESCIENCE
Fluxapyroxad;SE PRIAXOR;SE;BASF
Pyraclostrobine;SE PRIAXOR;SE;F. COTUGRAIN
Propamocarb hydrochloride;UPL;Tomate:Mildiou du sol(fente de semis):Pythiumspp;P-HCI
Folpel;Solfol F.;ATLAS AGRICOLE;BELCHIM CROP Vigne: Mildiou
Folpet+ Foséthyl-Al;Mikal Flash F.;SEPCM BAYER CROPSCIENCE;Vigne : Mildiou
Fosethyl al + Folpel;CASSIOPEE WG;PROMOCHIMIE BAYER AG;Vigne: Mildiou
Foséthyl-Al;Filal F.;EL KHADRA AFRASA Agrumes : Gommose;Melon : Mildiou de cuba
Foséthyl-Al;Alial F.;AGRIPROTEC PROPLAN Agrumes : Gommose;Melon : Mildiou de cuba
Foséthyl-Al;Aliette express F.;SEPCM BAYER CROPSCIENCE Agrumes : Gommose;Melon : Mildiou de cuba
Fosetyl aluminium;CLEANER WP F.017-22;FERTITECH HANGZHOU TOPAGRO;BIOSCIENCE
Fosethyl-Al + Cymoxanil;BELKAP EXTRA F.026.18;AGROSYSTEMES PROBELTE;Non spécifié
Fosethyl-Al + Cymoxanil;Anteor flash F.019-14;ATLAS AGRICOLE BAYER AG;BAYER AG
Fosethyl-Al + Cymoxanil;Fosbel extra F.052.11;AGRIPROTEC PROBELTE;PROBELTE
Fosethyl-Al + Cymoxanil;Magma Triple F.137-11/21;EL KHADRA AFRASA;AFRSA
Fosethyl-Al + Cymoxanil;Katanga Triple WP F.04-21;NEGANOR PROPLAN;PROPLAN
Fosethyl-Al + Fluopicolide;Profiler F.053-11/21;ATLAS AGRICOLE BAYER AG;BAYER AG
Foséthyl –Al;FILAL PLUS WG F.051-22;EL KHADRA AFRASA;AFRSA
Fosetyl –al 80% WP;ALU-VITE WP F.74-21 TASMID LIMIN CHEMICAL;Agrumes: Gommose:250 g/hl;Comm09/02/21 CO.LTD
Fosetyl –al 80% WG;ALLUM WG F.009-16 EL MOUSSEM NUFARM;Agrumes: Gommose: 250g/hl;Melon : Mildiou de cuba: 300 g/hl (extension12/01/2018)
Fosetyl –al 80% WG;lotus F.49-21 SANABEL AGRO NUFARM;Agrumes: Gommose: 250g/hl;Melon : Mildiou de cuba: 300 g/hl
Fosetyl-Al 80% WP;KEYFOL 80 WP F.004-19 Ets MEZGHANI LIMIN CHEMICAL;Agrumes: Gommose:250 g/hl;Comm23/04/2019 CO.LTD
Fosethyl-al +sulfate de cuivre 200 g/kg+150 WG;Optix R WG F.021-22 BIOPROTECTION UPL;Vigne: Mildiou: 5 kg/ha tribasique g/kg -volume de bouillie:100-1000 l/ha Nbre d’app :6/saison Durée entre les app :10 jours Traitement foliaire BBCH13-BBCH12-95 DAR :28 jours;Comm 08/06/22
Huile essentielle de thym 81.87 g/l;EW NOPATH EW F.006-19 NUTRIPLANT KOPPERT BIOLOGICAL;Fraisier: Pourriture grise (Botrytis cinerea) (thymol) SYSTEM :1,5 L/ha au stade de jeunes plants;-Application par pulvérisation
Huile essentielle d'orange 60 g/l;LIMOCIDE F.01-21 RAYEN VIVAGRO;Palmier dattier: Desséchement douce ULTRA ME PHYTAGRI Foliaire(Alternaria maliet Alternaria arborescens) :400 ml/hl Fraisier :Oidium(Podosphaeraaphanis) :300 cc/hl(3L/ha) -Pulvérisation foliaire -appliquer en curatif -répéter les app chaque semaine -le produit agit d'une façon physique en desséchant les parois externes du nuisible, le risque de résistance à ce produit n'existe pas -nbre d'app max:6 app par cycle de culture;Comm09/02/21
Hydroxyde de cuivre 77% soit 50% WP;Copper Progress F.169-11/21;AGROSYSTEMES SPEISS;cuivre métal GmbH
Hydroxyde de cuivre 77% soit 50% WP;Patrol 50 WP F.028-15;AMINCO SPEISS;cuivre métal GmbH
Hydroxyde de cuivre 250 g/kg WG;BLUE SHIELD 25 F.016-22;SOLAGRI;Albaugh.LLC
Hydroxyde de Cuivre (400 g/l 645 g/l SC Heliocuivre;F.211-11/21;BIOPROTECTION Action Pin/AAKO;cuivre métal
Hydroxyde de cuivre 40%;Cu WG;Hidrocure WG;F.049-22 FERTITECH ALINTRA
Hydroxyde de cuivre 237,7 g/l+45 g/l SC;CYCLO-R- 21-16.F;EL KHADRA INDUSTRIAS AFRASA;Non spécifié
Hymexazole 300 g/L;Tachigaren;F.056-11/21;AGRIPROTEC Mitsui Chemicals Agro,Inc
Iprovalicarbe +Oxychlorure de cuivre 8,4 % +40,6%;Positron 49;F.058-11/21;ATLAS AGRICOLE BAYER CROPSCIENCE Vigne
Isofetamid 400 g/l SC;Kenja SC;F.20-21;Agriprotec ISK Biosciences Europe Vigne de cuve
Krésoxim-méthyl 50% WG;QUIMERA WG;F.001-22;EL KHADRA AFRASA/JEBAGRO(distr) Vigne de cuve
Krésoxim-méthyl 50% WG;ALLIAGE DF;F.60-21;AGRIMATCO BASF Vigne
Krésoxim-méthyl 350g/l SC;Kresoxystar 350SC;F.030-22;Ets Mezghani ANHUI HUAXING Blé dur
Krésoxim-méthyl 50% WG;Stroby DF F.059-11/21;STIMA;BASF
Pyriofenone 300 g/l;KUSABI SC F.23-21;AGRIPROTEC ISK Biosciences Europe;Non spécifié
Laminarin 45g/l;VACCIPLANT F.28-21;EL MOUSSEM GOEMAR SAS;Non spécifié
Mandipropamide 250 g/L;amphore SC F.69-21;SOLAGRI;SYNGENTA
Mandipropamide 250 g/l + 250 g/l;SC CARIAL TOP F.006-16;BIOPROTECTION SYNGENTA;SYNGENTA
Mandipropamid+ 250g/l +30 g/l;ORONDIS F.77-21;Cotugrain;SYNGENTA Crop Protection
Mandipropamide +zoxamid 250 g/kg+240 WG;Ampexio WG F.022-22;BIOPROTECTION SYNGENTA;SYNGENTA
Mefenoxam + Folpel 5% + 40 % WG;Ridomil Gold F.072-11/21;BIOPROTECTION SYNGENTA;SYNGENTA
Mefentrifluconazole 10%;REVVYSTAR EC F.035-22;AGRIMATCO;BASF
Mefentrifluconazole 100 g/l+50g/l;VERYDOR F.032-22;COTUGRAIN;BASF
Mefentrifluconazole 66,7% +66,7%;REVYTREX EC;BIOPROTECTION BASF;BASF
Mefentrifluconazole 66,7% +10%;REVYCARE EC;AGRIPROTEC;BASF
Mefentrifluconazole 66,7% + Pyraclostrobin;Non spécifié;AGRIPROTEC;BASF
Meptyldinocap 350 g/L;Karathane 350 EC;SEPCM DOW Vigne : Oïdium;AGROSCIENCES/CORT EVA
Metalaxyl 25%;milor 25 WP;moril 25 WP;SANABEL AGRO IQV Fraisier :Pourriture du collet(Phytophtora spp)
Metalaxyl 317 g/l;RAMPART FS;RAMPART FS;UPL LIMITED Semences de blé: Fusariose(Fusariumspp)
Metalaxyl + Folpet 10%+40%;09/02/21;SOCOOPEC IQV;IQV
Folpet 10%;09/02/21;SOCOOPEC IQV;IQV
Metalaxyl-M 37,5%;08/06/22;BIOPROTECTION SYNGENTA;SYNGENTA
Sedaxane 49,98%;08/06/22;BIOPROTECTION SYNGENTA;SYNGENTA
Fludioxinil 25,04%;08/06/22;BIOPROTECTION SYNGENTA;SYNGENTA
Metirame de zinc 80%;07/11/21;STIMA BASF;BASF
Metirame de zinc 80%;05/21;AGRIPROTEC;BASF
Metirame de zinc 80%;09/02/21;AGRIPROTEC;BASF
Metrafenone 500g/L;09/13/23;AGRIPROTEC;BASF / SBM
Myclobutanil;MYCLAS F.014-19;SANABEL AGRO SHARDA CROPCHEM;Sharda Cropchem
Myclobutanil;TOPOGAN F.011-19;SANABEL AGRO SHARDA CROPCHEM;Sharda Cropchem
Myclobutanil;MYCLONE 24 EC F.002-18;RAYENPHYTAGRI;Sharda Cropchem
myclobutanil;PROMY F.64-21;AGRINOVA;Sharda Cropchem
Myclobutanil;Systhane 240 EC F.081-11/21;SEPCM DOW Vigne:AGROSCIENCES/corteva;Sharda Cropchem
Myclobutanil;DAYZER F.043-17;SOCOOPEC;SHARDA CROPCHEM
Myclobutanil;MYCLO EC F.41-21;NEGANOR indofil industries limited;Sharda Vigne:Oidium(Uncinulanecator)
Oxathiapiprolin + famoxadone 30 g/l+300 g/l;SE Zorvec encantia SE F.048-22;EL BARAKA CORTEVA;Corteva
Oxathiapiprolin +zoxamide;SE ZorvecVinabel;ATLAS AGRICOLE CORTEVA;Corteva
oxychlorure de cuivre 678.6 g/l;Valtonex flow;NEGANOR IQV;Neganor Iqv
oxychlorure de cuivre 85 % (50 % de WP;Agrocuivre F.168-11/21;AGROSYSTEMES SPEISS;AgroSystemes Speiss
oxychlorure de cuivre 85 % (50 % de WP;Cuprumax 50 WP F.027-15;AMINCO SPEISS;Aminco Speiss
oxychlorure de cuivre 25%+4% WG;Curame 25 WG F.023-22;ATLAS AGRICOLE MANICA SPA;Atlas Agricole
Penconazole;LEC T open 100 E C F . 0 8 2 - 1 1 / 2 1;AGRO STEMES GLOBACHEM;Globachem
Penconazole;LEC Buckle RF. 0 3 3 - 1 5;AMINCO GLOBACHEM;Globachem
Penconazole;LEC Topaze 100 F . 0 8 3 - 1 1 / 2 1;BIOPROTECTION SYNGENTA;Syngenta
Pencycuron;LEC Monceren F.085-11/21;PROMOCHIMIE BAYER;Bayer CropScience/Gowan
Penthiopyrad;KABUTO F.026-22;EL MOUSSEM Mitsui Chemicals Vigne de table:solutions,Inc(fab)/ -application fopliaire;Summit Agro International Ltd(fournisseur)
Prochloraze +Triticonazole;F.025-17;AGRIPROTEC BASF;BASF
Prochloraze +Triticonazole;Kinto Duo 007-14F.;STIMA;BASF
Propamocarbe;PROMORE 722 F.021-18;Ets MEZGHANI ASTRACHEM;ARYSTA Life Science
Propamocarbe;Promess F.012-15;JADWA AGROTEC;ARYSTA Life Science
Propamocarbe;Proplant F.199-11/21;PROTAGRI;ARYSTA Life Science
Promocarb;omix 607 SL F.17-21;NEGANOR Agria;Non spécifié
Promocarb +Cymoxanil;proxanil 450 SC F.06-21;BIOPROTECTION;ARYSTA Life Science
Promocarb +Cymoxanil;Rival duo 450 SC F.07-21;AGRONOMIC Land Agria;ARYSTA Life Science
Promocarb +Cymoxanil;OMIX DUO 450 F.071-22;NEGANOR Agria;BAYER CROPSCIENCE
Propamocarbe + Fluopicolide;Volare F.091-11/21;EL MOUSSEM BAYER AG;BAYER CROPSCIENCE
Propamocarbe +Fosethyl-Al;Filex Energy F.089-11/21;ATLAS AGRICOLE;BAYER CROPSCIENCE
Propamocarbe +Fosethyl-Al;Previcur Energy F.023-14;EL MOUSSEM BAYER AG;BAYER CROPSCIENCE
Proquinazid;Talendo F.101-11/21;SEPCM DU PONT;ARBO
Prothioconazole;PROTEZOLE F.057-22;SANABEL AGRO SHARDA;CROPCHEM
Prothioconazole;Mirage EC F.35-21;SHARDA SHARDA CROPCHEM;CROPCHEM tunisie
Prothioconazole + benzovindiflupyr;CERATAVO F.034-22;BIOPROTECTION SYNGENTA;SYNGENTA
Prothioconazole + Trifloxystrobine;Madison 263 SC F020-13/23;SEPCM BAYER CROPSCIENCE;BAYER CROPSCIENCE
Prothioconazole;PROTECT PLUS F.061-22;EXCEL AGRI SHARDA CROPCHEM;BAYER CROPSCIENCE
Prothioconazole;Perfecto EC F.36-21;SHARDA;SHARDA CROPCHEM
Prothioconazole;Kestrel 240 SC F.016-15;JADWA AGROTEC;BAYER CROPSCIENCE
Prothioconazole;Prosaro 250 EC F.098-11/21;PROMOCHIMIE;BAYER CROPSCIENCE
Prothioconazole;Cello F.021-17;AGRONOMIC Land;BAYER CROPSCIENCE
Prothioconazole;SKYWAY XPRO F.012-18;PROMOCHIMIE BAYER AG;BAYER CROPSCIENCE
Pyraclostrobine + Metconazole;OPTIMO DUO 013-18F.;AGRIPROTEC;BASF
Pyraclostrobin + Boscalid;MIRACLE WDG F.038-22;SHARDA;SHARDA CROPCHEM
Pyraclostrobin + Boscalid;ORACLE 33 WG F.076-22;SLDA;SHARDA CROPCHEM
Pyraclostrobine + Dimotomorphe;Cabrio Duo F.001-14;AGRIPROTEC;BASF
Pyraclostrobin 100g/l+375 g/l EC;COMET PLUS EC;F.38-21 Agriprotec;BASF
Pyraclostrobin +fluxapyroxad 333 g/l+167 g/l SC;ORKESTRA SC;F.033-22 BIOPROTECTION;BASF
Pyraclostrobin +boscalid 12,8%+25,2% SC;Crystal SC;F.027-22 FERTITECH HANGZHOU TOPAGRO;HANGZHOU TOPAGRO
Pyriméthanil 3 0 0 g / L S C;Scala 300 SC;F.102-11/21 ATLAS AGRICOLE;BAYER CROPSCIENCE
Pyriméthanil 3 0 0 g / L S C;Mythos300 SC;F.103-11/21 EL MOUSSEM;BAYER CROPSCIENCE
Pyriméthanil 4 0 % S C;PYRAMIDE F.062-22;FERTITECH SHARDA CROPCHEM;SHARDA CROPCHEM
Pyriméthanil 4 0 % S C;pyrma SC F.12-21;SHARDA SHARDA CROPCHEM;SHARDA CROPCHEM
Pyraclostrobin 100g/l+375 g/l EC;Non spécifié;Non spécifié;BASF
Pyriméthanil 400 g/l SC;PYRUS 400 SC;F.025-22 STEC UPL;UPL
Pythium oligandrum;POLYVERSUM F.038-17;FERTIPLANT BIOPREPARATY;BIOPREPARATY
Non spécifié;Tomate: Botytis cinerea(Pourriture grise): 200 g/ha;Polyversum;BIOPREPARATY
Non spécifié;Blé: Fusariose :100g/ha;Polyversum;BIOPREPARATY
Non spécifié;Fraisier : Pourriture grise(Botytis cinerea):200 g/ha;Polyversum;BIOPREPARATY
Non spécifié;Vigne: Pourriture grise (Botrytis Cinerea): 250g/ha;Polyversum;BIOPREPARATY
Alternaria maliet Alternaria arborescens;80g/hl;Palmier dattier: Desséchement Foliaire(Alternaria maliet Alternaria arborescens);Non spécifié
Reynoutria sachalinensis;REYSANA SC 016-14F.;Tomate, Vigne : Botrytis : 150 cc/hl;SC 016-14F.
Non spécifié;Vigne, Piment : Oïdium : 150 cc/hl;REYSANA SC 016-14F.;BIOPROTECTION
Sedaxane+Fludioxonil 25 g/l+25 g/l;VIBRANCE DUO F.002-20;BIOPROTECTION SYNGENTA AGRO;AG Semence
Soufre 80%;Sulpex F.028-13/23;AGRIMATCO Agrostulln;Blé, Orge : Oïdium , Helminthosporiose de l’orge
Soufre 80%;COSAMIL-DF F.26-21;SOCOOPEC Sulphur Mills Limited;Vigne: Oїdium(unicinulanecator)
Soufre 80%;COSAVET-DF F.010-19;AGRIPROTEC Sulphur Mills Limited;Vigne: Oїdium
Soufre 80%;Agrosoufre F.163-11/21;AGROSYSTEMES Agrostulln GmbH;Blé, Orge : Oïdium
Soufre 98%;Cabridust F.107-11/21;AGROSYSTEMES The national company for agrochemicals(AGROCHEM);Vigne : Oїdium (stade floraison à la fermeture de la grappe)
Soufre 80%;Soufrustulln F.031-15;AMINCO Agrostulln GmbH;Blé, Orge : Oïdium
Soufre 80% WP;TIOSOL 80 F.004-14;ATLAS AGRICOLE SIPCAM;Non spécifié
Soufre 80% WP;Mistral 11-212F. BIOPROTECTION ESSECO sarl/AAKO;BIOPROTECTION ESSECO sarl/AAKO;Non spécifié
Soufre 80% WG;THIOMAX JET F.005-20;COTUGRAIN SYNGENTA;SYNGENTA
Soufre 98% DP;AzufreMicronizad F.025-13/23;EL KHADRA AFEPASA S.A;AFEPASA S.A
Soufre 80% WG;Azumo F.026-13/23;EL KHADRA AFEPASA S.A;AFEPASA S.A
Soufre 80% WP;KEY Azufre F.012-16;Ets MEZGHANI INDUSTRIAL QUIMICA;INDUSTRIAL QUIMICA
Soufre 98% DP;STV (Soufre Trituré Ventilé) F.027-13/23;ETS MEZGHANNI Sté CHERIFIENNE;CHERIFIENNE
Soufre 80% WG;soufravit F.008-16;tasmid AGROSTULLN;/Piment:Non spécifié
Soufre 80% WP;Microsol F.183-11/21;promochimie SIPCAM QUIMAGRO;SIPCAM QUIMAGRO
Soufre 80% WG;Insuf F.200-11/21;PROTAGRI UNITED PHOSPHORUS;UNITED PHOSPHORUS
Soufre 80% WG;KIPRIDE WG;SANABEL Agro AFEPASA S.A;AFEPASA S.A
Soufre 80% WG;MICROCROPS F.008-15;SEPCM AFEPASA S.A;AFEPASA S.A
Soufre 98% DP;NOVAZUFRE DP;F.007-15;SEPCM AFEPASA S.A
Soufre 80% WG;MicrothiolSpecial F.184-11/21;STEC UPL/CEREXAGRI;UPL/CEREXAGRI
Soufre 80% WG;Kumulus DF F.106-11/21;STIMA BASF;BASF
Soufre 80% WG;SULFOSTAR DF F.54-21;AGRIPROTEC BASF;BASF
Soufre 700 g/L SC Heliosoufre S;Heliosoufre S;BIOPROTECTION Action Pin/AAKO;AAKO
Soufre 800 g/l;SC SULFOMAX F.009-19;EL KHARDA AFEPASA;F.009-19
Soufre 80%;Micro-cap F.007-22;NEGANOR AGROW ALLIED;AGROW ALLIED
Soufre 80% WDG;SULFINOVA F.075-22;AGRINOVA AGROW ALLIED;AGROW ALLIED
Soufre;SC Thiopron;BIOPROTECTION;UPL
Spiroxamine;PROSPER 300 CS;Atlas agricole;BAYER CROPSCIENCE
Spiroxamine+difeconazole;SPIROX D EC;BIOPROTECTION arysta lifescience;Non spécifié
Spiroxamine;Prosper 500 EC;Atlas agricole;BAYER CROPSCIENCE
Sulfate de cuivre tribasique 345 g/l (soit 190 SC TRIBASE -FLOW F.71-21 Atlas Agricole;Non spécifié;NUFARM;Tomate : Mildiou : 300 cc/hl
Sulfate de cuivre tribasique 345 g/l (soit 190 SC Cuproxat 018-14F. EL MOUSSEM NUFARM;Non spécifié;NUFARM;Tomate : Mildiou : 300 cc/hl
Sulfate de cuivre tribasique 40% WG Novicure F.033-17 PROTAGRI UPL;Non spécifié;NUFARM;Vigne : Mildiou : 150 g/hl
Sulfate de cuivre tribasique + 190 g/l +35 g/l SC Moltovin F.037-17 BIOPROTECTION NUFARM;Non spécifié;NUFARM;Vigne : Mildiou : 3.5 l/ha
Sulfate de cuivre tribasique + 266.6 g/l +40 SC Amaline Flow F.027-17 EL MOUSSEM NUFARM;Non spécifié;NUFARM;Vigne : Mildiou : 2.8 l/ha
Sulfate de cuivre tribasique + 266.6 g/l +40 SC ventaro F.75-21 STEC NUFARM;Non spécifié;NUFARM;Vigne : Mildiou : 2.8 l/ha
Sulphate de cuivre tribasique 360g/l SC CU MAX F.013-17 RAYEN DIACHEM S.P.A;Non spécifié;NUFARM;Tomate : Mildiou: 200cc/hl
Sulfate tetracuivrique 20% CU WG Bordocure WG F.024-22 FERTITECH ALINTRA;Non spécifié;SIPCAM INAGRA;Vigne:Mildiou(Plasmopara viticola):1.5 kg/hl
Tebuconazole 250 g/L EC SONG EC F.032-17 ATLAS AGRICOLE;Non spécifié;SIPCAM INAGRA;Blé : Septoriose : 1 l/ha
Tebuconazole 250 g/L SC KEYZOL SC F.014-20 EL KHADRA AVGUST CROP;Non spécifié;AVGUST CROP;Vigne : Oïdium : 40 cc/hl soit 400
CORPORATION cc/ha;(comm13/02/2020);Non spécifié;Non spécifié
Tebuconazole 60 g/L FS Mycoseeds FS 60 EL KHADRA Sharda World wide;Non spécifié;Sharda World wide;Blé dur et tendre : Charbon, carie : 50ml
PC+500 ml eau/Ql;Orge: Helminthosporiose :;Non spécifié;Non spécifié
50 ml + 500 cc d’eau/Ql;;Non spécifié;Non spécifié
Tebuconazole 60 g/L FS;Comm18/10/2018;AGRINOVA Sharda;F.022-17 AGRINOVA
Tebuconazole 250 g/L SC;Comm20/06/2017;AVGUST CROP Vigne;F.045-17 HALAB TUNISIE
Tebuconazole 60 g/L FS;Comm18/10/2018;STEC BAYER CROPSCIENCE;F.109-11/21 STEC BAYER CROPSCIENCE
Tébuconazole 430 g/l SC;Comm18/10/2018;EL KHADRA NINGBO SUNJOY;F.065-22 EL KHADRA NINGBO SUNJOY
Tébuconazole 430 g/l SC;Comm18/10/2018;AGRIPLUS NINGBO SUNJOY;F.009-18 AGRIPLUS
Tébuconazole 250 g/L EW;Corail F.113-11/21;PROMOCHIMIE BAYER CROPSCIENCE;BAYER CROPSCIENCE
Tébuconazole 430 g/l SC;Camaro430SC F.026-16;RAYEN SHARDA;SHARDA
Tébuconazole 430 g/l SC;TEBUNOVA SC F.66-21;AGRINOVA SHARDA;SHARDA
Tébuconazole 430 g/l SC;Matiz F.004-13/23;SANABEL AGRO ROTAM;ROTAM
Tébuconazole 250 g/L EW;AZUROS F.018-19;SLDA SHARDA;SHARDA
Tébuconazole 2 5 0 g / L E W;Tebucur F.110-11/21;AGROSYSTEMES GLOBACHEM;GLOBACHEM
Tébuconazole 2 5 0 g / L E W;Teson F.036-15;AMINCO GLOBACHEM;GLOBACHEM
Tébuconazole 2 5 0 g / L E W;Konan EW F.014-13/23;ETS MEZGHANI INDUSTRIAL QUIMICA;INDUSTRIAL QUIMICA
Tébuconazole;E W Horizon 250 EW;PROMOCHIMIE BAYER CROPSCIENCE;BAYER CROPSCIENCE
Tébuconazole;E W TEBUZOL 25 EW;Agriprotec UPL LIMITED;UPL LIMITED
Tebuconazole+Prochloraz;Mystic Pro;AGRIPROTEC NUFARM SAS;NUFARM SAS
Tebuconazole+Prochloraz;Winner;BIOPROTECTION NUFARM SAS;NUFARM SAS
Tébuconazole;Nativo 300 SC;STEC BAYER CROPSCIENCE;BAYER CROPSCIENCE
Thiabendazole;SC BENAZOLE;EXCEL AGRI SHARDA;SHARDA CROPCHEM
Thiabendazole;SC TENAZOLE;SHARDA;SHARDA CROPCHEM
Trifloxystrobin;Zato 50 WG F.123-11/21;ATLAS AGRICOLE;BAYER CROPSCIENCE
Trifloxystrobin;Flint F.124-11/21;PROMOCHIMIE;BAYER CROPSCIENCE
Trichoderma Asperellum 999 g/kg WP;REMEDIER WP F.007-19;STIMA ISAGRO SPA/GOWAN;ISAGRO SPA/GOWAN
Trichoderma asperellum T34 /120g/kg WP;T34 F.19-21;STIMA BiocontrolTechnologies,S.;BioCONTROL L/
Trichoderma atroviride 77B 2x109cfu/g;T-77 WP F.29-21;Aloha agriculture Plant Health Products;ALOHA AGRICULTURE
Zirame 76%;Thionicautodispers F.136-11/21;AGROSYSTEMES;TAMINCO/EASTMAN
Zoxamide + Dimethomorphe;Presidium SC F.053-22;STEC Gowan;GOWAN
Aclonifen 600 g/l SC;Challenge 600SC;H.001-14 EL MOUSSEM;Bayer AG
Aclonifen 60%;ACTION 60 SC;H.026-22;SHARDA SHARDA
Aminopyralydes + Florasulam + SE Nikos forte;forte H.010-15;ATLAS AGRICOLE;DOW Blé dur: Mauvaises herbes dicotylédones
Amidosulfuron + Iodosulfuron + S/CORTEVA;OD Sekator OD H.002-17;AGRONOMIC Land BAYER;Blé : mauvaises herbes Dicotylédones
Aminopyralydes + Florasulam + Lancelot NEO 450 WG;NEO 450 WG H.001-11/21;SEPCM;DOW Blé, triticale, avoine : Dicotylédones : 33 g/ha
Arylex active(halauxifen-methyl) + pyroxsulam + cloquintocet acide+ UPTAKE SL;TARZEK + UPTAKE H.003-20;ATLAS AGRICOLE;Dow Blé: Mauvaises herbes graminées et dicotylédones
Arylex TM + Arylex;CLASSICO;SEPCM;Dow
Forasulam;BENTA SL;EL KHADRA NANJING;Agrosciences
Cloquintocet acide;Non spécifié;Non spécifié;Non spécifié
Bentazone 480g/l;BENTA SL;H.019-22;EL KHADRA NANJING
Bentazone 480g/l;BASASTAR SL;H.010-20;AGRIPLUS
Bentazone 480g/l;BENTAKEY SL;H.007-20;ETS MEZGHANI
Bentazone 480g/l;SHARBента H.004-13/23;SANABEL AGRO;SHARDA
Troystar SL;TROY 480 SL;H.007-18;AGRIPROTEC
Bentazone 480g/l;Basagran H.003-11/21;STIMA BASF;Nanjing Chemical Group
Bentazone;SL BENTAPROTEKT;H.007-22;LIEN AGRICOLE ANHUI
Bentazone;H.16-21;cotugrain;BASF
Bentazone +Imazamox;CORUM SL;H.05-21;AGRIPROTEC BASF
Chlortoluron;DESPERADO;H.08-21;AGRIPROTEC Nufarm
Chlortoluron;Tolurex 50;H.006-11/21;SEPCM AAKO
Chlortoluron + Isoxabene;FLEXIDOR;H.015-18;ATLAS AGRICOLE Dow Agrosciences/cor teva
Chlortoluron + Isoxabene;Aubaine;H.014-13/23;SEPCM Dow Agrosciences
Chlorotoluron 250g/l+300g/l+pendimeyhalin+ diflufenican 40g/l;UMBRA 590 SC;H.030-22;BIOPROTECTION SYNGENTA
Clethodim 240 g/l SC;ICASSO 240 SC H.013-20;SANABEL AGRO;Rotam
Clethodim 240 g/l EC;CLETOPROTEKT H.031-22;LIEN AGRICOLE Zhejiang tide cropscience/cphinx;Non spécifié
Cléthodime 1 2 0 g / L EC;Select Super H.004-11/21;BIOPRO U P L / A R Y S T A P e t i t p o i s , f è v e , a i l , f é n u g r e c , o i g n o n;LIFESCIENCE
Clethodim 240 g/l EC;CDLODIM FORTE 240 EC H.004-22;SOLAGRI SYNGENTA;Colza
Cléthodime;Akodim 120 EC;SEPCM AAKO;H.005-11/21
Clethodim;FYTODIM EC;FERTITECH TOPAGRO;H.032-22
Clodinafop-propagyl;BUGUIS EC;AGRIPROTEC PROPLAN;H.008-18
Clodinafop-propargil;EC H.007-11/21;BIOPROTECTION SYNGENTA;BIOSCIENCE
Clodinafop-propargil;RUBAH H.026-15;AGRIPLUS PARIJAT;H.008-11/21
Clodinafop-propargil;Topik 100 H.008-11/21;BIOPROTECTION SYNGENTA;H.008-11/21
Clodinafop-propargyl;CICLOPE EC;EL KHADRA INDRUSTRIAS;H.002-20
Clopyralid;VERSATILL H.014-20;ATLAS AGRICOLE DOW;AGROSCIENCE
Clopyralid;GLOPYR 100 SL H.004-18;AGROSYSTEMES Globachem;H.004-18
Clopyralid;SL clopryd 30 SL;H.005-20;Sharda cropchem
Cycloxidime;Focus Ultra;H.009-11/21;STIMA BASF
Cycloxidime;stratos ultra EC;H.17-21;agriprotec BASF
Dicamba-Sel 480g/l;procamba;H.13-21;SSCC gharda chemical
Dicamba +Prosulfuron 500 g/kg+50 g/kg;CASPER 55 WG;H.004-20;SOLAGRI Syngenta
Diflufenican;OSSETIA WG;H.008-20;SANABEL AGRO RotamAgrochem
Diflufenican+flufenacet 200 g/l + 400g/l;FLOUKAN SC;H.008-22;SANABEL AGRO sharda cropchem
Diflufenican (ou 500 g/l SC);Diflanil H.010-14;AGROSYSTEMES GLOBACHEM;Non spécifié
Diflufenican + Flufenacet 60 g/l + 240 g/l + SC;Vigon 420 SC;H.012-16;PROMOCHIMIE BAYER CROPSCIENCE
Diflufenican + 60 % +6% WG;Alliance H.002-13/23;BIOPROTECTION NUFARM S.A;Non spécifié
Diflufenican + 60 % +6% WG polymer;H.19-21;AGRIPROTEC NUFARM S.A;NUFARM S.A
Metsulfuron-méthyl;Non spécifié;Non spécifié;Non spécifié
Diflufenican +flufenacet;H.009-22;BIOPROTECTION UPL;UPL
Dimethenamid- 100g/l+300g/l+100 SE BUTISAN AVANT SE;H.012-20;COTUGRAIN;BASF
Ethamet Sulfuron Methyl 750 g/kg WG;MUSTER 75 WG;H.023-22;SSCC FMC
Fénoxaprop-p-Ethyl 69g/l;Foxtrot;H.027-15;AGROSYSTEME
Fénoxaprop-P-Ethyl 64 g/L +8 g/L + 24 EC Puma Evolution;H.015-11/21;JADWA AGROTEC BAYER;BAYER
Florosulame + 75 g/L + 100 g/L EC;Derby;H.085-11/21;promochimie DOW
Florasulam 200 g/kg+600 g/kg WG GRANSTAR MAX WG;H.12-21;AGRIPROTEC chenminova/FM;FM
Fluazifop-P-Butyl 125 g/l EC;FOUZILE EC;H.019-15;ETS MEZGHANI INDUST.
Fluazifop-P-Butyl 1 2 5 g / l EC;Benfuron;H.013-16;ATLAS AGRICOLE SHARDA
Fluazifop-P-Butyl;Fouir H.013-17;EL KHADRA SHARDA;SYNGENTA
Fluazifop-P-Butyl;Trivko H.001-18;SOLAGRI;SYNGENTA
Flucarbazone-sodium;Everest 70 WG H.017-11/21;AGRIPROTEC;ARYSTA
Flucarbazone-sodium;Ulcano 007-14H.;AGRIPROTEC;ARYSTA
Flumetsulam;Broadstrike WG H.009-20;EL BARAKA;DOW AGROSCIENCES
Fluroxypyr 20% EC;keynyl herbicide;ets mezghani industrial;Blé dur :Adventices dicotylédones :1 l/ha
Fluroxypyr (ester1- methylheptyl);Flurostar 200;AGROSYSTEMES GLOBACHEM;Blés :Dicotylédones : 1L/ha
Fluroxypyr +Clopyralid 150 g/l+60 g/l EC;VEGA EC;AGRIMED Sharda cropchem;Blé: Adventices dicotylédones:1 l/ha
Fluroxypyr +Clopyralid 5 0 g / l + 2 8 g / l M E;KINVARAME;AGRIPROTEC B R A C L A Y;Blé dure : Mauvaises herbes dicotylédones (annuelles et vivaces):3 l/ha
Glyphosate 360 g/l SL;GLYFOSTAR;SLDA SHARDA;Arbo, Toutes cultures, Sol nu: Chiendent, Cypérus, diss : 12 l/ha
Glyphosate 360 g/l SL;GALLUP SUPER SL;AGRIPROTEC Braclay;Agrumes: Désherbage total
Glyphosate 360g/l SL;Round Up Pro;ATLAS AGRICOLE MONSANTO/B;Agrumes : Mauvaises herbes annuelles Graminées et dicotylédones : 12 l/ha
Glyphosate 360 g/l SL;DRAGON;FERTITECH SHARDA;Arbo, Toutes cultures, Sol nu: Chiendent, Cypérus, diss : 12 l/ha
Glyphosate 360 g/l SL;SATELITE360 SL;EL KHADRA AFRASA PECHER;Mauvaises herbes annuelles: 10 l/ha
Glyphosate 360 g/l;SL VERDIS 36 SL H.009-17;EXCEL AGRI Sharda Arbo;Toutes cultures, Sol nu: Chiendent, Cropchem cypérus, diss : 12 l/ha
Glyphosate 360 g/l;SL NOV-UP H.003-17;AGRINOVA Sharda Arbo;Toutes cultures, Sol nu: Chiendent, Cropchem cypérus, diss : 12 l/ha
Glyphosate 360 g/l;GLYPHOPLANT 36 SL/Fertiplant H.010-17;EXCEL AGRI Sharda Arbo;Toutes cultures, Sol nu: Chiendent, Cropchem cypérus, diss : 12 l/ha
Glyphosate 450 g/l;SL GLYFAST 450 SL H.034-22;AGRIPROTEC Braclay;Agrumes: Mauvaises herbes annuelles:2 l/ha chemicals Agrumes: Mauvaises herbes vivaces:5 l/ha Volume de bouillie:300l/ha -Mode de traitement : pulvérisation foliaire -période de traitement (préventif ou curatif):désherbage total -Nombre max de traitements:2 -Calendrier des applications :en cas de présence d'adventices(comm 27/12/22)
Glyphosate 490g/L;SL GALLUP HI-AKTIV SL H.001-20;RAYEN Barclay Poirier: Mauvaises herbes vivaces ou annuelles:4.5L/ha avec volume de bouillie:300 l/ha (Sous réserve de bien spécifier la nature des mauvaises herbes : annuelles ou vivaces en fonction de la dose testée)(comm13/02/2020);Non spécifié
Glyphosate 480 g/l;SC Round up innov H.003-15;ATLAS AGRICOLE MONSANTO;Agrumes : Mauvaises herbes annuelles (Graminées et Dicotylédones) : 5 l/ha
Glyphosate 70% SG;Kalach Extra H.007-16;BIOPROTECTION ARYSTA;Zones non cultivées et vergers mauvaises herbes annuelles et vivaces: 1 kg/hl (une bouillie de 600 l/ha).Pour une forte pression
Glyphosate;SL Herbolex Max H.008-15;SEPCM;DOW
Glyphosate;Kalach 360 H.022-11/21;BIOPROTECTION UPL/ARYSTA;Non spécifié
Glyphosate;Roundup Plus H.029-11/21;ATLAS AGRICOLE;MONSANTO/B
Glyphosate;Glycel H.019-11/21;AGRIMATCO;excel crop chemical/Sumitomo
Glyphosate;Cible H.018-11/21;AGRIPROTEC NUFARM;Non spécifié
Glyphosate;Agriatech H.020-11/21;AGROSYSTEMS AGRA S A;Non spécifié
Glyphosate;Maynzate H.025-15;AMINCO AGRISA A;Non spécifié
Glyphosate;Glyweed H.086-11/21;ATLAS INDUSTRIE COROMANDEL Ltd.;Non spécifié
Glyphosate;Kleen Up H.097-11/21;BIOPROTECTION NUFARM;Non spécifié
Glyphosate;Blanca H.006-13/23;COTUGRAINS harda World Arbo, Toutes cultures, Sol nu: Chiendent, cypérus, diss : 12 l/ha;World Arbo
Glyphosate;GLISO 360 H.005-16;ELKHADRA SIPCAM;INGARA
Glyphosate;Weed Killer H.006-16;ELKHADRA harda World Arbo, Toutes cultures, Sol nu: Chiendent, cypérus, diss : 12 l/ha;World Arbo
Glyphosate;S L F o r t i n H . 0 2 4 - 1 1 / 2 1;E T S M E Z G H A N I I N D U S T R L Q U E;Arbo, Toutes cultures, Sol nu: Chiendent,
Glyphosate;S L B u g g y H . 0 7 9 - 1 1 / 2 1;P R O M O C H I M I E S I P C A M;Arbo, Toutes cultures, Sol nu: Chiendent,
Glyphosate;S L G l y p h o m a x H . 0 1 3 - 1 4 L I E N A G R I C O L E S h a r d a W o r l d;Arbo, Toutes cultures, Sol nu: Chiendent,;Non spécifié
Glyphosate;S L D i s s H . 0 9 3 - 1 1 / 2 1;P R O T A G R I U N I T E D;Arbo, Toutes cultures, Sol nu: Chiendent,
Glyphosate;S L G l y s t e r H . 0 2 5 - 1 1 / 2 1;S A N A B E L A G R O S I N O N;Arbo, Toutes cultures, Sol nu: Chiendent,
Glyphosate;S L N a s a 3 6 S L H . 0 0 1 - 1 5;S O C O O P E C Z E N I T H;Arbo, Toutes cultures, Sol nu: Chiendent,
Glyphosate;S L G l y p h o t e c H . 0 2 8 - 1 1 / 2 1;S T E C A A K O B V;Arbo, Toutes cultures, Sol nu: Chiendent,
Glyphosate + Oxyfluorfène;Dipiril Plus H.016-13/23;EL KHADRA INDUSTRIALS;AFRASA SA
Glyphosate + Oxyfluorfène;Brout H.030-11/21;SEPCM AAKO;Agrumes
Glyphosate 360g/l +5g/l EW;Affinex H.006-15;COTUGRAIN FMC;Arbres fruitiers
Halauxifen-methyl 33.7 g/l EC;TREZAK EC H.14-21;EL BARAKA Dow agroscience;Blé dur
Imazamox + Metazachlor 25 g/l +375 g/l SC;Nopasaran H.011-16;COTUGRAIN BASF;Colza (variétés clearfield)
Iodosulfuron 6 g/Kg +30 g/Kg WG;Atlantis H.033-11/21;ATLAS AGRICOLE;BAYER
Mesosulfuron +Mefenpyr +90 g/Kg CROPSCIENCE;Atlantis H.033-11/21;ATLAS AGRICOLE;BAYER
Indaziflam 500 g/l SC;Alion 500 SC H.013-22;PROMOCHIMIE;BAYER
Lenacil 80 % (800 g/kg) WG;VENZAR H.003-22;SEPCM;FMC
Mesosulfuron-Méthyl(Mesomax) +90 g/Kg CROPSCIENCE;Amilcar H.036-11/21;STEC;BAYER
Méthyl+Iodosulfuron – 22,5 g/L CROPSCIENCE;Amilcar OD H.037-11/21;STEC;BAYER
Mésosulfuron-Méthyl+Iodosulfuron;Atlantis OD H.012-15;ATLAS AGRICOLE;BAYER
Propoxcarbasone-sodium +Méfenpyrdiéthyle(phytoprotecteur);OLYMPUS FLEX WG H.009-18;ATLAS AGRICOLE;BAYER AG
Metazachlor 500 g/l SC;RAPSAN 500 SC H.002-18;AGROSYSTEMES;Globachem
Quinmerac 400 g/l +100g/l SC;RAPSAN TDI SC H.003-18;AGROSYSTEMES;Globachem
Metazachlore;SC TWIGA H.022-15 BIOPROTECTION AAKO BV;Colza : Graminées et dicotylédones au stade post semi-prélevée : 2l/ha;BIOPROTECTION AAKO BV
Metribuzine;Maestro 75 WG H.042-11/21 BIOPROTECTION AAKO P.;de terre, tomate : M. Herbes : 700 g/ha;BIOPROTECTION AAKO
Metribuzine;Sencor 600SC H.089-11/21 PROMOCHIMIE BAYER Pomme de terre : Mauvaises herbes :0,75 CROPSCIENCE L/ha;BAYER;Non spécifié
Metribuzine;MAYA H.017-22 SLDA UPL Tomate :Mauvaise herbes ,Dicotylédones annuelles(UNIQUEMENT) : 700g/ha;UPL;Non spécifié
Metribuzine;DANCOR 70 H.004-16 PROTAGRI UPL Tomate :Mauvaise herbes ,Dicotylédones annuelles(UNIQUEMENT) :700g/ha;UPL;Non spécifié
Metribuzine;MATRIX WDG H.001-17 STIMA SHARDA Pomme de terre : Mauvaises herbes : 700 g/ha;SHARDA;Non spécifié
Herbistar WDG;HERBISTAR WDG H.20-21 Fertitech SHARDA Pomme de terre : Mauvaises herbes : 700 CROPCHEM g/ha;(comm09/02/21);SHARDA
Metribuzine;TUBERON H.01-21 AGRIMATCO UPL Pomme de terre :Mauvaisesherbes:1 l/ha - pulvérisation foliaire en post levé(comm09/02/21);UPL;Non spécifié
Metribuzine;buzzin H.03-21 Delta agricole plus sharda cropchem Pomme de terre :Mauvaisesherbes:0,9 limited l/ha,application en prélevée de la culture(comm09/02/21);SHARDA;Non spécifié
Metribuzine;Mitraze H.015-22 AGRIMED sharda cropchem Pomme de terre :Mauvaises herbes:0,9 l/ha, DISTRIBUTION limited application en prélevée de la culture;(Copie d’homologation de Buzzin/Delta Agricole(comm09/02/21) , Comm 08/06/22);SHARDA
Novamet WP;NOVAMET WP H.037-22 AGRINOVA AGROW Pomme de terre:Adventices dicotylédones et ALLIED graminées:700 g/ha volume de bouillie:400 l/ha Mode d'application: pulvérisation foliaire en prélevée (une semaine après semis) ou en post levée de la pomme de terre (la culture ne dépasse pas 10 cm) et l'adventice(stade plantule 4 cm) DAR:60 jours. (comm 27/12/22);AGRONOVA AGROW;Non spécifié
Metribuzine;POMOCORE WP;NEGANOR AGROW;H.001-22
Metribuzine+Clomazone;CETUS;AGRIPROTEC FMC;H.003-16
Metsulfuron Méthyl;Isomexx;AGRIPROTEC NUFARM;H.043-11/21
Metsulfuron Méthyl;Karal;BIOPROTECTION NUFARM;H.003-13/23
Metsulfuron Méthyl;Metsy WG;PROTAGRI UNITED;H.009-16
Metsulfuron Méthyl;METRON WG;AGRIMATCO UNITED;H.038-22
Metsulfuron-methyl + 40g/kg+500 g/kg;XANADU;BIOPROTECTION UPL limited;H.029-22
Metrobromuron;PROMAN;NEGANOR belchim crop;H.02-21
Oxyfluorfene;Goal;promochimie HANGZHOU NUTRICHEM/s;H.081-11/21
Oxyfluorfene 240 g/L;E C O X I F E N E C H . 0 4 6 - 1 1 / 2 1;E t s M E Z G H A N I INDUST.;INDUSTRIAL CHEMICALS LTD
Oxyfluorfene 240 g/L;Clenofen 240 H.005-13/23;SANABEL AGRO ZHEJIANG E-;CHEMICALCO LTD
Oxyfluorfene 240 g/L;Oxistar 24% H.087-11/21;SOCOOPEC ZHEJIANG E-;CHEMICALCO LTD/shandong qiaochang modern agriculture
Oxyfluorfene 240 g/l;FENFEN EC H.041-22;ATLAS AGRICOLE LAINCO;LAINCO
Oxyfluorfene 240 g/l;VERIN EC H.035-22;NEGANOR LAINCO;LAINCO
Pendimethaline 400 g/L;HERBOL H.008-17;EXCEL AGRI SHARDA;SHARDA
Pendimethaline 400 g/L;Penda 16-010H. DELTA AGRICOLE;DELTA AGRICOLE SHARDA;SHARDA
Pendimethaline 400 g/L;TERAPUR H.002-16;Ets MEZGHANI IndustrialQuimic;Basf
Pendimethaline 455 g/L;Stomp Aqua H.048-11/21;STIMA;BASF
Pendimethaline 455 g/L;prowl aqua EC H.15-21;cotugrain;BASF
Pendimethaline 333g/l+30 g/l CS;STALLION H.07-21;AGRIPROTEC FMC;Fmc
Phenmedipham + 75 g/l+15 g/l+115 SC;BETASANA TRIO H.016-20;AGRIPROTEC UPL Limited;Upl Limited
Phenmediphame + 91 g/L +71 g/L + EC;Betanal Expert 274EC H.049-11/21;SEPCM BAYER;Bayer
Desmedipham + 112 g/L + Ethofumesate;Non spécifié H.049-11/21;SEPCM BAYER;Bayer
Pinoxaden +Florasulam 45 g/l + 5 g/l EC;Navigator H005-14.;BIOPROTECTION SYNGENTA;Syngenta
Pinoxaden +Clodinafop- 25g/l +25g/l +6.25 EC;Traxospratic H.014-15;BIOPROTECTION Syngenta;Syngenta
Pinoxaden +Clodinafop- 30g/l +30g/l +7,5 EC;Swipe H.013-15;BIOPROTECTON Syngenta;Syngenta
Pinoxaden +Cloquintocet-méxyl;Axial pratic;BIOPROTECTION;Syngenta
prometryn;gesagard 500 FW;bioprotection;syngenta crop
Propaquizafop;PRODIGE;SHARDA;SHARDA
Propyzamide;PROPYZ;AGRIPROTEC BARCLAY;CHEMICALS LTD
Propyzamide;PROPER FLO SC H.005-18;AGROSYSTEMES;Globachem
Propyzamide;CADDY SC H.016-17;RAYEN;BARCLAY PHYTAGRI CHEMICALS LTD
Prosulfocarb 80% EC;PROXER H.09-21;sharda crochem;sharda crochem
Prosulfocarb 80% EC;ROXANE EC H.036-22;COTUGRAIN;sharda crochem
Prosulfocarb 800 g/L EC;Roxy H.052-11/21;AGROSYSTEMES;GLOBACHEM
Prosulfocarb 800 g/L EC;Fidox 800 EC H.024-15;AMINCO;GLOBACHEM
Prosulfocarb 800 g/L EC;Boxer H.053-11/21;BIOPROTECTION SYNGENTA;SYNGENTA
Prosulfocarb +S- 800 g/l +120 g/l SC;Minarix 004-14H.;BIOPROTECTION SYNGENTA;SYNGENTA
Pyroxsulam 46,6 g/L OD;PRIORITY H.016-18;ATLAS AGRICOLE DOW;DOW
Pyroxsulam 46,6 g/L OD;Pallas 45 OD H.054-11/21;SEPCM;DOW
Pyroxasulfone 85 % WG;YAMATO 85 WG H.027-22;AGRIMATCO;Kumai chemical
Pyroxsulam +Florasulam 70,8 g/kg WG;Broadway H.014-18;agriprotec;DOW
Pyroxsulam +Florasulam 70,8 g/kg WG;Floramix 006-14H.;SEPCM;DOW
Pyraflufen-ethyl;VOLCAN EC;ATLAS AGRICOLE SPICAM;Agrumes:Mauvaisesherbesdicotylédonesannu
Saflufenacil;Heat;AGRIPROTEC BASF;Agrumes : Mauvaises herbes annuelles CORPORA (Graminées et Dicotylédones)
Simazine;SIMAKEY;ETS MEZGHANI INDUSTRIAL Légumineuses : mauvaises herbes;QUIMICA KEY/ Espagne
S-metolachlor;Dual gold 960 EC;AGRIPROTEC SYNGENTA;Féverole: Mauvaises herbes (dicotylédones+graminées) annuelles au stade post semis-prélevée (en post levée des adventices)
S-metolachlor;TENDER 960 EC;SOLAGRI SYNGENTA;Féverole: Mauvaises herbes (dicotylédones+graminées) annuelles au stade post semis-prélevée (en post levée des adventices)
Terbuthylazine;TERBYNE 75 WG;EL KHADRA SIPCAM;Agrumes : Mauvaises herbes annuelles INAGRA (Graminées et Dicotylédones)(prélevée ou post levée précoce)
Terbuthylazine;Terbuzine 75 WG;PROMOCHIMIE SIPCAM;Agrumes : Mauvaises herbes annuelles INAGRA (Graminées et Dicotylédones)(prélevée ou post levée précoce)
Triflusulfuron methyl;SAFARI 50 WG;SEPCM FMC;Betterave à sucre: Adventices dicotylédones annuels
Thifensulfuron-methyl 40 % + 15 % WG;Gipsy 003-14H. SANABEL AGRO ROTAM;Blés : Dicotylédones : 60 g/ha;Non spécifié
Triallate 450 g/l;CS AVADEX FACTOR CS H.025-22;ATLAS AGRICOLE GOWAN CROP;Blé dur: Mauvaises herbes graminées en post PROTECTION semis prélevée: ray grass résistant :3.6 l/ha
Tribenuron methyl + 56.3 %+ 18.7 % WG;BOMBA WG H.011-18;EL KHADRA JSC(AVGUST);Blé dur : Dicotylédones : 20 g/ha (300 à 400 l Florasulam de bouillie/ha)
Tibenuron-Methyl 75% WG;TOSCANA H.010-18;AGRIPROTEC PROPLAN;Blé dur : Dicotylédones : 30 g/ha (200 L/ha) en Post levée
Tibenuron-Methyl 75% WG;SKYLLA WDG H.012-18;AGRONOMIC ROTAM LAND AGROCHEMIC AL CO.LTD;Blé dur : Dicotylédones : 12.5 g/ha en Post levée
Tibenuron-Methyl 75% WG;Nuance 002-14H.;AGROSYSTEMES CHEMINOVA;Blé dur : Dicotylédones : 30 g/ha
Tibenuron-Methyl 75% WG;Volteo 75 WG 16-008H.;EL KHADRA AFRASA;Blé dur : Dicotylédones : 20 g/ha en post levée (NB/Indiquer sur l’étiquette : Faible action surmoutarde et ravenelle
Tibenuron-Methyl 75% WG;Tristar WG H.020-18;SANABEL AGRO Sharda Cropchem;Blé dur : Dicotylédones : 25 g/ha (300 L de bouillie/ha). En Post levée
Tibenuron-Methyl 75% WG;Granstar H.057-11/21;SEPCM DU PONT Céréales : Dicotylédones : 25 g/ha;Non spécifié
Tibenuron-Methyl 75% WG;Corida 75 WG H.088-11/21;SOCOOPEC AGRIA Céréales : Dicotylédones : 25 g/ha;Non spécifié
Tibenuron-Methyl 75% WG;Tribuneo 75 G H.015-20;SSCC AGRIA Céréales : Dicotylédones : 25 g/ha;(comm13/02/2020)
Trebuniron-methyl;SG FLAME DUO;SOLAGRI ALBAUGH;ALBAUGH
Florasulame;Non spécifié;SEPCM;AAKO
Trifluraline;EC H e r b a l i n e 480 EC;H.006-22;EL KHADRA JIANGSU
Trifluraline;EC R A L I N E 480 EC;H.021-22;EL KHADRA JIANGSU
Trifluraline;EC H E R B A S T AR 480 EC;H.011-20;AGRIPLUS JIANGSU
Trifluraline;E C F l u r a l H;H.092-11/21;Ets MEZGHANI INDUSTRIAL
Trifluraline;E C R i d a l i n e;H.082-11/21;SEPCM
Trifluraline;E C T r i f l e x H;H.006-17;STEC AAKO
2,4- D + MCPA;Weedone Plus;H.001-13/23;BIOPROTECTION NUFARM
2,4- D + MCPA;DAMEX FORTE SUPER;H.21-21;SOCOOPEC
2,4 –D EHE;C e c t r o l D S;H.18-21;agriprotec A H MARKS
2,4 D –Ester butylglycol 600 g/L;Weedone H.060-11/21;BIOPROTECTION;NUFARM
2,4 D –Ester butylglycol 600 g/L;Desormone lourd H.078-11/21;SEPCM;NUFARM
2,4-D Acide +Florasulam 300 g/L +6,25 g/L;Nikos 306 SE H.011-13/23;ATLAS AGRICOLE;DOW
2,4-D Sel d’amine 720 g/L;Dicopur 720 SL H.008-13/23;AGRIPROTEC;NUFARM
2,4-D Sel d’amine 720 g/L;Sanaphen D 720 SL H.013-13/23;ATLAS AGRICOLE;DOW
2,4-D Sel d’amine 720 g/L;Chardol 720 SL H.012-14;BIOPROTECTION;NUFARM
2,4-D Sel d’amine 720g/l;Topol H.009-15;EL KHADRA;SHARDA
2,4-D Sel d’amine 720g/l;SHARMINA 720 SL H.005-17;AGRINOVA;SHARDA
2,4-D Sel de 860g/l;Stopweeds H.011-15;SANABEL AGRO;SHARDA
2,4-D Sel de 860g/l;Amanora H.014-17;AGRIMATCO;UPL
2,4-D Sel de 860g/l;DIAMEX SL H.037-22;COTUGRAIN;UPL
2,4-D Sel de 720g/l;BLITZ 720 SL H.022-22;EL KHADRA JIANGSU;FENGSHAN GROUP
2,4-D Sel de 720g/l;BOZAR H.012-17;AGRIPLUS JIANGSU;FENGSHAN GROUP
Dicamba +2,4 – D;SL Dialen Super H.011-11/21;BIOPROTECTION SYNGENTA;SYNGENTA
2.4-D +Glyphosate;KYLEO H.011-22 EL MOUSSEM;NUFARM;NUFARM
2.4-D +Glyphosate;NUFOSATE SL H.040-22;AGRIPROTEC;NUFARM
2.4-D-ethylhexyl + 453g/l+6g/l;SE BOOSTER SE H.028-22;FERTITECH TOPAGRO;BIOSCIENCE
(E,Z,Z)-3,8,11Tetradecatrien 1-y acetate (E,Z);PHERODIS Tuta D.007-16;NUTRIPLANT KOPPERT;KOPPERT
4-methyl-5-nonanol et 4-methyl-5-nonanone Ferrolure;D.002-22 BIOPROTECTION Chemitica;BIOPROTECTION CHEMITICA;CHEMITICA
Acétate d’ammonium +Trimethylamine 33%(p/p);NUTRIPLANT SANSAN D.004-17;Agrumes : Cératite: 40 pièges/ha;NUTRIPLANT SANSAN
Esfenvalerate 0.04g/piége;PRODESING/ Installation des pièges bien avant le début de la véraison des fruits au coté Sud-Est de l’arbre à une hauteur de 1.5-2m.;NUTRIPLANT SANSAN;Sud-Est de l’arbre
Acetate d’ammonium + Trimethylamine HCl +1,4-diaminobutane (Putrescine) +DDVP .29%+20%;MERCERATITE D.006-16;Ets MEZGHANI KEY Agrumes :Cératites:40 pièges/ha;Ets MEZGHANI KEY
ACIBENZOLAR-S-METHYL 50% WG;BION 50 WG D.001-14;POIRIER : Feu bacterien : Préventif 20 g/ha avant et après la floraison et 40 g/ha pendant la floraison;AGRIPROTEC SYNGENTA
Acide Beta indolbutirique 4 g/l;SL Exuberone D.005-11/21;Pépinières fruitières, forestières et ornementales: Substance phytosanitaire : 2,5 à 100 cc/L;SEPCM
Bouturage de la vigne : Traitement.;SEPCM;Non spécifié;Non spécifié
Phytosanitaires contre la transmission des maladies du sol : Trempage prolongé 24 H dans la bouillie: 1 l/25 l;SEPCM;Non spécifié;Non spécifié
Acide chloro 4 phénoxyacétique +Naphoxy 0,75g/L+2,5 g/L;Procarpil D.013-11/21;CMPA Tomate s/serres et la 1 ère grappe florale en culture en plein air :Trait.;SEPCM
-Tomate plein champs sauf traitement de la 1 ère grappe florale: 10 cc/L;SEPCM;Non spécifié;Non spécifié
Acide gibberellique 10%;TB Gibb 3 D.001-11/21;AGROSYSTEMES GLOBACHEM;GLOBACHEM
Acide gibberellique 10%;TB Aminogibb D.008-15;AMINCO GLOBACHEM;GLOBACHEM
Acide gibberellique 40%;SG progibb 40 SG D.004-13/23;BIOPROTECTION VALENTBioscience;VALENTBioscience
Acide gibberellique 20%;ST Fitogib D.03-21;BIOPROTECTION NUFARM;NUFARM
Acide gibberellique 20%;ST GIB GRO D.005-16;BIOPROTECTION NUFARM;NUFARM
Acide gibberellique 9%;ST Giberkey D.001-15;ETS MEZGHANNI Industrial Quimica;INDUSTRIAL QUIMICA
Acide gibberellique 10%;TB Protagibb D.029-11/21;PROTAGRI United Phosphorus;UNITED PHOSPHORUS
Acide gibberellique 40%;SG Berelex 40 SG D.003-15;SEPCM CHEMICAL Agro;SEPCM CHEMICAL
Acide gibbérellique +phenothiol 0.5%+1%;FENGIB MAX EC;INAGRA SIPCAM;SIPCAM INAGRA
Acide gibbérellique +phenothiol 0.5%+1%;FENGIB EC;INAGRA SIPCAM;SIPCAM INAGRA
Alkylphenolexy-Ethylène 200 g/L;Etaldyne 95;SEPCM CMPA/Espagne;CMPA/Espagne
Aurebasidium pillulan(2 souches) :DSM 14940 +DSM 250g/kg;Blossom protect;STIMA BIO FERM;Poirier
Capsaicine +Ally Isothiocyanate 0.42 % +3.7 SI;Dazitol;EL KHADRA CHAMPION;CHEMICALS FORL
Chlormequat-chlorure 750 g/l;Stabilan750;NUFARM;AGRIPROTEC NUFARM
Chlormequat-chlorure 750 g/l;Cekwat 750;NUFARM;BIOPROTECTION NUFARM
Chlorprophame 1%;NEO STOP;PROTAGRI AGRIPHAR;PROTAGRI AGRIPHAR
Chlorprophame 500 g/L HN;Neostop 500 HN;PROTAGRI AGRIPHAR;PROTAGRI AGRIPHAR
Cyanamide d’hydrogène;SL Dormex D.018-11/21;BIOPROTECTION DEGUSSA AG;/ Vigne : Régulateur de débourrement :
Deltametrine+Acetate d’ammonium+Trimethylamine HCl+1,4diaminobutane (=Putrescine)%;Magnet Med D.004-16;NUTRIPLANT KOPPERT;Koppert B.V./ Agrumes :Cératites: 50 pièges/ha.
HCl+1,4diaminobutane (=Putrescine)%;unité+(29.8 %);2.75 g;Non spécifié
Dérivés d'acides gras végétaux +Huile de pin 286 g/l+430 EC;ACTILANDE TM EC D.02-21;SEPCM Action PIN;Syngenta
Dichloroprop-p;25 g/L EC clementgros D.04-21;SANABEL AGRO;Nufarm Agrumes : amélioration de la récolte
Formate d’Ethyl + CO2 166.7 g/kg + GA;Vapormate D.001-14;Linde Gas Tunisie;Linde Group Traitement des dattes après récolte
Huile de colza 95% EO;codacide EO D.01-21;AGRIMATCO Mirocide Ltd;Courgette :Adjuvant : 1 l/ha
Hydrolysat de Protéines 550 g/L;CeraBait D.035-11/21;EL MOUSSEM EVIE Agrumes : Cératites à la dose de;Non spécifié
Hydrolysat de Protéines+Borax 59 g/L+13/0;SC Ceratrap (en D.033-11/21;BIOPROTECTION BIOEBERICA S.A Agrumes : Cératites à la dose de;Non spécifié
piége à Keromone magnet(keromone) international;Keromone D.003-22;BIOPROTECTION Chemtica;Palmier ornemental(Phoenix canariensis)
acetate d'ethyle magnet(keromone) international;Non spécifié;Chemtica Palmier ornemental(Phoenix canariensis);Pécher : Cératites
metaldehyde 3% GR;ALDEM 3% GR D.002-17;EXCEL AGRI SHARDA;Agrumes :Limace
metaldehyde 3% GR;METAX D.003-16;DELTA AGRICOLE SHARDA;Agrumes :Limace
metaldehyde 5% GB;LIMAGRAM D.001-20;EL KHADRA SIPCAM INAGRA;Toutes cultures : Escargot, limace
metaldehyde 5% GB;Metakey D.006-11/21;ETS.MEZGHANI INDUS;QUIMICAKEY Toutes cultures : Escargot, limace
metaldehyde 5% GB;Metapro D.030-11/21;PROTAGRI United Phosphorus;Toutes cultures : Escargot, limace
metaldehyde 5% GB;GHLALA D.003-19;SANABEL AGRO UPL;Toutes cultures : Escargot, limace Comm 23/04/2019
metaldehyde 5% GB;Antilimace granule D.025-11/21;SEPCM CEQUISA S.A/UPL;Toutes cultures : Escargot, limace
metaldehyde 5% GB;Super meta D.007-11/21;STEC CEQUISA/PHOSPH TONIA, SL)/UPL;Toutes cultures : Escargot, limace
Methaldehyde;GR LIMASTOP;COTUGRAIN SHARDA;SHARDA
Methaldehyde;ESCARGOCHE;SOCOOPEC;SHARDA
Phéromones appliquée pour la confusion sexuelle de la SPLAT-EC-O;sous D.004-20;NUTRIPLANT ISCA;TECHNOLOGIES
Phéromones de la pyrale des dattes(Ectomyelois Ceratoniae);LURE CAROB D.003-20;NUTRIPLANT ISCA;ISCA TECHNOLOGIES
Polyether modified trisiloxane + polyether 75%+25%;SL BREAK THRU;ATLAS EVONIC;EVONIC
Polyoxyethylene amine;PHYDEAL SL;FERTIPLANT SDP/France;SDP/France
Prohexadione-Calcium 10%;WG Regalis;AGRIPROTEC;BASF
Proteines hydrolysées 360 g/L;BIODBAIT D.002-16;BIOPROTECTION BIOIBIRICA;BIOIBIRICA
Sodium lauryl ether sulfate (SLES);276.5 g/l SL;SL Biopower;ATLAS BAYER AG
Trichoderma harzianum T-22;1.0 x 109 WG;Trianum –P;NUTRIPLANT KOPPERT
Abamectine;20g/l SC;TERVIGO 020 SC;BIOPROTECTION SYNGENTA CROP PROTECTION
Capsaicine +Ally Isothiocyanate;0.42 % SI Dazitol;D.004-15;EL KHADRA CHAMPION
Fluopyram;400 g/l SC VELUM PRIME 400;IN.002-19;ATLAS AGRICOLE
Garlic extract;NEM guard SC;STIMA Ecospray limited;Ecospray limited
Oxamyl 10%;Vydate GR;AGRIMATCO DUPONT;Dupont
Brodifacoum 0,005% RB;Broditop R.;ETS MEZGHANI ZAPI SPA;Mezghani Zapi Spa
Brodifacoum 0,005% RB;Broditop wax block R.;ETS MEZGHANI ZAPI SPA;Mezghani Zapi Spa
Brodifacoum 0,005% RB;Klérat R.;AGRIPROTEC SYNGENTA;Syngenta
Brodifacoum 0,005% RB;Raticide detia R.;STIMA DETIA;Detia
Difenacoum 0.005 % RB;SOREXA PELLETS;AGRIPROTEC BASF;Basf
