Catégorie,Substance Active,Concentration,Formulation,Produit Commercial,Numéro Homologation,Société,Fabricant,Année,eu_overall_status,eu_match_count,eu_checked_substances,eu_matched_names,eu_status_details,eu_errors
INECTICIDE,Abamectine,1 8 g / l,E C,V e r t i m e c,I A . 0 0 3 - 1 1,BIOPROTECTION,SYNGENTA,2020,ALL_SUBSTANCES_APPROVED_IN_EU,1,Abamectine,Abamectin (aka avermectin),Abamectine:EU_APPROVED,
INECTICIDE,Abamectine,1 8 g / l,E C,Vertimec Potenza 1.8 Transact 18 EC Aakomectine,IA.003-11 IA.007-11 I.A.161-11 IA.009-11,BIOPROTECTION SANABEL AGRO TASMID STEC,SYNGENTA SINON CORPORATION ASTRACHEM AAKO BV,2020,ALL_SUBSTANCES_APPROVED_IN_EU,1,Abamectine,Abamectin (aka avermectin),Abamectine:EU_APPROVED,
INECTICIDE,Abamectine,1 8 g / l,E C,ACTROSE 18 EC,I.015-18,Ets MEZGHANI,ASTRACHEM,2020,ALL_SUBSTANCES_APPROVED_IN_EU,1,Abamectine,Abamectin (aka avermectin),Abamectine:EU_APPROVED,
INECTICIDE,Abamectine,1 8 g / l,E C,TINA EC,IA.005-11,ETS MEZGHANI,INDUSTRIAL QUIMICA KEY,2020,ALL_SUBSTANCES_APPROVED_IN_EU,1,Abamectine,Abamectin (aka avermectin),Abamectine:EU_APPROVED,
INECTICIDE,Abamectine,1 8 g / l,E C,Timectin,I.A.006- 13,COTUGRAIN IMPEX,Tide Ningbo Ltd.,2020,ALL_SUBSTANCES_APPROVED_IN_EU,1,Abamectine,Abamectin (aka avermectin),Abamectine:EU_APPROVED,
INECTICIDE,Abamectine,18g/l,EC,VALMEC EC,I.004-19,EL KHADRA,INDUSTRIAS AFRASA S.A,2020,ALL_SUBSTANCES_APPROVED_IN_EU,1,Abamectine,Abamectin (aka avermectin),Abamectine:EU_APPROVED,
INECTICIDE,Abamectine,20g/l,SC,TERVIGO 020 SC,IN.001-19,BIOPROTECTION,Syngenta Crop Protection AG,2020,ALL_SUBSTANCES_APPROVED_IN_EU,1,Abamectine,Abamectin (aka avermectin),Abamectine:EU_APPROVED,
INECTICIDE,Abamectine,84 g/L,SC,Agrimec Gold 084 SC,I.A.129-11,BIOPROTECTION,SYNGENTA,2020,ALL_SUBSTANCES_APPROVED_IN_EU,1,Abamectine,Abamectin (aka avermectin),Abamectine:EU_APPROVED,
INECTICIDE,Abamectine,18 g/L,EC,Numectin,I.A.009-16,AGRIPROTEC,NUFARM,2020,ALL_SUBSTANCES_APPROVED_IN_EU,1,Abamectine,Abamectin (aka avermectin),Abamectine:EU_APPROVED,
INECTICIDE,Abamectine,1 8 g / L,E W,D i v a 1 . 8 E W,I . A . 0 0 2 - 1 5,EL MOUSSEM AGRICOLE,CHEMINOVA,2020,ALL_SUBSTANCES_APPROVED_IN_EU,1,Abamectine,Abamectin (aka avermectin),Abamectine:EU_APPROVED,
INECTICIDE,Abamectine,1 8 g / l,E C,M E C T I N E P R O,I . 0 0 6 - 1 7,JADWA AGROTEC,AAKO BV,2020,ALL_SUBSTANCES_APPROVED_IN_EU,1,Abamectine,Abamectin (aka avermectin),Abamectine:EU_APPROVED,
INECTICIDE,Abamectin + Thiamethoxam,33.2g/L + 152.4g/L,SC,AGRI-FLEX 185 SC,I.011-17,AGRIPROTEC,SYNGENTA,2020,ALL_SUBSTANCES_APPROVED_IN_EU,1,Abamectin + Thiamethoxam,Abamectin (aka avermectin),Abamectin + Thiamethoxam:EU_APPROVED,
INECTICIDE,Abamectin + Thiamethoxam,33.2g/L + 152.4g/L,SC,SOLVIGO 185 SC,I.008-18,COTUGRAIN IMPEX,SYNGENTA,2020,ALL_SUBSTANCES_APPROVED_IN_EU,1,Abamectin + Thiamethoxam,Abamectin (aka avermectin),Abamectin + Thiamethoxam:EU_APPROVED,
INECTICIDE,Acétamipride,200 g/L,SL,Mospilan 20 SL Escort 20 SL,I.011-11 I.010-11,SEPCM BIOPROTECTION,(NIPPON SODA) ARYSTA LIFESCIENCE (NIPPON SODA) ARYSTA LIFESCIENCE,2020,ALL_SUBSTANCES_APPROVED_IN_EU,1,Acétamipride,Acetamiprid,Acétamipride:EU_APPROVED,
INECTICIDE,Acétameprid,70 %,SP,Polysect,I.004-16,SOCOOPEC,SHARDA,2020,ALL_SUBSTANCES_APPROVED_IN_EU,1,Acétameprid,Acetamiprid,Acétameprid:EU_APPROVED,
INECTICIDE,Acétameprid,70 %,SP,ACETADE FORT,I.009-17,SANABEL Agro,SHARDA CROPCHEM,2020,ALL_SUBSTANCES_APPROVED_IN_EU,1,Acétameprid,Acetamiprid,Acétameprid:EU_APPROVED,
INECTICIDE,Acrinathrine,75 g/L,EW,"Rufast 7,5 EW",A.013-11,EL MOUSSEM AGRICOLE,CHEMINOVA,2020,CONTAINS_NOT_APPROVED_SUBSTANCE_IN_EU,1,Acrinathrine,Acrinathrin,Acrinathrine:EU_NOT_APPROVED,
INECTICIDE,Acrinathrine,75 g/L,EW,Orytis,I.135-11,ATLAS AGRICOLE,CHEMINOVA,2020,CONTAINS_NOT_APPROVED_SUBSTANCE_IN_EU,1,Acrinathrine,Acrinathrin,Acrinathrine:EU_NOT_APPROVED,
INECTICIDE,Acrinathrine + Abamectine,22.5 g/l+ 12.6 g/l,EW,TRIPSOL EW,I.010-19,AGROSYSTEME,cheminova,2020,ALL_SUBSTANCES_APPROVED_IN_EU,1,Acrinathrine + Abamectine,Abamectin (aka avermectin),Acrinathrine + Abamectine:EU_APPROVED,
INECTICIDE,Alphaméthrine,1 0 0 g / L,E C,B e stox Bonbard,I.014-11 I.176-11,SEPCM COTUGRAIN IMPEX,FMC BASF,2020,NOT_FOUND_OR_NEEDS_MANUAL_REVIEW,0,Alphaméthrine,,Alphaméthrine:NOT_IN_EU_LIST,
INECTICIDE,Ametoctradine,200 g/l,SC,SNOOKER SC,F.003-19,STIMA,BASF,2020,ALL_SUBSTANCES_APPROVED_IN_EU,1,Ametoctradine,Ametoctradin,Ametoctradine:EU_APPROVED,
INECTICIDE,Azadirachtine,32 g/L,EC,Oïkos EC Fortune AZA,I.019-11 I.017-11,INNOVA EL KHADRA,NUFARM AFRASA,2020,ALL_SUBSTANCES_APPROVED_IN_EU,1,Azadirachtine,Azadirachtin (Margosa extract),Azadirachtine:EU_APPROVED,
INECTICIDE,Azadirachtine,32 g/L,EC,Oïkos EC Azar Fortune AZA,I.019-11 I.018-11 I.017-11,INNOVA ETS MEZGHANI EL KHADRA,NUFARM IND.QUIMICA KEY AFRASA,2020,ALL_SUBSTANCES_APPROVED_IN_EU,1,Azadirachtine,Azadirachtin (Margosa extract),Azadirachtine:EU_APPROVED,
INECTICIDE,"Azadirachtine (0,03 %) + 90,5% huile de neem","0 ,3 g/L",EC,Nimbicidine,I.160-11,TASMID,T. STANES & Co.Ltd.,2020,NOT_FOUND_OR_NEEDS_MANUAL_REVIEW,1,Azadirachtine (0 | PERCENT ) + 90 | PERCENT huile de neem,Azadirachtin (Margosa extract),Azadirachtine (0:EU_APPROVED | PERCENT ) + 90:NOT_IN_EU_LIST | PERCENT huile de neem:NOT_IN_EU_LIST,
INECTICIDE,Azadirachtine,32 g/L,EC,OIKOS MAX,I.004-20,EL KHADRA,SIPCAM INAGRA,2020,ALL_SUBSTANCES_APPROVED_IN_EU,1,Azadirachtine,Azadirachtin (Margosa extract),Azadirachtine:EU_APPROVED,
INECTICIDE,Bacillus thuringiensis Bacillus thuringiensis,1 6 0 0 0 UI/mg,W P,D i p e l P . M Ecotech-BIO,I.023-11 I.024-11,BIOPROTECTION EL MOUSSEM AGRICOLE,VALENT BIOSCIENCE CORPORATION YPSILON S.A,2020,ALL_SUBSTANCES_APPROVED_IN_EU,1,Bacillus thuringiensis Bacillus thuringiensis,Bacillus thuringiensis subsp. Kurstaki strain EG2348,Bacillus thuringiensis Bacillus thuringiensis:EU_APPROVED,
INECTICIDE,Bacillus thuringiensis Bacillus thuringiensis,1 6 0 0 0 UI/mg,W P,Bactospeine 16000,I.027-11,SEPCM,VALENT BIOSCIENCE CORPORATION,2020,ALL_SUBSTANCES_APPROVED_IN_EU,1,Bacillus thuringiensis Bacillus thuringiensis,Bacillus thuringiensis subsp. Kurstaki strain EG2348,Bacillus thuringiensis Bacillus thuringiensis:EU_APPROVED,
INECTICIDE,Bacillus thuringiensis Bacillus thuringiensis,1 6 0 0 0 UI/mg,W P,Dipel PM Ecotech-Bio Bactospeine 16000,I.023-11 I.024-11 I.027-11,BIOPROTECTION EL MOUSSEM AG SEPCM,VALENT BIOSCIENCE CORPORATION YPSILON S.A VALENT BIOSCIENCE CORPORATION,2020,ALL_SUBSTANCES_APPROVED_IN_EU,1,Bacillus thuringiensis Bacillus thuringiensis,Bacillus thuringiensis subsp. Kurstaki strain EG2348,Bacillus thuringiensis Bacillus thuringiensis:EU_APPROVED,
INECTICIDE,"Bacillus thuringiensis (sp Kurstaki),souche ABTS- 351",32000 UI/MG,WG,BACTOSPINE DF,I.017-19,SEPCM,VALENT BIOSCIENCE CORPORATION,2020,NOT_FOUND_OR_NEEDS_MANUAL_REVIEW,1,Bacillus thuringiensis (sp Kurstaki) | souche ABTS- 351,Bacillus thuringiensis subsp. Kurstaki strain EG2348,Bacillus thuringiensis (sp Kurstaki):EU_APPROVED | souche ABTS- 351:NOT_IN_EU_LIST,
INECTICIDE,Bacillus thuringiensis,32000UI/mg,WG,Delfin WG,I.131-11,AGROSYSTEMES,CERTIS,2020,ALL_SUBSTANCES_APPROVED_IN_EU,1,Bacillus thuringiensis,Bacillus thuringiensis subsp. Kurstaki strain EG2348,Bacillus thuringiensis:EU_APPROVED,
INECTICIDE,Bifenazate,240 g/l,SC,FLORAMITE 240 SC,I.008-16,AGRIMATCO,CHEMTURA/ARYSTA,2020,ALL_SUBSTANCES_APPROVED_IN_EU,1,Bifenazate,Bifenazate,Bifenazate:EU_APPROVED,
INECTICIDE,Bifenazate,"494,8 g/L",SC,Acramite 480 SC,IA.030-11,SEPCM,CHEMTURA,2020,ALL_SUBSTANCES_APPROVED_IN_EU,1,Bifenazate,Bifenazate,Bifenazate:EU_APPROVED,
INECTICIDE,Bifenazate,50%,WG,BANTER WG,I.003-19,AGRIPROTEC,UPL limited,2020,ALL_SUBSTANCES_APPROVED_IN_EU,1,Bifenazate,Bifenazate,Bifenazate:EU_APPROVED,
INECTICIDE,Borax,10 g/L,SL,Prev-am Orotun,I.A.F.031-11 I.A.F.017-16,EL MOUSSEM RAYEN PHYTAGRI,ORO AGRI ORO AGRI,2020,NOT_FOUND_OR_NEEDS_MANUAL_REVIEW,0,Borax,,Borax:NOT_IN_EU_LIST,
INECTICIDE,Chlorantraniliprole,200 G/L,SC,Coragen 20 SC,I.033-11,SEPCM,DU PONT,2020,ALL_SUBSTANCES_APPROVED_IN_EU,1,Chlorantraniliprole,Chlorantraniliprole,Chlorantraniliprole:EU_APPROVED,
INECTICIDE,Chlorantraniliprole + Abamectine,45 g/L +18g/L,SC,Voliam Targo 063 SC,I.034-11,BIOPROTECTION,SYNGENTA,2020,ALL_SUBSTANCES_APPROVED_IN_EU,1,Chlorantraniliprole + Abamectine,Chlorantraniliprole,Chlorantraniliprole + Abamectine:EU_APPROVED,
INECTICIDE,Chlorantraniliprole + LambdaCyhalothrine,100 g/L+ 50 g/L,SC,Ampligo 150 ZC,I.174-11,AGRIPROTEC,SYNGENTA/,2020,ALL_SUBSTANCES_APPROVED_IN_EU,1,Chlorantraniliprole + LambdaCyhalothrine,Chlorantraniliprole,Chlorantraniliprole + LambdaCyhalothrine:EU_APPROVED,
INECTICIDE,Chlorantraniliprole + LambdaCyhalothrine,100 g/L+ 50 g/L,SC,BESIEGE 150 ZC,I.009-18,COTUGRAIN IMPEX,SYNGENTA,2020,ALL_SUBSTANCES_APPROVED_IN_EU,1,Chlorantraniliprole + LambdaCyhalothrine,Chlorantraniliprole,Chlorantraniliprole + LambdaCyhalothrine:EU_APPROVED,
INECTICIDE,Chlorantraniliprole + Thiamethoxam,100 g/L + 200 g/L,SC,Illicos Flexi 300 SC,I.035-11,EL MOUSSEM AGRICOLE,SYNGENTA,2020,ALL_SUBSTANCES_APPROVED_IN_EU,1,Chlorantraniliprole + Thiamethoxam,Chlorantraniliprole,Chlorantraniliprole + Thiamethoxam:EU_APPROVED,
INECTICIDE,Chlorantraniliprole + Thiamethoxam,100 g/L + 200 g/L,SC,DURIVO,I.006-18,SOLAGRI,SYNGENTA,2020,ALL_SUBSTANCES_APPROVED_IN_EU,1,Chlorantraniliprole + Thiamethoxam,Chlorantraniliprole,Chlorantraniliprole + Thiamethoxam:EU_APPROVED,
INECTICIDE,Chlorpyriphos Ethyl,5%,GR,Duracid 5G Lorvek 5 G,I.157-11 I.014-13,SEPCM ATLAS AGRICOLE,Dow Agrscience Dow Agroscience,2020,CONTAINS_NOT_APPROVED_SUBSTANCE_IN_EU,1,Chlorpyriphos Ethyl,Chlorpyrifos,Chlorpyriphos Ethyl:EU_NOT_APPROVED,
INECTICIDE,Chlorpyriphos Ethyl,5%,GR,DURSBAN 5G (NouvelleD.C de LORSBAN 5G),I.156-11,INNOVA,Dow Agrosciences,2020,CONTAINS_NOT_APPROVED_SUBSTANCE_IN_EU,1,Chlorpyriphos Ethyl,Chlorpyrifos,Chlorpyriphos Ethyl:EU_NOT_APPROVED,
INECTICIDE,Chlorpyri phos Ethyl,5%,GR,DELFOS 5G,I.038-11,ETS MEZGHANI,INDUSTRIAL QUIMICA KEY,2020,CONTAINS_NOT_APPROVED_SUBSTANCE_IN_EU,1,Chlorpyri phos Ethyl,Chlorpyrifos,Chlorpyri phos Ethyl:EU_NOT_APPROVED,
INECTICIDE,Chlorpyriphos Ethyl,4 8 0 g / L,E C,P y r i c a l 4 8 0 EC,I.039-11,BIOPROTECTION,ARYSTA LIFESCIENCE,2020,CONTAINS_NOT_APPROVED_SUBSTANCE_IN_EU,1,Chlorpyriphos Ethyl,Chlorpyrifos,Chlorpyriphos Ethyl:EU_NOT_APPROVED,
INECTICIDE,Chlorpyriphos Ethyl,4 8 0 g / L,E C,Delfos Duracid Fostan Dursban 4 E Robust 480 EC Akofos 480 EC Super Chlorpy Lorvek 480 EC,I.040-11 I.042-11 I.137-11 I.144-11 I.159-11 I.172-11 I.163-11 I.006-14,ETS MEZGHANI STEC COTUGRAIN INNOVA ATLAS INDUSTRIE SEPCM EL MOUSSEM ATLAS AGRICOLE,INDUSTRIAL QUIMICA KEY DOW AGROSCIENCES ALCOTAN DOW AGROSCIENCES COROMANDEL AAKO/ PAYS BAS GHARDA CHEMICALS/ DOW AGROSCIENCES,2020,CONTAINS_NOT_APPROVED_SUBSTANCE_IN_EU,1,Chlorpyriphos Ethyl,Chlorpyrifos,Chlorpyriphos Ethyl:EU_NOT_APPROVED,
INECTICIDE,Chlorpyriphos ethyl,480g/l,EC,Starphos,I.003-16,SOCOOPEC,SHARDA,2020,CONTAINS_NOT_APPROVED_SUBSTANCE_IN_EU,1,Chlorpyriphos ethyl,Chlorpyrifos,Chlorpyriphos ethyl:EU_NOT_APPROVED,
INECTICIDE,Chlorpyriphos ethyl,480g/l,EC,BONSOL,I.014-19,COTUGRAIN,SHARDA,2020,CONTAINS_NOT_APPROVED_SUBSTANCE_IN_EU,1,Chlorpyriphos ethyl,Chlorpyrifos,Chlorpyriphos ethyl:EU_NOT_APPROVED,
INECTICIDE,Chlorpyriphos ethyl,480g/l,EC,PYRIFOS,I.016-19,FERTITECH,SHARDA,2020,CONTAINS_NOT_APPROVED_SUBSTANCE_IN_EU,1,Chlorpyriphos ethyl,Chlorpyrifos,Chlorpyriphos ethyl:EU_NOT_APPROVED,
INECTICIDE,Chlorpyriphos ethyl,480g/l,EC,CASTEL 48 EC,I.007-17,AGRONOMIC Land,SHARDA,2020,CONTAINS_NOT_APPROVED_SUBSTANCE_IN_EU,1,Chlorpyriphos ethyl,Chlorpyrifos,Chlorpyriphos ethyl:EU_NOT_APPROVED,
INECTICIDE,Chlorpyriphos ethyl,480g/l,EC,Charter,I.007-16,SANABEL AGRO,SINON CORPORATION,2020,CONTAINS_NOT_APPROVED_SUBSTANCE_IN_EU,1,Chlorpyriphos ethyl,Chlorpyrifos,Chlorpyriphos ethyl:EU_NOT_APPROVED,
INECTICIDE,Chlorpyriphos-Méthyl,400 g/L,EC,Reldan 40 EC,I.145-11,INNOVA,DOW AGROSCIENCES,2020,CONTAINS_NOT_APPROVED_SUBSTANCE_IN_EU,1,Chlorpyriphos-Méthyl,Chlorpyrifos-methyl,Chlorpyriphos-Méthyl:EU_NOT_APPROVED,
INECTICIDE,Chlorpyriphos-Méthyl,400 g/L,EC,EXAQ EC,I.008-17,ATLAS AGRICOLE,DOW AGROSCIENCES,2020,CONTAINS_NOT_APPROVED_SUBSTANCE_IN_EU,1,Chlorpyriphos-Méthyl,Chlorpyrifos-methyl,Chlorpyriphos-Méthyl:EU_NOT_APPROVED,
INECTICIDE,Chorpyriphos + Gamma –cyhalothrin,300 g/l + 10 g/l,EC,BOLTON EC,I.009-19,AGRIPROTEC,CHEMINOVA,2020,CONTAINS_NOT_APPROVED_SUBSTANCE_IN_EU,1,Chorpyriphos + Gamma –cyhalothrin,Cyhalothrin,Chorpyriphos + Gamma –cyhalothrin:EU_NOT_APPROVED,
INECTICIDE,Chromafénozide,5 0 g / L,EC,Matric,I.044-11,BIOPROTECTION,ARYSTA LIFESCIENCE,2020,CONTAINS_NOT_APPROVED_SUBSTANCE_IN_EU,1,Chromafénozide,Chromafenozide,Chromafénozide:EU_NOT_APPROVED,
INECTICIDE,Clofentezine,500 g/L,SC,Apollo 50,A.045-11,STEC,AAKO BV,2020,CONTAINS_NOT_APPROVED_SUBSTANCE_IN_EU,1,Clofentezine,Clofentezine,Clofentezine:EU_NOT_APPROVED,
INECTICIDE,Cyantraniliprole,100 G/L,OD,Benevia,I.014-16,AGRIMATCO,DU PONT,2020,ALL_SUBSTANCES_APPROVED_IN_EU,1,Cyantraniliprole,Cyantraniliprole,Cyantraniliprole:EU_APPROVED,
INECTICIDE,Cyperméthrine,2 5 0 g / L,E C,C y p e r c a l 2 5 0 E C,I.046-11,BIOPROTECTION,ARYSTA LIFESCIENCE,2020,ALL_SUBSTANCES_APPROVED_IN_EU,1,Cyperméthrine,Cypermethrin,Cyperméthrine:EU_APPROVED,
INECTICIDE,Cypermethrine,250 g/L,EC,SYNCHRO,I.004-15,EL KHADRA,SHARDA WORLDWIDE,2020,ALL_SUBSTANCES_APPROVED_IN_EU,1,Cypermethrine,Cypermethrin,Cypermethrine:EU_APPROVED,
INECTICIDE,Cypermethrine,250 g/L,EC,CYPERFAN 25 EC,I.004-17,FERTIPLANT,SHARDA WORLDWIDE,2020,ALL_SUBSTANCES_APPROVED_IN_EU,1,Cypermethrine,Cypermethrin,Cypermethrine:EU_APPROVED,
INECTICIDE,Cyperméthrine,100 g/L,EC,Cymbush 10 Selene Cirtan EC Sherpa,I.047-11 I.048-11 I.138-11 I.146-11,AGRIPROTEC ETS. MEZGHANI COTUGRAIN IMPEX JADWA AGROTEC,PROBELTE INDUSTRIAL QUIMICA KEY ALCOTAN CMPA,2020,ALL_SUBSTANCES_APPROVED_IN_EU,1,Cyperméthrine,Cypermethrin,Cyperméthrine:EU_APPROVED,
INECTICIDE,Cypermethrine,0.86 %,MG,Belem 0.8 MG,002-16 I.,SEPCM,SBM FORMULATION,2020,ALL_SUBSTANCES_APPROVED_IN_EU,1,Cypermethrine,Cypermethrin,Cypermethrine:EU_APPROVED,
INECTICIDE,Cypermethrine,100 g/l,EC,CYRUX,I.003-17,PROTAGRI,UPL,2020,ALL_SUBSTANCES_APPROVED_IN_EU,1,Cypermethrine,Cypermethrin,Cypermethrine:EU_APPROVED,
INECTICIDE,Cyromazine,7 5 %,W P,T r i g a r d,I.050-11,BIOPROTECTION,SYNGENTA,2020,CONTAINS_NOT_APPROVED_SUBSTANCE_IN_EU,1,Cyromazine,Cyromazine,Cyromazine:EU_NOT_APPROVED,
INECTICIDE,Deltaméthrine,2 5 g / L,E C,D e l t a Decis EC 25 Deltacal Fruithrine,I.055-11 I.054-11 I.053-11 I.166-11,STEC EL MOUSSEM AGRICOLE BIOPROTECTION PROTAGRI,BAYER CROPSCIENCE BAYER CROPSCIENCE ARYSTA LIFESCIENCE United Phosphorus Ltd,2020,ALL_SUBSTANCES_APPROVED_IN_EU,1,Deltaméthrine,Deltamethrin,Deltaméthrine:EU_APPROVED,
INECTICIDE,Deltamethrine,25 g/l,EC,Sergent,I.006-15,SOCOOPEC,SHARDA WORLDWIDE,2020,ALL_SUBSTANCES_APPROVED_IN_EU,1,Deltamethrine,Deltamethrin,Deltamethrine:EU_APPROVED,
INECTICIDE,Deltamethrine,25 g/l,EC,Delmitox,16-011I.,SANABEL AGRO,SHARDA CROPCHEM,2020,ALL_SUBSTANCES_APPROVED_IN_EU,1,Deltamethrine,Deltamethrin,Deltamethrine:EU_APPROVED,
INECTICIDE,Deltamethrine,25 g/l,EC,Dextra 25 EC,16-016I.,RAYEN PHYTAGRI,TAGROS CHEMICALS,2020,ALL_SUBSTANCES_APPROVED_IN_EU,1,Deltamethrine,Deltamethrin,Deltamethrine:EU_APPROVED,
INECTICIDE,Deltamethrine,25 g/l,EC,SCATTO EC,I.013-19,STIMA,ISAGRO SPA,2020,ALL_SUBSTANCES_APPROVED_IN_EU,1,Deltamethrine,Deltamethrin,Deltamethrine:EU_APPROVED,
INECTICIDE,Deltamethrine,25 g/l,EC,D66,I.003-15,ETS MEZGHANNI,INDUSTRIAL QUIMICA KEY,2020,ALL_SUBSTANCES_APPROVED_IN_EU,1,Deltamethrine,Deltamethrin,Deltamethrine:EU_APPROVED,
INECTICIDE,Deltamethrine,15 g/l,EC,Atrium,16-012I.,SANABEL AGRO,ROTAM AGROCHEMICALS,2020,ALL_SUBSTANCES_APPROVED_IN_EU,1,Deltamethrine,Deltamethrin,Deltamethrine:EU_APPROVED,
INECTICIDE,Deltaméthrine,1 0 0 g/L,EC,Decis Expert,I.056-11,ATLAS AGRICOLE,BAYER CROPSCIENCE,2020,ALL_SUBSTANCES_APPROVED_IN_EU,1,Deltaméthrine,Deltamethrin,Deltaméthrine:EU_APPROVED,
INECTICIDE,Diafenthiuron,5 0 0 g / L,S C,P e g a s u s 500 SC,I.057-11,BIOPROTECTION,SYNGENTA,2020,CONTAINS_NOT_APPROVED_SUBSTANCE_IN_EU,1,Diafenthiuron,Diafenthiuron,Diafenthiuron:EU_NOT_APPROVED,
INECTICIDE,Diflubenzuron,5 0 0 g / L,S C,Dimilin,I.058-11,STEC,CHEMTURA AGRO SOLUTIONS,2020,CONTAINS_NOT_APPROVED_SUBSTANCE_IN_EU,1,Diflubenzuron,Diflubenzuron,Diflubenzuron:EU_NOT_APPROVED,
INECTICIDE,Diméthoate,4 0 0 g / L,E C,B i o m a t Perfecthion Daphene fort Phytoate,I.059-11 I.062-11 I.061-11 I.009-15,BIOPROTECTION STIMA SEPCM STEC,ARYSTA LIFESCIENCE BASF CHEMINOVA /FMC CHEMINOVA,2020,CONTAINS_NOT_APPROVED_SUBSTANCE_IN_EU,1,Diméthoate,Dimethoate,Diméthoate:EU_NOT_APPROVED,
INECTICIDE,Diméthoate,4 0 0 g / L,E C,D i m e t h o n,I.060-11,ETS MEZGHANI,INDUST. QUIMICA KEY,2020,CONTAINS_NOT_APPROVED_SUBSTANCE_IN_EU,1,Diméthoate,Dimethoate,Diméthoate:EU_NOT_APPROVED,
INECTICIDE,Emamectin benzoate,5%,SG,Proclaim 05 SG,I.063-11,BIOPROTECTION,SYNGENTA,2020,ALL_SUBSTANCES_APPROVED_IN_EU,1,Emamectin benzoate,Emamectin,Emamectin benzoate:EU_APPROVED,
INECTICIDE,Emamectin benzoate,50 g/L,EC,Proact 50 EC,I.128-11,TASMID,ASTRACHEM,2020,ALL_SUBSTANCES_APPROVED_IN_EU,1,Emamectin benzoate,Emamectin,Emamectin benzoate:EU_APPROVED,
INECTICIDE,Etofenprox,300 g/l,EC,TREBON EC,I.012-19,ATLAS AGRICOLE,SIPCAM INAGRA S.S,2020,ALL_SUBSTANCES_APPROVED_IN_EU,1,Etofenprox,Etofenprox,Etofenprox:EU_APPROVED,
INECTICIDE,Etoxazole Famille chimique : oxazolines,110g/l,SC,Borneo 10 SC,I.A.017-17,BIOPROTECTION,SUMITOMO CHEMICHAL AGRO EUROPE S.A.S,2020,ALL_SUBSTANCES_APPROVED_IN_EU,1,Etoxazole Famille chimique : oxazolines,Etoxazole,Etoxazole Famille chimique : oxazolines:EU_APPROVED,
INECTICIDE,Farnesol + Nerolidol + Geraniol,"1,6 g/L + 4 g/L + 4 g/L",EC,Killmite,IA.064-11,BIOPROTECTION,ARYSTA LIFESCIENCE,2020,ALL_SUBSTANCES_APPROVED_IN_EU,1,Farnesol + Nerolidol + Geraniol,Geraniol,Farnesol + Nerolidol + Geraniol:EU_APPROVED,
INECTICIDE,Fenazaquin,200 g/L,SC,Pride 200,A.158-11,INNOVA,GOWAN Espagne,2020,ALL_SUBSTANCES_APPROVED_IN_EU,1,Fenazaquin,Fenazaquin,Fenazaquin:EU_APPROVED,
INECTICIDE,Fenazaquin,200 g/L,SC,MAGISTER,A.I.003-20,SEPCM,GOWAN Espagne,2020,ALL_SUBSTANCES_APPROVED_IN_EU,1,Fenazaquin,Fenazaquin,Fenazaquin:EU_APPROVED,
INECTICIDE,Fenoxycarbe,25%,WG,Insegar 25 WG Hagar,I.066-11 I.065-11,EL MOUSSEM AGROSYSTEMES,SYNGENTA GLOBACHEM,2020,CONTAINS_NOT_APPROVED_SUBSTANCE_IN_EU,1,Fenoxycarbe,Fenoxycarb,Fenoxycarbe:EU_NOT_APPROVED,
INECTICIDE,Fenoxycarb + Lufenuron,75 g/L + 30 g/L,EC,Lufox 105 EC,I.067-11,BIOPROTECTION,SYNGENTA,2020,CONTAINS_NOT_APPROVED_SUBSTANCE_IN_EU,1,Fenoxycarb + Lufenuron,Lufenuron,Fenoxycarb + Lufenuron:EU_NOT_APPROVED,
INECTICIDE,Fenpyroximate,5 0 g / L,S C,M i t a cid,I.010-15,INNOVA,SIPCAM INAGRA (ancient fabricant: NIHON NOHYAKU Co. Ltd),2020,ALL_SUBSTANCES_APPROVED_IN_EU,1,Fenpyroximate,Fenpyroximate,Fenpyroximate:EU_APPROVED,
INECTICIDE,Fenpyroximate,5 0 g / L,S C,F L A SH UM,I.012-18,EL KHADRA,SIPCAM INAGRA (ancient fabricant: NIHON NOHYAKU Co. Ltd),2020,ALL_SUBSTANCES_APPROVED_IN_EU,1,Fenpyroximate,Fenpyroximate,Fenpyroximate:EU_APPROVED,
INECTICIDE,Flubendiamide,2 0 %,WG,Takumi 20 WG,I.070-11,EL MOUSSEM AGRICOLE,NIHON NOHYAKU Co. Ltd / SUMMIT AGRO INTERNATIONAL,2020,CONTAINS_NOT_APPROVED_SUBSTANCE_IN_EU,1,Flubendiamide,Flubendiamide,Flubendiamide:EU_NOT_APPROVED,
INECTICIDE,Flufénoxuron,1 0 0 g / L,EC,Qatar,I.071-11,AGROSYSTEMES,GLOBACHEM,2020,CONTAINS_NOT_APPROVED_SUBSTANCE_IN_EU,1,Flufénoxuron,Flufenoxuron,Flufénoxuron:EU_NOT_APPROVED,
INECTICIDE,Fluopyram,400 g/l,SC,VELUM PRIME 400 SC,IN.002-19,ATLAS AGRICOLE,BAYER AG,2020,ALL_SUBSTANCES_APPROVED_IN_EU,1,Fluopyram,Fluopyram,Fluopyram:EU_APPROVED,
INECTICIDE,Flupyradifurone,200g/l,SL,SIVANTO PRIME 200 SL,I. 016-17,ATLAS AGRICOLE,Bayer A.G,2020,ALL_SUBSTANCES_APPROVED_IN_EU,1,Flupyradifurone,Flupyradifurone,Flupyradifurone:EU_APPROVED,
INECTICIDE,Gamma-cyhalothrine,60 g/l,CS,Vantex,16-018I.,AGROSYSTEMES,FMC,2020,CONTAINS_NOT_APPROVED_SUBSTANCE_IN_EU,1,Gamma-cyhalothrine,Gamma-cyhalothrin,Gamma-cyhalothrine:EU_NOT_APPROVED,
INECTICIDE,Helicoverpa armigera nucleopolyhedrovirus,7.5 1012 cfu/l,SC,BOLLDEX SC,I.010-17,ALOHA Agriculture,ANDERMATT BIOCONTROL,2020,ALL_SUBSTANCES_APPROVED_IN_EU,1,Helicoverpa armigera nucleopolyhedrovirus,Helicoverpa armigera nucleopolyhedrovirus (HearNPV),Helicoverpa armigera nucleopolyhedrovirus:EU_APPROVED,
INECTICIDE,Hexythiazox,10%,WP,Cesar Diablo,I.A.075-11 I.A.175-11,EL MOUSSEM AGRICOLE EL KHADHRA,"NIPPON SODA CO., LTD INDUSTRIAS AFRAZA",2020,ALL_SUBSTANCES_APPROVED_IN_EU,1,Hexythiazox,Hexythiazox,Hexythiazox:EU_APPROVED,
INECTICIDE,Hexythiazox,10%,WP,Jalisco,IA.010-16,AGRIPROTEC,PROPLANT,2020,ALL_SUBSTANCES_APPROVED_IN_EU,1,Hexythiazox,Hexythiazox,Hexythiazox:EU_APPROVED,
INECTICIDE,Hexythiazox,10%,WP,Exitox,11-177I.A.,Ets MEZGHANI,INDUSTRIAL QUIMICA KEY,2020,ALL_SUBSTANCES_APPROVED_IN_EU,1,Hexythiazox,Hexythiazox,Hexythiazox:EU_APPROVED,
INECTICIDE,Huile minérale,8 5 0 g / L,E C,C i t r o l e Plant oil Spray OIL 7 E SunOIL AgroHuile,I.076-11 I.149-11 I.150-11 I.008-13 I.009-13,EL MOUSSEM AGRICOLE STE EL KHADRA INNOVA AGRIMATCO AGROSYSTEMES,TOTAL FLUIDES INDUSTRIAS AFRASA PETRONAS LUBRICANTS BELGIUM NV PETRONAS LUBRICANTS BELGIUM NV PETRONAS LUBRICANTS BELGIUM NV,2020,NOT_FOUND_OR_NEEDS_MANUAL_REVIEW,0,Huile minérale,,Huile minérale:NOT_IN_EU_LIST,
INECTICIDE,Huile minérale,8 5 0 g / L,E C,PetrOil,I005-17,SOCOOPEC,PETRONAS LUBRICANTS,2020,NOT_FOUND_OR_NEEDS_MANUAL_REVIEW,0,Huile minérale,,Huile minérale:NOT_IN_EU_LIST,
INECTICIDE,Huile minérale,8 5 0 g / L,E C,O v i p h y t,I.127-11,ATLAS INDUSTRIE,COMPTOIR COMMERCIAL DES LUBRIFIANTS,2020,NOT_FOUND_OR_NEEDS_MANUAL_REVIEW,0,Huile minérale,,Huile minérale:NOT_IN_EU_LIST,
INECTICIDE,HUILE MINERALE,830 g/l,EC,Insecticida KEY,I.001-14,ETS MEZGHANI,Industrial Quimica Key,2020,NOT_FOUND_OR_NEEDS_MANUAL_REVIEW,0,HUILE MINERALE,,HUILE MINERALE:NOT_IN_EU_LIST,
INECTICIDE,Huile essentielle de thym (thymol),81.87 g/l,EW,NOPATH EW,F.006-19,NUTRIPLANT,KOPPERT BIOLOGICAL SYSTEM,2020,NOT_FOUND_OR_NEEDS_MANUAL_REVIEW,0,Huile essentielle de thym (thymol),,Huile essentielle de thym (thymol):NOT_IN_EU_LIST,
INECTICIDE,Imidaclopride,2 0 0 g / L,S L,C o n f i d o r Spector SL Duloc Bazooka Nuprid Protador Erazer Akopride,I . 0 8 3 - 1 1 I.077-11 I.078-11 I.079-11 I.081-11 I.164-11 I.015-15 I.140-11,P R O M O C H I M I E ATLAS AGRICOLE AGRIPROTEC AGROSYSTEMES BIOPROTECTION PROTAGRI AMINCO Jadwa Agrotec,BAYER CROPSCIENCE BAYER CROPSCIENCE PROPLAN GLOBACHEM NUFARM SA United Phosphous Ltd GLOBACHEM AAKO BV,2020,CONTAINS_NOT_APPROVED_SUBSTANCE_IN_EU,1,Imidaclopride,Imidacloprid,Imidaclopride:EU_NOT_APPROVED,
INECTICIDE,Imidaclopride,200 g/L,S L,P R I S M A S L,I . 0 8 2 - 1 1,E T S M E Z G H A N I,I N D U S T R I A L Q U I M I CA KEY,2020,CONTAINS_NOT_APPROVED_SUBSTANCE_IN_EU,1,Imidaclopride,Imidacloprid,Imidaclopride:EU_NOT_APPROVED,
INECTICIDE,Imidaclopride,7 0 %,W G,S p e c t o r 70 WG,I.080-11,ATLAS AGRICOLE,BAYER CROPSCIENCE,2020,CONTAINS_NOT_APPROVED_SUBSTANCE_IN_EU,1,Imidaclopride,Imidacloprid,Imidaclopride:EU_NOT_APPROVED,
INECTICIDE,Imidaclopride,70%,WG,IMIGO 70 WG,I.011-19,AGRIMATCO,United Phosphorus Limited,2020,CONTAINS_NOT_APPROVED_SUBSTANCE_IN_EU,1,Imidaclopride,Imidacloprid,Imidaclopride:EU_NOT_APPROVED,
INECTICIDE,Imidaclopride,200 g/L,OD,Confidor 200 OD,I.085-11,PROMOCHIMIE,BAYER CROPSCIENCE,2020,CONTAINS_NOT_APPROVED_SUBSTANCE_IN_EU,1,Imidaclopride,Imidacloprid,Imidaclopride:EU_NOT_APPROVED,
INECTICIDE,Imidachlopride,35%,SC,Midash 350 SC,I.005-16,COTUGRAIN IMPEX,SHARDA,2020,NOT_FOUND_OR_NEEDS_MANUAL_REVIEW,0,Imidachlopride,,Imidachlopride:NOT_IN_EU_LIST,
INECTICIDE,Imidachlopride,700g/kg,WG,Finito WG,I.006-16,EL KHADRA,SHARDA,2020,NOT_FOUND_OR_NEEDS_MANUAL_REVIEW,0,Imidachlopride,,Imidachlopride:NOT_IN_EU_LIST,
INECTICIDE,Imidaclopride + lambda- cyhalothrine,150 g/l + 50 g/l,SC,Borey SC,I.005-15,EL KHADRA,Avgust Crop Protection,2020,CONTAINS_NOT_APPROVED_SUBSTANCE_IN_EU,1,Imidaclopride + lambda- cyhalothrine,Imidacloprid,Imidaclopride + lambda- cyhalothrine:EU_NOT_APPROVED,
INECTICIDE,Imidaclopride + lambda- cyhalothrine,160 g/l + 120 g/l,SC,Kilter,16-010I.,BIOPROTECTION,NUFARM,2020,CONTAINS_NOT_APPROVED_SUBSTANCE_IN_EU,1,Imidaclopride + lambda- cyhalothrine,Imidacloprid,Imidaclopride + lambda- cyhalothrine:EU_NOT_APPROVED,
INECTICIDE,Imidachlopride + Lambda cyalothrine,300g/l + 75g/l,SC,JUDOKA GOLD,I. 015-17,SANABEL AGRO,ROTAM AGOCHEMICALS,2020,NOT_FOUND_OR_NEEDS_MANUAL_REVIEW,0,Imidachlopride + Lambda cyalothrine,,Imidachlopride + Lambda cyalothrine:NOT_IN_EU_LIST,
INECTICIDE,Imidacloprid Tebuconazole,210 g/l +12 g/l,FS,GIZMO SUPER FS,I.F.018-18,AGRIPROTEC,NUFARM,2020,ALL_SUBSTANCES_APPROVED_IN_EU,1,Imidacloprid Tebuconazole,Tebuconazole,Imidacloprid Tebuconazole:EU_APPROVED,
INECTICIDE,Indoxacarbe,150 g/L,EC,Avaunt,I.089-11,SEPCM,DU PONT,2020,CONTAINS_NOT_APPROVED_SUBSTANCE_IN_EU,1,Indoxacarbe,Indoxacarb,Indoxacarbe:EU_NOT_APPROVED,
INECTICIDE,Indoxacarbe,150 g/L,SC EC SC,Amiral Avaunt Vaulent,I.087-11 I.089-11 I.086-11,EL MOUSSEM AGRICOLE SEPCM TASMID,PARIJAT INDUSTR. DU PONT ASTRACHEM,2020,CONTAINS_NOT_APPROVED_SUBSTANCE_IN_EU,1,Indoxacarbe,Indoxacarb,Indoxacarbe:EU_NOT_APPROVED,
INECTICIDE,Indoxacarbe,150 g/L,SC,TALENT 150 SC,I.016-18,Ets MEZGHANI,ASTRACHEM,2020,CONTAINS_NOT_APPROVED_SUBSTANCE_IN_EU,1,Indoxacarbe,Indoxacarb,Indoxacarbe:EU_NOT_APPROVED,
INECTICIDE,Lambda-cyhalothrine,100g/l,CS,POINTER100 CS,I.002-17,INNOVA,SIPCAM INAGRA,2020,ALL_SUBSTANCES_APPROVED_IN_EU,1,Lambda-cyhalothrine,lambda-Cyhalothrin,Lambda-cyhalothrine:EU_APPROVED,
INECTICIDE,Lambda-cyhalothrine,100g/l,CS,LAMBDATROL,I.007-18,AGRIPROTEC,SIPCAM INAGRA,2020,ALL_SUBSTANCES_APPROVED_IN_EU,1,Lambda-cyhalothrine,lambda-Cyhalothrin,Lambda-cyhalothrine:EU_APPROVED,
INECTICIDE,Lambda-cyhalothrine,25 g/l,EC,Pulsar,I.168-11,PROTAGRI,United Phosphous Ltd,2020,ALL_SUBSTANCES_APPROVED_IN_EU,1,Lambda-cyhalothrine,lambda-Cyhalothrin,Lambda-cyhalothrine:EU_APPROVED,
INECTICIDE,Lambda-cyhalothrin,25 g/l,EC,KEYLAM EC,I.003-18,Ets Mezghanni,ZHEJIANG WELL-DONE CHEMICAL CO.LTD/CHINA D/Industrial quimica Key,2020,ALL_SUBSTANCES_APPROVED_IN_EU,1,Lambda-cyhalothrin,lambda-Cyhalothrin,Lambda-cyhalothrin:EU_APPROVED,
INECTICIDE,Lambda cyhalothrin,"2,5 %",WDG,JUDO,I. 013-17,STIMA,Sharda,2020,CONTAINS_NOT_APPROVED_SUBSTANCE_IN_EU,1,Lambda cyhalothrin,Cyhalothrin,Lambda cyhalothrin:EU_NOT_APPROVED,
INECTICIDE,Lambada cyhalothrine,5%,EG,KAISO 5%,I. 014.-17,EL MOUSSEM AGRICOLE,NUFARM,2020,CONTAINS_NOT_APPROVED_SUBSTANCE_IN_EU,1,Lambada cyhalothrine,Cyhalothrin,Lambada cyhalothrine:EU_NOT_APPROVED,
INECTICIDE,Lambda-cyhalothrine,5 0 g / L,E C,Karaté 5 EC,I.090-11,AGRIPROTEC,SYNGENTA,2020,ALL_SUBSTANCES_APPROVED_IN_EU,1,Lambda-cyhalothrine,lambda-Cyhalothrin,Lambda-cyhalothrine:EU_APPROVED,
INECTICIDE,Lambda-cyhalothrine,5 0 g / L,E C,Ravane Expert Markate,I.091-11 I.007-15 I.016-15,AGROSYSTEMES SANABEL AGRO AMINCO,GLOBACHEM SHARDA WORLDWIDE GLOBACHEM,2020,ALL_SUBSTANCES_APPROVED_IN_EU,1,Lambda-cyhalothrine,lambda-Cyhalothrin,Lambda-cyhalothrine:EU_APPROVED,
INECTICIDE,Lambda-cyhalothrine,5 0 g / L,E C,Jackpot,16-013I.,SANABEL AGRO,ROTAM AGROCHEMICALS,2020,ALL_SUBSTANCES_APPROVED_IN_EU,1,Lambda-cyhalothrine,lambda-Cyhalothrin,Lambda-cyhalothrine:EU_APPROVED,
INECTICIDE,Lambda-cyhalothrine,1 0 0 g / L,C S,K a r a t é 1 0 C S Zeon Kung Fu,I.092-11 I.005-18,AGRIPROTEC SOLAGRI,SYNGENTA SYNGENTA,2020,ALL_SUBSTANCES_APPROVED_IN_EU,1,Lambda-cyhalothrine,lambda-Cyhalothrin,Lambda-cyhalothrine:EU_APPROVED,
INECTICIDE,Lufénuron,30 g/L,RB,Adress,I.093-11,BIOPROTECTION,SYNGENTA,2020,CONTAINS_NOT_APPROVED_SUBSTANCE_IN_EU,1,Lufénuron,Lufenuron,Lufénuron:EU_NOT_APPROVED,
INECTICIDE,Lufénuron,50 g/L,EC,Match 50 EC,I.094-11,AGRIPROTEC,SYNGENTA,2020,CONTAINS_NOT_APPROVED_SUBSTANCE_IN_EU,1,Lufénuron,Lufenuron,Lufénuron:EU_NOT_APPROVED,
INECTICIDE,Lufénuron,50 g/L,EC,CIGNA 50 EC,I.011-18,COTUGRAIN IMPEX,SYNGENTA,2020,CONTAINS_NOT_APPROVED_SUBSTANCE_IN_EU,1,Lufénuron,Lufenuron,Lufénuron:EU_NOT_APPROVED,
INECTICIDE,Malathion,9 5 %,U LV,Malathion 96,I.095-11,SEPCM,CHEMINOVA,2020,ALL_SUBSTANCES_APPROVED_IN_EU,1,Malathion,Malathion,Malathion:EU_APPROVED,
INECTICIDE,Malathion,5 0 0 g / L,E C,F y f a n o n 50 Keythion,I.097-11 I.096-11,SEPCM ETS MEZGHANI,CHEMINOVA INDUSTRIAL QUIMICA KEY,2020,ALL_SUBSTANCES_APPROVED_IN_EU,1,Malathion,Malathion,Malathion:EU_APPROVED,
INECTICIDE,Metaflumizone,240 g/l,SC,Alverde 240 SC,I.003-13,STIMA,BASF,2020,CONTAINS_NOT_APPROVED_SUBSTANCE_IN_EU,1,Metaflumizone,Metaflumizone,Metaflumizone:EU_NOT_APPROVED,
INECTICIDE,Métam sodium,5 1 0 g / L,S L,F u m i c a l,IN.098-11,BIOPROTECTION,ARYSTA LIFESCIENCE,2020,ALL_SUBSTANCES_APPROVED_IN_EU,1,Métam sodium,Metam (incl. -potassium and -sodium),Métam sodium:EU_APPROVED,
INECTICIDE,Méthiocarbe,5 0 %,WP,Mesurol 50 WP,I.100-11,ATLAS AGRICOLE,BAYER CROPSCIENCE,2020,CONTAINS_NOT_APPROVED_SUBSTANCE_IN_EU,1,Méthiocarbe,Methiocarb (aka mercaptodimethur),Méthiocarbe:EU_NOT_APPROVED,
INECTICIDE,Méthiocarbe,2 0 0 g / l,SC,Mesurol 200 SC,I.015-13,ATLAS AGRICOLE,BAYER CROPSCIENCE,2020,CONTAINS_NOT_APPROVED_SUBSTANCE_IN_EU,1,Méthiocarbe,Methiocarb (aka mercaptodimethur),Méthiocarbe:EU_NOT_APPROVED,
INECTICIDE,Méthomyl,2 5 %,WP,Lannate 25,I.101-11,SEPCM,DU PONT,2020,CONTAINS_NOT_APPROVED_SUBSTANCE_IN_EU,1,Méthomyl,Methomyl,Méthomyl:EU_NOT_APPROVED,
INECTICIDE,Méthomyl,2 0 0 g / L,EC,Lannate 20 L,I.102-11,SEPCM,DU PONT,2020,CONTAINS_NOT_APPROVED_SUBSTANCE_IN_EU,1,Méthomyl,Methomyl,Méthomyl:EU_NOT_APPROVED,
INECTICIDE,Méthomyl,40 %,SP,Kuik 400 SP,I.002-13,SANABEL AGRO,ROTAM AGROCHEMICAL,2020,CONTAINS_NOT_APPROVED_SUBSTANCE_IN_EU,1,Méthomyl,Methomyl,Méthomyl:EU_NOT_APPROVED,
INECTICIDE,Methoxyfenozide,240 g/l,SC,Runner,I.019-16,INNOVA,DOW AGROSCIENCES,2020,CONTAINS_NOT_APPROVED_SUBSTANCE_IN_EU,1,Methoxyfenozide,Methoxyfenozide,Methoxyfenozide:EU_NOT_APPROVED,
INECTICIDE,Milbemectin,1 0 g / L,EC,Milbeknock,IA.103-11,AGRIPROTEC,MITSUI CHEMICALS AGRO,2020,ALL_SUBSTANCES_APPROVED_IN_EU,1,Milbemectin,Milbemectin,Milbemectin:EU_APPROVED,
INECTICIDE,OXAMYL,100 g/l,SL,Vydate 10 L,128-11 I.,AGRIPROTEC,DU PONT,2020,CONTAINS_NOT_APPROVED_SUBSTANCE_IN_EU,1,OXAMYL,Oxamyl,OXAMYL:EU_NOT_APPROVED,
INECTICIDE,Phénamiphos,1 0 %,G R,N e m a c ur 10 G,IN.104-11,PROMOCHIMIE,AMVAC Chemical Corporation,2020,NOT_FOUND_OR_NEEDS_MANUAL_REVIEW,0,Phénamiphos,,Phénamiphos:NOT_IN_EU_LIST,
INECTICIDE,Phosmet,50%,WP,Foslete 50,I.011-13,EL KHADHRA,SIPCAM INAGRA,2020,CONTAINS_NOT_APPROVED_SUBSTANCE_IN_EU,1,Phosmet,Phosmet,Phosmet:EU_NOT_APPROVED,
INECTICIDE,Phosmet,50%,WP,Imidan 50 A,I.152-11,AGRIPROTEC,GOWAN/Espagne,2020,CONTAINS_NOT_APPROVED_SUBSTANCE_IN_EU,1,Phosmet,Phosmet,Phosmet:EU_NOT_APPROVED,
INECTICIDE,Phosphure d’Al.,"77,5 %",ET,Quickphlo-R,I.153-11,PROTAGRI,UNITED PHOSPHORUS LTD,2020,NOT_FOUND_OR_NEEDS_MANUAL_REVIEW,0,Phosphure d’Al.,,Phosphure d’Al.:NOT_IN_EU_LIST,
INECTICIDE,Phosphure d’Al. + Phosphure d’Hy.,57 % + 33%,ET ET,Detia Gas Quickphos,I.142-11 I.154-11,STIMA PROTAGRI,DETIA DEGUECH UNITED PHOSPHORUS LTD,2020,NOT_FOUND_OR_NEEDS_MANUAL_REVIEW,0,Phosphure d’Al. + Phosphure d’Hy.,,Phosphure d’Al. + Phosphure d’Hy.:NOT_IN_EU_LIST,
INECTICIDE,Phosphure de Magnésium + Phosphure d’Hy.,57 % + 33%,PL,Deguech plate Magnaphos,I.143-11 I.171-11,STIMA PROTAGRI,DETIA DEGUECH UNITED PHOSPHORUS LTD,2020,NOT_FOUND_OR_NEEDS_MANUAL_REVIEW,0,Phosphure de Magnésium + Phosphure d’Hy.,,Phosphure de Magnésium + Phosphure d’Hy.:NOT_IN_EU_LIST,
INECTICIDE,Pymetrozine,50%,WG,Plenum 50 WG,I.108-11,BIOPROTECTION,SYNGENTA,2020,CONTAINS_NOT_APPROVED_SUBSTANCE_IN_EU,1,Pymetrozine,Pymetrozine,Pymetrozine:EU_NOT_APPROVED,
INECTICIDE,Pyridalyl,500 g/l,EC,Sumipleo50EC,I.015-16,AGRIMATCO,SUMITOMO,2020,CONTAINS_NOT_APPROVED_SUBSTANCE_IN_EU,1,Pyridalyl,Pyridalyl,Pyridalyl:EU_NOT_APPROVED,
INECTICIDE,Pyrimicarbe,5 0 %,WG,Piri Tornado,I.110-11 I.017-15,AGROSYSTEMES AMINCO,GLOBACHEM GLOBACHEM,2020,NOT_FOUND_OR_NEEDS_MANUAL_REVIEW,0,Pyrimicarbe,,Pyrimicarbe:NOT_IN_EU_LIST,
INECTICIDE,Pyrimiphos methyl,2 %,P P,A c t e l l i c,I.111-11,AGRIPROTEC,SYNGENTA,2020,NOT_FOUND_OR_NEEDS_MANUAL_REVIEW,0,Pyrimiphos methyl,,Pyrimiphos methyl:NOT_IN_EU_LIST,
INECTICIDE,Pyriproxyfene,100 g/l,EC,MULIGAN,I.001-18,AGRIPROTEC,PROPLAN,2020,ALL_SUBSTANCES_APPROVED_IN_EU,1,Pyriproxyfene,Pyriproxyfen,Pyriproxyfene:EU_APPROVED,
INECTICIDE,Pyriproxyfene,100 g/l,EC,PROXIMO EC,I.002-18,EL KHADRA,Indsutrias AFRASA S.A,2020,ALL_SUBSTANCES_APPROVED_IN_EU,1,Pyriproxyfene,Pyriproxyfen,Pyriproxyfene:EU_APPROVED,
INECTICIDE,Pyriproxyfene,100g/l,EC,BRAI EC,I.006-19,RA2YEN PHYTAGRI,LAINCO SA,2020,ALL_SUBSTANCES_APPROVED_IN_EU,1,Pyriproxyfene,Pyriproxyfen,Pyriproxyfene:EU_APPROVED,
INECTICIDE,Pyrethrins,"18, 61 g/l",EC,Piretro Verde,I. 012-17,STIMA,COPYR S.p.A,2020,ALL_SUBSTANCES_APPROVED_IN_EU,1,Pyrethrins,Pyrethrins,Pyrethrins:EU_APPROVED,
INECTICIDE,Pyréthrine,40g/l,EC,ABANTO 40 EC,I.008-19,EL KHADRA,AFRASA INDUSTRIAS S.A,2020,NOT_FOUND_OR_NEEDS_MANUAL_REVIEW,0,Pyréthrine,,Pyréthrine:NOT_IN_EU_LIST,
INECTICIDE,Spinetoram,120 g/l,SC,Radiant 120 SC,I.001-15,ATLAS AGRICOLE,DOW AGROSCIENCE,2020,CONTAINS_NOT_APPROVED_SUBSTANCE_IN_EU,1,Spinetoram,Spinetoram,Spinetoram:EU_NOT_APPROVED,
INECTICIDE,Spinosade,2 4 0 g / L,S C,T r a c e r 2 4 0 S C LASER 240 SC,I.113-11 I.010-13,INNOVA ATLAS AGRICOLE,DOW AGROSCIENCE DOW AGROSCIENCE,2020,ALL_SUBSTANCES_APPROVED_IN_EU,1,Spinosade,Spinosad,Spinosade:EU_APPROVED,
INECTICIDE,Spinosade,"0,24 g/L",CB,cess APPAT Spintor,I . 1 5 5 - 1 1 I.007-14,INNOVA ATLAS AGRICOLE,DOW AGROSCIENCE DOW AGROSCIENCE,2020,ALL_SUBSTANCES_APPROVED_IN_EU,1,Spinosade,Spinosad,Spinosade:EU_APPROVED,
INECTICIDE,Spirodiclofen,240 g/L,SC,Bolido 240 SC Envidor,IA.114-11 IA.115-11,PROMOCHIMIE STEC,BAYER CROPSCIENCE BAYER CROPSCIENCE,2020,CONTAINS_NOT_APPROVED_SUBSTANCE_IN_EU,1,Spirodiclofen,Spirodiclofen,Spirodiclofen:EU_NOT_APPROVED,
INECTICIDE,Spiromesyfen,240 g/L,SC,Oberon 240 SC,IA.116-11,ATLAS AGRICOLE,BAYER CROPSCIENCE,2020,CONTAINS_NOT_APPROVED_SUBSTANCE_IN_EU,1,Spiromesyfen,FEN 560 (Fenugreek seed powder),Spiromesyfen:EU_NOT_APPROVED,
INECTICIDE,Spirotetramat,1 5 0 g / L,OD,Movento 150 OD,I.117-11,ATLAS AGRICOLE,BAYER CROPSCIENCE,2020,CONTAINS_NOT_APPROVED_SUBSTANCE_IN_EU,1,Spirotetramat,Spirotetramat,Spirotetramat:EU_NOT_APPROVED,
INECTICIDE,SpliNPV (Spodoptera littoralis nucleopolyhedrovirus),5 x 1011 corps viraux/litre,SC,LITTOVIR,I.007-19,ALOHA AGRICULTURE,ANDERMATT BIOCONTROL AG,2020,NOT_FOUND_OR_NEEDS_MANUAL_REVIEW,0,SpliNPV (Spodoptera littoralis nucleopolyhedrovirus),,SpliNPV (Spodoptera littoralis nucleopolyhedrovirus):NOT_IN_EU_LIST,
INECTICIDE,Spores de lecanicillum muscarium souche 1979,48 g/kg (1.1*1010 spores/g),WG,MYCOTAL WG,I.004-18,NUTRIPLANT,KOPPERT BIOLOGICAL SYSTEM,2020,NOT_FOUND_OR_NEEDS_MANUAL_REVIEW,0,Spores de lecanicillum muscarium souche 1979,,Spores de lecanicillum muscarium souche 1979:NOT_IN_EU_LIST,
INECTICIDE,Sulfoxaflor,240 g/l,SC,Closer 240 SC,I.008-15,SEPCM,DOW AGROSCIENCE,2020,ALL_SUBSTANCES_APPROVED_IN_EU,1,Sulfoxaflor,Sulfoxaflor,Sulfoxaflor:EU_APPROVED,
INECTICIDE,Tau-fluvalinate,240 g/L,EW,Mavrik 2 F,I.173-11,STEC,AAKO/ PAYS BAS,2020,ALL_SUBSTANCES_APPROVED_IN_EU,1,Tau-fluvalinate,tau-Fluvalinate,Tau-fluvalinate:EU_APPROVED,
INECTICIDE,Tebufenpyrad,20 %,WP,MASAI,I.A.007-13,AGRIPROTEC,BASF,2020,ALL_SUBSTANCES_APPROVED_IN_EU,1,Tebufenpyrad,Tebufenpyrad,Tebufenpyrad:EU_APPROVED,
INECTICIDE,Teflubenzuron,1 5 0 g / L,S C,D a r t,I.118-11,STIMA,BASF,2020,CONTAINS_NOT_APPROVED_SUBSTANCE_IN_EU,1,Teflubenzuron,Teflubenzuron,Teflubenzuron:EU_NOT_APPROVED,
INECTICIDE,Tefluthrine,"0,5 %",GR,Force,I.119-11,AGRIPROTEC,SYNGENTA,2020,ALL_SUBSTANCES_APPROVED_IN_EU,1,Tefluthrine,Tefluthrin,Tefluthrine:EU_APPROVED,
INECTICIDE,Tefluthrine,"0,5 %",GR,VOLTRA 0.5 G,I.005-20,COTUGRAIN,SYNGENTA,2020,ALL_SUBSTANCES_APPROVED_IN_EU,1,Tefluthrine,Tefluthrin,Tefluthrine:EU_APPROVED,
INECTICIDE,Thiaclopride,480 g/L,SC,Calypso,I.120-11,PROMOCHIMIE,BAYER CROPSCIENCE,2020,CONTAINS_NOT_APPROVED_SUBSTANCE_IN_EU,1,Thiaclopride,Thiacloprid,Thiaclopride:EU_NOT_APPROVED,
INECTICIDE,Thiaclopride + Deltamethrine,150 g/L + 20 g/L,OD,Proteus 170 OD,I.121-11,PROMOCHIMIE,BAYER CROPSCIENCE,2020,ALL_SUBSTANCES_APPROVED_IN_EU,1,Thiaclopride + Deltamethrine,Deltamethrin,Thiaclopride + Deltamethrine:EU_APPROVED,
INECTICIDE,Thiamétoxam,25%,WG,Synara 25 WG,I.123-11,BIOPROTECTION,SYNGENTA,2020,NOT_FOUND_OR_NEEDS_MANUAL_REVIEW,0,Thiamétoxam,,Thiamétoxam:NOT_IN_EU_LIST,
INECTICIDE,Thiamétoxam,25%,WG,Renova,I.170-11,PROTAGRI,United Phosphorus Ltd,2020,NOT_FOUND_OR_NEEDS_MANUAL_REVIEW,0,Thiamétoxam,,Thiamétoxam:NOT_IN_EU_LIST,
INECTICIDE,Thiamétoxam,25%,WG,Rexame,16-009I.,SOCCOPEC,SHARDA,2020,NOT_FOUND_OR_NEEDS_MANUAL_REVIEW,0,Thiamétoxam,,Thiamétoxam:NOT_IN_EU_LIST,
INECTICIDE,Thiamétoxam,25%,WG,SYNTAX,I.015-19,SANABEL AGRO,SHARDA,2020,NOT_FOUND_OR_NEEDS_MANUAL_REVIEW,0,Thiamétoxam,,Thiamétoxam:NOT_IN_EU_LIST,
INECTICIDE,Thiamétoxam,3 5 0 g / L,FS,Cruiser 350 FS,I.124-11,BIOPROTECTION,SYNGENTA,2020,NOT_FOUND_OR_NEEDS_MANUAL_REVIEW,0,Thiamétoxam,,Thiamétoxam:NOT_IN_EU_LIST,
INECTICIDE,Thiaméthoxam,3 5 0 g / L,FS,ADAGE 350FS,I.013-18,SOLAGRI,SYNGENTA,2020,CONTAINS_NOT_APPROVED_SUBSTANCE_IN_EU,1,Thiaméthoxam,Thiamethoxam,Thiaméthoxam:EU_NOT_APPROVED,
INECTICIDE,Thiamethoxam + Lambda-cyhalothrine,141 g/L + 106 g/L,SC,Engeo 247,I.125-11,AGRIPROTEC,SYNGENTA,2020,ALL_SUBSTANCES_APPROVED_IN_EU,1,Thiamethoxam + Lambda-cyhalothrine,lambda-Cyhalothrin,Thiamethoxam + Lambda-cyhalothrine:EU_APPROVED,
INECTICIDE,Thiamethoxam + Lambda-cyhalothrine,141 g/L + 106 g/L,SC,ALIKA 247 ZC,I.010-18,COTUGRAIN IMPEX,SYNGENTA,2020,ALL_SUBSTANCES_APPROVED_IN_EU,1,Thiamethoxam + Lambda-cyhalothrine,lambda-Cyhalothrin,Thiamethoxam + Lambda-cyhalothrine:EU_APPROVED,
INECTICIDE,Thiocyclame hydrogène oxalate,50%,SP,Evisect,130-11 I.,BIOPROTECTION,NIPPON KAYAKU/ ARYSTA/JAPON/Espagne,2020,CONTAINS_NOT_APPROVED_SUBSTANCE_IN_EU,1,Thiocyclame hydrogène oxalate,Thiocyclam,Thiocyclame hydrogène oxalate:EU_NOT_APPROVED,
INECTICIDE,Zeta-cypermethrine,0.8%,MG,Fury Geo,001-16 I.,COTUGRAIN IMPEX,FMC,2020,CONTAINS_NOT_APPROVED_SUBSTANCE_IN_EU,1,Zeta-cypermethrine,Permethrin,Zeta-cypermethrine:EU_NOT_APPROVED,
INECTICIDE,Zeta-cypermethrine,100g/l,EW,FURY 10,I.001-17,COTUGRAIN IMPEX,FMC Chemical,2020,CONTAINS_NOT_APPROVED_SUBSTANCE_IN_EU,1,Zeta-cypermethrine,Permethrin,Zeta-cypermethrine:EU_NOT_APPROVED,
FONGICIDE,AMETOCTRADIN + DIMETHOMORPH,300 g/L + 225 g/L,SC,Orvego,F.002-14,AGRIPROTEC,BASF,2020,ALL_SUBSTANCES_APPROVED_IN_EU,1,AMETOCTRADIN + DIMETHOMORPH,Ametoctradin,AMETOCTRADIN + DIMETHOMORPH:EU_APPROVED,
FONGICIDE,Amisulbrom,200g/l,SC,LEIMAY 20 SC,F.014-17,EL MOUSSEM AGRICOLE,ARYSTA LIFESCIENCES,2020,ALL_SUBSTANCES_APPROVED_IN_EU,1,Amisulbrom,Amisulbrom,Amisulbrom:EU_APPROVED,
FONGICIDE,Azoxystrobine,2 5 0 g / L,S C,A m i s t a r Ortiva,F.002-11 F.147-11,AGRIPROTEC AGRIPROTEC,SYNGENTA SYNGENTA,2020,ALL_SUBSTANCES_APPROVED_IN_EU,1,Azoxystrobine,Azoxystrobin,Azoxystrobine:EU_APPROVED,
FONGICIDE,Azoxystrobine,2 5 0 g / L,S C,G lo b a z t a r 2 5 0 S C Zaftra SC,F.017-13 F.034-15,AGROSYSTEMES AMINCO,Globachem Globachem,2020,ALL_SUBSTANCES_APPROVED_IN_EU,1,Azoxystrobine,Azoxystrobin,Azoxystrobine:EU_APPROVED,
FONGICIDE,Azoxystrobine,2 5 0 g / L,S C,T a z e r 2 5 0 S C,F.024-15,EL MOUSSEM AGRICOLE,NUFARM,2020,ALL_SUBSTANCES_APPROVED_IN_EU,1,Azoxystrobine,Azoxystrobin,Azoxystrobine:EU_APPROVED,
FONGICIDE,Azoxystrobine,2 5 0 g / L,S C,A f f i x 2 5 0 S C,F.030-16,PROTAGRI,UNITED PHOSPHORUS,2020,ALL_SUBSTANCES_APPROVED_IN_EU,1,Azoxystrobine,Azoxystrobin,Azoxystrobine:EU_APPROVED,
FONGICIDE,Azoxystrobine,50 %,WG,Cayen 500 WG,F.035-16,RAYEN PHYTAGRI,SHARDA,2020,ALL_SUBSTANCES_APPROVED_IN_EU,1,Azoxystrobine,Azoxystrobin,Azoxystrobine:EU_APPROVED,
FONGICIDE,Azoxystrobine,250 g/l,SC,SINSTAR SC,F.030-17,SANABEL AGRO,SINON CORPORATION,2020,ALL_SUBSTANCES_APPROVED_IN_EU,1,Azoxystrobine,Azoxystrobin,Azoxystrobine:EU_APPROVED,
FONGICIDE,Azoxystrobine,250 g/l,SC,Azox SC,F.039-17,Ets MEZGHANNI,JIANGYIN SULI CHEMICAL CO.LTD,2020,ALL_SUBSTANCES_APPROVED_IN_EU,1,Azoxystrobine,Azoxystrobin,Azoxystrobine:EU_APPROVED,
FONGICIDE,Azoxystrobine,250 g/l,SC,LEGADO 250 SC,F.014-18,EL KHADRA,AFRASA INDUSTRIAS AFRASA S.A,2020,ALL_SUBSTANCES_APPROVED_IN_EU,1,Azoxystrobine,Azoxystrobin,Azoxystrobine:EU_APPROVED,
FONGICIDE,Azoxystrobine + Chlorothalonil,80 g/L + 400 g/L,SC,Priori Opti,F.003-11,BIOPROTECTION,SYNGENTA,2020,ALL_SUBSTANCES_APPROVED_IN_EU,1,Azoxystrobine + Chlorothalonil,Azoxystrobin,Azoxystrobine + Chlorothalonil:EU_APPROVED,
FONGICIDE,Azoxystrobine + Cyproconazole,200g/l + 80 g/l,SC,DOUBLE FORCE,F. 029-17,SANABEL AGRO,SHARDA,2020,ALL_SUBSTANCES_APPROVED_IN_EU,1,Azoxystrobine + Cyproconazole,Azoxystrobin,Azoxystrobine + Cyproconazole:EU_APPROVED,
FONGICIDE,Azoxystrobine + Cyproconazole,200g/l + 80 g/l,SC,COUGAR SC,F.016-18,PROTAGRI,UPL LIMITED,2020,ALL_SUBSTANCES_APPROVED_IN_EU,1,Azoxystrobine + Cyproconazole,Azoxystrobin,Azoxystrobine + Cyproconazole:EU_APPROVED,
FONGICIDE,Azoxystrobine + Difenoconazole,200 g/L + 125 g/L,SC SC,Amistar Top Ortiva TOP,F.004-11 F.004-18,AGRIPROTEC SLOGRI,SYNGENTA SYNGENTA,2020,ALL_SUBSTANCES_APPROVED_IN_EU,1,Azoxystrobine + Difenoconazole,Difenoconazole,Azoxystrobine + Difenoconazole:EU_APPROVED,
FONGICIDE,Azoxistrobine + Difénoconazole,200g/l + 125g/l,SC,AZ-TOP,F.003-20,SLDA,Sharda cropchem limited,2020,ALL_SUBSTANCES_APPROVED_IN_EU,1,Azoxistrobine + Difénoconazole,Difenoconazole,Azoxistrobine + Difénoconazole:EU_APPROVED,
FONGICIDE,Azoxystrobine + Epoxiconazole,75 g/L + 75 g/L,EC,Serial 150 EC,F.019-15,SEPCM,AAKO,2020,ALL_SUBSTANCES_APPROVED_IN_EU,1,Azoxystrobine + Epoxiconazole,Azoxystrobin,Azoxystrobine + Epoxiconazole:EU_APPROVED,
FONGICIDE,Azoxystrobin + Flutriafol,25% + 12.5%,SC,CURAX EXTRA,F.009-20,Sharda Cropchem Tunisie,Sharda Cropchem limited,2020,ALL_SUBSTANCES_APPROVED_IN_EU,1,Azoxystrobin + Flutriafol,Azoxystrobin,Azoxystrobin + Flutriafol:EU_APPROVED,
FONGICIDE,Azoxystrobine + Mefenoxam,322 g/l + 124 g/l,SE,UNIFORM 446,F.132-11,BIOPROTECTION,SYNGENTA,2020,ALL_SUBSTANCES_APPROVED_IN_EU,1,Azoxystrobine + Mefenoxam,Azoxystrobin,Azoxystrobine + Mefenoxam:EU_APPROVED,
FONGICIDE,AZOXYSTROBIN + PROPICONAZOLE,141.4 g/l + 122.4 g/l,SE,QUILT XCEL,F.129-11,BIOPROTECTION,SYNGENTA,2020,ALL_SUBSTANCES_APPROVED_IN_EU,1,AZOXYSTROBIN + PROPICONAZOLE,Azoxystrobin,AZOXYSTROBIN + PROPICONAZOLE:EU_APPROVED,
FONGICIDE,AZOXYSTROBIN + PROPICONAZOLE,141.4 g/l + 122.4 g/l,SE,EPIDOR,F.021-16,ATLAS AGRICOLE,SYNGENTA / DOW AGROSCIENCES EXPORTS,2020,ALL_SUBSTANCES_APPROVED_IN_EU,1,AZOXYSTROBIN + PROPICONAZOLE,Azoxystrobin,AZOXYSTROBIN + PROPICONAZOLE:EU_APPROVED,
FONGICIDE,Azoxystrobin Propiconazole Benzovindiflupyr,110 g/l + 124 g/l + 30 g/l,SE,ELATUS Arc,F.008-20,SOLAGRI,SYNGENTA AGRO AG,2020,ALL_SUBSTANCES_APPROVED_IN_EU,1,Azoxystrobin Propiconazole Benzovindiflupyr,Benzovindiflupyr,Azoxystrobin Propiconazole Benzovindiflupyr:EU_APPROVED,
FONGICIDE,AZOXYSTROBINE + TEBUCONAZOLE,80 g/l + 160g/l,SC,Altitud Gold 240SC,F.025-16,SANABEL AGRO,ROTAM AGROCHEMICALS,2020,ALL_SUBSTANCES_APPROVED_IN_EU,1,AZOXYSTROBINE + TEBUCONAZOLE,Azoxystrobin,AZOXYSTROBINE + TEBUCONAZOLE:EU_APPROVED,
FONGICIDE,AZOXYSTROBINE + TEBUCONAZOLE,200g/l + 200 g/l,SC,START-UP,F.038-15,BIOPROTECTION,AAKO,2020,ALL_SUBSTANCES_APPROVED_IN_EU,1,AZOXYSTROBINE + TEBUCONAZOLE,Azoxystrobin,AZOXYSTROBINE + TEBUCONAZOLE:EU_APPROVED,
FONGICIDE,Bacillus subtilis de souche Y 1336,10ex9 ufc/g,WP,BIOBAC,F.131-11,BIOPROTECTION,BION TECH INC/ AAKO,2020,NOT_FOUND_OR_NEEDS_MANUAL_REVIEW,0,Bacillus subtilis de souche Y 1336,,Bacillus subtilis de souche Y 1336:NOT_IN_EU_LIST,
FONGICIDE,Borax,1 0 g / L,S L,P r e v - a m Orotun,I.A.F.031-11 I.A.F.017-16,EL MOUSSEM AGRICOLE RAYEN PHYTAGRI,ORO AGRI ORO AGRI,2020,NOT_FOUND_OR_NEEDS_MANUAL_REVIEW,0,Borax,,Borax:NOT_IN_EU_LIST,
FONGICIDE,Boscalid,5 0 %,W G,C antus WG,F.005-11,STIMA,BASF,2020,ALL_SUBSTANCES_APPROVED_IN_EU,1,Boscalid,Boscalid (formerly nicobifen),Boscalid:EU_APPROVED,
FONGICIDE,Boscalid + Epoxiconazole,233 g/l + 67 g/l,SC,Bell Extra,F.001-13,BIOPROTECTION,BASF,2020,ALL_SUBSTANCES_APPROVED_IN_EU,1,Boscalid + Epoxiconazole,Boscalid (formerly nicobifen),Boscalid + Epoxiconazole:EU_APPROVED,
FONGICIDE,Boscalid + Pyraclostrobin,"25,2 % + 12,8 %",WG,Bellis WG,F.148-11,STEC,BASF,2020,ALL_SUBSTANCES_APPROVED_IN_EU,1,Boscalid + Pyraclostrobin,Boscalid (formerly nicobifen),Boscalid + Pyraclostrobin:EU_APPROVED,
FONGICIDE,Boscalid + Pyraclostrobin,"25,2 % + 12,8 %",WG,Pristine WG,F.006-11,AGRIPROTEC,BASF,2020,ALL_SUBSTANCES_APPROVED_IN_EU,1,Boscalid + Pyraclostrobin,Boscalid (formerly nicobifen),Boscalid + Pyraclostrobin:EU_APPROVED,
FONGICIDE,Boscalid + Pyraclostrobin,267 g/kg + 67 g/kg,WG,Signum WG,015-14F.,COTUGRAIN IMPEX,BASF,2020,ALL_SUBSTANCES_APPROVED_IN_EU,1,Boscalid + Pyraclostrobin,Boscalid (formerly nicobifen),Boscalid + Pyraclostrobin:EU_APPROVED,
FONGICIDE,Boscalid +Krésoxym-Methyl,2 0 0 g / L + 100 g/L,S C,Collis 300SC,F.007-11,STIMA,BASF,2020,ALL_SUBSTANCES_APPROVED_IN_EU,1,Boscalid +Krésoxym-Methyl,Boscalid (formerly nicobifen),Boscalid +Krésoxym-Methyl:EU_APPROVED,
FONGICIDE,Bromuconazole,100g/l,SC,Vectra 10 SC,F.037-15,STEC,SUMITOMO,2020,ALL_SUBSTANCES_APPROVED_IN_EU,1,Bromuconazole,Bromuconazole,Bromuconazole:EU_APPROVED,
FONGICIDE,Bupirimate,2 5 0 g / L,E C,N imrod,F.008-11,SEPCM,AAKO BV,2020,ALL_SUBSTANCES_APPROVED_IN_EU,1,Bupirimate,Bupirimate,Bupirimate:EU_APPROVED,
FONGICIDE,Captane,480 g/l,EC,CAPLANT EC,F.008-19,FERTIPLANT,Sharda Cropchem Limited,2020,ALL_SUBSTANCES_APPROVED_IN_EU,1,Captane,Captan,Captane:EU_APPROVED,
FONGICIDE,Captane,80%,WG,MITANE,F.016-16,SOCOOPEC,SHARDA,2020,ALL_SUBSTANCES_APPROVED_IN_EU,1,Captane,Captan,Captane:EU_APPROVED,
FONGICIDE,Captane,500 g/kg,WP,PROTHANE,F.020-16,DELTA AGRICOLE PLUS,SHARDA,2020,ALL_SUBSTANCES_APPROVED_IN_EU,1,Captane,Captan,Captane:EU_APPROVED,
FONGICIDE,Captane,80%,WG,CAPITOL 80 WG,F.023-17,AGRONOMIC Land,SHARDA,2020,ALL_SUBSTANCES_APPROVED_IN_EU,1,Captane,Captan,Captane:EU_APPROVED,
FONGICIDE,Captane,8 3 %,W P,C aptan 83 WP Akotan 830 WP,F.009-11 F.010-11,AGRIPROTEC SEPCM,ARYSTA LIFESCIENCE AAKO,2020,ALL_SUBSTANCES_APPROVED_IN_EU,1,Captane,Captan,Captane:EU_APPROVED,
FONGICIDE,Captane,870 g/kg,WG,Malvin80 WG,F.135-11,BIOPROTECTION,ARYSTA LIFESCIENCE,2020,ALL_SUBSTANCES_APPROVED_IN_EU,1,Captane,Captan,Captane:EU_APPROVED,
FONGICIDE,Carbandazime,500 g/L,FL,Mandarin,F.201-11,SANABEL AGRO,SINON CORPORATION/ TAIWAN,2020,NOT_FOUND_OR_NEEDS_MANUAL_REVIEW,0,Carbandazime,,Carbandazime:NOT_IN_EU_LIST,
FONGICIDE,Carbendazime,500 g/l,SC,SHARCARB,F.017-16,SOCOOPEC,SHARDA,2020,CONTAINS_NOT_APPROVED_SUBSTANCE_IN_EU,1,Carbendazime,Carbendazim,Carbendazime:EU_NOT_APPROVED,
FONGICIDE,Carbendazime,500 g/l,SC,HELIX,F.013-19,COTUGRAIN,SHARDA,2020,CONTAINS_NOT_APPROVED_SUBSTANCE_IN_EU,1,Carbendazime,Carbendazim,Carbendazime:EU_NOT_APPROVED,
FONGICIDE,Carbendazime,50 % (g/kg),WP,PROGREEN,F.018-16,PROTAGRI,UPL,2020,CONTAINS_NOT_APPROVED_SUBSTANCE_IN_EU,1,Carbendazime,Carbendazim,Carbendazime:EU_NOT_APPROVED,
FONGICIDE,Chinozole,500 g/L,SL,Beltanol-L,F.011-11,AGRIPROTEC,PROBELTE,2020,NOT_FOUND_OR_NEEDS_MANUAL_REVIEW,0,Chinozole,,Chinozole:NOT_IN_EU_LIST,
FONGICIDE,Chinozole,500 g/L,SL,V-NOL,F.025-18,AGROSYSTEMES,PROBELTE,2020,NOT_FOUND_OR_NEEDS_MANUAL_REVIEW,0,Chinozole,,Chinozole:NOT_IN_EU_LIST,
FONGICIDE,Chlorothaonil,500 g/l,SC,PUGIL LA,F.001-17,INNOVA,SIPCAM INAGRA,2020,NOT_FOUND_OR_NEEDS_MANUAL_REVIEW,0,Chlorothaonil,,Chlorothaonil:NOT_IN_EU_LIST,
FONGICIDE,Chlorothaonil,500 g/l,SC,CLORTOSIP 500 SC,F.011-20,ATLAS AGRICOLE,SIPCAM INAGRA,2020,NOT_FOUND_OR_NEEDS_MANUAL_REVIEW,0,Chlorothaonil,,Chlorothaonil:NOT_IN_EU_LIST,
FONGICIDE,Chlorothalonil,500g/l,SC,AVOCA,F.004-20,RAYEN PHYTAGRI,Barclay chemoicals Ltd,2020,CONTAINS_NOT_APPROVED_SUBSTANCE_IN_EU,1,Chlorothalonil,Chlorothalonil,Chlorothalonil:EU_NOT_APPROVED,
FONGICIDE,Chlorothaonil,75%,WP,CHLORAMAX,F.003-16,SANABEL AGRO,SINON CORPORATION,2020,NOT_FOUND_OR_NEEDS_MANUAL_REVIEW,0,Chlorothaonil,,Chlorothaonil:NOT_IN_EU_LIST,
FONGICIDE,Chlorothalonil,7 2 0 g / L,S C,B ravo SC,F.012-11,AGRIPROTEC,SYNGENTA,2020,CONTAINS_NOT_APPROVED_SUBSTANCE_IN_EU,1,Chlorothalonil,Chlorothalonil,Chlorothalonil:EU_NOT_APPROVED,
FONGICIDE,Chlorothalonil,7 2 0 g / L,SC,TERRAVO 720 SC,F.010-20,SOLAGRI,Syngenta,2020,CONTAINS_NOT_APPROVED_SUBSTANCE_IN_EU,1,Chlorothalonil,Chlorothalonil,Chlorothalonil:EU_NOT_APPROVED,
FONGICIDE,Chlorothalonil,7 2 0 g / L,SC SC,Banko 720 SC,F.013-11,BIOPROTECTION,ARYSTA LIFESCIENCE,2020,CONTAINS_NOT_APPROVED_SUBSTANCE_IN_EU,1,Chlorothalonil,Chlorothalonil,Chlorothalonil:EU_NOT_APPROVED,
FONGICIDE,Chlorothalonil,7 2 0 g / L,SC SC,Faudel,F.014-11,SEPCM,AAKO,2020,CONTAINS_NOT_APPROVED_SUBSTANCE_IN_EU,1,Chlorothalonil,Chlorothalonil,Chlorothalonil:EU_NOT_APPROVED,
FONGICIDE,Chlorothalonil,720 g/l,SC,Morfus 720 SC,F.014-14,SANABEL AGRO,ROTAM AGROCHEMICAL,2020,CONTAINS_NOT_APPROVED_SUBSTANCE_IN_EU,1,Chlorothalonil,Chlorothalonil,Chlorothalonil:EU_NOT_APPROVED,
FONGICIDE,Chlorothalonil l + Dimethomophe,500g/ + 100g/l,SC,AVANTAGE CT,F.002-17,SANABEL Agro,ROTAM AGROCHEMICALS,2020,CONTAINS_NOT_APPROVED_SUBSTANCE_IN_EU,1,Chlorothalonil l + Dimethomophe,Chlorothalonil,Chlorothalonil l + Dimethomophe:EU_NOT_APPROVED,
FONGICIDE,Chlorothalonil +Metalaxyl – M,"500 g/L +37,5 g/L",SC,Folio Gold,F.015-11,AGRIPROTEC,SYNGENTA,2020,ALL_SUBSTANCES_APPROVED_IN_EU,1,Chlorothalonil +Metalaxyl – M,Metalaxyl,Chlorothalonil +Metalaxyl – M:EU_APPROVED,
FONGICIDE,Chlorothalonil +Metalaxyl – M,"500 g/L +37,5 g/L",SC,ARIS GOLD,F.028-18,COTUGRAIN IMPEX,SYNGENTA,2020,ALL_SUBSTANCES_APPROVED_IN_EU,1,Chlorothalonil +Metalaxyl – M,Metalaxyl,Chlorothalonil +Metalaxyl – M:EU_APPROVED,
FONGICIDE,Chlorothalonil + Tebuconazole,250 g/l 125 g/l,SC,Tiger,F.017-11,EL MOUSSEM AGRICOLE,PARIJAT INDUSTRIES,2020,ALL_SUBSTANCES_APPROVED_IN_EU,1,Chlorothalonil + Tebuconazole,Tebuconazole,Chlorothalonil + Tebuconazole:EU_APPROVED,
FONGICIDE,Chlorothalonil + Tebuconazole,250 g/l 90 g/l,SC,Timpani,F.017-15,EL MOUSSEM AGRICOLE,NUFARM,2020,ALL_SUBSTANCES_APPROVED_IN_EU,1,Chlorothalonil + Tebuconazole,Tebuconazole,Chlorothalonil + Tebuconazole:EU_APPROVED,
FONGICIDE,Chlorothalonil + Propiconazole + Cyproconazole,"375 g/l + 62,5 g/l + 50 g/l",SE,"Cherokee 487,5 SE",F.025-15,SOLAGRI,SYNGENTA,2020,CONTAINS_NOT_APPROVED_SUBSTANCE_IN_EU,1,Chlorothalonil + Propiconazole + Cyproconazole,Propiconazole,Chlorothalonil + Propiconazole + Cyproconazole:EU_NOT_APPROVED,
FONGICIDE,Deltamethrine,25 g/l,EC,SCATTO EC,I.013-19,STIMA,ISAGRO SPA,2020,ALL_SUBSTANCES_APPROVED_IN_EU,1,Deltamethrine,Deltamethrin,Deltamethrine:EU_APPROVED,
FONGICIDE,Cuivre Métal,5 0 %,W P,C o b r e K e y Cuivox Cuprocuivre Curenox Hidrocobre 50 valles Cuprene Copezine 50 Roxon 50 Inacop PM,F . 0 1 8 - 1 1 F.150-11 F.151-11 F.152-11 F.153-11 F.167-11 F.023-16 F.008-13 F.003-14,E T S M E Z GHANI STEC SEPCM SOCOOPEC SOCOOPEC INNOVA EL KHADRA SANABEL AGRO ATLAS AGRICOLE,INDUSTRI. QUIMICAKEY I.Q.V. – Espagne I.Q.V. – Espagne I.Q.V. – Espagne IQV DEL VALLES SIPCAM QUIMAGRO SIPCAM QUIMAGRO I.Q.V. – Espagne SIPCAM INAGRA,2020,NOT_FOUND_OR_NEEDS_MANUAL_REVIEW,0,Cuivre Métal,,Cuivre Métal:NOT_IN_EU_LIST,
FONGICIDE,Cuivre Métal,5 0 %,W P,C O P S I P,F . 0 1 9 - 1 8,A G R I P R O TEC,SIPCAM INAGRA,2020,NOT_FOUND_OR_NEEDS_MANUAL_REVIEW,0,Cuivre Métal,,Cuivre Métal:NOT_IN_EU_LIST,
FONGICIDE,Cuivre métal(Hydroxyde de cuivre),40%,WG,HYDRO 40 WG,F.001-19,SANABEL AGRO,Industrias Quimicas Del Vallés (IQV),2020,NOT_FOUND_OR_NEEDS_MANUAL_REVIEW,0,Cuivre métal(Hydroxyde de cuivre),,Cuivre métal(Hydroxyde de cuivre):NOT_IN_EU_LIST,
FONGICIDE,Cuivre Métal,3 5 %,W G,K o c i d e 2000,F.019-11,AGRIPROTEC,MITSUI & Co Ltd,2020,NOT_FOUND_OR_NEEDS_MANUAL_REVIEW,0,Cuivre Métal,,Cuivre Métal:NOT_IN_EU_LIST,
FONGICIDE,Cuivre Métal,20%,WG,Bouillie Bordelaise Bordo valles WG Cuperval WG,F.203-11 F.154-11 F.005-13,SEPCM SOCOOPEC SANABEL AGRO,Cerexagri/UPL Ltd I.Q.V. DELVALLES I.Q.V. DELVALLES,2020,NOT_FOUND_OR_NEEDS_MANUAL_REVIEW,0,Cuivre Métal,,Cuivre Métal:NOT_IN_EU_LIST,
FONGICIDE,Cuivre Métal,20%,WP,POLTIGLIA 20 PB,F.035-17,ATLAS AGRICOLE,MANICA S.P.A,2020,NOT_FOUND_OR_NEEDS_MANUAL_REVIEW,0,Cuivre Métal,,Cuivre Métal:NOT_IN_EU_LIST,
FONGICIDE,CUIVRE METAL,35 %,WG,AIRONE,F.004-17,AGRIMATCO,ISAGRO,2020,NOT_FOUND_OR_NEEDS_MANUAL_REVIEW,0,CUIVRE METAL,,CUIVRE METAL:NOT_IN_EU_LIST,
FONGICIDE,Cuivre Métal,20%,WP,Comac,11-214F.,AGRIPROTEC,NUFARM,2020,NOT_FOUND_OR_NEEDS_MANUAL_REVIEW,0,Cuivre Métal,,Cuivre Métal:NOT_IN_EU_LIST,
FONGICIDE,Cuivre Métal,20%,WP,Super Bordeaux,F.003-13,BIOPROTECTION,NUFARM,2020,NOT_FOUND_OR_NEEDS_MANUAL_REVIEW,0,Cuivre Métal,,Cuivre Métal:NOT_IN_EU_LIST,
FONGICIDE,CUIVRE METAL,50 %,WP,OSSICLOR 50 PB MANICA,F.015-17,ATLAS AGRICOLE,MANICA Spa,2020,NOT_FOUND_OR_NEEDS_MANUAL_REVIEW,0,CUIVRE METAL,,CUIVRE METAL:NOT_IN_EU_LIST,
FONGICIDE,CUIVRE METAL,75 %,WG,COBRE NORDOX,F.047-17,COTUGRAIN,NORDOX INDUSTRIER A/S,2020,NOT_FOUND_OR_NEEDS_MANUAL_REVIEW,0,CUIVRE METAL,,CUIVRE METAL:NOT_IN_EU_LIST,
FONGICIDE,CUIVRE,600 g/l,SC,Siscop 60 SC,F.041-17,SEPCM,AAKO BV,2020,NOT_FOUND_OR_NEEDS_MANUAL_REVIEW,0,CUIVRE,,CUIVRE:NOT_IN_EU_LIST,
FONGICIDE,Cuivre(oxychlorure de cuivre 605 g/kg),350g/kg,WG,RAMCU 35 WG,F.002-19,STIMA,Manica S.P.A,2020,CONTAINS_NOT_APPROVED_SUBSTANCE_IN_EU,1,Cuivre(oxychlorure de cuivre 605 g | kg),Quintozene containing > 1 g/kg HCB or > 10 g/kg pentachlorobenzene,Cuivre(oxychlorure de cuivre 605 g:NOT_IN_EU_LIST | kg):EU_NOT_APPROVED,
FONGICIDE,Cuivre,360 g/L,EC,Champ Flo,F.170-11,INNOVA,NUFARM,2020,NOT_FOUND_OR_NEEDS_MANUAL_REVIEW,0,Cuivre,,Cuivre:NOT_IN_EU_LIST,
FONGICIDE,Cuivre,360 g/L,EC,Hydro Flo,F.209-11,BIOPROTECTION,NUFARM,2020,NOT_FOUND_OR_NEEDS_MANUAL_REVIEW,0,Cuivre,,Cuivre:NOT_IN_EU_LIST,
FONGICIDE,Hydroxyde de Cuivre,400 g/l,SC,Heliocuivre,11-211F.,BIOPROTECTION,Action Pin,2020,NOT_FOUND_OR_NEEDS_MANUAL_REVIEW,0,Hydroxyde de Cuivre,,Hydroxyde de Cuivre:NOT_IN_EU_LIST,
FONGICIDE,Hydroxyde de Cuivre,400 g/l,SC,Patrol 50 WP,F.028-15,AMINCO,SPEISS URANIA,2020,NOT_FOUND_OR_NEEDS_MANUAL_REVIEW,0,Hydroxyde de Cuivre,,Hydroxyde de Cuivre:NOT_IN_EU_LIST,
FONGICIDE,Oxychlorure de Cuivre,85 % (50 % de cuivre metal),WP,Agrocuivre Cuprumax 50 WP,F.168-11 F.027-15,AGROSYSTEMES AMINCO,SPEISS URANIA SPEISS URANIA,2020,NOT_FOUND_OR_NEEDS_MANUAL_REVIEW,0,Oxychlorure de Cuivre,,Oxychlorure de Cuivre:NOT_IN_EU_LIST,
FONGICIDE,Oxychlorure de cuivre + Mancozèbe,30% + 20%,WP,COTRAN 20-30,F.005-17,SLDA,TRAGUSSA,2020,CONTAINS_NOT_APPROVED_SUBSTANCE_IN_EU,1,Oxychlorure de cuivre + Mancozèbe,Mancozeb,Oxychlorure de cuivre + Mancozèbe:EU_NOT_APPROVED,
FONGICIDE,Oxychlorure de cuivre + Mancozèbe,30 % + 20 %,WP,AFROSAN DUPLO,F.028-17,EL KHADRA,AFRASA,2020,CONTAINS_NOT_APPROVED_SUBSTANCE_IN_EU,1,Oxychlorure de cuivre + Mancozèbe,Mancozeb,Oxychlorure de cuivre + Mancozèbe:EU_NOT_APPROVED,
FONGICIDE,Sulfate de cuivre tribasique,345 g/l (soit 190 g/l cuivre metal),SC,Cuproxat SC,018-14F.,EL MOUSSEM AGRICOLE,NUFARM,2020,NOT_FOUND_OR_NEEDS_MANUAL_REVIEW,0,Sulfate de cuivre tribasique,,Sulfate de cuivre tribasique:NOT_IN_EU_LIST,
FONGICIDE,Sulphate de cuivre tribasique,360g/l,SC,CU MAX,F.013-17,RAYEN PHYTAGRI,DIACHEM S.P.A,2020,NOT_FOUND_OR_NEEDS_MANUAL_REVIEW,0,Sulphate de cuivre tribasique,,Sulphate de cuivre tribasique:NOT_IN_EU_LIST,
FONGICIDE,Sulfate de cuivre tribasique,40 %,WG,Novicure,F.033-17,PROTAGRI,UPL,2020,NOT_FOUND_OR_NEEDS_MANUAL_REVIEW,0,Sulfate de cuivre tribasique,,Sulfate de cuivre tribasique:NOT_IN_EU_LIST,
FONGICIDE,Sulfate de cuivre tribasique + Zoxamide,266.6 g/l + 40 g/l,SC,Amaline Flow,F.027-17,EL MOUSSEM AGRICOLE,NUFARM,2020,ALL_SUBSTANCES_APPROVED_IN_EU,1,Sulfate de cuivre tribasique + Zoxamide,Zoxamide,Sulfate de cuivre tribasique + Zoxamide:EU_APPROVED,
FONGICIDE,Sulfate de cuivre tribasique + Cymoxanil,190 g/l + 35 g/l,SC,Moltovin,F.037-17,BIOPROTECTION,NUFARM,2020,ALL_SUBSTANCES_APPROVED_IN_EU,1,Sulfate de cuivre tribasique + Cymoxanil,Cymoxanil,Sulfate de cuivre tribasique + Cymoxanil:EU_APPROVED,
FONGICIDE,Cymoxanil + Famoxadone,"30 % + 22,5 %",WP,Equation Pro,F.020-11,SEPCM,DU PONT,2020,CONTAINS_NOT_APPROVED_SUBSTANCE_IN_EU,1,Cymoxanil + Famoxadone,Famoxadone,Cymoxanil + Famoxadone:EU_NOT_APPROVED,
FONGICIDE,Cymoxanil + Mancozèbe,"4% + 46,5%",WP,Curvax M Peyron Mz,F.171-11 F.005-18,SEPCM STEC,CMPA CMPA,2020,CONTAINS_NOT_APPROVED_SUBSTANCE_IN_EU,1,Cymoxanil + Mancozèbe,Mancozeb,Cymoxanil + Mancozèbe:EU_NOT_APPROVED,
FONGICIDE,Cymoxanil + Mancozebe,8% + 64%,WP,CUPROSATE GOLD M72 WP,F.008-17,AGROSYSTEMES,AGRIA,2020,CONTAINS_NOT_APPROVED_SUBSTANCE_IN_EU,1,Cymoxanil + Mancozebe,Mancozeb,Cymoxanil + Mancozebe:EU_NOT_APPROVED,
FONGICIDE,Cymoxanil + Mancozebe,8% + 64%,WP,AGREZATE PLUS WP,F.017-20,SOCOOPEC,AGRIA,2020,CONTAINS_NOT_APPROVED_SUBSTANCE_IN_EU,1,Cymoxanil + Mancozebe,Mancozeb,Cymoxanil + Mancozebe:EU_NOT_APPROVED,
FONGICIDE,Cymoxanil + Mancozèbe,4 %+ 40 %,WP,CURZATE M,F.022-11,STEC,DUPONT,2020,CONTAINS_NOT_APPROVED_SUBSTANCE_IN_EU,1,Cymoxanil + Mancozèbe,Mancozeb,Cymoxanil + Mancozèbe:EU_NOT_APPROVED,
FONGICIDE,Cymoxanil + Métirame de Zinc,"4,8 % + 6 4 %",WP,Aviso DF,F.023-11,STIMA,BASF,2020,CONTAINS_NOT_APPROVED_SUBSTANCE_IN_EU,1,Cymoxanil + Métirame de Zinc,Metiram,Cymoxanil + Métirame de Zinc:EU_NOT_APPROVED,
FONGICIDE,Cymoxanil+ Propinèbe,6 % + 7 0 %,W P,A n t r a c o l Combi,F.024-11,PROMOCHIMIE,BAYER CROPSCIENCE,2020,CONTAINS_NOT_APPROVED_SUBSTANCE_IN_EU,1,Cymoxanil+ Propinèbe,Propineb,Cymoxanil+ Propinèbe:EU_NOT_APPROVED,
FONGICIDE,Cyproconazole,10 %,WG,Atemi 10 WG,F.002-15,AGRIPROTEC,SYNGENTA CROP PROTECTION,2020,CONTAINS_NOT_APPROVED_SUBSTANCE_IN_EU,1,Cyproconazole,Cyproconazole,Cyproconazole:EU_NOT_APPROVED,
FONGICIDE,Cyproconazole,10 %,WG,Xpert WG,F.013-16,EL KHADRA,Sharda,2020,CONTAINS_NOT_APPROVED_SUBSTANCE_IN_EU,1,Cyproconazole,Cyproconazole,Cyproconazole:EU_NOT_APPROVED,
FONGICIDE,Cyproconazole + Azoxystrobin,80 g/L + 200 g/L,SC,Amistar Xtra,F.025-11,AGRIPROTEC,SYNGENTA,2020,ALL_SUBSTANCES_APPROVED_IN_EU,1,Cyproconazole + Azoxystrobin,Azoxystrobin,Cyproconazole + Azoxystrobin:EU_APPROVED,
FONGICIDE,Cyproconazole + Azoxystrobin,80 g/L + 200 g/L,SC,Priori Xtra,F.003-18,SOLAGRI,SYNGENTA,2020,ALL_SUBSTANCES_APPROVED_IN_EU,1,Cyproconazole + Azoxystrobin,Azoxystrobin,Cyproconazole + Azoxystrobin:EU_APPROVED,
FONGICIDE,Cyproconazole + chlorothalonil,4% + 37.5 %,SC,CHAMPION,F.019-17,SOCOOPEC,SHARDA CROPCHEM,2020,CONTAINS_NOT_APPROVED_SUBSTANCE_IN_EU,1,Cyproconazole + chlorothalonil,Cyproconazole,Cyproconazole + chlorothalonil:EU_NOT_APPROVED,
FONGICIDE,Cyproconazole + chlorothalonil,4% + 37.5 %,SC,CYCLONE,F.015-19,SANABEL AGRO,SHARDA CROPCHEM,2020,CONTAINS_NOT_APPROVED_SUBSTANCE_IN_EU,1,Cyproconazole + chlorothalonil,Cyproconazole,Cyproconazole + chlorothalonil:EU_NOT_APPROVED,
FONGICIDE,Cyproconazole + Propicinazole,160 g/l + 250 g/l,EC,Menara 410 EC,F.127-11,AGRIPROTEC,SYNGENTA,2020,CONTAINS_NOT_APPROVED_SUBSTANCE_IN_EU,1,Cyproconazole + Propicinazole,Cyproconazole,Cyproconazole + Propicinazole:EU_NOT_APPROVED,
FONGICIDE,Cyproconazole + Propicinazole,160 g/l + 250 g/l,EC,TAZOLE 410 EC,F.023-17,AGRONOMIC Land,SHARDA,2020,CONTAINS_NOT_APPROVED_SUBSTANCE_IN_EU,1,Cyproconazole + Propicinazole,Cyproconazole,Cyproconazole + Propicinazole:EU_NOT_APPROVED,
FONGICIDE,Cyproconazole + Propicinazole,160 g/l + 250 g/l,EC,TWIST SUPER EC,F.031-17,ATLAS AGRICOLE,SHARDA,2020,CONTAINS_NOT_APPROVED_SUBSTANCE_IN_EU,1,Cyproconazole + Propicinazole,Cyproconazole,Cyproconazole + Propicinazole:EU_NOT_APPROVED,
FONGICIDE,Cyproconazole + Propicinazole,160 g/l + 250 g/l,EC,WINTER 41 EC,F032-18,AGRIMED DISTRIBUTION,SHARDA,2020,CONTAINS_NOT_APPROVED_SUBSTANCE_IN_EU,1,Cyproconazole + Propicinazole,Cyproconazole,Cyproconazole + Propicinazole:EU_NOT_APPROVED,
FONGICIDE,Cyproconazole + Picoxystrobine,80 g/l + 200 g/l,SC,Acanto plus,F.020-15,SEPCM,DU PONT INTERNATIONAL,2020,CONTAINS_NOT_APPROVED_SUBSTANCE_IN_EU,1,Cyproconazole + Picoxystrobine,Cyproconazole,Cyproconazole + Picoxystrobine:EU_NOT_APPROVED,
FONGICIDE,Cyproconazole + Picoxystrobine,80 g/l + 200 g/l,SC,STINGER SC,F.016-20,ATLAS AGRICOLE,DU PONT INTERNATIONAL,2020,CONTAINS_NOT_APPROVED_SUBSTANCE_IN_EU,1,Cyproconazole + Picoxystrobine,Cyproconazole,Cyproconazole + Picoxystrobine:EU_NOT_APPROVED,
FONGICIDE,Cyprodinil,50%,WG,Unix 50 WG,F.026-11,EL MOUSSEM AGRICOLE,SYNGENTA,2020,ALL_SUBSTANCES_APPROVED_IN_EU,1,Cyprodinil,Cyprodinil,Cyprodinil:EU_APPROVED,
FONGICIDE,Difenoconazole,2 5 0 g / L,E C,Score 250 EC,F.028-11,BIOPROTECTION,SYNGENTA,2020,ALL_SUBSTANCES_APPROVED_IN_EU,1,Difenoconazole,Difenoconazole,Difenoconazole:EU_APPROVED,
FONGICIDE,Difenoconazole,2 5 0 g / L,E C,Difcor Protector Divisole,F.027-11 F.032-15 F.194-11,AGROSYSTEMES AMINCO TASMID,GLOBACHEM GLOBACHEM ASTRACHEM,2020,ALL_SUBSTANCES_APPROVED_IN_EU,1,Difenoconazole,Difenoconazole,Difenoconazole:EU_APPROVED,
FONGICIDE,Difenoconazole,2 5 0 g / L,E C,PROZOLE 250 EC,F.022-18,Ets MEZGHANI,ASTRACHEM,2020,ALL_SUBSTANCES_APPROVED_IN_EU,1,Difenoconazole,Difenoconazole,Difenoconazole:EU_APPROVED,
FONGICIDE,Difenoconazole,2 5 0 g / L,E C,Festival 250 EC,F.006-15,SANABEL AGRO,Sharda World Wide,2020,ALL_SUBSTANCES_APPROVED_IN_EU,1,Difenoconazole,Difenoconazole,Difenoconazole:EU_APPROVED,
FONGICIDE,Difenoconazole,2 5 0 g / L,E C,RAYOK,F.046-17,HALAB TUNISIE,JSC AUGUST INC,2020,ALL_SUBSTANCES_APPROVED_IN_EU,1,Difenoconazole,Difenoconazole,Difenoconazole:EU_APPROVED,
FONGICIDE,Difenoconazole,250 g/L,EC,CURYGEN EC,F.015-20,EL KHADRA,JSC AUGUST INC,2020,ALL_SUBSTANCES_APPROVED_IN_EU,1,Difenoconazole,Difenoconazole,Difenoconazole:EU_APPROVED,
FONGICIDE,Difenoconazole,3 0 g / L,F S,S pectro 30 FS,F.029-11,BIOPROTECTION,SYNGENTA,2020,ALL_SUBSTANCES_APPROVED_IN_EU,1,Difenoconazole,Difenoconazole,Difenoconazole:EU_APPROVED,
FONGICIDE,Difenoconazole,3 0 g / L,F S,Difender 30 FS,006-14F.,AGROSYSTEMES,GLOBACHEM,2020,ALL_SUBSTANCES_APPROVED_IN_EU,1,Difenoconazole,Difenoconazole,Difenoconazole:EU_APPROVED,
FONGICIDE,Difenoconazole,3 0 g / L,F S,SITARA FS,F.001-20,SANABEL AGRO,SHARDA CROPCHEM,2020,ALL_SUBSTANCES_APPROVED_IN_EU,1,Difenoconazole,Difenoconazole,Difenoconazole:EU_APPROVED,
FONGICIDE,Difenoconazole + Cyflufenamid Famille chimique : (triazoles+ amidoximes),125g/L + 15g/L,DC,CIDELY TOP 140 DC,F.026-17,AGRIPROTEC,SYNGENTA,2020,ALL_SUBSTANCES_APPROVED_IN_EU,1,Difenoconazole + Cyflufenamid Famille chimique : (triazoles+ amidoximes),Difenoconazole,Difenoconazole + Cyflufenamid Famille chimique : (triazoles+ amidoximes):EU_APPROVED,
FONGICIDE,Difenoconazole + Cyflufenamid Famille chimique : (triazoles+ amidoximes),125g/L + 15g/L,DC,MELCAR TOP 140 DC,F.027-18,COTUGRAIN IMPEX,SYNGENTA,2020,ALL_SUBSTANCES_APPROVED_IN_EU,1,Difenoconazole + Cyflufenamid Famille chimique : (triazoles+ amidoximes),Difenoconazole,Difenoconazole + Cyflufenamid Famille chimique : (triazoles+ amidoximes):EU_APPROVED,
FONGICIDE,Difenoconazole + Fludioxonil,25 g/L + 25 g/L,FS,Celest Extra 50 FS,F.030-11,BIOPROTECTION,SYNGENTA,2020,ALL_SUBSTANCES_APPROVED_IN_EU,1,Difenoconazole + Fludioxonil,Fludioxonil,Difenoconazole + Fludioxonil:EU_APPROVED,
FONGICIDE,Difenoconazole + Fludioxonil,25 g/l + 25 g/l,FS,DIFEND EXTRA FS,F.017-18,AGROSYSTEMES,Globachem,2020,ALL_SUBSTANCES_APPROVED_IN_EU,1,Difenoconazole + Fludioxonil,Fludioxonil,Difenoconazole + Fludioxonil:EU_APPROVED,
FONGICIDE,Difenoconazole + Fludioxonil + Sedexane,25 g/l + 25 g/l + 50 g/l,FS,Vibrance Gold,F.013-15,BIOPROTECTION,SYNGENTA,2020,ALL_SUBSTANCES_APPROVED_IN_EU,1,Difenoconazole + Fludioxonil + Sedexane,Fludioxonil,Difenoconazole + Fludioxonil + Sedexane:EU_APPROVED,
FONGICIDE,Difenoconazole + Fludioxonil + Thiamethoxam,25g/l + 25 g/l + 262.5 g/l,FS,Top 312.5,126-11 F.,BIOPROTECTION,SYNGENTA,2020,ALL_SUBSTANCES_APPROVED_IN_EU,1,Difenoconazole + Fludioxonil + Thiamethoxam,Fludioxonil,Difenoconazole + Fludioxonil + Thiamethoxam:EU_APPROVED,
FONGICIDE,Difenoconazole + Métalaxyl-M,92 g/l + 23 g/l,FS,Spectro Extreme 115 FS,008-14F.,BIOPROTECTION,SYNGENTA,2020,ALL_SUBSTANCES_APPROVED_IN_EU,1,Difenoconazole + Métalaxyl-M,Metalaxyl,Difenoconazole + Métalaxyl-M:EU_APPROVED,
FONGICIDE,Difenoconazole + Métalaxyl-M,92 g/l + 23 g/l,FS,DIVIDEND EXTREME 115 FS,F.006-18,SOLAGRI,SYNGENTA,2020,ALL_SUBSTANCES_APPROVED_IN_EU,1,Difenoconazole + Métalaxyl-M,Metalaxyl,Difenoconazole + Métalaxyl-M:EU_APPROVED,
FONGICIDE,Dimethomorphe + Mancozèbe,90 g/kg + 600 g/kg,WG,Acrobat MZ WG,017-14F.,COTUGRAIN IMPEX,BASF,2020,CONTAINS_NOT_APPROVED_SUBSTANCE_IN_EU,1,Dimethomorphe + Mancozèbe,Mancozeb,Dimethomorphe + Mancozèbe:EU_NOT_APPROVED,
FONGICIDE,Diméthomorphe + Fluazinam,200 g/l + 200 g/l,SC,FOLY STAR 400 SC,F.007-16,SEPCM,AAKO,2020,CONTAINS_NOT_APPROVED_SUBSTANCE_IN_EU,1,Diméthomorphe + Fluazinam,Dimethomorph,Diméthomorphe + Fluazinam:EU_NOT_APPROVED,
FONGICIDE,Dimetomorphe + Folpel,11.3% + 60%,WG,DENIM,F.007-17,RAYEN PHYTAGRI,Sharda cropchem,2020,NOT_FOUND_OR_NEEDS_MANUAL_REVIEW,0,Dimetomorphe + Folpel,,Dimetomorphe + Folpel:NOT_IN_EU_LIST,
FONGICIDE,Dimetomorphe + Folpel,11.3% + 60 %,WG,MORPHEE 71.3 WG,F.036-17,BIOPROTECTION,AAKO,2020,NOT_FOUND_OR_NEEDS_MANUAL_REVIEW,0,Dimetomorphe + Folpel,,Dimetomorphe + Folpel:NOT_IN_EU_LIST,
FONGICIDE,Dinocap Meptyl + Myclobutanil,105 G/L + 45 G/L,EC,SABITHANE GOLD,F.021-13,INNOVA,DOW AGROSCIENCES,2020,CONTAINS_NOT_APPROVED_SUBSTANCE_IN_EU,1,Dinocap Meptyl + Myclobutanil,Myclobutanil,Dinocap Meptyl + Myclobutanil:EU_NOT_APPROVED,
FONGICIDE,Dinocap Meptyl + Myclobutanil,105 g/L + 45 g/L,EC,RALLY,F.029-18,ATLAS AGRICOLE,DOW AGROSCIENCES,2020,CONTAINS_NOT_APPROVED_SUBSTANCE_IN_EU,1,Dinocap Meptyl + Myclobutanil,Myclobutanil,Dinocap Meptyl + Myclobutanil:EU_NOT_APPROVED,
FONGICIDE,hiabend,12 % + 4 %,WG,MACCANI,F.014-16,COTUGRAIN IMPEX,BASF,2020,ALL_SUBSTANCES_APPROVED_IN_EU,1,hiabend,Thiabendazole,hiabend:EU_APPROVED,
FONGICIDE,Diethofencarb,250 g/l,SC,FRUGICO SC,F.019-16,AGROSYTEME,GLOBACHEM,2020,CONTAINS_NOT_APPROVED_SUBSTANCE_IN_EU,1,Diethofencarb,Diethofencarb,Diethofencarb:EU_NOT_APPROVED,
FONGICIDE,Dodine,400 g/L,SC,Syllit 400 SC Efluzin 400 SC,F.172-11 F.010-15,PROTAGRI SEPCM,AGRIPHAR AGRIPHAR,2020,ALL_SUBSTANCES_APPROVED_IN_EU,1,Dodine,Dodine,Dodine:EU_APPROVED,
FONGICIDE,Epoxiconazole,125 g/L,SC,Opus Soprano Scooby doo Spike,F.034-11 F.033-11 F.035-15 F.032-11,STIMA SEPCM AMINCO AGROSYSTEMES,BASF AAKO GLOBACHEM GLOBACHEM,2020,CONTAINS_NOT_APPROVED_SUBSTANCE_IN_EU,1,Epoxiconazole,Epoxiconazole,Epoxiconazole:EU_NOT_APPROVED,
FONGICIDE,Epoxiconazole,125 g/L,SC,Eponeo Orage Nupoxyn,F.029-15 F.005-15 F.018-15,AMINCO SANABEL AGRO EL MOUSSEM AGRICOLE,Cheminova SINON CORPORATION NUFARM,2020,CONTAINS_NOT_APPROVED_SUBSTANCE_IN_EU,1,Epoxiconazole,Epoxiconazole,Epoxiconazole:EU_NOT_APPROVED,
FONGICIDE,Epoxiconazole,125 g/L,SC,Rubric,F.018-13,AGROSYSTEMES,Cheminova,2020,CONTAINS_NOT_APPROVED_SUBSTANCE_IN_EU,1,Epoxiconazole,Epoxiconazole,Epoxiconazole:EU_NOT_APPROVED,
FONGICIDE,Epoxiconazole + Dimoxystrobine,50 g/L 133 g/L,SC,Swing Gold,F.035-11,STIMA,BASF,2020,CONTAINS_NOT_APPROVED_SUBSTANCE_IN_EU,1,Epoxiconazole + Dimoxystrobine,Dimoxystrobin,Epoxiconazole + Dimoxystrobine:EU_NOT_APPROVED,
FONGICIDE,Epoxiconazole + Fenpropimorph,84 g/l 250 g/l,SE,EPIC TOP SE,18-011F.,COTUGRAIN IMPEX,BASF,2020,CONTAINS_NOT_APPROVED_SUBSTANCE_IN_EU,1,Epoxiconazole + Fenpropimorph,Epoxiconazole,Epoxiconazole + Fenpropimorph:EU_NOT_APPROVED,
FONGICIDE,Epoxiconazole + Kresoxim methyl,125 g/L +125 g/L 37.5 g/l + 27.5 g/l,SC,Ogam,F.155-11,STIMA,BASF-ESPAGNOLA,2020,CONTAINS_NOT_APPROVED_SUBSTANCE_IN_EU,1,Epoxiconazole + Kresoxim methyl,Epoxiconazole,Epoxiconazole + Kresoxim methyl:EU_NOT_APPROVED,
FONGICIDE,Epoxiconazole + Kresoxim methyl,125 g/L +125 g/L 37.5 g/l + 27.5 g/l,EC,OSIRIS,F.130-11,AGRIPROTEC,BASF,2020,CONTAINS_NOT_APPROVED_SUBSTANCE_IN_EU,1,Epoxiconazole + Kresoxim methyl,Epoxiconazole,Epoxiconazole + Kresoxim methyl:EU_NOT_APPROVED,
FONGICIDE,Epoxiconazole + Thiophanate-methyl,187 g/L + 310 g/L,EC,Rex Duo,F.174-11,STIMA,BASF,2020,CONTAINS_NOT_APPROVED_SUBSTANCE_IN_EU,1,Epoxiconazole + Thiophanate-methyl,Thiophanate-methyl,Epoxiconazole + Thiophanate-methyl:EU_NOT_APPROVED,
FONGICIDE,Epoxiconazole + Fluxapyroxad(xemium),62.5 g/l + 62.5 g/l,EC,ADEXAR XTRA,F.007-20,STIMA,BASF,2020,CONTAINS_NOT_APPROVED_SUBSTANCE_IN_EU,1,Epoxiconazole + Fluxapyroxad(xemium),Epoxiconazole,Epoxiconazole + Fluxapyroxad(xemium):EU_NOT_APPROVED,
FONGICIDE,Famoxadone + Mancozebe,6.25 % + 62.5 %,WG,Clip,F.011-15,AGRIMATCO,DU PONT INTERNATIONAL,2020,CONTAINS_NOT_APPROVED_SUBSTANCE_IN_EU,1,Famoxadone + Mancozebe,Mancozeb,Famoxadone + Mancozebe:EU_NOT_APPROVED,
FONGICIDE,Fenamidone + Fosethyl-Al,"4,44 % + 66,7 %",WG,Verita,F.036-11,STEC,BAYER CROPSCIENCE,2020,CONTAINS_NOT_APPROVED_SUBSTANCE_IN_EU,1,Fenamidone + Fosethyl-Al,Fenamidone,Fenamidone + Fosethyl-Al:EU_NOT_APPROVED,
FONGICIDE,Fenamidone + Mancozèbe,1 0 % + 50%,W G,S e r e n o Sagaie,F.038-11 F.037-11,EL MOUSSEM AGRICOLE ATLAS AGRICOLE,BAYER CROPSCIENCE BAYER CROPSCIENCE,2020,CONTAINS_NOT_APPROVED_SUBSTANCE_IN_EU,1,Fenamidone + Mancozèbe,Mancozeb,Fenamidone + Mancozèbe:EU_NOT_APPROVED,
FONGICIDE,Fenhexamide,"53,7 %",WG,Teldor,F.040-11,PROMOCHIMIE,BAYER CROPSCIENCE,2020,ALL_SUBSTANCES_APPROVED_IN_EU,1,Fenhexamide,Fenhexamid,Fenhexamide:EU_APPROVED,
FONGICIDE,Fenpyrazamine,50%,WG,PROLECTUS 50WG,F.040-17,SEPCM,SUMITOMO CHEMICAL AGRO Europe,2020,CONTAINS_NOT_APPROVED_SUBSTANCE_IN_EU,1,Fenpyrazamine,Fenpyrazamine,Fenpyrazamine:EU_NOT_APPROVED,
FONGICIDE,Fenpropimorphe + Epoxiconazole + Metrafenone,200 g/l + 75 g/l + 62.5 g/l,SE,Capalo,F.010-13,STIMA,BASF,2020,ALL_SUBSTANCES_APPROVED_IN_EU,1,Fenpropimorphe + Epoxiconazole + Metrafenone,Metrafenone,Fenpropimorphe + Epoxiconazole + Metrafenone:EU_APPROVED,
FONGICIDE,Fenpropidine + Propiconazole,450 g/l + 125 g/l,EC,Zenith 575 EC,F.011-14,SOLAGRI,SYNGENTA,2020,CONTAINS_NOT_APPROVED_SUBSTANCE_IN_EU,1,Fenpropidine + Propiconazole,Propiconazole,Fenpropidine + Propiconazole:EU_NOT_APPROVED,
FONGICIDE,Fluazinam,500 g/l,SC,FOLY,F.134-11,SEPCM,AAKO,2020,ALL_SUBSTANCES_APPROVED_IN_EU,1,Fluazinam,Fluazinam,Fluazinam:EU_APPROVED,
FONGICIDE,Fluazinam,5 0 0 g/l,SC,Nando,F.045-11,BIOPROTECTION,NUFARM,2020,ALL_SUBSTANCES_APPROVED_IN_EU,1,Fluazinam,Fluazinam,Fluazinam:EU_APPROVED,
FONGICIDE,Fludioxonil,1 0 0 g / L,F S,M axim 100 FS,F.042-11,BIOPROTECTION,SYNGENTA,2020,ALL_SUBSTANCES_APPROVED_IN_EU,1,Fludioxonil,Fludioxonil,Fludioxonil:EU_APPROVED,
FONGICIDE,Fludioxonil + Cyprodinil,"25% + 37,5%",WG,Chorus Double,F.044-11,BIOPROTECTION,SYNGENTA,2020,ALL_SUBSTANCES_APPROVED_IN_EU,1,Fludioxonil + Cyprodinil,Fludioxonil,Fludioxonil + Cyprodinil:EU_APPROVED,
FONGICIDE,Fludioxonil + Sedaxane,25 g/l + 25 g/l,FS,VIBRANCE DUO FS,F.002-20,BIOPROTECTION,SYNGENTA,2020,ALL_SUBSTANCES_APPROVED_IN_EU,1,Fludioxonil + Sedaxane,Fludioxonil,Fludioxonil + Sedaxane:EU_APPROVED,
FONGICIDE,Fluoxastrobine,480g/l,SC,EVITO 480 SC,F010-17,EL MOUSSEM AGRICOLE,ARYSTA LIFESCIENCES,2020,ALL_SUBSTANCES_APPROVED_IN_EU,1,Fluoxastrobine,Fluoxastrobin,Fluoxastrobine:EU_APPROVED,
FONGICIDE,Fluoxastrobine + Tebuconazole,200 g/l + 277 g/l de,SC,Evito T,F.033-16,EL MOUSSEM AGRICOLE,ARYSTA LIFESCIENCE,2020,ALL_SUBSTANCES_APPROVED_IN_EU,1,Fluoxastrobine + Tebuconazole,Tebuconazole,Fluoxastrobine + Tebuconazole:EU_APPROVED,
FONGICIDE,Fluopyram,500 g/l,SC,Luna Previlege,F.133-11,ATLAS AGRICOLE,BAYER CROPSCIENCE,2020,ALL_SUBSTANCES_APPROVED_IN_EU,1,Fluopyram,Fluopyram,Fluopyram:EU_APPROVED,
FONGICIDE,Fluopyram + Trifloxystrobine,250 g/L + 250 g/L,SC,Luna Sensation,F.019-13,ATLAS AGRICOLE,BAYER CROPSCIENCE,2020,ALL_SUBSTANCES_APPROVED_IN_EU,1,Fluopyram + Trifloxystrobine,Trifloxystrobin,Fluopyram + Trifloxystrobine:EU_APPROVED,
FONGICIDE,Fluopyram + Tebuconazole,200 g/L + 200 g/l,SC,Luna Experience 400 SC,F.023-13,SEPCM,BAYER CROPSCIENCE,2020,ALL_SUBSTANCES_APPROVED_IN_EU,1,Fluopyram + Tebuconazole,Tebuconazole,Fluopyram + Tebuconazole:EU_APPROVED,
FONGICIDE,Fluopyram + Tebuconazole,200 g/L + 200 g/l,SC,Impact S,F.047-11,AGRIPROTEC,CHEMINOVA,2020,ALL_SUBSTANCES_APPROVED_IN_EU,1,Fluopyram + Tebuconazole,Tebuconazole,Fluopyram + Tebuconazole:EU_APPROVED,
FONGICIDE,Fluopyram + Tebuconazole,200 g/L + 200 g/l,SC,Flutri 125 SC,F.032-16,RAYEN PHYTAGRI,SHARDA,2020,ALL_SUBSTANCES_APPROVED_IN_EU,1,Fluopyram + Tebuconazole,Tebuconazole,Fluopyram + Tebuconazole:EU_APPROVED,
FONGICIDE,Flutriafol + Tébuconazole,75 g/l + 225 g/l,SC,Pointer Duo,F.028-16,AGROSYSTEMES,CHEMINOVA,2020,ALL_SUBSTANCES_APPROVED_IN_EU,1,Flutriafol + Tébuconazole,Tebuconazole,Flutriafol + Tébuconazole:EU_APPROVED,
FONGICIDE,Flutriafol + Thiabendazole,25 g/L + 25 g/L,FLO (FS),Vincit F,F.048-11,AGRIPROTEC,CHEMINOVA,2020,ALL_SUBSTANCES_APPROVED_IN_EU,1,Flutriafol + Thiabendazole,Thiabendazole,Flutriafol + Thiabendazole:EU_APPROVED,
FONGICIDE,Fluxapyroxad + Pyraclostrobine,75 g/l 150 g/l,SE,PRIAXOR SE,18-010F.,COTUGRAIN IMPEX,BASF,2020,ALL_SUBSTANCES_APPROVED_IN_EU,1,Fluxapyroxad + Pyraclostrobine,Pyraclostrobin,Fluxapyroxad + Pyraclostrobine:EU_APPROVED,
FONGICIDE,Folpel,80 %,WP,Solfol,F.034-17,ATLAS AGRICOLE,BELCHIM CROP PROTECTION,2020,NOT_FOUND_OR_NEEDS_MANUAL_REVIEW,0,Folpel,,Folpel:NOT_IN_EU_LIST,
FONGICIDE,Folpel +,35% + 6% + 3.2%,WP,FOBECI,F.002-16,INNOVA,SIPCAM INAGRA,2020,NOT_FOUND_OR_NEEDS_MANUAL_REVIEW,0,Folpel +,,Folpel +:NOT_IN_EU_LIST,
FONGICIDE,Benalaxyl +,35% + 6% + 3.2%,WP,/,,,,2020,CONTAINS_NOT_APPROVED_SUBSTANCE_IN_EU,1,Benalaxyl +,Benalaxyl,Benalaxyl +:EU_NOT_APPROVED,
FONGICIDE,cymoxanil,35% + 6% + 3.2%,WP,,,,,2020,ALL_SUBSTANCES_APPROVED_IN_EU,1,cymoxanil,Cymoxanil,cymoxanil:EU_APPROVED,
FONGICIDE,Folpel +,35% + 6% + 3.2%,WP,CIFOXIL,F.012-20,EL KHADRA,SIPCAM INAGRA,2020,NOT_FOUND_OR_NEEDS_MANUAL_REVIEW,0,Folpel +,,Folpel +:NOT_IN_EU_LIST,
FONGICIDE,Benalaxyl +,35% + 6% + 3.2%,WP,,,,,2020,CONTAINS_NOT_APPROVED_SUBSTANCE_IN_EU,1,Benalaxyl +,Benalaxyl,Benalaxyl +:EU_NOT_APPROVED,
FONGICIDE,Cymoxanil,35% + 6% + 3.2%,WP,,,,,2020,ALL_SUBSTANCES_APPROVED_IN_EU,1,Cymoxanil,Cymoxanil,Cymoxanil:EU_APPROVED,
FONGICIDE,Folpel+ Foséthyl-Al,2 5%+50%,WG,Mikal Flash,F.049-11,SEPCM,BAYER CROPSCIENCE,2020,NOT_FOUND_OR_NEEDS_MANUAL_REVIEW,0,Folpel+ Foséthyl-Al,,Folpel+ Foséthyl-Al:NOT_IN_EU_LIST,
FONGICIDE,Foséthyl-Al,8 0 %,W P,A lial,F.050-11,AGRIPROTEC,PROPLAN,2020,NOT_FOUND_OR_NEEDS_MANUAL_REVIEW,0,Foséthyl-Al,,Foséthyl-Al:NOT_IN_EU_LIST,
FONGICIDE,Foséthyl-Al,8 0 %,W P,F ilal,F.175-11,EL KHADRA,AFRASA,2020,NOT_FOUND_OR_NEEDS_MANUAL_REVIEW,0,Foséthyl-Al,,Foséthyl-Al:NOT_IN_EU_LIST,
FONGICIDE,Foséthyl-Al,8 0 %,WG,Aliette express,F.051-11,SEPCM,BAYER CROPSCIENCE,2020,NOT_FOUND_OR_NEEDS_MANUAL_REVIEW,0,Foséthyl-Al,,Foséthyl-Al:NOT_IN_EU_LIST,
FONGICIDE,Fosetyl –al,80%,WG,ALLUM WG,F.009-16,EL MOUSSEM AGRICOLE,NUFARM,2020,ALL_SUBSTANCES_APPROVED_IN_EU,1,Fosetyl –al,Fosetyl,Fosetyl –al:EU_APPROVED,
FONGICIDE,Fosetyl-Al,80%,WP,KEYFOL 80 WP,F.004-19,Ets MEZGHANI,LIMIN CHEMICAL CO.LTD,2020,ALL_SUBSTANCES_APPROVED_IN_EU,1,Fosetyl-Al,Fosetyl,Fosetyl-Al:EU_APPROVED,
FONGICIDE,Fosethyl-Al + Cymoxanil + Folpel,50 % + 4 % + 25%,WP,Magma Triple,F.137-11,EL KHADRA,AFRASA,2020,ALL_SUBSTANCES_APPROVED_IN_EU,1,Fosethyl-Al + Cymoxanil + Folpel,Cymoxanil,Fosethyl-Al + Cymoxanil + Folpel:EU_APPROVED,
FONGICIDE,Fosethyl-Al + Cymoxanil + Folpel,50 % + 4 % + 25%,WP,Fosbel extra,F.052.11,AGRIPROTEC,PROBELTE,2020,ALL_SUBSTANCES_APPROVED_IN_EU,1,Fosethyl-Al + Cymoxanil + Folpel,Cymoxanil,Fosethyl-Al + Cymoxanil + Folpel:EU_APPROVED,
FONGICIDE,Fosethyl-Al + Cymoxanil + Folpel,50 % + 4 % + 25%,WP,BELKAP EXTRA,F.026.18,AGROSYSTEMES,PROBELTE,2020,ALL_SUBSTANCES_APPROVED_IN_EU,1,Fosethyl-Al + Cymoxanil + Folpel,Cymoxanil,Fosethyl-Al + Cymoxanil + Folpel:EU_APPROVED,
FONGICIDE,Fosethyl-Al + Cymoxanil + Folpel,50% + 4% + 25%,WG,Anteor Flash,F.019-14,ATLAS AGRICOLE,BAYER AG,2020,ALL_SUBSTANCES_APPROVED_IN_EU,1,Fosethyl-Al + Cymoxanil + Folpel,Cymoxanil,Fosethyl-Al + Cymoxanil + Folpel:EU_APPROVED,
FONGICIDE,Fosethyl-Al +Fluopicolide,"6 6 , 7 % + 4 , 4 %",W G,P r o f i l e r,F.053-11,ATLAS AGRICOLE,BAYER AG,2020,ALL_SUBSTANCES_APPROVED_IN_EU,1,Fosethyl-Al +Fluopicolide,Fluopicolide,Fosethyl-Al +Fluopicolide:EU_APPROVED,
FONGICIDE,FOSETYL AL + FOLPEL + IPROVALICARBE,50 % + 25 % + 40 %,WG,CASSIOPEE WG,F.044-17,PROMOCHIMIE,BAYER AG,2020,ALL_SUBSTANCES_APPROVED_IN_EU,1,FOSETYL AL + FOLPEL + IPROVALICARBE,Fosetyl,FOSETYL AL + FOLPEL + IPROVALICARBE:EU_APPROVED,
FONGICIDE,Fosetyl-al + Mancozebe,35% + 35%,WP,KATANGA MAN,F.006-17,AGRIPROTEC,PROPLAN,2020,CONTAINS_NOT_APPROVED_SUBSTANCE_IN_EU,1,Fosetyl-al + Mancozebe,Mancozeb,Fosetyl-al + Mancozebe:EU_NOT_APPROVED,
FONGICIDE,Fosetyl-al + Mancozebe,44.4% + 31.3%,WG,Allum MZ,F.048-17,EL MOUSSEM AGRICOLE,NUFARM,2020,CONTAINS_NOT_APPROVED_SUBSTANCE_IN_EU,1,Fosetyl-al + Mancozebe,Mancozeb,Fosetyl-al + Mancozebe:EU_NOT_APPROVED,
FONGICIDE,Hymexazole,300 g/L,SL,Tachigaren,F.056-11,AGRIPROTEC,MITSUI CHEMICALS AGRO,2020,ALL_SUBSTANCES_APPROVED_IN_EU,1,Hymexazole,Hymexazol,Hymexazole:EU_APPROVED,
FONGICIDE,Huile essentielle de thym (thymol),81.87 g/l,EW,NOPATH EW,F.006-19,NUTRIPLANT,KOPPERT BIOLOGICAL SYSTEM,2020,NOT_FOUND_OR_NEEDS_MANUAL_REVIEW,0,Huile essentielle de thym (thymol),,Huile essentielle de thym (thymol):NOT_IN_EU_LIST,
FONGICIDE,Iprodione,500 g/l,SC,SINPRO SC,F.005-19,SANABEL AGRO,SINON CORPORATION,2020,CONTAINS_NOT_APPROVED_SUBSTANCE_IN_EU,1,Iprodione,Iprodione,Iprodione:EU_NOT_APPROVED,
FONGICIDE,Imidacloprid + Tebuconazole,210 g/l + 12 g/l,FS,GIZMO SUPER FS,F.018-18,AGRIPROTEC,NUFARM,2020,ALL_SUBSTANCES_APPROVED_IN_EU,1,Imidacloprid + Tebuconazole,Tebuconazole,Imidacloprid + Tebuconazole:EU_APPROVED,
FONGICIDE,Iprodione,5 0 %,W P,R o v r a l,F.057-11,SEPCM,FMC,2020,CONTAINS_NOT_APPROVED_SUBSTANCE_IN_EU,1,Iprodione,Iprodione,Iprodione:EU_NOT_APPROVED,
FONGICIDE,Iprodione,5 0 %,W G,D r i z a W G Prodax,001-15F. F.024-16,EL KHADRA SANABEL AGRO,INDSUTRIAS AFRASA SINON CORPORATION,2020,CONTAINS_NOT_APPROVED_SUBSTANCE_IN_EU,1,Iprodione,Iprodione,Iprodione:EU_NOT_APPROVED,
FONGICIDE,Iprodione,500g/l,SC,Rovral Aquaflo,F.010-16,COTUGRAIN IMPEX,FMC,2020,CONTAINS_NOT_APPROVED_SUBSTANCE_IN_EU,1,Iprodione,Iprodione,Iprodione:EU_NOT_APPROVED,
FONGICIDE,Iprodione,500 g/l,SC,Icaro,F.011-16,INNOVA,SIPCAM INAGRA,2020,CONTAINS_NOT_APPROVED_SUBSTANCE_IN_EU,1,Iprodione,Iprodione,Iprodione:EU_NOT_APPROVED,
FONGICIDE,Iprodione,500 g/l,SC,CLUSTER,F.017-17,RAYEN PHYTAGRI,DIACHEM S.P.A,2020,CONTAINS_NOT_APPROVED_SUBSTANCE_IN_EU,1,Iprodione,Iprodione,Iprodione:EU_NOT_APPROVED,
FONGICIDE,Iprodione,50%,WG,SABUESO,F.016-17,AGRIPROTEC,PROPLAN,2020,CONTAINS_NOT_APPROVED_SUBSTANCE_IN_EU,1,Iprodione,Iprodione,Iprodione:EU_NOT_APPROVED,
FONGICIDE,Iprodione,500 g/l,SC,APRODONE,F.042-17,LIEN AGRICOLE,SHARDA,2020,CONTAINS_NOT_APPROVED_SUBSTANCE_IN_EU,1,Iprodione,Iprodione,Iprodione:EU_NOT_APPROVED,
FONGICIDE,Iprodione,500 g/l,SC,FUGIX SC,F.013-20,EL KHADRA,SIPCAM INAGRA,2020,CONTAINS_NOT_APPROVED_SUBSTANCE_IN_EU,1,Iprodione,Iprodione,Iprodione:EU_NOT_APPROVED,
FONGICIDE,Iprovalicarbe + Oxychlorure de cuivre,"8,4 % + 40,6 %",WG,Positron 49,F.058-11,ATLAS AGRICOLE,BAYER CROPSCIENCE,2020,ALL_SUBSTANCES_APPROVED_IN_EU,1,Iprovalicarbe + Oxychlorure de cuivre,Iprovalicarb,Iprovalicarbe + Oxychlorure de cuivre:EU_APPROVED,
FONGICIDE,Krésoxim-méthyl,50%,WG,Stroby DF,F.059-11,STIMA,BASF,2020,ALL_SUBSTANCES_APPROVED_IN_EU,1,Krésoxim-méthyl,Kresoxim-methyl,Krésoxim-méthyl:EU_APPROVED,
FONGICIDE,Mancozébe,750g/Kg,WG,MANCOFLASH,F.012-17,RAYEN PHYTAGRI,INDOFIL,2020,CONTAINS_NOT_APPROVED_SUBSTANCE_IN_EU,1,Mancozébe,Mancozeb,Mancozébe:EU_NOT_APPROVED,
FONGICIDE,Mancozebe + Benalaxyl,65% + 8 %,WP,Galben M,F.180-11,INNOVA,FMC,2020,CONTAINS_NOT_APPROVED_SUBSTANCE_IN_EU,1,Mancozebe + Benalaxyl,Mancozeb,Mancozebe + Benalaxyl:EU_NOT_APPROVED,
FONGICIDE,Mancozebe + Benalaxyl,65% + 8 %,WP,TRECATOL,F.030-18,ATLAS AGRICOLE,FMC,2020,CONTAINS_NOT_APPROVED_SUBSTANCE_IN_EU,1,Mancozebe + Benalaxyl,Mancozeb,Mancozebe + Benalaxyl:EU_NOT_APPROVED,
FONGICIDE,Mancozebe,68 % + 4.5 %,WP,Profilux,F.001-16,ATLAS AGRICOLE,BELCHIM CROP PROTECTION,2020,CONTAINS_NOT_APPROVED_SUBSTANCE_IN_EU,1,Mancozebe,Mancozeb,Mancozebe:EU_NOT_APPROVED,
FONGICIDE,+,68 % + 4.5 %,WP,,,,,2020,NOT_FOUND_OR_NEEDS_MANUAL_REVIEW,0,+,,+:NOT_IN_EU_LIST,
FONGICIDE,Cymoxanil,68 % + 4.5 %,WP,,,,,2020,ALL_SUBSTANCES_APPROVED_IN_EU,1,Cymoxanil,Cymoxanil,Cymoxanil:EU_APPROVED,
FONGICIDE,Mancozebe + Cymoxanil,465g/kg + 40g/kg,WP,KATALON,F.011-17,RAYEN PHYTAGRI,INDOFIL,2020,CONTAINS_NOT_APPROVED_SUBSTANCE_IN_EU,1,Mancozebe + Cymoxanil,Mancozeb,Mancozebe + Cymoxanil:EU_NOT_APPROVED,
FONGICIDE,Mancozebe + Benalaxyl + cymoxanil,40 % + 6 % + 3.2 %,WP,Micene Triple,F.029-16,EL KHADRA,SIPCAM INAGRA,2020,CONTAINS_NOT_APPROVED_SUBSTANCE_IN_EU,1,Mancozebe + Benalaxyl + cymoxanil,Mancozeb,Mancozebe + Benalaxyl + cymoxanil:EU_NOT_APPROVED,
FONGICIDE,Mancozebe + Fosethyl-AL,35% + 35%,WP,Alfil Duplo,F.005-14,EL KHADRA,AFRASA,2020,CONTAINS_NOT_APPROVED_SUBSTANCE_IN_EU,1,Mancozebe + Fosethyl-AL,Mancozeb,Mancozebe + Fosethyl-AL:EU_NOT_APPROVED,
FONGICIDE,Mancozèbe + Oxychlorure de cuivre,"17,5 % + 22%",WP,Laincobre-M,F.066-11,EL MOUSSEM AGRICOLE,LAINCO,2020,CONTAINS_NOT_APPROVED_SUBSTANCE_IN_EU,1,Mancozèbe + Oxychlorure de cuivre,Mancozeb,Mancozèbe + Oxychlorure de cuivre:EU_NOT_APPROVED,
FONGICIDE,Mancozèbe,80%,WP,Dithane M 45 Triziman 80 Caiman 80 WP Zatest Mancothine Maynozebe Penncozebe 80 WP Micène MZ Dauphin Dicozeb 80 Sancozeb 80 WP Sabero M 45 Agrizeb Agrezate 80 WP,F.065-11 F.060-11 F.062-11 F.063-11 F.061-11 F.030-15 F.156-11 F.177-11 F.022-16 F.178-11 F.179-11 F.192-11 F.198-11 F.004-15,SEPCM AGRIPROTEC BIOPROTECTION ETS. MEZGHANI AGROSYSTEMES AMINCO STEC INNOVA EL KHADRA ELMOUSSEM. INNOVA ATLAS AGRICOLE PROTAGRI SOCOOPEC,DOWAGROSCIENCE/MCA UPL Phosphorus ARYSTA LIFESCIENCE INDUST. QUIMICA KEY AGRIA SA AGRIA SA CEREXAGRI BV SIPCAM INAGRA SIPCAM INAGRA INDOFIL INDE DOW AGROSCIENCES COROMANDEL Ltd. United Phosphorus Ltd ZENITH CROPSCIENCES,2020,CONTAINS_NOT_APPROVED_SUBSTANCE_IN_EU,1,Mancozèbe,Mancozeb,Mancozèbe:EU_NOT_APPROVED,
FONGICIDE,Mancozèbe,80%,WP,MACOTAPE 80 WP MAXIMUS 80WP,F.020-18 F.033-18,SANABEL AGRO RAYEN PHYTAGRI,INDOFIL INDOFIL,2020,CONTAINS_NOT_APPROVED_SUBSTANCE_IN_EU,1,Mancozèbe,Mancozeb,Mancozèbe:EU_NOT_APPROVED,
FONGICIDE,Mancozèbe + Oxychlorure de cuivre,20 % + 30%,WP,Cureman Procuivre MZ,F.157-11 F.009-15,SOCOOPEC SEPCM,IQV DEL VALLES IQV DEL VALLES,2020,CONTAINS_NOT_APPROVED_SUBSTANCE_IN_EU,1,Mancozèbe + Oxychlorure de cuivre,Mancozeb,Mancozèbe + Oxychlorure de cuivre:EU_NOT_APPROVED,
FONGICIDE,Mandipropamide,2 5 0 g/L,SC,Revus 250 SC,F.067-11,EL MOUSSEM AGRICOLE,SYNGENTA,2020,ALL_SUBSTANCES_APPROVED_IN_EU,1,Mandipropamide,Mandipropamid,Mandipropamide:EU_APPROVED,
FONGICIDE,Mandipropamide +,250 g/l + 250 g/l,SC,CARIAL TOP,F.006-16,BIOPROTECTION,SYNGENTA,2020,ALL_SUBSTANCES_APPROVED_IN_EU,1,Mandipropamide +,Mandipropamid,Mandipropamide +:EU_APPROVED,
FONGICIDE,Difenoconazole,250 g/l + 250 g/l,SC,,,,,2020,ALL_SUBSTANCES_APPROVED_IN_EU,1,Difenoconazole,Difenoconazole,Difenoconazole:EU_APPROVED,
FONGICIDE,Mandipropamide + Chlorothalonil,40 g/L + 400 g/L,SC,Carial Opti,F.068-11,BIOPROTECTION,SYNGENTA,2020,ALL_SUBSTANCES_APPROVED_IN_EU,1,Mandipropamide + Chlorothalonil,Mandipropamid,Mandipropamide + Chlorothalonil:EU_APPROVED,
FONGICIDE,Mandipropamide +Mancozebe,5 % +60%,WG,Pergado MZ 65 WG,F.069-11,AGRIPROTEC,SYNGENTA,2020,CONTAINS_NOT_APPROVED_SUBSTANCE_IN_EU,1,Mandipropamide +Mancozebe,Mancozeb,Mandipropamide +Mancozebe:EU_NOT_APPROVED,
FONGICIDE,Manèbe,8 0 %,W P,M a n k e y Trimangol Ridanèbe,F . 0 7 0 - 1 1 F.158-11 F.204-11,E T S . MEZGHANI STEC SEPCM,INDUST. QUIMICA KEY CEREXAGRI BV CEREXAGRI/UPL,2020,CONTAINS_NOT_APPROVED_SUBSTANCE_IN_EU,1,Manèbe,Maneb,Manèbe:EU_NOT_APPROVED,
FONGICIDE,Manèbe,80%,WP,PLANTINEB 80WP,F.016-19,SANABEL AGRO,UPL,2020,CONTAINS_NOT_APPROVED_SUBSTANCE_IN_EU,1,Manèbe,Maneb,Manèbe:EU_NOT_APPROVED,
FONGICIDE,Méfenoxam + Folpel,5 % + 40 %,WG,Eperon Mix Pepite,F.072-11,BIOPROTECTION,SYNGENTA,2020,CONTAINS_NOT_APPROVED_SUBSTANCE_IN_EU,1,Méfenoxam + Folpel,FEN 560 (Fenugreek seed powder),Méfenoxam + Folpel:EU_NOT_APPROVED,
FONGICIDE,Méfenoxam + Mancozèbe,4 % + 6 4 %,W G,R i d o m i l G o l d M Z 68 WG,F.073-11,BIOPROTECTION,SYNGENTA,2020,CONTAINS_NOT_APPROVED_SUBSTANCE_IN_EU,1,Méfenoxam + Mancozèbe,Mancozeb,Méfenoxam + Mancozèbe:EU_NOT_APPROVED,
FONGICIDE,Métalaxyl + Mancozèbe,8 % + 64%,WP,Otria Plus Maxil Armetil M Maxitan WP Unilax Agroxyl-M Milor M,F.074-11 F.075-11 F.160-11 F.161-11 F.182-11 F.196-11 F.007-13,AGRIPROTEC ETS. MEZGHANI SOCOOPEC COTUGRAINIMPEX PROTAGRI EL MOUSSEM SANABEL AGRO,PROBELTE INDUST. QUIMICAKEY IQV DEL VALLES ALCOTAN/I.Q.V AGRO UNITED PHOSPHORUS NUFARM IQV DEL VALLES,2020,CONTAINS_NOT_APPROVED_SUBSTANCE_IN_EU,1,Métalaxyl + Mancozèbe,Mancozeb,Métalaxyl + Mancozèbe:EU_NOT_APPROVED,
FONGICIDE,Metalaxyl + Mancozébe,8 %+ 64 %,WP,Cyclo WP,F.005-16,EL KHADRA,AFRASA,2020,CONTAINS_NOT_APPROVED_SUBSTANCE_IN_EU,1,Metalaxyl + Mancozébe,Mancozeb,Metalaxyl + Mancozébe:EU_NOT_APPROVED,
FONGICIDE,Métalaxyl + Cuivre,8 % + 40%,WP,Armetil cuivre,F.159-11,SOCOOPEC,IQV DEL VALLES,2020,ALL_SUBSTANCES_APPROVED_IN_EU,1,Métalaxyl + Cuivre,Metalaxyl,Métalaxyl + Cuivre:EU_APPROVED,
FONGICIDE,Meptyldinocap,3 5 0 g/L,EC,Karathane 350 EC,F.077-11,SEPCM,DOW AGROSCIENCES,2020,CONTAINS_NOT_APPROVED_SUBSTANCE_IN_EU,1,Meptyldinocap,Meptyldinocap,Meptyldinocap:EU_NOT_APPROVED,
FONGICIDE,Metirame de zinc,80%,WP,Polyram DF,F.078-11,STIMA,BASF,2020,CONTAINS_NOT_APPROVED_SUBSTANCE_IN_EU,1,Metirame de zinc,Metiram,Metirame de zinc:EU_NOT_APPROVED,
FONGICIDE,Metirame de zinc Pyraclostrobin,55 % + 5%,WG,CABRIO TOP,F.079-11,STIMA,BASF,2020,ALL_SUBSTANCES_APPROVED_IN_EU,1,Metirame de zinc Pyraclostrobin,Pyraclostrobin,Metirame de zinc Pyraclostrobin:EU_APPROVED,
FONGICIDE,Metrafenone,500 G/L,SC,Vivando,F.015-13,AGRIPROTEC,BASF / SBM FORMULATION,2020,ALL_SUBSTANCES_APPROVED_IN_EU,1,Metrafenone,Metrafenone,Metrafenone:EU_APPROVED,
FONGICIDE,Myclobutanil,2 40 g/L,EC,Systhane 240 EC,F.081-11,SEPCM,DOW AGROSCIENCES,2020,CONTAINS_NOT_APPROVED_SUBSTANCE_IN_EU,1,Myclobutanil,Myclobutanil,Myclobutanil:EU_NOT_APPROVED,
FONGICIDE,Myclobutanil,2 40 g/L,EC,DAYZER,F.043-17,SOCOOPEC,SHARDA,2020,CONTAINS_NOT_APPROVED_SUBSTANCE_IN_EU,1,Myclobutanil,Myclobutanil,Myclobutanil:EU_NOT_APPROVED,
FONGICIDE,Myclobutanil,240 g/L,EC,MYCLAS,F.014-19,SANABEL AGRO,SHARDA CROPCHEM Ltd,2020,CONTAINS_NOT_APPROVED_SUBSTANCE_IN_EU,1,Myclobutanil,Myclobutanil,Myclobutanil:EU_NOT_APPROVED,
FONGICIDE,Myclobutanil,2 40 g/L,EC,MYCLONE 24 EC,F.002-18,Rayen Phytagri,Sharda Cropchem,2020,CONTAINS_NOT_APPROVED_SUBSTANCE_IN_EU,1,Myclobutanil,Myclobutanil,Myclobutanil:EU_NOT_APPROVED,
FONGICIDE,Myclobutanil,200 g/l,EW,TOPOGAN EW,F.011-19,SANABEL AGRO,SHARDA Cropchem,2020,CONTAINS_NOT_APPROVED_SUBSTANCE_IN_EU,1,Myclobutanil,Myclobutanil,Myclobutanil:EU_NOT_APPROVED,
FONGICIDE,Penconazole,1 0 0 g / L,E C,T o p a z e 1 0 0 Buckler Topenco 100 EC,F . 0 8 3 - 1 1 F.033-15 F.082-11,B I OPROTECTION AMINCO AGROSYSTEMES,SYNGENTA GLOBACHEM GLOBACHEM,2020,ALL_SUBSTANCES_APPROVED_IN_EU,1,Penconazole,Penconazole,Penconazole:EU_APPROVED,
FONGICIDE,Pencycuron,2 5 0 g / L,E C,Monceren,F.085-11,PROMOCHIMIE,BAYER CROPSCIENCE,2020,CONTAINS_NOT_APPROVED_SUBSTANCE_IN_EU,1,Pencycuron,Pencycuron,Pencycuron:EU_NOT_APPROVED,
FONGICIDE,Prochloraze + Triticonazole,60 g/l + 20 g/l,FS,Kinto Duo,007-14F.,STIMA,BASF,2020,ALL_SUBSTANCES_APPROVED_IN_EU,1,Prochloraze + Triticonazole,Triticonazole,Prochloraze + Triticonazole:EU_APPROVED,
FONGICIDE,Prochloraze + Triticonazole,60 g/l + 20 g/l,FS,REAL SUPER,F.025-17,AGRIPROTEC,BASF,2020,ALL_SUBSTANCES_APPROVED_IN_EU,1,Prochloraze + Triticonazole,Triticonazole,Prochloraze + Triticonazole:EU_APPROVED,
FONGICIDE,Propamocarbe,7 2 2 g / L,S L,P r e v i c u r 6 0 7 Filex 607 SL Promobest Proplant Promess,F.088-11 F.087-11 F.195-11 F.199-11 F.012-15,EL MOUSSEM ATLAS AGRICOLE TASMID PROTAGRI JADWA AGROTEC,BAYER CROPSCIENCE BAYER CROPSCIENCE ASTRACHEM/ AGRIPHAR AGRIPHAR,2020,ALL_SUBSTANCES_APPROVED_IN_EU,1,Propamocarbe,Propamocarb,Propamocarbe:EU_APPROVED,
FONGICIDE,Propamocarbe,7 2 2 g / L,S L,P R O M O R E 7 2 2 S L,F.021-18,Ets MEZGHANI,ASTRACHEM,2020,ALL_SUBSTANCES_APPROVED_IN_EU,1,Propamocarbe,Propamocarb,Propamocarbe:EU_APPROVED,
FONGICIDE,Propamocarbe + Fosethyl-Al,530 g/L + 310 g/L,SL,Filex Energy Previcur Energy,F.089-11 F.023-14,ATLAS AGRICOLE EL MOUSSEM AGRICOLE,BAYER CROPSCIENCE BAYER CROPSCIENCE,2020,ALL_SUBSTANCES_APPROVED_IN_EU,1,Propamocarbe + Fosethyl-Al,Propamocarb,Propamocarbe + Fosethyl-Al:EU_APPROVED,
FONGICIDE,Propamocarbe + Fenamidone,375 g/L + 75 g/L,SC,Consento 450,F.090-11,ATLAS AGRICOLE,BAYER CROPSCIENCE,2020,ALL_SUBSTANCES_APPROVED_IN_EU,1,Propamocarbe + Fenamidone,Propamocarb,Propamocarbe + Fenamidone:EU_APPROVED,
FONGICIDE,Propamocarbe + Fluopicolide,"625 g/l + 62,5 g/l",SC,Volare,F.091-11,EL MOUSSEM AGRICOLE,BAYER AG,2020,ALL_SUBSTANCES_APPROVED_IN_EU,1,Propamocarbe + Fluopicolide,Propamocarb,Propamocarbe + Fluopicolide:EU_APPROVED,
FONGICIDE,Propiconazole,2 5 0 g / L,E C,T ilt 250,F.092-11,BIOPROTECTION,SYNGENTA,2020,CONTAINS_NOT_APPROVED_SUBSTANCE_IN_EU,1,Propiconazole,Propiconazole,Propiconazole:EU_NOT_APPROVED,
FONGICIDE,Propiconazole,250 g/L,EC,MATADOR PLUS EC,F.049-17,AGRIPLUS,NINGBO SUNJOY AGROSCIENCE INDUSTRY,2020,CONTAINS_NOT_APPROVED_SUBSTANCE_IN_EU,1,Propiconazole,Propiconazole,Propiconazole:EU_NOT_APPROVED,
FONGICIDE,Propiconazole,250 g/L,EC,TIFO 25 EC,18-015F.,FERTIPLANT,Sharda cropchem,2020,CONTAINS_NOT_APPROVED_SUBSTANCE_IN_EU,1,Propiconazole,Propiconazole,Propiconazole:EU_NOT_APPROVED,
FONGICIDE,Propiconazole,41.8 g/l,EC,BANNER EC,F.006-20,AGRIPLUS,HEBEI VEYONG BIO- CHEMICAL CO.LTD,2020,CONTAINS_NOT_APPROVED_SUBSTANCE_IN_EU,1,Propiconazole,Propiconazole,Propiconazole:EU_NOT_APPROVED,
FONGICIDE,Propiconazole + Cyproconazole,250 g/L + 80 g/L,EC,Alto super,F.093-11,BIOPROTECTION,SYNGENTA,2020,CONTAINS_NOT_APPROVED_SUBSTANCE_IN_EU,1,Propiconazole + Cyproconazole,Propiconazole,Propiconazole + Cyproconazole:EU_NOT_APPROVED,
FONGICIDE,Propiconazole + Tebuconazole,300 g/l + 200 g/l,EC,Collosal Pro,F.014-15,EL KHADRA,AUGUST JSC,2020,ALL_SUBSTANCES_APPROVED_IN_EU,1,Propiconazole + Tebuconazole,Tebuconazole,Propiconazole + Tebuconazole:EU_APPROVED,
FONGICIDE,Propinèbe,7 0 %,W P,A ntracol,F.095-11,PROMOCHIMIE,BAYER CROPSCIENCE,2020,CONTAINS_NOT_APPROVED_SUBSTANCE_IN_EU,1,Propinèbe,Propineb,Propinèbe:EU_NOT_APPROVED,
FONGICIDE,Propinèbe + Iprovalicarbe,"61,3 % + 5,5 %",WP,Energyc M,F.096-11,ATLAS AGRICOLE,BAYER CROPSCIENCE,2020,CONTAINS_NOT_APPROVED_SUBSTANCE_IN_EU,1,Propinèbe + Iprovalicarbe,Propineb,Propinèbe + Iprovalicarbe:EU_NOT_APPROVED,
FONGICIDE,Propinèbe + Iprovalicarbe,"61,3 % + 5,5 %",WP,"Melody Duo 66,8 WP",F.097-11,PROMOCHIMIE,BAYER CROPSCIENCE,2020,CONTAINS_NOT_APPROVED_SUBSTANCE_IN_EU,1,Propinèbe + Iprovalicarbe,Propineb,Propinèbe + Iprovalicarbe:EU_NOT_APPROVED,
FONGICIDE,Prothioconazole +Tebuconazole,125 g/L +125 g/L,EC,Prosaro 250 EC,F.098-11,PROMOCHIMIE,BAYER CROPSCIENCE,2020,ALL_SUBSTANCES_APPROVED_IN_EU,1,Prothioconazole +Tebuconazole,Tebuconazole,Prothioconazole +Tebuconazole:EU_APPROVED,
FONGICIDE,Prothioconazole +Tebuconazole,250 g/L +150 g/L,FS,Lamardor 400 FS,F.099-11,SEPCM,BAYER CROPSCIENCE,2020,ALL_SUBSTANCES_APPROVED_IN_EU,1,Prothioconazole +Tebuconazole,Tebuconazole,Prothioconazole +Tebuconazole:EU_APPROVED,
FONGICIDE,Prothioconazole +Tebuconazole,160 g/L +80 g/L,EC,Kestrel 240 EC,F.016-15,JADWA AGROTEC,BAYER CROPSCIENCE,2020,ALL_SUBSTANCES_APPROVED_IN_EU,1,Prothioconazole +Tebuconazole,Tebuconazole,Prothioconazole +Tebuconazole:EU_APPROVED,
FONGICIDE,Prothioconazole +Tebuconazole +Bixafen,100 g/l+ 100 g/l+ 75 g/l,EC,SKYWAY XPRO EC,F.012-18,PROMOCHIMIE,BAYER AG,2020,ALL_SUBSTANCES_APPROVED_IN_EU,1,Prothioconazole +Tebuconazole +Bixafen,Tebuconazole,Prothioconazole +Tebuconazole +Bixafen:EU_APPROVED,
FONGICIDE,Prothioconazole + Tebuconazole + Spiroxamine,53 g/L + 148 g/L + 224 g/L,EC,Soligor 425,F.100-11,ATLAS AGRICOLE,BAYER CROPSCIENCE,2020,ALL_SUBSTANCES_APPROVED_IN_EU,1,Prothioconazole + Tebuconazole + Spiroxamine,Tebuconazole,Prothioconazole + Tebuconazole + Spiroxamine:EU_APPROVED,
FONGICIDE,Prothioconazole + Tebuconazole + Spiroxamine,100 g/L + 100 g/L + 250 g/L,EC,Cello,F.021-17,AGRONOMIC Land,BAYER CROPSCIENCE,2020,ALL_SUBSTANCES_APPROVED_IN_EU,1,Prothioconazole + Tebuconazole + Spiroxamine,Tebuconazole,Prothioconazole + Tebuconazole + Spiroxamine:EU_APPROVED,
FONGICIDE,Prothioconazole + Ttrifloxystrobine,175 g/L+ 88 g/L,SC,Madison 263 SC,F020-13,SEPCM,BAYER CROPSCIENCE,2020,ALL_SUBSTANCES_APPROVED_IN_EU,1,Prothioconazole + Ttrifloxystrobine,Trifloxystrobin,Prothioconazole + Ttrifloxystrobine:EU_APPROVED,
FONGICIDE,Proquinazid,2 0 0 g / l,E C,T alendo,F.101-11,SEPCM,DU PONT,2020,ALL_SUBSTANCES_APPROVED_IN_EU,1,Proquinazid,Proquinazid,Proquinazid:EU_APPROVED,
FONGICIDE,Pyraclostrobine + Dimotomorphe,40 g/l + 72 g/l,EC,Cabrio Duo,F.001-14,AGRIPROTEC,BASF,2020,ALL_SUBSTANCES_APPROVED_IN_EU,1,Pyraclostrobine + Dimotomorphe,Pyraclostrobin,Pyraclostrobine + Dimotomorphe:EU_APPROVED,
FONGICIDE,Pyraclostrobine + Epoxiconazole,85 g/l + 62.5 g/l,EC,Favia Max,F.162-11,COTUGRAIN IMPEX,BASF,2020,ALL_SUBSTANCES_APPROVED_IN_EU,1,Pyraclostrobine + Epoxiconazole,Pyraclostrobin,Pyraclostrobine + Epoxiconazole:EU_APPROVED,
FONGICIDE,Pyraclostrobine + Epoxiconazole + Fluxapyroxad,67 G/L + 42 G/L + 42 G/L,EC,CEREIAX,F.016-13,AGRIPROTEC,BASF,2020,ALL_SUBSTANCES_APPROVED_IN_EU,1,Pyraclostrobine + Epoxiconazole + Fluxapyroxad,Pyraclostrobin,Pyraclostrobine + Epoxiconazole + Fluxapyroxad:EU_APPROVED,
FONGICIDE,Pyraclostrobine + Epoxiconazole,133 g/l + 50 g/l,EC,BAUXIT,F.011-13,STIMA,BASF,2020,ALL_SUBSTANCES_APPROVED_IN_EU,1,Pyraclostrobine + Epoxiconazole,Pyraclostrobin,Pyraclostrobine + Epoxiconazole:EU_APPROVED,
FONGICIDE,Pyraclostrobine Metconazole,130 g/l + 80 g/l,EC,OPTIMO DUO EC,013-18F.,AGRIPROTEC,BASF,2020,ALL_SUBSTANCES_APPROVED_IN_EU,1,Pyraclostrobine Metconazole,Pyraclostrobin,Pyraclostrobine Metconazole:EU_APPROVED,
FONGICIDE,Pyriméthanil,3 0 0 g / L,S C,S cala 300 SC Mythos300 SC,F.102-11 F.103-11,ATLAS AGRICOLE EL MOUSSEM AGRICOLE,BAYER CROPSCIENCE,2020,ALL_SUBSTANCES_APPROVED_IN_EU,1,Pyriméthanil,Pyrimethanil,Pyriméthanil:EU_APPROVED,
FONGICIDE,Pythium oligandrum,1*106oospores( 10-25% w/w) de polyversum,WP,POLYVERSUM,F.038-17,FERTIPLANT,BIOPREPARATY,2020,ALL_SUBSTANCES_APPROVED_IN_EU,1,Pythium oligandrum,Pythium oligandrum strain B301,Pythium oligandrum:EU_APPROVED,
FONGICIDE,Reynoutria sachalinensis (Extrait de la plante Renouée de Sakhaline),20 %,SC,REYSANA SC,016-14F.,BIOPROTECTION,Syngenta/ Marrone Bio Innovation/ ELEPHANT VERT EUROPE SA,2020,MANUAL_REVIEW,1,Reynoutria sachalinensis (Extrait de la plante Renouée de Sakhaline),Reynoutria sachalinensis extract,Reynoutria sachalinensis (Extrait de la plante Renouée de Sakhaline):FOUND_UNKNOWN_STATUS,
FONGICIDE,Soufre (Sous réserve de DC),800 g/l,SC,SOLFOLIQUID 80 SC,F.009-19,EL KHARDA,Espagne,2020,NOT_FOUND_OR_NEEDS_MANUAL_REVIEW,0,Soufre (Sous réserve de DC),,Soufre (Sous réserve de DC):NOT_IN_EU_LIST,
FONGICIDE,Soufre,80%,WG WG WG WG WG WP WP WP WG WP,Kumulus DF Thiovit Thiolux jet Agrosoufre Soufrustulln Microsol Microthiol Special Insuf Sulpex TIOSOL 80,F.106-11 F.105-11 F.104-11 F.163-11 F.031-15 F.183-11 F.184-11 F.200-11 F.028-13 F.004-14,STIMA AGRIPROTEC AGRIPROTEC AGROSYSTEMES AMINCO INNOVA STEC PROTAGRI AGRIMATCO ATLAS AGRICOLE,BASF SYNGENTA SYNGENTA Agrostulln GmbH Agrostulln GmbH SIPCAM QUIMAGRO UPL/CEREXAGRI UNITED PHOSPHORUS Agrostulln GmbH SIPCAM,2020,NOT_FOUND_OR_NEEDS_MANUAL_REVIEW,0,Soufre,,Soufre:NOT_IN_EU_LIST,
FONGICIDE,Soufre,80%,WP,Mistral,11-212F.,BIOPROTECTION,ZOLFINDUSTRIA,2020,NOT_FOUND_OR_NEEDS_MANUAL_REVIEW,0,Soufre,,Soufre:NOT_IN_EU_LIST,
FONGICIDE,Soufre,80 %,WG,Azumo,F.026-13,EL KHADRA,AFEPASA S.A,2020,NOT_FOUND_OR_NEEDS_MANUAL_REVIEW,0,Soufre,,Soufre:NOT_IN_EU_LIST,
FONGICIDE,Soufre,80 %,WG,MICROCROPS WG KIPRIDE WG,F.008-15 F.024-17,SEPCM SANABEL Agro,AFEPASA S.A AFEPASA S.A,2020,NOT_FOUND_OR_NEEDS_MANUAL_REVIEW,0,Soufre,,Soufre:NOT_IN_EU_LIST,
FONGICIDE,Soufre,80%,WP,KEY Azufre,F.012-16,Ets MEZGHANI,INDUSTRIAL QUIMICA KEY,2020,NOT_FOUND_OR_NEEDS_MANUAL_REVIEW,0,Soufre,,Soufre:NOT_IN_EU_LIST,
FONGICIDE,Soufre,700 g/L,SC,Heliosoufre S,11-213F.,BIOPROTECTION,Action Pin,2020,NOT_FOUND_OR_NEEDS_MANUAL_REVIEW,0,Soufre,,Soufre:NOT_IN_EU_LIST,
FONGICIDE,Soufre,80 %,WG,COSAVET-DF,F.010-19,AGRIPROTEC,Sulphur Mills Limited,2020,NOT_FOUND_OR_NEEDS_MANUAL_REVIEW,0,Soufre,,Soufre:NOT_IN_EU_LIST,
FONGICIDE,Soufre,80%,WG,THIOMAX JET,F.005-20,COTUGRAIN,SYNGENTA,2020,NOT_FOUND_OR_NEEDS_MANUAL_REVIEW,0,Soufre,,Soufre:NOT_IN_EU_LIST,
FONGICIDE,Spiroxamine,500 g/L,EC,Prosper 500 EC,F.108-11,ATLAS AGRICOLE,BAYER CROPSCIENCE,2020,ALL_SUBSTANCES_APPROVED_IN_EU,1,Spiroxamine,Spiroxamine,Spiroxamine:EU_APPROVED,
FONGICIDE,Sulfate de cuivre + Folpel +Cymoxanil,"12,5 % + 20%+3 %",WP,METEOR,F.009-13,EL MOUSSEM AGRICOLE,NUFARM,2020,ALL_SUBSTANCES_APPROVED_IN_EU,1,Sulfate de cuivre + Folpel +Cymoxanil,Cymoxanil,Sulfate de cuivre + Folpel +Cymoxanil:EU_APPROVED,
FONGICIDE,Tebuconazole,6 0 g / L,F S,Timer FS 060 Mycoseeds FS 60,F.109-11 F.009-14,STEC EL KHADRA,BAYER CROPSCIENCE Sharda World wide,2020,ALL_SUBSTANCES_APPROVED_IN_EU,1,Tebuconazole,Tebuconazole,Tebuconazole:EU_APPROVED,
FONGICIDE,Tebuconazole,6 0 g / L,F S,TEBUSHA 6 FS,F.022-17,FERTIPLANT,Sharda World wide,2020,ALL_SUBSTANCES_APPROVED_IN_EU,1,Tebuconazole,Tebuconazole,Tebuconazole:EU_APPROVED,
FONGICIDE,Tébuconazole,2 5 0 g / L,E W,H orizon 250 EW Tebucur Teson King 250 EW,F.111-11 F.110-11 F.036-15 F.165-11,PROMOCHIMIE AGROSYSTEMES AMINCO SOCOOPEC,BAYER CROPSCIENCE GLOBACHEM GLOBACHEM SHARDA,2020,ALL_SUBSTANCES_APPROVED_IN_EU,1,Tébuconazole,Tebuconazole,Tébuconazole:EU_APPROVED,
FONGICIDE,Tébuconazole,250 g/L,EW,AZUROS,F.018-19,SLDA,SHARDA CROPCHEM Ltd,2020,ALL_SUBSTANCES_APPROVED_IN_EU,1,Tébuconazole,Tebuconazole,Tébuconazole:EU_APPROVED,
FONGICIDE,Tébuconazole,2 5 0 g / L,E W,Konan EW,F.014-13,ETS MEZGHANI,INDUSTRIAL QUIMICA KEY,2020,ALL_SUBSTANCES_APPROVED_IN_EU,1,Tébuconazole,Tebuconazole,Tébuconazole:EU_APPROVED,
FONGICIDE,Tébuconazole,250 g/L,EW,Horizon 250 EW,F.111-11,PROMOCHIMIE,BAYER CROPSCIENCE,2020,ALL_SUBSTANCES_APPROVED_IN_EU,1,Tébuconazole,Tebuconazole,Tébuconazole:EU_APPROVED,
FONGICIDE,Tébuconazole,250 g/L,EW,Corail,F.113-11,PROMOCHIMIE,BAYER CROPSCIENCE,2020,ALL_SUBSTANCES_APPROVED_IN_EU,1,Tébuconazole,Tebuconazole,Tébuconazole:EU_APPROVED,
FONGICIDE,Tebuconazole,250 g/L,EC,COLOSSAL,F.045-17,HALAB TUNISIE,JSC AUGUST INC,2020,ALL_SUBSTANCES_APPROVED_IN_EU,1,Tebuconazole,Tebuconazole,Tebuconazole:EU_APPROVED,
FONGICIDE,Tebuconazole,250 g/L,SC,KEYZOL SC,F.014-20,EL KHADRA,AVGUST CROP CORPORATION,2020,ALL_SUBSTANCES_APPROVED_IN_EU,1,Tebuconazole,Tebuconazole,Tebuconazole:EU_APPROVED,
FONGICIDE,Tebuconazole,250 g/L,EC,SONG EC,F.032-17,ATLAS AGRICOLE,SIPCAM INAGRA,2020,ALL_SUBSTANCES_APPROVED_IN_EU,1,Tebuconazole,Tebuconazole,Tebuconazole:EU_APPROVED,
FONGICIDE,Tébuconazole,430 g/l,SC,Matiz,F.004-13,SANABEL AGRO,ROTAM AGROCHEMICAL,2020,ALL_SUBSTANCES_APPROVED_IN_EU,1,Tébuconazole,Tebuconazole,Tébuconazole:EU_APPROVED,
FONGICIDE,Tébuconazole,430 g/l,SC,METROSTAR SC,F.009-18,AGRIPLUS,NINGBO SUNJOY AGROSCIENCE INDUSTRY,2020,ALL_SUBSTANCES_APPROVED_IN_EU,1,Tébuconazole,Tebuconazole,Tébuconazole:EU_APPROVED,
FONGICIDE,Tébuconazole + Chlorothalonil,60gr/l + 166gr/l,SC,LEMBAR,F.003-17,EL KHADRA,SIPCAM INAGRA,2020,ALL_SUBSTANCES_APPROVED_IN_EU,1,Tébuconazole + Chlorothalonil,Tebuconazole,Tébuconazole + Chlorothalonil:EU_APPROVED,
FONGICIDE,Tébuconazole + Chlorothalonil,125 g/l +375 g/l,SC,CIGAL PLUS SC,F.008-18,SANABEL AGRO,Rotam Agrochemical Co.Ltd,2020,ALL_SUBSTANCES_APPROVED_IN_EU,1,Tébuconazole + Chlorothalonil,Tebuconazole,Tébuconazole + Chlorothalonil:EU_APPROVED,
FONGICIDE,Tébuconazole,430 g/l,SC,Camaro430SC,F.026-16,RAYEN PHYTAGRI,SHARDA,2020,ALL_SUBSTANCES_APPROVED_IN_EU,1,Tébuconazole,Tebuconazole,Tébuconazole:EU_APPROVED,
FONGICIDE,TEBUCONAZOLE + PROCHLORAZ,200 g/l + 300 g/l,EC,Mystic Pro Winner,F.128-11 F.206-11,AGRIPROTEC BIOPROTECTION,NUFARM SAS NUFARM SAS,2020,ALL_SUBSTANCES_APPROVED_IN_EU,1,TEBUCONAZOLE + PROCHLORAZ,Tebuconazole,TEBUCONAZOLE + PROCHLORAZ:EU_APPROVED,
FONGICIDE,Tébuconazole + Prothioconazole,160 g/L + 8 0 g/L,EC,Tilmor 240 EC,F.114-11,JADWA AGROTEC,BAYER CROPSCIENCE,2020,ALL_SUBSTANCES_APPROVED_IN_EU,1,Tébuconazole + Prothioconazole,Tebuconazole,Tébuconazole + Prothioconazole:EU_APPROVED,
FONGICIDE,Tébuconazole +Trifloxystrobine,200 g/L+ 100 g/L,SC,Nativo 300 SC,F.115-11,STEC,BAYER CROPSCIENCE,2020,ALL_SUBSTANCES_APPROVED_IN_EU,1,Tébuconazole +Trifloxystrobine,Trifloxystrobin,Tébuconazole +Trifloxystrobine:EU_APPROVED,
FONGICIDE,Tebuconazole + Imidacloprid,210 g/l +12 g/l,FS,GIZMO SUPER FS,F.018-18,AGRIPROTEC,NUFARM,2020,ALL_SUBSTANCES_APPROVED_IN_EU,1,Tebuconazole + Imidacloprid,Tebuconazole,Tebuconazole + Imidacloprid:EU_APPROVED,
FONGICIDE,Thiophanate-Méthyl,7 0 %,W P,M e t hyl-T,F.116-11 F.117-11 F.022-13 F.197-11,BIOPROTECTION STEC EL KHADRHA EL MOUSSEM AGRICOLE,"ARYSTA LIFESCIENCE CEQUISA / PHOSPHONIA/UPL, SIPCAM INAGRA Nufarm",2020,CONTAINS_NOT_APPROVED_SUBSTANCE_IN_EU,1,Thiophanate-Méthyl,Thiophanate-methyl,Thiophanate-Méthyl:EU_NOT_APPROVED,
FONGICIDE,Thiophanate-Méthyl,7 0 %,W P,Lagrophanate 70,,,,2020,CONTAINS_NOT_APPROVED_SUBSTANCE_IN_EU,1,Thiophanate-Méthyl,Thiophanate-methyl,Thiophanate-Méthyl:EU_NOT_APPROVED,
FONGICIDE,Thiophanate-Méthyl,7 0 %,W P,Aurige 70,,,,2020,CONTAINS_NOT_APPROVED_SUBSTANCE_IN_EU,1,Thiophanate-Méthyl,Thiophanate-methyl,Thiophanate-Méthyl:EU_NOT_APPROVED,
FONGICIDE,Thiophanate-Méthyl,7 0 %,W P,Prolatop,,,,2020,CONTAINS_NOT_APPROVED_SUBSTANCE_IN_EU,1,Thiophanate-Méthyl,Thiophanate-methyl,Thiophanate-Méthyl:EU_NOT_APPROVED,
FONGICIDE,Thiophanate-Méthyl,7 0 %,W P,SEGNOR 70 WP,F.017-19,SANABEL AGRO,UPL,2020,CONTAINS_NOT_APPROVED_SUBSTANCE_IN_EU,1,Thiophanate-Méthyl,Thiophanate-methyl,Thiophanate-Méthyl:EU_NOT_APPROVED,
FONGICIDE,Thiophanate-Méthyl,7 0 %,W P,Mil Top Agriphanate Thiomil,F.003-15 F.027-16 F.034-16,DELTA AGRICOLE PLUS AGRIPROTEC PROTAGRI,MEGHMANI INDUSTRIES MEGHMANI INDUSTRIES MEGHMANI INDUSTRIES,2020,CONTAINS_NOT_APPROVED_SUBSTANCE_IN_EU,1,Thiophanate-Méthyl,Thiophanate-methyl,Thiophanate-Méthyl:EU_NOT_APPROVED,
FONGICIDE,Thiophanate-Méthyl,7 0 %,W P,T H IOPHANATE,F.031-18,AGRIMED DISTRIBUTION,MEGHMANI INDUSTRIES,2020,CONTAINS_NOT_APPROVED_SUBSTANCE_IN_EU,1,Thiophanate-Méthyl,Thiophanate-methyl,Thiophanate-Méthyl:EU_NOT_APPROVED,
FONGICIDE,Thiophanate-Méthyl,7 0 %,W P,P H E NATYL,F.007-18,TASMID,MEGHMANI INDUSTRIES,2020,CONTAINS_NOT_APPROVED_SUBSTANCE_IN_EU,1,Thiophanate-Méthyl,Thiophanate-methyl,Thiophanate-Méthyl:EU_NOT_APPROVED,
FONGICIDE,Thiophanate-Méthyl,7 0 %,W P,T o p Plus,F.001-18,SOCOOPEC,AGRIA S.A,2020,CONTAINS_NOT_APPROVED_SUBSTANCE_IN_EU,1,Thiophanate-Méthyl,Thiophanate-methyl,Thiophanate-Méthyl:EU_NOT_APPROVED,
FONGICIDE,Thiophanate-Méthyl,7 0 %,W G,S t a r net 70 WG,F.118-11,PROMOCHIMIE,BAYER CROPSCIENCE,2020,CONTAINS_NOT_APPROVED_SUBSTANCE_IN_EU,1,Thiophanate-Méthyl,Thiophanate-methyl,Thiophanate-Méthyl:EU_NOT_APPROVED,
FONGICIDE,Thiophanate-methyl,70%,WP,TIOKEY WP,F.012-19,Ets MEZGHANI,HAILI GUIXI CHEMICAL PESTICIDE CO.LTD,2020,CONTAINS_NOT_APPROVED_SUBSTANCE_IN_EU,1,Thiophanate-methyl,Thiophanate-methyl,Thiophanate-methyl:EU_NOT_APPROVED,
FONGICIDE,Thiophanate-Méthyl,5 0 0 g / L,S C,Pelt 500 SC,F.120-11,ATLAS AGRICOLE,BAYER AG.,2020,CONTAINS_NOT_APPROVED_SUBSTANCE_IN_EU,1,Thiophanate-Méthyl,Thiophanate-methyl,Thiophanate-Méthyl:EU_NOT_APPROVED,
FONGICIDE,Thiophanate 46ethyl + Iprodione,200 g/l + 200 g/l,SC,Ipromise,F.002-13,BIOPROTECTION,Arysta Lifescience,2020,CONTAINS_NOT_APPROVED_SUBSTANCE_IN_EU,1,Thiophanate 46ethyl + Iprodione,Iprodione,Thiophanate 46ethyl + Iprodione:EU_NOT_APPROVED,
FONGICIDE,Triadimenol,3 1 2 g / l,S C,B a y f i d a n 3 1 2 S C,F.121-11,PROMOCHIMIE,BAYER AG.,2020,CONTAINS_NOT_APPROVED_SUBSTANCE_IN_EU,1,Triadimenol,Triadimenol,Triadimenol:EU_NOT_APPROVED,
FONGICIDE,Triadimenol + Spiroxamine + Tebuconazole,43 g/L+ 250 g/L + 167 g/L,EC,Falcon 460 SC,F.020-17,AGRONOMIC Land,BAYER CROPSCIENCE,2020,ALL_SUBSTANCES_APPROVED_IN_EU,1,Triadimenol + Spiroxamine + Tebuconazole,Tebuconazole,Triadimenol + Spiroxamine + Tebuconazole:EU_APPROVED,
FONGICIDE,Trifloxystrobin,50%,WG,Flint,F.124-11,PROMOCHIMIE,BAYER CROPSCIENCE,2020,ALL_SUBSTANCES_APPROVED_IN_EU,1,Trifloxystrobin,Trifloxystrobin,Trifloxystrobin:EU_APPROVED,
FONGICIDE,Trifloxystrobin,50%,WG,Zato 50 WG,F.123-11,ATLAS AGRICOLE,BAYER CROPSCIENCE,2020,ALL_SUBSTANCES_APPROVED_IN_EU,1,Trifloxystrobin,Trifloxystrobin,Trifloxystrobin:EU_APPROVED,
FONGICIDE,ZIRAM,76%,WG,Thionic autodispersible,F.136-11,AGROSYSTEMES,TAMINCO,2020,ALL_SUBSTANCES_APPROVED_IN_EU,1,ZIRAM,Ziram,ZIRAM:EU_APPROVED,
FONGICIDE,Zirame,90%,WP,Ziracal,F.191-11,BIOPROTECTION,TAMINCO NV(Espagne)/ Arysta(Espagne),2020,ALL_SUBSTANCES_APPROVED_IN_EU,1,Zirame,Ziram,Zirame:EU_APPROVED,
FONGICIDE,Zoxamide + Mancozebe,"8,3 % + 66,7 %",WG,Electis 75 WG,F.190-11,JADWA AGROTEC,GOWAN CIS,2020,CONTAINS_NOT_APPROVED_SUBSTANCE_IN_EU,1,Zoxamide + Mancozebe,Mancozeb,Zoxamide + Mancozebe:EU_NOT_APPROVED,
HERBICIDE,Aclonifen,600 g/l,SC,Challenge 600SC,001-14H.,EL MOUSSEM,Bayer AG,2020,ALL_SUBSTANCES_APPROVED_IN_EU,1,Aclonifen,Aclonifen,Aclonifen:EU_APPROVED,
HERBICIDE,Aminopyralydes + Florasulam,355 g/Kg + 1 5 0 g / K g,WG,Lancelot 450 WG,H.001-11,SEPCM,DOW AGROSCIENCES,2020,ALL_SUBSTANCES_APPROVED_IN_EU,1,Aminopyralydes + Florasulam,Florasulam,Aminopyralydes + Florasulam:EU_APPROVED,
HERBICIDE,Aminopyralydes + Florasulam + 2.4 D EHE,10g/l + 5g/l + 1 8 0 g / l,SE,Nikos forte,H.010-15,ATLAS AGRICOLE,DOW AGROSCIENCES,2020,ALL_SUBSTANCES_APPROVED_IN_EU,1,Aminopyralydes + Florasulam + 2.4 D EHE,Florasulam,Aminopyralydes + Florasulam + 2.4 D EHE:EU_APPROVED,
HERBICIDE,Aminotriazole + Thiocyanate d’ammonium,240 g/L + 215 g/L,SL,Weedazol,H.002-11,BIOPROTECTION,NUFARM,2020,NOT_FOUND_OR_NEEDS_MANUAL_REVIEW,0,Aminotriazole + Thiocyanate d’ammonium,,Aminotriazole + Thiocyanate d’ammonium:NOT_IN_EU_LIST,
HERBICIDE,Amidosulfuron + Iodosulfuron + Mefempyr Diethyl,100 g/l + 25 g/l + 250g/l,OD,Sekator OD,H.002-17,AGRONOMIC Land,BAYER CROPSCIENCES,2020,ALL_SUBSTANCES_APPROVED_IN_EU,1,Amidosulfuron + Iodosulfuron + Mefempyr Diethyl,Iodosulfuron,Amidosulfuron + Iodosulfuron + Mefempyr Diethyl:EU_APPROVED,
HERBICIDE,Arylex active (halauxifen-methyl) + Pyroxsulam + Cloquintocet acide,66.67% g/kg en équivalent acide + 250 g/kg + 354 g/kg,WG,TARZEK WG (Utilisation en mélange avec UPTAKE SL (Ecosurf EH-9 Surfactant 73 %(p/p)),H.003-20,ATLAS AGRICOLE,Dow Agrosciences,2020,ALL_SUBSTANCES_APPROVED_IN_EU,1,Arylex active (halauxifen-methyl) + Pyroxsulam + Cloquintocet acide,Pyroxsulam,Arylex active (halauxifen-methyl) + Pyroxsulam + Cloquintocet acide:EU_APPROVED,
HERBICIDE,Bentazone,4 8 0 g / L,S L,B a s a g r a n,H.003-11,STIMA,BASF,2020,ALL_SUBSTANCES_APPROVED_IN_EU,1,Bentazone,Bentazone,Bentazone:EU_APPROVED,
HERBICIDE,Bentazone,4 8 0 g / L,S L,S h a r b e n t a,H.004-13,SANABEL AGRO,SHARDA WORLD WIDE,2020,ALL_SUBSTANCES_APPROVED_IN_EU,1,Bentazone,Bentazone,Bentazone:EU_APPROVED,
HERBICIDE,Bentazone,4 8 0 g / L,S L,T R O Y 4 8 0 S L,H.007-18,AGRIPROTEC,UPL LIMITED,2020,ALL_SUBSTANCES_APPROVED_IN_EU,1,Bentazone,Bentazone,Bentazone:EU_APPROVED,
HERBICIDE,Bentazone,480g/l,SL,BENTAKEY SL,H.007-20,ETS MEZGHANI,SHANDONG BIONNONG TECHNOLOGY CO.LTD/ Distribué par I.Q.Key,2020,ALL_SUBSTANCES_APPROVED_IN_EU,1,Bentazone,Bentazone,Bentazone:EU_APPROVED,
HERBICIDE,Bentazone,480g/l,SL,BASASTAR SL,H.010-20,AGRIPLUS,"NANJING FENGSHAN CHEMICAL GROUP CO,LTD",2020,ALL_SUBSTANCES_APPROVED_IN_EU,1,Bentazone,Bentazone,Bentazone:EU_APPROVED,
HERBICIDE,Cléthodime,1 2 0 g / L,E C,Select Super,H.004-11,BIOPROTECTION,ARYSTA LIFESCIENCE,2020,ALL_SUBSTANCES_APPROVED_IN_EU,1,Cléthodime,Clethodim,Cléthodime:EU_APPROVED,
HERBICIDE,Cléthodime,1 2 0 g / L,E C,Akodim 120 EC,H.005-11,SEPCM,AAKO,2020,ALL_SUBSTANCES_APPROVED_IN_EU,1,Cléthodime,Clethodim,Cléthodime:EU_APPROVED,
HERBICIDE,Clethodime,240 g/l,SC,ICASSO 240 SC,H.013-20,SANABEL AGRO,Rotam Agrochemical,2020,ALL_SUBSTANCES_APPROVED_IN_EU,1,Clethodime,Clethodim,Clethodime:EU_APPROVED,
HERBICIDE,Chlortoluron,5 0 0 g / L,S C,Tolurex 50,H.006-11,SEPCM,AAKO,2020,NOT_FOUND_OR_NEEDS_MANUAL_REVIEW,0,Chlortoluron,,Chlortoluron:NOT_IN_EU_LIST,
HERBICIDE,Chlortoluron + Isoxabene,500 g/L + 18.7 g/L,SC,Aubaine,H.014-13,SEPCM,Dow Agrosciences,2020,ALL_SUBSTANCES_APPROVED_IN_EU,1,Chlortoluron + Isoxabene,Isoxaben,Chlortoluron + Isoxabene:EU_APPROVED,
HERBICIDE,Chlortoluron + Isoxabene,500 g/L + 18.7 g/L,SC,FLEXIDOR,H.015-18,ATLAS AGRICOLE,Dow Agrosciences,2020,ALL_SUBSTANCES_APPROVED_IN_EU,1,Chlortoluron + Isoxabene,Isoxaben,Chlortoluron + Isoxabene:EU_APPROVED,
HERBICIDE,Clodinafop-propargil,8 0 g / L,E C,T o p i k 8 0,H.007-11,BIOPROTECTION,SYNGENTA,2020,ALL_SUBSTANCES_APPROVED_IN_EU,1,Clodinafop-propargil,Clodinafop,Clodinafop-propargil:EU_APPROVED,
HERBICIDE,Clodinafop-propargil + Cloquintocet-2-Mexyl,100 g/L + 25 g/L,EC,Topik 100,H.008-11,BIOPROTECTION,SYNGENTA,2020,ALL_SUBSTANCES_APPROVED_IN_EU,1,Clodinafop-propargil + Cloquintocet-2-Mexyl,Clodinafop,Clodinafop-propargil + Cloquintocet-2-Mexyl:EU_APPROVED,
HERBICIDE,Clodinafop-propargil +Cloquintocet-2-Mexyl,240 g/L + 60 g/L,EC,Tallis 240 EC,H.071-11,SOCOOPEC,AAKO,2020,ALL_SUBSTANCES_APPROVED_IN_EU,1,Clodinafop-propargil +Cloquintocet-2-Mexyl,Clodinafop,Clodinafop-propargil +Cloquintocet-2-Mexyl:EU_APPROVED,
HERBICIDE,Clodinafop-propargil + Cloquintocet-2-Mexyl,240 g/L + 60 g/L,EC,RUBAH,H.026-15,AGRIPLUS,PARIJAT,2020,ALL_SUBSTANCES_APPROVED_IN_EU,1,Clodinafop-propargil + Cloquintocet-2-Mexyl,Clodinafop,Clodinafop-propargil + Cloquintocet-2-Mexyl:EU_APPROVED,
HERBICIDE,Clodinafop-propagyl + Cloquintocet-2mexyl,100g/l + 25 g/l,EC,BUGUIS EC,H.008-18,AGRIPROTEC,PROPLAN,2020,ALL_SUBSTANCES_APPROVED_IN_EU,1,Clodinafop-propagyl + Cloquintocet-2mexyl,Clodinafop,Clodinafop-propagyl + Cloquintocet-2mexyl:EU_APPROVED,
HERBICIDE,Clodinafop-propargy + Cloquintocet-2mexyl,l 95 g/l + l 25 g/l,EC,CICLOPE,H.002-20,EL KHADRA,INDRUSTRIAS AFRASA,2020,ALL_SUBSTANCES_APPROVED_IN_EU,1,Clodinafop-propargy + Cloquintocet-2mexyl,Clodinafop,Clodinafop-propargy + Cloquintocet-2mexyl:EU_APPROVED,
HERBICIDE,Clopyralid,100 g/L,EC,Lontrel,H.089-11,INNOVA,DOW AGROSCIENCE,2020,ALL_SUBSTANCES_APPROVED_IN_EU,1,Clopyralid,Clopyralid,Clopyralid:EU_APPROVED,
HERBICIDE,Clopyralid,100 g/L,EC,VERSATILL EC,H.014-20,ATLAS AGRICOLE,DOW AGROSCIENCE,2020,ALL_SUBSTANCES_APPROVED_IN_EU,1,Clopyralid,Clopyralid,Clopyralid:EU_APPROVED,
HERBICIDE,Clopyralid,100g/l,SL,GLOPYR 100 SL,H.004-18,AGROSYSTEMES,Globachem,2020,ALL_SUBSTANCES_APPROVED_IN_EU,1,Clopyralid,Clopyralid,Clopyralid:EU_APPROVED,
HERBICIDE,Clopyralid,300g/l,SL,LORET 300 SL,H.005-20,EL KHADRA,Sharda Cropchem Limited,2020,ALL_SUBSTANCES_APPROVED_IN_EU,1,Clopyralid,Clopyralid,Clopyralid:EU_APPROVED,
HERBICIDE,Cycloxidime,1 0 0 g / L,E C,Focus Ultra,H.009-11,STIMA,BASF,2020,NOT_FOUND_OR_NEEDS_MANUAL_REVIEW,0,Cycloxidime,,Cycloxidime:NOT_IN_EU_LIST,
HERBICIDE,"Dicamba + 2,4 – D",120 g/L + 344 g/L,SL,Dialen Super,H.011-11,BIOPROTECTION,SYNGENTA,2020,CONTAINS_NOT_APPROVED_SUBSTANCE_IN_EU,2,Dicamba + 2 | 4 – D,Dicamba | Dimoxystrobin,Dicamba + 2:EU_APPROVED | 4 – D:EU_NOT_APPROVED,
HERBICIDE,Dicamba + Prosulfuron,500 g/kg + 50 g/kg,WG,CASPER 55,H.004-20,SOLAGRI,Syngenta Agro AG,2020,ALL_SUBSTANCES_APPROVED_IN_EU,1,Dicamba + Prosulfuron,Prosulfuron,Dicamba + Prosulfuron:EU_APPROVED,
HERBICIDE,Diflufenican + Flufenacet + Flurtamone,60 g/l + 240 g/l + 120 g/l,SC,Vigon 420 SC,H.012-16,STEC,BAYER CROPSCIENCE,2020,ALL_SUBSTANCES_APPROVED_IN_EU,1,Diflufenican + Flufenacet + Flurtamone,Diflufenican,Diflufenican + Flufenacet + Flurtamone:EU_APPROVED,
HERBICIDE,Diflufenican + Metsulfuron-méthyl,60 % + 6%,WG,Alliance,H.002-13,BIOPROTECTION,NUFARM S.A,2020,ALL_SUBSTANCES_APPROVED_IN_EU,1,Diflufenican + Metsulfuron-méthyl,Diflufenican,Diflufenican + Metsulfuron-méthyl:EU_APPROVED,
HERBICIDE,Diflufenican (ou Diflufenicanil),500 g/l,SC,Diflanil,H.010-14,AGROSYSTEMES,GLOBACHEM,2020,ALL_SUBSTANCES_APPROVED_IN_EU,1,Diflufenican (ou Diflufenicanil),Diflufenican,Diflufenican (ou Diflufenicanil):EU_APPROVED,
HERBICIDE,Diflufenican,50% (500 g/kg),SC,OSSETIA WG,H.008-20,SANABEL AGRO,Rotam Agrochemical,2020,ALL_SUBSTANCES_APPROVED_IN_EU,1,Diflufenican,Diflufenican,Diflufenican:EU_APPROVED,
HERBICIDE,Dimethenamid-P +Metazachlor +Quinmerac,100g/l+ 300g/l+ 100g/l,SE,BUTISAN AVANT SE,H.012-20,COTUGRAIN,BASF,2020,ALL_SUBSTANCES_APPROVED_IN_EU,1,Dimethenamid-P +Metazachlor +Quinmerac,Dimethenamid-P,Dimethenamid-P +Metazachlor +Quinmerac:EU_APPROVED,
HERBICIDE,Diquat,200 g/l,SL,DIQUASH,H.001-16,DELTA AGRICOLE PLUS,SHARDA,2020,CONTAINS_NOT_APPROVED_SUBSTANCE_IN_EU,1,Diquat,Diquat,Diquat:EU_NOT_APPROVED,
HERBICIDE,Diquat,200 g/l,SL,DESSICASH 20 SL,H.004-17,FERTIPLANT,SHARDA,2020,CONTAINS_NOT_APPROVED_SUBSTANCE_IN_EU,1,Diquat,Diquat,Diquat:EU_NOT_APPROVED,
HERBICIDE,Diquat,200 g/l,SL,DEFAN 20 SL,H.007-17,AGRONOMIC Land,SHARDA,2020,CONTAINS_NOT_APPROVED_SUBSTANCE_IN_EU,1,Diquat,Diquat,Diquat:EU_NOT_APPROVED,
HERBICIDE,Diquat dibromide,2 0 0 g / L,S L,R e g l o n e 2 0 0 S L,H.013-11,BIOPROTECTION,SYNGENTA,2020,CONTAINS_NOT_APPROVED_SUBSTANCE_IN_EU,1,Diquat dibromide,Diquat,Diquat dibromide:EU_NOT_APPROVED,
HERBICIDE,Fénoxaprop-p-Ethyl,69g/l,EW,Foxtrot,H.027-15,AGROSYSTEME,FMC,2020,ALL_SUBSTANCES_APPROVED_IN_EU,1,Fénoxaprop-p-Ethyl,Fenoxaprop-P-ethyl,Fénoxaprop-p-Ethyl:EU_APPROVED,
HERBICIDE,Fénoxaprop-P-Ethyl + Iodosulfuron-Méthyl Sodium +Méfenpyr – diéthyl,64 g/L + 8 g/L + 24 g/L,EC,Puma Evolution,H.015-11,JADWA AGROTEC,BAYER CROPSCIENCE,2020,ALL_SUBSTANCES_APPROVED_IN_EU,1,Fénoxaprop-P-Ethyl + Iodosulfuron-Méthyl Sodium +Méfenpyr – diéthyl,Iodosulfuron,Fénoxaprop-P-Ethyl + Iodosulfuron-Méthyl Sodium +Méfenpyr – diéthyl:EU_APPROVED,
HERBICIDE,Florosulame + Flumetsulame,75 g/L + 100 g/L,EC,Derby,H.085-11,INNOVA,DOW AGROSCIENCES,2020,CONTAINS_NOT_APPROVED_SUBSTANCE_IN_EU,1,Florosulame + Flumetsulame,Flumetsulam,Florosulame + Flumetsulame:EU_NOT_APPROVED,
HERBICIDE,Fluazifop-P-Butyl,1 2 5 g / L,EC EC,Fusilade Max Trivko,H.016-11 H.001-18,AGRIPROTEC SOLAGRI,SYNGENTA SYNGENTA,2020,ALL_SUBSTANCES_APPROVED_IN_EU,1,Fluazifop-P-Butyl,Fluazifop-P,Fluazifop-P-Butyl:EU_APPROVED,
HERBICIDE,Fluazifop-P-Butyl,125 g/l,EC,FOUZILE EC,H.019-15,ETS MEZGHANI,INDUST. QUIMICA KEY,2020,ALL_SUBSTANCES_APPROVED_IN_EU,1,Fluazifop-P-Butyl,Fluazifop-P,Fluazifop-P-Butyl:EU_APPROVED,
HERBICIDE,Fluazifop-P-Butyl,1 2 5 g / l,EC,Benfuron,H.013-16,ATLAS AGRICOLE,SHARDA,2020,ALL_SUBSTANCES_APPROVED_IN_EU,1,Fluazifop-P-Butyl,Fluazifop-P,Fluazifop-P-Butyl:EU_APPROVED,
HERBICIDE,Fluazifop-P-Butyl,1 5 0 g / l,EC,Fouir,H.013-17,EL KHADRA,SHARDA,2020,ALL_SUBSTANCES_APPROVED_IN_EU,1,Fluazifop-P-Butyl,Fluazifop-P,Fluazifop-P-Butyl:EU_APPROVED,
HERBICIDE,Flucarbazone-sodium,7 0 %,W G,E v e r e s t 7 0 W G,H.017-11,AGRIPROTEC,ARYSTA LIFESCIENCE,2020,CONTAINS_NOT_APPROVED_SUBSTANCE_IN_EU,1,Flucarbazone-sodium,Flucarbazone-sodium,Flucarbazone-sodium:EU_NOT_APPROVED,
HERBICIDE,Flucarbazone-sodium,4 1 9 g / l,S C,V u l c a n o,007-14H.,AGRIPROTEC,ARYSTA LIFESCIENCE,2020,CONTAINS_NOT_APPROVED_SUBSTANCE_IN_EU,1,Flucarbazone-sodium,Flucarbazone-sodium,Flucarbazone-sodium:EU_NOT_APPROVED,
HERBICIDE,Flumetsulam,800 g/kg,WG,BROADSTRIKE WG,H.009-20,EL BARAKA AGRICOLE,DOW AGROSCIENCE,2020,CONTAINS_NOT_APPROVED_SUBSTANCE_IN_EU,1,Flumetsulam,Flumetsulam,Flumetsulam:EU_NOT_APPROVED,
HERBICIDE,Fluroxypyr (ester1- methyl heptyl),200 g/l,EC,Fluostar 200,H.011-14,AGROSYSTEMES,GLOBACHEM,2020,ALL_SUBSTANCES_APPROVED_IN_EU,1,Fluroxypyr (ester1- methyl heptyl),Fluroxypyr,Fluroxypyr (ester1- methyl heptyl):EU_APPROVED,
HERBICIDE,Fluroxypyr + Clopyralid,150 g/l + 60 g/l,EC,VEGA,H.006-20,EL KHADRA,Sharda Cropchem Limited,2020,ALL_SUBSTANCES_APPROVED_IN_EU,1,Fluroxypyr + Clopyralid,Fluroxypyr,Fluroxypyr + Clopyralid:EU_APPROVED,
HERBICIDE,Glyphosate,360 g/l,SL,SATELITE 360 SL,H.001-19,EL KHADRA,AFRASA INDUSTRIAS AFRASA S.A,2020,ALL_SUBSTANCES_APPROVED_IN_EU,1,Glyphosate,Glyphosate,Glyphosate:EU_APPROVED,
HERBICIDE,Glyphosate,360 g/l,SL,GLYFOSTAR,H.002-19,SLDA,SHARDA CROPCHEM Ltd,2020,ALL_SUBSTANCES_APPROVED_IN_EU,1,Glyphosate,Glyphosate,Glyphosate:EU_APPROVED,
HERBICIDE,Glyphosate,360 g/l,SL,K a l a c h 3 6 0 Herbolex Clinic Fortin Glyphotec Cible Glyster Agriatech Maynozate Glycel Glyphogan Glitan Buggy GLISO 360 Mamba 360 SL Glyweed Diss,H . 0 2 2 - 1 1 H.027-11 H.023-11 H.024-11 H.028-11 H.018-11 H.025-11 H.020-11 H.025-15 H.019-11 H.072-11 H.073-11 H.079-11 H.005-16 H.080-11 H.086-11 H.093-11,B I O P R O T E C T I O N SEPCM EL MOUSSEMAGRI. ETS MEZGHANI STEC AGRIPROTEC SANABEL AGRO AGROSYSTEMES AMINCO AGRIMATCO SOCOOPEC COTUGRAIN IMPEX INNOVA EL KHADRA INNOVA ATLAS INDUSTRIE PROTAGRI,A R Y S T A L I F E S CIENCE DOW AGROSCIENCES NUFARM INDUSTRLQUIMICAKEY AAKO BV NUFARM SINON CORPORATION AGRIA SA AGRIA SA EXCEL CROP CARE AAKO ALCOTAN SIPCAM INGARA SIPCAM INGARA DOW AGROSCIENCES COROMANDEL Ltd. UNITED PHOSPHORUS,2020,ALL_SUBSTANCES_APPROVED_IN_EU,1,Glyphosate,Glyphosate,Glyphosate:EU_APPROVED,
HERBICIDE,Glyphosate,360 g/l,SL,Tayara Kleen Up Glyphos Pharon Blanca Weed Killer Nasa 36 SL,H.090-11 H.097-11 H.009-13 H.017-13 H.006-13 H.006-16 H.001-15,EL MOUSSEM AGRI BIOPROTECTION AGROSYSTEMES INNOVA COTUGRAIN IMPEX EL KHADRA SOCOOPEC,NUFARM AMERICAS NUFARM Cheminova NUFARM S.A Sharda World Wide Sharda World Wide ZENITH CROPSCIENCES/agria,2020,ALL_SUBSTANCES_APPROVED_IN_EU,1,Glyphosate,Glyphosate,Glyphosate:EU_APPROVED,
HERBICIDE,Glyphosate,360 g/l,SL,DRAGON,H.003-19,FERTITECH,SHARDA CROPCHEM Lt,2020,ALL_SUBSTANCES_APPROVED_IN_EU,1,Glyphosate,Glyphosate,Glyphosate:EU_APPROVED,
HERBICIDE,Glyphosate,360 g/l,SL,GLYPHO-CAP,H.010-17,NEGANOR FFT,HOCKLEY INTERNATIONAL LIMITED,2020,ALL_SUBSTANCES_APPROVED_IN_EU,1,Glyphosate,Glyphosate,Glyphosate:EU_APPROVED,
HERBICIDE,Glyphosate,360 g/l,SL,GLYPHOPLANT 36 SL,H.003-17,FERTIPLANT,Sharda Cropchem Limited,2020,ALL_SUBSTANCES_APPROVED_IN_EU,1,Glyphosate,Glyphosate,Glyphosate:EU_APPROVED,
HERBICIDE,Glyphosate,360 g/l,SL,VERDIS 36 SL,H.009-17,AGRONOMIC Land,Sharda Cropchem Limited,2020,ALL_SUBSTANCES_APPROVED_IN_EU,1,Glyphosate,Glyphosate,Glyphosate:EU_APPROVED,
HERBICIDE,Glyphosate,360g/l,SL,Round Up Pro,H.004-15,ATLAS AGRICOLE,MONSANTO,2020,ALL_SUBSTANCES_APPROVED_IN_EU,1,Glyphosate,Glyphosate,Glyphosate:EU_APPROVED,
HERBICIDE,Glyphosate,3 6 0 g / l,S L,G l y p h o m a x,H . 0 1 3 - 1 4,L I E N A G R I C O L E,S h a r d a W o r ld W i d e,2020,ALL_SUBSTANCES_APPROVED_IN_EU,1,Glyphosate,Glyphosate,Glyphosate:EU_APPROVED,
HERBICIDE,Glyphosate,4 5 0 g / L,S L,R o u n d u p P l u s,H.029-11,ATLAS AGRICOLE,MONSANTO,2020,ALL_SUBSTANCES_APPROVED_IN_EU,1,Glyphosate,Glyphosate,Glyphosate:EU_APPROVED,
HERBICIDE,Glyphosate,480 g/l,SL SC,Mamba Max,11-096H.,INNOVA,DOW AGROSCIENCE,2020,ALL_SUBSTANCES_APPROVED_IN_EU,1,Glyphosate,Glyphosate,Glyphosate:EU_APPROVED,
HERBICIDE,Glyphosate,480 g/l,SL SC,Herbolex Max,H.008-15,SEPCM,DOW AGROSCIENCE,2020,ALL_SUBSTANCES_APPROVED_IN_EU,1,Glyphosate,Glyphosate,Glyphosate:EU_APPROVED,
HERBICIDE,Glyphosate,480 g/l,SL SC,Round up innov,H.003-15,ATLAS AGRICOLE,MONSANTO,2020,ALL_SUBSTANCES_APPROVED_IN_EU,1,Glyphosate,Glyphosate,Glyphosate:EU_APPROVED,
HERBICIDE,Glyphosate,480 g/l,SL SC,GALLUP HI-AKTIV,H.001-20,RAYEN PHYTAGRI,Barclay chemoicals(R&D) Ltd.,2020,ALL_SUBSTANCES_APPROVED_IN_EU,1,Glyphosate,Glyphosate,Glyphosate:EU_APPROVED,
HERBICIDE,Glyphosate,70 %,SG,Kalach Extra,H.007-16,BIOPROTECTION,ARYSTA LIFESCIENCE,2020,ALL_SUBSTANCES_APPROVED_IN_EU,1,Glyphosate,Glyphosate,Glyphosate:EU_APPROVED,
HERBICIDE,Glyphosate + Carfentrazone-ethyl,360g/l + 5g/l,EW,Affinex,H.006-15,COTUGRAIN IMPEX,FMC,2020,ALL_SUBSTANCES_APPROVED_IN_EU,1,Glyphosate + Carfentrazone-ethyl,Glyphosate,Glyphosate + Carfentrazone-ethyl:EU_APPROVED,
HERBICIDE,Glyphosate + Oxyfluorfène,360 g/L + 30 g/L,SC,Brout,H.030-11,SEPCM,AAKO,2020,ALL_SUBSTANCES_APPROVED_IN_EU,1,Glyphosate + Oxyfluorfène,Glyphosate,Glyphosate + Oxyfluorfène:EU_APPROVED,
HERBICIDE,Glyphosate + Oxyfluorfène,200 G/L + 30 G/L,SC,Dipiril Plus,H.016-13,EL KHADRA,INDUSTRIALS AFRASA SA,2020,ALL_SUBSTANCES_APPROVED_IN_EU,1,Glyphosate + Oxyfluorfène,Glyphosate,Glyphosate + Oxyfluorfène:EU_APPROVED,
HERBICIDE,Glufosinate,1 5 0 g / L,E C,B a s t a F 1 Stopa F1,H.032-11 H.031-11,EL MOUSSEM AGRICOLE ATLAS AGRICOLE,BAYER CROPSCIENCE BAYER CROPSCIENCE,2020,CONTAINS_NOT_APPROVED_SUBSTANCE_IN_EU,1,Glufosinate,Glufosinate,Glufosinate:EU_NOT_APPROVED,
HERBICIDE,Haloxyfop-R,104 g/L,EC,Gallant Super Verdict,H.075-11 H.012-13,INNOVA ATLAS AGRICOLE,DOW AGROSCIENCES,2020,CONTAINS_NOT_APPROVED_SUBSTANCE_IN_EU,1,Haloxyfop-R,Haloxyfop,Haloxyfop-R:EU_NOT_APPROVED,
HERBICIDE,Imazamox + Metazachlor,25 g/l + 375 g/l,SC,Nopasaran,H.011-16,COTUGRAIN,BASF,2020,ALL_SUBSTANCES_APPROVED_IN_EU,1,Imazamox + Metazachlor,Imazamox,Imazamox + Metazachlor:EU_APPROVED,
HERBICIDE,Iodosulfuron + Mesosulfuron + Mefenpyr,6 g/Kg + 30 g/Kg + 90 g/Kg,WG,Atlantis,H.033-11,ATLAS AGRICOLE,BAYER CROPSCIENCE,2020,ALL_SUBSTANCES_APPROVED_IN_EU,1,Iodosulfuron + Mesosulfuron + Mefenpyr,Iodosulfuron,Iodosulfuron + Mesosulfuron + Mefenpyr:EU_APPROVED,
HERBICIDE,Linuron,5 0 %,W P,Afalon 50 WP,H.095-11,SEPCM,AAKO/ PAYS BAS,2020,CONTAINS_NOT_APPROVED_SUBSTANCE_IN_EU,1,Linuron,Linuron,Linuron:EU_NOT_APPROVED,
HERBICIDE,Linuron,400 g/L,SC,Calin Flo,H.019-13,BIOPROTECTION,Arysta Lifescience,2020,CONTAINS_NOT_APPROVED_SUBSTANCE_IN_EU,1,Linuron,Linuron,Linuron:EU_NOT_APPROVED,
HERBICIDE,Linuron,500 g/L,S C,A f a l o n 5 0 L S C,H.035-11,SEPCM,AAKO BV,2020,CONTAINS_NOT_APPROVED_SUBSTANCE_IN_EU,1,Linuron,Linuron,Linuron:EU_NOT_APPROVED,
HERBICIDE,Mésosulfuron-Méthyl (Mesomax) + Iodosulfuron + Méfenpyr diéthyl,30 g/Kg + 30 g/Kg + 90 g/Kg,WG,Amilcar,H.036-11,STEC,BAYER CROPSCIENCE,2020,ALL_SUBSTANCES_APPROVED_IN_EU,1,Mésosulfuron-Méthyl (Mesomax) + Iodosulfuron + Méfenpyr diéthyl,Iodosulfuron,Mésosulfuron-Méthyl (Mesomax) + Iodosulfuron + Méfenpyr diéthyl:EU_APPROVED,
HERBICIDE,Mésosulfuron-Méthyl+ Iodosulfuron-Methyl + Méfenpyr diéthyl,10 g/l + 2 g/l + 30 g/l,OD,Atlantis OD,H.012-15,ATLAS AGRICOLE,BAYER CROPSCIENCE,2020,ALL_SUBSTANCES_APPROVED_IN_EU,1,Mésosulfuron-Méthyl+ Iodosulfuron-Methyl + Méfenpyr diéthyl,Iodosulfuron,Mésosulfuron-Méthyl+ Iodosulfuron-Methyl + Méfenpyr diéthyl:EU_APPROVED,
HERBICIDE,Mésosulfuron- Méthyl+Iodosulfuron – Méthyl Sodium + Méfenpyr diéthyl (SAFENER),"7,5 g/L + 7,5 g/L+ 22,5 g/L",OD,Amilcar OD,H.037-11,STEC,BAYER CROPSCIENCE,2020,ALL_SUBSTANCES_APPROVED_IN_EU,1,Mésosulfuron- Méthyl+Iodosulfuron – Méthyl Sodium + Méfenpyr diéthyl (SAFENER),Iodosulfuron,Mésosulfuron- Méthyl+Iodosulfuron – Méthyl Sodium + Méfenpyr diéthyl (SAFENER):EU_APPROVED,
HERBICIDE,Mesosulfuron-méthyle Propoxcarbasone-sodium Méfenpyr- diéthyle(phytoprotecteur),"45 g/kg +67,5g/kg +90g/kg",WG,OLYMPUS FLEX WG,H.009-18,ATLAS AGRICOLE,BAYER AG,2020,ALL_SUBSTANCES_APPROVED_IN_EU,1,Mesosulfuron-méthyle Propoxcarbasone-sodium Méfenpyr- diéthyle(phytoprotecteur),Mesosulfuron,Mesosulfuron-méthyle Propoxcarbasone-sodium Méfenpyr- diéthyle(phytoprotecteur):EU_APPROVED,
HERBICIDE,Metazachlore,5 0 0 g / L,S C,TWIGA,H.022-15,BIOPROTECTION,AAKO BV,2020,ALL_SUBSTANCES_APPROVED_IN_EU,1,Metazachlore,Metazachlor,Metazachlore:EU_APPROVED,
HERBICIDE,Metazachlore,500 g/l,SC,RAPSAN 500 SC,H.002-18,AGROSYSTEMES,Globachem,2020,ALL_SUBSTANCES_APPROVED_IN_EU,1,Metazachlore,Metazachlor,Metazachlore:EU_APPROVED,
HERBICIDE,Metazachlore +Quinmerac,400 g/l + 1 0 0 g / l,SC,RAPSAN TDI SC,H.003-18,AGROSYSTEMES,Globachem,2020,ALL_SUBSTANCES_APPROVED_IN_EU,1,Metazachlore +Quinmerac,Metazachlor,Metazachlore +Quinmerac:EU_APPROVED,
HERBICIDE,Metosulame,100 g/L,SC,Tacco 100 SC,H.039-11,ATLAS AGRICOLE,BAYER CROPSCIENCE,2020,CONTAINS_NOT_APPROVED_SUBSTANCE_IN_EU,1,Metosulame,Metosulam,Metosulame:EU_NOT_APPROVED,
HERBICIDE,Metribuzine,7 0 %,W G,Sencor 70 Matecor,H.040-11 H.041-11,PROMOCHIMIE AGRIPROTEC,BAYER CROPSCIENCE PROPLAN,2020,CONTAINS_NOT_APPROVED_SUBSTANCE_IN_EU,1,Metribuzine,Metribuzin,Metribuzine:EU_NOT_APPROVED,
HERBICIDE,Metribuzine,700 g/kg,WDG,MATRIX WDG,H.001-17,STIMA,SHARDA CROPCHEM,2020,CONTAINS_NOT_APPROVED_SUBSTANCE_IN_EU,1,Metribuzine,Metribuzin,Metribuzine:EU_NOT_APPROVED,
HERBICIDE,Metribuzine,75%,WG,Maestro 75 WG,H.042-11,BIOPROTECTION,AAKO,2020,CONTAINS_NOT_APPROVED_SUBSTANCE_IN_EU,1,Metribuzine,Metribuzin,Metribuzine:EU_NOT_APPROVED,
HERBICIDE,Metribuzine,600 g/L,SC,Sencor 600SC,11_098H.,PROMOCHIMIE,BAYER CROPSCIENCE,2020,CONTAINS_NOT_APPROVED_SUBSTANCE_IN_EU,1,Metribuzine,Metribuzin,Metribuzine:EU_NOT_APPROVED,
HERBICIDE,Metribuzine,70 % (g/kg),WG,DANCOR 70,H.004-16,PROTAGRI,UPL,2020,CONTAINS_NOT_APPROVED_SUBSTANCE_IN_EU,1,Metribuzine,Metribuzin,Metribuzine:EU_NOT_APPROVED,
HERBICIDE,Metribuzine+ Clomazone,233g/l + 60 g/l,CS,CETUS,H . 0 0 3 - 1 6,A G R I P R O T E C,F M C,2020,CONTAINS_NOT_APPROVED_SUBSTANCE_IN_EU,1,Metribuzine+ Clomazone,Metribuzin,Metribuzine+ Clomazone:EU_NOT_APPROVED,
HERBICIDE,Metsulfuron Méthyl,20%,WG,Isomexx,H.043-11,AGRIPROTEC,NUFARM,2020,NOT_FOUND_OR_NEEDS_MANUAL_REVIEW,0,Metsulfuron Méthyl,,Metsulfuron Méthyl:NOT_IN_EU_LIST,
HERBICIDE,Metsulfuron Méthyl,20%,WG,Asset,H.063-11,SANABEL AGRO,AGRIGUARD SA,2020,NOT_FOUND_OR_NEEDS_MANUAL_REVIEW,0,Metsulfuron Méthyl,,Metsulfuron Méthyl:NOT_IN_EU_LIST,
HERBICIDE,Metsulfuron Méthyl,20%,WG,Karal,H.003-13,BIOPROTECTION,NUFARM,2020,NOT_FOUND_OR_NEEDS_MANUAL_REVIEW,0,Metsulfuron Méthyl,,Metsulfuron Méthyl:NOT_IN_EU_LIST,
HERBICIDE,Metsulfuron Méthyl,20%,WG,Metsy WG,H.009-16,PROTAGRI,UNITED PHOSPHORUS,2020,NOT_FOUND_OR_NEEDS_MANUAL_REVIEW,0,Metsulfuron Méthyl,,Metsulfuron Méthyl:NOT_IN_EU_LIST,
HERBICIDE,Oxyfluorfene,2 4 0 g / L,E C,G o a l Oxistar 24% Clenofen 240,H . 0 8 1 - 1 1 H.087-11 H.005-13,I N N O V A SOCOOPEC SANABEL AGRO,DOW AGROSCIENCES ZHEJIANG E-TONG CHEMICAL CO LTD ZHEJIANG E-TONG CHEMICAL CO LTD,2020,CONTAINS_NOT_APPROVED_SUBSTANCE_IN_EU,1,Oxyfluorfene,FEN 560 (Fenugreek seed powder),Oxyfluorfene:EU_NOT_APPROVED,
HERBICIDE,Oxyfluorfene,2 4 0 g / L,E C,O X I F E N E C,H . 0 4 6 - 1 1,E t s M E Z G H A N I,I N D U S T . Q U I M ICA KEY,2020,CONTAINS_NOT_APPROVED_SUBSTANCE_IN_EU,1,Oxyfluorfene,FEN 560 (Fenugreek seed powder),Oxyfluorfene:EU_NOT_APPROVED,
HERBICIDE,Pendimethaline,400 G/L,EC,TERAPUR,H.002-16,Ets MEZGHANI,Industrial Quimica Key,2020,ALL_SUBSTANCES_APPROVED_IN_EU,1,Pendimethaline,Pendimethalin,Pendimethaline:EU_APPROVED,
HERBICIDE,Pendimethaline,400 G/L,SC,Penda,16-010H.,DELTA AGRICOLE PLUS,SHARDA,2020,ALL_SUBSTANCES_APPROVED_IN_EU,1,Pendimethaline,Pendimethalin,Pendimethaline:EU_APPROVED,
HERBICIDE,Pendimethaline,400 G/L,SC,HERBOL,H.008-17,AGRONOMIC Land,SHARDA,2020,ALL_SUBSTANCES_APPROVED_IN_EU,1,Pendimethaline,Pendimethalin,Pendimethaline:EU_APPROVED,
HERBICIDE,Pendimethaline,4 5 5 g / L,E C,S t o m p A q u a,H.048-11,STIMA,BASF,2020,ALL_SUBSTANCES_APPROVED_IN_EU,1,Pendimethaline,Pendimethalin,Pendimethaline:EU_APPROVED,
HERBICIDE,Phenmediphame + Desmedipham + Ethofumesate,91 g/L + 71 g/L + 1 1 2 g / L,EC,Betanal Expert 274EC,H.049-11,SEPCM,BAYER CROPSCIENCE,2020,CONTAINS_NOT_APPROVED_SUBSTANCE_IN_EU,1,Phenmediphame + Desmedipham + Ethofumesate,Desmedipham,Phenmediphame + Desmedipham + Ethofumesate:EU_NOT_APPROVED,
HERBICIDE,Phenmedipham + Desmedopham + Ethofumesate,75 g/l + 15 g/l + 115 g/l,SC,BETASANA TRIO,H.016-20,AGRIPROTEC,UPL Limited,2020,ALL_SUBSTANCES_APPROVED_IN_EU,1,Phenmedipham + Desmedopham + Ethofumesate,Phenmedipham,Phenmedipham + Desmedopham + Ethofumesate:EU_APPROVED,
HERBICIDE,Pinoxaden + Clodinafop-propargyl+ Cloquintocet-mexyl,"22,5 g/L+ 22,5g/L + 5,63 g/L",EC,Traxos 45 EC,H.050-11,BIOPROTECTION,SYNGENTA,2020,ALL_SUBSTANCES_APPROVED_IN_EU,1,Pinoxaden + Clodinafop-propargyl+ Cloquintocet-mexyl,Pinoxaden,Pinoxaden + Clodinafop-propargyl+ Cloquintocet-mexyl:EU_APPROVED,
HERBICIDE,Pinoxaden + Clodinafop-propargyl+ Cloquintocet-mexyl,25g/l + 25g/l + 6.25 g/l,EC,Traxos pratic,H.014-15,BIOPROTECTION,Syngenta,2020,ALL_SUBSTANCES_APPROVED_IN_EU,1,Pinoxaden + Clodinafop-propargyl+ Cloquintocet-mexyl,Pinoxaden,Pinoxaden + Clodinafop-propargyl+ Cloquintocet-mexyl:EU_APPROVED,
HERBICIDE,Pinoxaden + Clodinafop-propargyl+ Florasulam,30g/l + 30g/l + 1.5 g/l,EC,Swipe,H.013-15,BIOPROTECTON,Syngenta,2020,ALL_SUBSTANCES_APPROVED_IN_EU,1,Pinoxaden + Clodinafop-propargyl+ Florasulam,Florasulam,Pinoxaden + Clodinafop-propargyl+ Florasulam:EU_APPROVED,
HERBICIDE,Pinoxaden + Cloquintocet-méxyl,"45 g/L + 11,25 g/L",EC,Axial 045 EC,H.051-11,BIOPROTECTION,SYNGENTA,2020,ALL_SUBSTANCES_APPROVED_IN_EU,1,Pinoxaden + Cloquintocet-méxyl,Pinoxaden,Pinoxaden + Cloquintocet-méxyl:EU_APPROVED,
HERBICIDE,Pinoxaden + Cloquintocet-méxyl,50 g/l + 12.5 g/l,EC,Axial pratic,H.015-15,BIOPROTECTION,Syngenta,2020,ALL_SUBSTANCES_APPROVED_IN_EU,1,Pinoxaden + Cloquintocet-méxyl,Pinoxaden,Pinoxaden + Cloquintocet-méxyl:EU_APPROVED,
HERBICIDE,Pinoxaden + Florasulam + Safener (cloquintocet- mexyl),45 g/l + 5 g/l + 11.25 g/l,EC,Navigator,005-14H.,BIOPROTECTION,SYNGENTA,2020,ALL_SUBSTANCES_APPROVED_IN_EU,1,Pinoxaden + Florasulam + Safener (cloquintocet- mexyl),Florasulam,Pinoxaden + Florasulam + Safener (cloquintocet- mexyl):EU_APPROVED,
HERBICIDE,Propoxycarbazon Sodium,70%,SG,Attribut 70 SG,H.064-11,EL MOUSSEM AGRICOLE,BAYER CROPSCIENCE,2020,NOT_FOUND_OR_NEEDS_MANUAL_REVIEW,0,Propoxycarbazon Sodium,,Propoxycarbazon Sodium:NOT_IN_EU_LIST,
HERBICIDE,Propyzamide,400g/l,SC,CADDY SC,H.016-17,RAYEN PHYTAGRI,BARCLAY CHEMICALS Ltd,2020,ALL_SUBSTANCES_APPROVED_IN_EU,1,Propyzamide,Propyzamide,Propyzamide:EU_APPROVED,
HERBICIDE,Propyzamide,400g/l,SC,PROPYZ,H.013-18,AGRIPROTEC,BARCLAY CHEMICALS Ltd,2020,ALL_SUBSTANCES_APPROVED_IN_EU,1,Propyzamide,Propyzamide,Propyzamide:EU_APPROVED,
HERBICIDE,Propyzamide,400g/l,SC,PROPER FLO SC,H.005-18,AGROSYSTEMES,Globachem,2020,ALL_SUBSTANCES_APPROVED_IN_EU,1,Propyzamide,Propyzamide,Propyzamide:EU_APPROVED,
HERBICIDE,Prosulfocarb,8 0 0 g / L,EC,Boxer Fidox 800 EC Roxy,H.053-11 H.024-15 H.052-11,BIOPROTECTION AMINCO AGROSYSTEMES,SYNGENTA GLOBACHEM GLOBACHEM,2020,ALL_SUBSTANCES_APPROVED_IN_EU,1,Prosulfocarb,Prosulfocarb,Prosulfocarb:EU_APPROVED,
HERBICIDE,Prosulfocarb + S-metolachlor,800 g/l + 120 g/l,SC,Minarix,004-14H.,BIOPROTECTION,SYNGENTA,2020,CONTAINS_NOT_APPROVED_SUBSTANCE_IN_EU,1,Prosulfocarb + S-metolachlor,S-Metolachlor,Prosulfocarb + S-metolachlor:EU_NOT_APPROVED,
HERBICIDE,Pyroxsulam,"4 6 , 6 g / L",O D,P a l l a s 4 5 O D,H.054-11,SEPCM,DOW AGROSCIENCES,2020,ALL_SUBSTANCES_APPROVED_IN_EU,1,Pyroxsulam,Pyroxsulam,Pyroxsulam:EU_APPROVED,
HERBICIDE,Pyroxsulam,"4 6 , 6 g / L",O D,P R I O R I T Y,H.016-18,ATLAS AGRICOLE,DOW AGROSCIENCES,2020,ALL_SUBSTANCES_APPROVED_IN_EU,1,Pyroxsulam,Pyroxsulam,Pyroxsulam:EU_APPROVED,
HERBICIDE,Pyroxsulam + Florasulam + Cloquintocet mexyl,"70,8 g/kg +14,2g/kg + 70,8g/hg",WG,Floramix,006-14H.,SEPCM,DOW AGROSCIENCES,2020,ALL_SUBSTANCES_APPROVED_IN_EU,1,Pyroxsulam + Florasulam + Cloquintocet mexyl,Florasulam,Pyroxsulam + Florasulam + Cloquintocet mexyl:EU_APPROVED,
HERBICIDE,Pyroxsulam + Florasulam + Cloquintocet mexyl,"70,8 g/kg +14,2g/kg + 70,8g/hg",WG,Broadway,H.014-18,ATLAS AGRICOLE,DOW AGROSCIENCES,2020,ALL_SUBSTANCES_APPROVED_IN_EU,1,Pyroxsulam + Florasulam + Cloquintocet mexyl,Florasulam,Pyroxsulam + Florasulam + Cloquintocet mexyl:EU_APPROVED,
HERBICIDE,Quizalofop-p-Ethyl,100 g/L,EC,Leopard 10,H.055-11,SEPCM,AAKO,2020,ALL_SUBSTANCES_APPROVED_IN_EU,1,Quizalofop-p-Ethyl,Quizalofop-P-ethyl,Quizalofop-p-Ethyl:EU_APPROVED,
HERBICIDE,Quizalofop –p-ethyl,100 g/l,EC,SYMBA EC,H.006-18,AGRIPLUS,"JIANGSU FENGSHAN GROUP CO,LTD",2020,CONTAINS_NOT_APPROVED_SUBSTANCE_IN_EU,1,Quizalofop –p-ethyl,Quizalofop,Quizalofop –p-ethyl:EU_NOT_APPROVED,
HERBICIDE,Quizalofop p-tefuryl,40 g/l,EC,Pantera 40,H.021-15,AGRIMATCO,CHEMTURA,2020,CONTAINS_NOT_APPROVED_SUBSTANCE_IN_EU,1,Quizalofop p-tefuryl,"2,4,5-T",Quizalofop p-tefuryl:EU_NOT_APPROVED,
HERBICIDE,Quizalofop p-tefuryl,50 g/l,EC,QUICK EC,H.015-17,DELTA AGRICOLE PLUS,SHARDA,2020,CONTAINS_NOT_APPROVED_SUBSTANCE_IN_EU,1,Quizalofop p-tefuryl,"2,4,5-T",Quizalofop p-tefuryl:EU_NOT_APPROVED,
HERBICIDE,Quizalofop p-tefuryl,50 g/l,EC,KUISTAR,H.018-18,AGRIMED DISTRIBUTION,SHARDA,2020,CONTAINS_NOT_APPROVED_SUBSTANCE_IN_EU,1,Quizalofop p-tefuryl,"2,4,5-T",Quizalofop p-tefuryl:EU_NOT_APPROVED,
HERBICIDE,S-metolachlor,960 g/l,EC,Dual gold 960 EC,H.020-15,AGRIPROTEC,SYNGENTA,2020,CONTAINS_NOT_APPROVED_SUBSTANCE_IN_EU,1,S-metolachlor,S-Metolachlor,S-metolachlor:EU_NOT_APPROVED,
HERBICIDE,S-metolachlor,960 g/l,EC,TENDER 960 EC,H.019-18,SOLAGRI,SYNGENTA,2020,CONTAINS_NOT_APPROVED_SUBSTANCE_IN_EU,1,S-metolachlor,S-Metolachlor,S-metolachlor:EU_NOT_APPROVED,
HERBICIDE,Saflufenacil,700g/kg,WG,Heat,H.005-15,AGRIPROTEC,BASF CORPORATION,2020,CONTAINS_NOT_APPROVED_SUBSTANCE_IN_EU,1,Saflufenacil,Saflufenacil,Saflufenacil:EU_NOT_APPROVED,
HERBICIDE,Simazine,500 g/L,SC,SIMAKEY,H.091-11,Ets MEZGHANI,INDUSTRIAL QUIMICA KEY/ Espagne,2020,CONTAINS_NOT_APPROVED_SUBSTANCE_IN_EU,1,Simazine,Simazine,Simazine:EU_NOT_APPROVED,
HERBICIDE,Sulfosulfuron,75%,WG,Leader,H.076-11,AGROSYSTEMES,SUMITOMO,2020,ALL_SUBSTANCES_APPROVED_IN_EU,1,Sulfosulfuron,Sulfosulfuron,Sulfosulfuron:EU_APPROVED,
HERBICIDE,Tepraloxydim,50 G/L,EC,Aramo 50 EC,H.018-13,COTUGRAIN IMPEX,BASF,2020,CONTAINS_NOT_APPROVED_SUBSTANCE_IN_EU,1,Tepraloxydim,Tepraloxydim,Tepraloxydim:EU_NOT_APPROVED,
HERBICIDE,Terbuthylazine,70 % (750g/kg),WG,Terbuzine 75 WG,H.007-15,INNOVA,SIPCAM INAGRA,2020,ALL_SUBSTANCES_APPROVED_IN_EU,1,Terbuthylazine,Terbuthylazine,Terbuthylazine:EU_APPROVED,
HERBICIDE,Terbuthylazine,70 % (750g/kg),WG,TERBYNE 75 WG,H.017-20,EL KHADRA,SIPCAM INAGRA,2020,ALL_SUBSTANCES_APPROVED_IN_EU,1,Terbuthylazine,Terbuthylazine,Terbuthylazine:EU_APPROVED,
HERBICIDE,Thifensulfuron-methyl + Tribuneron-methyl,40 % + 15 %,WG,Gipsy,003-14H.,SANABEL AGRO,ROTAM AGROCHEMICAL,2020,ALL_SUBSTANCES_APPROVED_IN_EU,1,Thifensulfuron-methyl + Tribuneron-methyl,Thifensulfuron-methyl,Thifensulfuron-methyl + Tribuneron-methyl:EU_APPROVED,
HERBICIDE,Triasulfuron + Dicamba,4 1 g / K g + 659 g/Kg,W G,Z o o m,H.056-11,BIOPROTECTION,SYNGENTA/IPT-PERGANDE GmbH(Allemagne)(fabriquant),2020,ALL_SUBSTANCES_APPROVED_IN_EU,1,Triasulfuron + Dicamba,Dicamba,Triasulfuron + Dicamba:EU_APPROVED,
HERBICIDE,Tribenuron-Methyl,7 5 %,WG,Granstar,H.057-11,SEPCM,DU PONT,2020,ALL_SUBSTANCES_APPROVED_IN_EU,1,Tribenuron-Methyl,Tribenuron (aka metometuron),Tribenuron-Methyl:EU_APPROVED,
HERBICIDE,Tribenuron-Methyl,7 5 %,WG,Corida 75 WG,H.088-11,SOCOOPEC,ZENITH CROPSCIENCE /AGRIA,2020,ALL_SUBSTANCES_APPROVED_IN_EU,1,Tribenuron-Methyl,Tribenuron (aka metometuron),Tribenuron-Methyl:EU_APPROVED,
HERBICIDE,Tribenuron-Methyl,7 5 %,W G,TRIBUNEO 75 G,H.015-20,SSCC,ZENITH CROPSCIENCE /AGRIA,2020,ALL_SUBSTANCES_APPROVED_IN_EU,1,Tribenuron-Methyl,Tribenuron (aka metometuron),Tribenuron-Methyl:EU_APPROVED,
HERBICIDE,Tribenuron-Methyl,75%,WG,Nuance,002-14H.,AGROSYSTEMES,CHEMINOVA,2020,ALL_SUBSTANCES_APPROVED_IN_EU,1,Tribenuron-Methyl,Tribenuron (aka metometuron),Tribenuron-Methyl:EU_APPROVED,
HERBICIDE,Tribenuron-Methyl,75%,WG,Volteo 75 WG,16-008H.,EL KHADRA,AFRASA,2020,ALL_SUBSTANCES_APPROVED_IN_EU,1,Tribenuron-Methyl,Tribenuron (aka metometuron),Tribenuron-Methyl:EU_APPROVED,
HERBICIDE,Tribenuron-Methyl,75%,WG,TOSCANA,H.010-18,AGRIPROTEC,PROPLAN,2020,ALL_SUBSTANCES_APPROVED_IN_EU,1,Tribenuron-Methyl,Tribenuron (aka metometuron),Tribenuron-Methyl:EU_APPROVED,
HERBICIDE,Tribenuron-Methyl,75%,WG,SKYLLA WDG,H.012-18,AGRONOMIC LAND,ROTAM AGROCHEMICAL CO.LTD,2020,ALL_SUBSTANCES_APPROVED_IN_EU,1,Tribenuron-Methyl,Tribenuron (aka metometuron),Tribenuron-Methyl:EU_APPROVED,
HERBICIDE,Tribenuron-Methyl,75%,WG,TRISTAR WG,H.020-18,SANABEL AGRO,Sharda Cropchem,2020,ALL_SUBSTANCES_APPROVED_IN_EU,1,Tribenuron-Methyl,Tribenuron (aka metometuron),Tribenuron-Methyl:EU_APPROVED,
HERBICIDE,Tribenuron methyl + Florasulam,56.3 %+ 18.7 %,WG,BOMBA WG,H.011-18,EL KHADRA,JSC(AUGUST),2020,ALL_SUBSTANCES_APPROVED_IN_EU,1,Tribenuron methyl + Florasulam,Tribenuron (aka metometuron),Tribenuron methyl + Florasulam:EU_APPROVED,
HERBICIDE,Trifluraline,4 8 0 g / L,E C,H e r b a l i n e Trifluraline / Sous/R de Changement de D C Triflurex Ridaline Flural Triflex,H . 0 58-11 H.059-11 H.077-11 H.082-11 H.092-11 H.006-17,SEPCM STEC SOCOOPEC SEPCM Ets MEZGHANI STEC,"AAKO CEQUISA S.A ((filiale : PHOSPHONIA, SL) AAKO DOW AGROSCIENCES INDUSTRIAL Q. KEY AAKO",2020,CONTAINS_NOT_APPROVED_SUBSTANCE_IN_EU,1,Trifluraline,Trifluralin,Trifluraline:EU_NOT_APPROVED,
HERBICIDE,Trifluraline,4 8 0 g / L,E C,H E R B A S T A R E C,H . 0 11-20,AGRIPLUS,"JIANGSU FENGSHAN GROUP CO,LTD",2020,CONTAINS_NOT_APPROVED_SUBSTANCE_IN_EU,1,Trifluraline,Trifluralin,Trifluraline:EU_NOT_APPROVED,
HERBICIDE,"2,4 D –Ester butylglycol (EBG)",600 g/L,EC,Desormone lourd W e e d o ne,H.078-11 H.060-11,SEPCM BIOPROTECTION,NUFARM NUFARM,2020,NOT_FOUND_OR_NEEDS_MANUAL_REVIEW,0,4 D –Ester butylglycol (EBG),,4 D –Ester butylglycol (EBG):NOT_IN_EU_LIST,
HERBICIDE,"2,4 –D EHE","9 0 4 , 5 g / L",E C,M a t o n,H.061-11,EL MOUSSEM AGRI.,A H MARKS / NUFARM,2020,NOT_FOUND_OR_NEEDS_MANUAL_REVIEW,0,4 –D EHE,,4 –D EHE:NOT_IN_EU_LIST,
HERBICIDE,"2,4-D Acide (2- Ethylhexyl ester EHE)",600 g/l,EC,Hersan-I,H.007-13,ETS MEZGHANI,INDUSTRIAL QUIMICA KEY S.A,2020,ALL_SUBSTANCES_APPROVED_IN_EU,1,4-D Acide (2- Ethylhexyl ester EHE),"2,4-D",4-D Acide (2- Ethylhexyl ester EHE):EU_APPROVED,
HERBICIDE,"2,4-D Sel d’amine",720 g/L,SL,Sanhormone Dicopur 720 SL Sanaphen D 720 SL Chardol 720 SL,H.083-11 H.008-13 H.013-13 H.012-14,INNOVA AGRIPROTEC ATLAS AGRICOLE BIOPROTECTION,DOW AGROSCIENCES NUFARM DOW AGROSCIENCES NUFARM,2020,ALL_SUBSTANCES_APPROVED_IN_EU,1,4-D Sel d’amine,"2,4-D",4-D Sel d’amine:EU_APPROVED,
HERBICIDE,"2,4-D Sel d’amine",720g/l,SL,Stopweeds,H.011-15,SANABEL AGRO,SHARDA,2020,ALL_SUBSTANCES_APPROVED_IN_EU,1,4-D Sel d’amine,"2,4-D",4-D Sel d’amine:EU_APPROVED,
NÉMATICIDE,"2,4-D Sel d’amine",720g/l,SL,Topol,H.009-15,EL KHADRA,SHARDA,2020,ALL_SUBSTANCES_APPROVED_IN_EU,1,4-D Sel d’amine,"2,4-D",4-D Sel d’amine:EU_APPROVED,
NÉMATICIDE,"2,4-D Sel d’amine",720g/l,SL,SHARMINA 720 SL,H.005-17,FERTIPLANT,SHARDA,2020,ALL_SUBSTANCES_APPROVED_IN_EU,1,4-D Sel d’amine,"2,4-D",4-D Sel d’amine:EU_APPROVED,
NÉMATICIDE,"2,4-D Sel de Dimethylamine",860g/l,SL,Amanora,H.014-17,AGRIMATCO,UPL,2020,ALL_SUBSTANCES_APPROVED_IN_EU,1,4-D Sel de Dimethylamine,"2,4-D",4-D Sel de Dimethylamine:EU_APPROVED,
NÉMATICIDE,"2,4-D Sel de Dimethylamine",720g/l,SL,BOZAR,H.012-17,AGRIPLUS,"JIANGSU FENGSHAN GROUP CO,LTD",2020,ALL_SUBSTANCES_APPROVED_IN_EU,1,4-D Sel de Dimethylamine,"2,4-D",4-D Sel de Dimethylamine:EU_APPROVED,
NÉMATICIDE,"2,4-D Acide + Florasulam","300 g/L + 6,25 g/L",SE,Mustang 306 SE Nikos 306 SE,H.084-11 H.011-13,INNOVA ATLAS AGRICOLE,DOW AGROSCIENCES DOW AGROSCIENCES,2020,ALL_SUBSTANCES_APPROVED_IN_EU,1,4-D Acide + Florasulam,"2,4-D",4-D Acide + Florasulam:EU_APPROVED,
NÉMATICIDE,"2,4- D + MCPA",345 g/l + 345 g/l,SE,Weedone Plus,H.001-13,BIOPROTECTION,NUFARM,2020,ALL_SUBSTANCES_APPROVED_IN_EU,1,4- D + MCPA,MCPA,4- D + MCPA:EU_APPROVED,
NÉMATICIDE,Bacillus (C 100 B + B 99),13 g/L,SL,Novibiotec 7996,N.006-11,N B T A,N B T A,2020,MANUAL_REVIEW,1,Bacillus (C 100 B + B 99),Bacillus velezensis ABi01,Bacillus (C 100 B + B 99):FOUND_UNKNOWN_STATUS,
NÉMATICIDE,Ethoprophos,1 0 %,G R,M o c a p,N.003-11,SEPCM,AMVAC Chemical Corporation),2020,CONTAINS_NOT_APPROVED_SUBSTANCE_IN_EU,1,Ethoprophos,Ethoprophos,Ethoprophos:EU_NOT_APPROVED,
NÉMATICIDE,Metam potassium,6 9 0 g / L,S L,Tamifume,N.004-11,AGRO-SYSTEMES,TAMINCO,2020,ALL_SUBSTANCES_APPROVED_IN_EU,1,Metam potassium,Metam (incl. -potassium and -sodium),Metam potassium:EU_APPROVED,
NÉMATICIDE,Métam sodium,5 1 0 g / L,S L,F u m i c a l,IN.098-11,BIOPROTECTION,ARYSTA LIFESCIENCE,2020,ALL_SUBSTANCES_APPROVED_IN_EU,1,Métam sodium,Metam (incl. -potassium and -sodium),Métam sodium:EU_APPROVED,
NÉMATICIDE,Métam sodium,5 1 0 g / L,S L,Réhomologation sous,,,,2020,ALL_SUBSTANCES_APPROVED_IN_EU,1,Métam sodium,Metam (incl. -potassium and -sodium),Métam sodium:EU_APPROVED,
NÉMATICIDE,Métam sodium,5 1 0 g / L,S L,réserve de montrer que le,,,,2020,ALL_SUBSTANCES_APPROVED_IN_EU,1,Métam sodium,Metam (incl. -potassium and -sodium),Métam sodium:EU_APPROVED,
NÉMATICIDE,Métam sodium,5 1 0 g / L,S L,fabricant mentionné lors du,,,,2020,ALL_SUBSTANCES_APPROVED_IN_EU,1,Métam sodium,Metam (incl. -potassium and -sodium),Métam sodium:EU_APPROVED,
NÉMATICIDE,Métam sodium,5 1 0 g / L,S L,dépôt du dossier,,,,2020,ALL_SUBSTANCES_APPROVED_IN_EU,1,Métam sodium,Metam (incl. -potassium and -sodium),Métam sodium:EU_APPROVED,
NÉMATICIDE,Métam sodium,5 1 0 g / L,S L,d’homologation est bien,,,,2020,ALL_SUBSTANCES_APPROVED_IN_EU,1,Métam sodium,Metam (incl. -potassium and -sodium),Métam sodium:EU_APPROVED,
NÉMATICIDE,Métam sodium,5 1 0 g / L,S L,« TAMINCO »,,,,2020,ALL_SUBSTANCES_APPROVED_IN_EU,1,Métam sodium,Metam (incl. -potassium and -sodium),Métam sodium:EU_APPROVED,
NÉMATICIDE,Oxamyl,10%,GR,Vydate GR,N.001-16,AGRIMATCO,DUPONT,2020,CONTAINS_NOT_APPROVED_SUBSTANCE_IN_EU,1,Oxamyl,Oxamyl,Oxamyl:EU_NOT_APPROVED,
NÉMATICIDE,Phenamiphos,1 0 %,G R,N e m a c u r 10 G,IN.104-11,PROMOCHIMIE,AMVAC Chemical Corporation),2020,NOT_FOUND_OR_NEEDS_MANUAL_REVIEW,0,Phenamiphos,,Phenamiphos:NOT_IN_EU_LIST,
NÉMATICIDE,Brodifacoum,"0,005 %",RB,Klérat Broditop wax block Broditop Raticide detia,R.001-11 R.006-11 R.002-11 R.005-11,AGRIPROTEC ETS MEZGHANI ETS MEZGHANI STIMA,SYNGENTA ZAPI SPA ZAPI SPA DETIA,2020,CONTAINS_NOT_APPROVED_SUBSTANCE_IN_EU,1,Brodifacoum,Brodifacoum,Brodifacoum:EU_NOT_APPROVED,
NÉMATICIDE,ACIBENZOLAR-S-,50 %,WG,BION 50 WG,D.001-14,AGRIPROTEC,SYNGENTA,2020,CONTAINS_NOT_APPROVED_SUBSTANCE_IN_EU,1,ACIBENZOLAR-S-,Acibenzolar-S-methyl (benzothiadiazole),ACIBENZOLAR-S-:EU_NOT_APPROVED,
NÉMATICIDE,METHYL,50 %,WG,,,,,2020,CONTAINS_NOT_APPROVED_SUBSTANCE_IN_EU,1,METHYL,Azinphos-methyl,METHYL:EU_NOT_APPROVED,
NÉMATICIDE,Acide Beta indolbutirique,4 g/l,SL,Exuberone,D.005-11,SEPCM,,2020,NOT_FOUND_OR_NEEDS_MANUAL_REVIEW,0,Acide Beta indolbutirique,,Acide Beta indolbutirique:NOT_IN_EU_LIST,
NÉMATICIDE,Acide chloro 4 phénoxyacétique + Naphoxy 2acétamide,"0,75g/L+ 2,5 g/L",SL,Procarpil,D.013-11,SEPCM,,2020,NOT_FOUND_OR_NEEDS_MANUAL_REVIEW,0,Acide chloro 4 phénoxyacétique + Naphoxy 2acétamide,,Acide chloro 4 phénoxyacétique + Naphoxy 2acétamide:NOT_IN_EU_LIST,
NÉMATICIDE,Acide gibberellique,10% 20% 10%,XX ST TB,Berelex Progibb Gibb 3 Aminogibb Protagibb Gibelex,D.003-11 D.002-11 D.001-11 D.008-15 D.029-11 D.031-11,SEPCM BIOPROTECTION AGROSYSTEMES AMINCO PROTAGRI EL MOUSSEM AGRI,"VALENT BIOSCIENCE/ SUMITOMO, GLOBACHEM GLOBACHEM United Phosphorus Nufarm Americas",2020,NOT_FOUND_OR_NEEDS_MANUAL_REVIEW,0,Acide gibberellique,,Acide gibberellique:NOT_IN_EU_LIST,
NÉMATICIDE,Acide gibberellique,9 %,ST,Giberkey,D.001-15,ETS MEZGHANNI,Industrial Quimica Key,2020,NOT_FOUND_OR_NEEDS_MANUAL_REVIEW,0,Acide gibberellique,,Acide gibberellique:NOT_IN_EU_LIST,
NÉMATICIDE,Acide gibberellique,40 %,SG,ProGibb 40 SG Berelex 40 SG,D.004-13 D.003-15,BIOPROTECTION SEPCM,VALENTBioscience / SUMITOMO CHEMICAL Agro Europe,2020,NOT_FOUND_OR_NEEDS_MANUAL_REVIEW,0,Acide gibberellique,,Acide gibberellique:NOT_IN_EU_LIST,
NÉMATICIDE,Acide gibberellique,20 %,ST,GIB GRO,D.005-16,BIOPROTECTION,NUFARM,2020,NOT_FOUND_OR_NEEDS_MANUAL_REVIEW,0,Acide gibberellique,,Acide gibberellique:NOT_IN_EU_LIST,
NÉMATICIDE,Acide gibbérellique +phenothiol,0.5% +1%,EC,FENGIB EC,D.001-19,INNOVA,SIPCAM INAGRA S.A,2020,NOT_FOUND_OR_NEEDS_MANUAL_REVIEW,0,Acide gibbérellique +phenothiol,,Acide gibbérellique +phenothiol:NOT_IN_EU_LIST,
NÉMATICIDE,Acide gibbérellique +phenothiol,0.5% +1%,EC,FENGIB MAX EC,D.002-20,EL KHADRA,SIPCAM INAGRA S.A,2020,NOT_FOUND_OR_NEEDS_MANUAL_REVIEW,0,Acide gibbérellique +phenothiol,,Acide gibbérellique +phenothiol:NOT_IN_EU_LIST,
NÉMATICIDE,Alkylphenolexy-Ethylène,200 g/L,SC,Etaldyne 95,D.014-11,SEPCM,CMPA/Espagne,2020,ALL_SUBSTANCES_APPROVED_IN_EU,1,Alkylphenolexy-Ethylène,Ethylene,Alkylphenolexy-Ethylène:EU_APPROVED,
NÉMATICIDE,Aurebasidium pillulan (2 souches) : DSM 14940 + DSM 14941,250g/kg + 250g/kg,SC,Blossom protect,D.006-15,STIMA,BIO FERM,2020,NOT_FOUND_OR_NEEDS_MANUAL_REVIEW,0,Aurebasidium pillulan (2 souches) : DSM 14940 + DSM 14941,,Aurebasidium pillulan (2 souches) : DSM 14940 + DSM 14941:NOT_IN_EU_LIST,
NÉMATICIDE,Capsaicine + Ally Isothiocyanate,0.42 % + 3.7 %,SI,Dazitol,D.004-15,EL KHADRA,CHAMPION MILLENIUM CHEMICALS,2020,NOT_FOUND_OR_NEEDS_MANUAL_REVIEW,0,Capsaicine + Ally Isothiocyanate,,Capsaicine + Ally Isothiocyanate:NOT_IN_EU_LIST,
NÉMATICIDE,Chloroprophame,2% 1%,PP,Stop germe S NEO STOP,D.015-11 D.028-11,SEPCM PROTAGRI,CMPA/Espagne AGRIPHAR,2020,CONTAINS_NOT_APPROVED_SUBSTANCE_IN_EU,1,Chloroprophame,Propham,Chloroprophame:EU_NOT_APPROVED,
NÉMATICIDE,Chloroprophame,500 g/L,HN,Neostop 500 HN,D.016-11,PROTAGRI,AGRIPHAR,2020,CONTAINS_NOT_APPROVED_SUBSTANCE_IN_EU,1,Chloroprophame,Propham,Chloroprophame:EU_NOT_APPROVED,
NÉMATICIDE,Chlormequat-chlorure,750 g/l,SL,Stabilan750,D.034-11,AGRIPROTEC,NUFARM,2020,ALL_SUBSTANCES_APPROVED_IN_EU,1,Chlormequat-chlorure,Chlormequat,Chlormequat-chlorure:EU_APPROVED,
NÉMATICIDE,Chlormequat-chlorure,750 g/l,SL,Cekwat 750,D.001-13,BIOPROTECTION,NUFARM,2020,ALL_SUBSTANCES_APPROVED_IN_EU,1,Chlormequat-chlorure,Chlormequat,Chlormequat-chlorure:EU_APPROVED,
NÉMATICIDE,Cyanamide d’hydrogène,520 g/L,SL,Dormex,D.018-11,BIOPROTECTION,DEGUSSA AG/ ARYSTA LifeScience,2020,CONTAINS_NOT_APPROVED_SUBSTANCE_IN_EU,1,Cyanamide d’hydrogène,Cyanamide (H & Ca cyanamide),Cyanamide d’hydrogène:EU_NOT_APPROVED,
NÉMATICIDE,Dichloroprop-p,25 g/L,EC,Corasil Super,D.004-11,EL MOUSSEM,NUFARM,2020,NOT_FOUND_OR_NEEDS_MANUAL_REVIEW,0,Dichloroprop-p,,Dichloroprop-p:NOT_IN_EU_LIST,
NÉMATICIDE,"Deltametrine + Acetate d’ammonium + Trimethylamine HCl + 1,4diaminobutane (=Putrescine)",10 mg/ unité + (29.8 %) 6.45 g + (12.4 %) 2.75 g + (0.2%),-,Magnet Med,D.004-16,NUTRIPLANT,KOPPERT,2020,NOT_FOUND_OR_NEEDS_MANUAL_REVIEW,0,Deltametrine + Acetate d’ammonium + Trimethylamine HCl + 1 | 4diaminobutane (=Putrescine),,Deltametrine + Acetate d’ammonium + Trimethylamine HCl + 1:NOT_IN_EU_LIST | 4diaminobutane (=Putrescine):NOT_IN_EU_LIST,
NÉMATICIDE,Difenacoum,0.005 %,RB,SOREXA PELLETS,D.001-17,AGRIPROTEC,BASF,2020,CONTAINS_NOT_APPROVED_SUBSTANCE_IN_EU,1,Difenacoum,Difenacoum,Difenacoum:EU_NOT_APPROVED,
NÉMATICIDE,"Cypermethrine + Acetate d’ammonium + TrimethylamineHCl + 1,4-diaminobutane (=Putrescine)",350 mg/disque+ 29.8 % p/p + 12.4 %p/p + 0.2% p/p,RB,MOSKISAN TRAP (PIEGES) « KILLDISC + BIOLURE »,D.011-11,NUTRIPLANT,KOPPERT,2020,CONTAINS_NOT_APPROVED_SUBSTANCE_IN_EU,2,Cypermethrine + Acetate d’ammonium + TrimethylamineHCl + 1 | 4-diaminobutane (=Putrescine),"Permethrin | 2,4-D",Cypermethrine + Acetate d’ammonium + TrimethylamineHCl + 1:EU_NOT_APPROVED | 4-diaminobutane (=Putrescine):EU_APPROVED,
HERBICIDE,-Sels d’ammonium et amines : 8.57 g/diffuseur(Acetate d’ammonium91% + Hydrochlorure de trimethylamine 8.6% + Diaminoalcane 0.4%) -Ferag 1D TM (insecticide) : DDVP 0.32 g/diffuseur soit 6.9%).,350 mg/disque+ 29.8 % p/p + 12.4 %p/p + 0.2% p/p,RB,LastFly Ceratitis,D.009-11,HORTIMED,"QUIMICAS MERISTEM S,L",2020,NOT_FOUND_OR_NEEDS_MANUAL_REVIEW,0,-Sels d’ammonium | amines : 8.57 g | diffuseur(Acetate d’ammonium%+ Hydrochlorure de trimethylamine 8.%+ Diaminoalcane 0.%) -Ferag 1D TM (insecticide) : DDVP 0.32 g | diffuseur soit 6.%).,,-Sels d’ammonium:NOT_IN_EU_LIST | amines : 8.57 g:NOT_IN_EU_LIST | diffuseur(Acetate d’ammonium%+ Hydrochlorure de trimethylamine 8.%+ Diaminoalcane 0.%) -Ferag 1D TM (insecticide) : DDVP 0.32 g:NOT_IN_EU_LIST | diffuseur soit 6.%).:NOT_IN_EU_LIST,
HERBICIDE,Acetate d’ammonium +,75%,-,MERCERATITE KEY,D.006-16,Ets MEZGHANI,Key,2020,NOT_FOUND_OR_NEEDS_MANUAL_REVIEW,0,Acetate d’ammonium +,,Acetate d’ammonium +:NOT_IN_EU_LIST,
HERBICIDE,Trimethylamine HCl +,+,-,,,,,2020,NOT_FOUND_OR_NEEDS_MANUAL_REVIEW,0,Trimethylamine HCl +,,Trimethylamine HCl +:NOT_IN_EU_LIST,
HERBICIDE,"1,4-diaminobutane",8.2%,-,,,,,2020,ALL_SUBSTANCES_APPROVED_IN_EU,1,4-diaminobutane,"2,4-D",4-diaminobutane:EU_APPROVED,
HERBICIDE,(Putrescine) +,+,-,,,,,2020,NOT_FOUND_OR_NEEDS_MANUAL_REVIEW,0,(Putrescine) +,,(Putrescine) +:NOT_IN_EU_LIST,
HERBICIDE,DDVP,0.29%,-,,,,,2020,NOT_FOUND_OR_NEEDS_MANUAL_REVIEW,0,DDVP,,DDVP:NOT_IN_EU_LIST,
HERBICIDE,ESTERS SULFURIQUES,860 g/l,EC,Hurricaine,D.010-11,EL MOUSSEM,SOCIETE OCCITANE DE FABRICATIONS ET DE TECHNOLOGIES/ SDP,2020,NOT_FOUND_OR_NEEDS_MANUAL_REVIEW,0,ESTERS SULFURIQUES,,ESTERS SULFURIQUES:NOT_IN_EU_LIST,
HERBICIDE,"(E,Z,Z)- 3,8,11Tetradecatrien 1-y acetate (E,Z)- 3,8Tetradecatrien1- y acetate",0.8 mg /unité,EC,PHERODIS Tuta absoluta,D.007-16,NUTRIPLANT,KOPPERT,2020,CONTAINS_NOT_APPROVED_SUBSTANCE_IN_EU,2,(E | Z | Z)- 3 | 11Tetradecatrien 1-y acetate (E | Z)- 3 | 8Tetradecatrien1- y acetate,Diflufenican | Mancozeb,(E:EU_APPROVED | Z:EU_NOT_APPROVED | Z)- 3:NOT_IN_EU_LIST | 11Tetradecatrien 1-y acetate (E:NOT_IN_EU_LIST | Z)- 3:NOT_IN_EU_LIST | 8Tetradecatrien1- y acetate:NOT_IN_EU_LIST,
HERBICIDE,Formate d’Ethyl + CO2,166.7 g/kg + 833.3 g/kg,GA,Vapormate,D.001-14,Linde Gas Tunisie,Linde Group,2020,NOT_FOUND_OR_NEEDS_MANUAL_REVIEW,0,Formate d’Ethyl + CO2,,Formate d’Ethyl + CO2:NOT_IN_EU_LIST,
HERBICIDE,Huile non ionique,92%,EC,Agral 90,D.019-11,AGRIPROTEC,Syngenta,2020,NOT_FOUND_OR_NEEDS_MANUAL_REVIEW,0,Huile non ionique,,Huile non ionique:NOT_IN_EU_LIST,
HERBICIDE,Huile non ionique,92%,EC,GARAL EC,D.005-20,SOLAGRI,Syngenta,2020,NOT_FOUND_OR_NEEDS_MANUAL_REVIEW,0,Huile non ionique,,Huile non ionique:NOT_IN_EU_LIST,
HERBICIDE,Huile parafinique,125 g/L,H,Suspray,D.020-11,SEPCM,COMPTOIR COMMERCIAL DES LUBRIFIANTS,2020,NOT_FOUND_OR_NEEDS_MANUAL_REVIEW,0,Huile parafinique,,Huile parafinique:NOT_IN_EU_LIST,
HERBICIDE,Hydrolysat de Protéines,350 g/L,SC,Lysatex Hydrolysat-Prot Proteinkey,D.021-11 D.022-11 D.023-11,SEPCM STEC ETS.MEZGHANI,SYNTHRON SAS INDUSTRIAL QUIMICA KEY,2020,NOT_FOUND_OR_NEEDS_MANUAL_REVIEW,0,Hydrolysat de Protéines,,Hydrolysat de Protéines:NOT_IN_EU_LIST,
HERBICIDE,Hydrolysat de Protéines,550 g/L,SL,CeraBait,D.035-11,EL MOUSSEM,EVIE MICHAAILIDES,2020,NOT_FOUND_OR_NEEDS_MANUAL_REVIEW,0,Hydrolysat de Protéines,,Hydrolysat de Protéines:NOT_IN_EU_LIST,
HERBICIDE,Hydrolysat de Protéines Borax,550 g/L + 130 g/L,SC,Ceratrap (en bouteilles ou/et en pièges jaunes),D.033-11,BIOPROTECTION,BIO EBERICA S.A,2020,NOT_FOUND_OR_NEEDS_MANUAL_REVIEW,0,Hydrolysat de Protéines Borax,,Hydrolysat de Protéines Borax:NOT_IN_EU_LIST,
HERBICIDE,Métaldéhyde,5%,GB,Super meta Gastrotox Antilimace granule Metakey Metapro,D.007-11 D.024-11 D.025-11 D.006-11 D.030-11,STEC INNOVA SEPCM ETS.MEZGHANI PROTAGRI,"CEQUISA/PHOSPHONI A, SL) SIPCAM INAGRA CEQUISA S.A INDUS QUIMICAKEY United Phosphorus",2020,ALL_SUBSTANCES_APPROVED_IN_EU,1,Métaldéhyde,Metaldehyde,Métaldéhyde:EU_APPROVED,
HERBICIDE,Métaldéhyde,5%,GB,LIMAGRAM,D.001-20,EL KHADRA,SIPCAM INAGRA,2020,ALL_SUBSTANCES_APPROVED_IN_EU,1,Métaldéhyde,Metaldehyde,Métaldéhyde:EU_APPROVED,
HERBICIDE,Métaldéhyde,5%,GB,GHLALA,D.003-19,SANABEL AGRO,UPL,2020,ALL_SUBSTANCES_APPROVED_IN_EU,1,Métaldéhyde,Metaldehyde,Métaldéhyde:EU_APPROVED,
HERBICIDE,Methaldehyde,5%,GR,ESCARGOCHE,D.001-16,SOCOOPEC,SHARDA,2020,NOT_FOUND_OR_NEEDS_MANUAL_REVIEW,0,Methaldehyde,,Methaldehyde:NOT_IN_EU_LIST,
HERBICIDE,Methaldehyde,5%,GR,LIMASTOP,D.002-19,COTUGRAIN,SHARDA,2020,NOT_FOUND_OR_NEEDS_MANUAL_REVIEW,0,Methaldehyde,,Methaldehyde:NOT_IN_EU_LIST,
HERBICIDE,Metaldehyde,3%,GR,METAX,D.003-16,DELTA AGRICOLE PLUS,SHARDA,2020,ALL_SUBSTANCES_APPROVED_IN_EU,1,Metaldehyde,Metaldehyde,Metaldehyde:EU_APPROVED,
HERBICIDE,Metaldehyde,3%,GR,ALDEM 3% GR,D.002-17,AGRONOMIC Land,SHARDA,2020,ALL_SUBSTANCES_APPROVED_IN_EU,1,Metaldehyde,Metaldehyde,Metaldehyde:EU_APPROVED,
HERBICIDE,E3Z8Z11-14Ac + BHT,"0,3 mg + 0,06 mg par pièges",GR,PHERONORM-TUTA,D.032-11,STIMA,ANDERMATT BIOCONTROL AG,2020,NOT_FOUND_OR_NEEDS_MANUAL_REVIEW,0,E3Z8Z11-14Ac + BHT,,E3Z8Z11-14Ac + BHT:NOT_IN_EU_LIST,
HERBICIDE,Prohexadione-Calcium,10 %,WG,Regalis,D.002-14,AGRIPROTEC,BASF,2020,ALL_SUBSTANCES_APPROVED_IN_EU,1,Prohexadione-Calcium,Prohexadione,Prohexadione-Calcium:EU_APPROVED,
HERBICIDE,Proteines hydrolysées,360 g/L,SL,BIOBAIT,D.002-16,BIOPROTECTION,BIOIBIRICA,2020,NOT_FOUND_OR_NEEDS_MANUAL_REVIEW,0,Proteines hydrolysées,,Proteines hydrolysées:NOT_IN_EU_LIST,
HERBICIDE,"Phéromones (Z,E)- 7,9,11-Dodecatrienyl formate",(90.80% pure) :1.594 g/kg,SL,ISCA LURE CAROB MOTH,D.003-20,NUTRIPLANT,ISCA TECHNOLOGIES,2020,CONTAINS_NOT_APPROVED_SUBSTANCE_IN_EU,2,Phéromones (Z | E)- 7 | 11-Dodecatrienyl formate,"(E,Z)-9-dodecen-1-yl acetate; (E,Z)-9-Dodecen-1-ol; (Z)-11-Tetradecen-1-yl acetate | 2,4-D",Phéromones (Z:NOT_IN_EU_LIST | E)- 7:EU_NOT_APPROVED | 11-Dodecatrienyl formate:EU_APPROVED,
HERBICIDE,"Phéromones appliquée pour la confision sexuelle de la pyrale des dattes(Ectomyelois Ceratoniae) (Z,E)-7,9,11- Dodecatrienyl formate",(90.80% pure) :2 %(22.026 g/kg,SL,SPLAT-EC-O,D.004-20,NUTRIPLANT /,ISCA TECHNOLOGIES,2020,CONTAINS_NOT_APPROVED_SUBSTANCE_IN_EU,1,Phéromones appliquée pour la confision sexuelle de la pyrale des dattes(Ectomyelois Ceratoniae) (Z | E)-7 | 11- Dodecatrienyl formate,"(E,Z)-9-dodecen-1-yl acetate; (E,Z)-9-Dodecen-1-ol; (Z)-11-Tetradecen-1-yl acetate",Phéromones appliquée pour la confision sexuelle de la pyrale des dattes(Ectomyelois Ceratoniae) (Z:NOT_IN_EU_LIST | E)-7:EU_NOT_APPROVED | 11- Dodecatrienyl formate:NOT_IN_EU_LIST,
HERBICIDE,Trichoderma harzianum T-22,1.0 x 109 CFU/g,WG,Trianum –P,D.F.005-15,NUTRIPLANT,KOPPERT BIOLOGICAL SYSTEMS,2020,MANUAL_REVIEW,1,Trichoderma harzianum T-22,Trichoderma harzianum T78,Trichoderma harzianum T-22:FOUND_UNKNOWN_STATUS,
HERBICIDE,Trichoderma Asperellum (ICC 012) + Trichoderma Gamsii (ICC 080),3 x107 CFU/g,WP,REMEDIER WP,F.007-19,STIMA,ISAGRO SPA,2020,NOT_FOUND_OR_NEEDS_MANUAL_REVIEW,0,Trichoderma Asperellum (ICC 012) + Trichoderma Gamsii (ICC 080),,Trichoderma Asperellum (ICC 012) + Trichoderma Gamsii (ICC 080):NOT_IN_EU_LIST,
HERBICIDE,Acétate d’ammonium + Trimethylamine hydrochloride + Esfenvalerate,33%(p/p) + 8%(p/p) + 0.04g/piége,WP,Pherosan Ceratitis,D.004-17,NUTRIPLANT,SANSAN PRODESING/,2020,CONTAINS_NOT_APPROVED_SUBSTANCE_IN_EU,1,Acétate d’ammonium + Trimethylamine hydrochloride + Esfenvalerate,Fenvalerate,Acétate d’ammonium + Trimethylamine hydrochloride + Esfenvalerate:EU_NOT_APPROVED,
HERBICIDE,Sodium lauryl ether sulfate (SLES),276.5 g/l,SL,Biopower SL,H.017-18,ATLAS AGRICOLE,BAYER AG,2020,NOT_FOUND_OR_NEEDS_MANUAL_REVIEW,0,Sodium lauryl ether sulfate (SLES),,Sodium lauryl ether sulfate (SLES):NOT_IN_EU_LIST,
HERBICIDE,Polyoxyethylene amine,270 g/l,SL,PHYDEAL SL,D.003-17,FERTIPLANT,SDP/FRANCE,2020,ALL_SUBSTANCES_APPROVED_IN_EU,1,Polyoxyethylene amine,Ethylene,Polyoxyethylene amine:EU_APPROVED,
INECTICIDE,Abamectine,18 g/L,EC,Numectin,I.A.009-16,AGRIPROTEC,NUFARM,2022,ALL_SUBSTANCES_APPROVED_IN_EU,1,Abamectine,Abamectin (aka avermectin),Abamectine:EU_APPROVED,
INECTICIDE,Abamectine,84 g/L,SC,Agrimec Gold 084 SC,I.A.129-,BIOPROTECTION,SYNGENTA,2022,ALL_SUBSTANCES_APPROVED_IN_EU,1,Abamectine,Abamectin (aka avermectin),Abamectine:EU_APPROVED,
INECTICIDE,Abamectine,84 g/L,SC,,11/21,,,2022,ALL_SUBSTANCES_APPROVED_IN_EU,1,Abamectine,Abamectin (aka avermectin),Abamectine:EU_APPROVED,
INECTICIDE,Abamectine,20g/l,SC,TERVIGO 020 SC,IN.001-19,BIOPROTECTION,Syngenta Crop Protection,2022,ALL_SUBSTANCES_APPROVED_IN_EU,1,Abamectine,Abamectin (aka avermectin),Abamectine:EU_APPROVED,
INECTICIDE,Abamectine,18g/l,EC,VALMEC EC,I.004-19,EL KHADRA,INDUSTRIAS AFRASA,2022,ALL_SUBSTANCES_APPROVED_IN_EU,1,Abamectine,Abamectin (aka avermectin),Abamectine:EU_APPROVED,
INECTICIDE,Abamectine,18 g/l,EC,ROMECTIN EC,I.02-21,AGRONOMIC,ROTAM CHEMISTRY,2022,ALL_SUBSTANCES_APPROVED_IN_EU,1,Abamectine,Abamectin (aka avermectin),Abamectine:EU_APPROVED,
INECTICIDE,Abamectine,1 8 g / l,E C,V e r t i m e c,I A . 0 0 3 - 1 1 / 2 1,BIOPROTECTION,SYNGENTA,2022,ALL_SUBSTANCES_APPROVED_IN_EU,1,Abamectine,Abamectin (aka avermectin),Abamectine:EU_APPROVED,
INECTICIDE,Abamectine,1 8 g / l,E C,T i m e c t i n,I . A . 0 0 6 - 1 3,COTUGRAIN impex,Tide Ningbo Ltd.,2022,ALL_SUBSTANCES_APPROVED_IN_EU,1,Abamectine,Abamectin (aka avermectin),Abamectine:EU_APPROVED,
INECTICIDE,Abamectine,1 8 g / L,E W,D i v a 1 . 8 E W,I . A . 0 0 2 - 1 5,EL MOUSSEM,CHEMINOVA,2022,ALL_SUBSTANCES_APPROVED_IN_EU,1,Abamectine,Abamectin (aka avermectin),Abamectine:EU_APPROVED,
INECTICIDE,Abamectine,1 8 g / l,E C,A C T R O S E 1 8 E C,I . 0 1 5 - 1 8,Ets MEZGHANI,ASTRACHEM,2022,ALL_SUBSTANCES_APPROVED_IN_EU,1,Abamectine,Abamectin (aka avermectin),Abamectine:EU_APPROVED,
INECTICIDE,Abamectine,1 8 g / l,E C,T I N A E C,I A . 0 0 5 - 1 1 / 2 1,ETS MEZGHANI,INDUSTRIAL QUIMICA,2022,ALL_SUBSTANCES_APPROVED_IN_EU,1,Abamectine,Abamectin (aka avermectin),Abamectine:EU_APPROVED,
INECTICIDE,Abamectine,1 8 g / l,E C,M E C T I N E P R O,I . 0 0 6 - 1 7,JADWA AGROTEC,AAKO BV,2022,ALL_SUBSTANCES_APPROVED_IN_EU,1,Abamectine,Abamectin (aka avermectin),Abamectine:EU_APPROVED,
INECTICIDE,Abamectine,1 8 g / l,E C,P o t e n z a 1 . 8,I A . 0 0 7 - 1 1 / 2 1,SANABEL AGRO,SINON CORPORATION,2022,ALL_SUBSTANCES_APPROVED_IN_EU,1,Abamectine,Abamectin (aka avermectin),Abamectine:EU_APPROVED,
INECTICIDE,Abamectine,1 8 g / l,E C,A a k o m e c t i n e,I A . 0 0 9 - 1 1 / 2 1,STEC,AAKO BV,2022,ALL_SUBSTANCES_APPROVED_IN_EU,1,Abamectine,Abamectin (aka avermectin),Abamectine:EU_APPROVED,
INECTICIDE,Abamectine,1 8 g / l,E C,T r a n s a c t 1 8 E C,I . A . 1 6 1 -,TASMID,ASTRACHEM,2022,ALL_SUBSTANCES_APPROVED_IN_EU,1,Abamectine,Abamectin (aka avermectin),Abamectine:EU_APPROVED,
INECTICIDE,Abamectine,1 8 g / l,E C,,11/21,,,2022,ALL_SUBSTANCES_APPROVED_IN_EU,1,Abamectine,Abamectin (aka avermectin),Abamectine:EU_APPROVED,
INECTICIDE,Abamectin,33.2g/L+15,SC,AGRI-FLEX 185 SC,I.011-17,AGRIPROTEC,SYNGENTA,2022,ALL_SUBSTANCES_APPROVED_IN_EU,1,Abamectin,Abamectin (aka avermectin),Abamectin:EU_APPROVED,
INECTICIDE,+Thiamethoxam,2.4g/L,SC,,,,,2022,CONTAINS_NOT_APPROVED_SUBSTANCE_IN_EU,1,+Thiamethoxam,Thiamethoxam,+Thiamethoxam:EU_NOT_APPROVED,
INECTICIDE,Abamectin,33.2g/L+15,SC,SOLVIGO 185 SC,I.008-18,COTUGRAIN,SYNGENTA,2022,ALL_SUBSTANCES_APPROVED_IN_EU,1,Abamectin,Abamectin (aka avermectin),Abamectin:EU_APPROVED,
INECTICIDE,+Thiamethoxam,2.4g/L,SC,,,IMPEX,,2022,CONTAINS_NOT_APPROVED_SUBSTANCE_IN_EU,1,+Thiamethoxam,Thiamethoxam,+Thiamethoxam:EU_NOT_APPROVED,
INECTICIDE,Acetameprid,70%,SP,ACETADE FORT,I.009-17,SANABEL Agro,SHARDA CROPCHEM,2022,ALL_SUBSTANCES_APPROVED_IN_EU,1,Acetameprid,Acetamiprid,Acetameprid:EU_APPROVED,
INECTICIDE,Acetameprid,70%,SP,Polysect,I.004-16,SOCOOPEC,SHARDA,2022,ALL_SUBSTANCES_APPROVED_IN_EU,1,Acetameprid,Acetamiprid,Acetameprid:EU_APPROVED,
INECTICIDE,Acetamipride,200 g/L,SL,Escort 20 SL,I.010-11/21,BIOPROTECTION,UPL/(NIPPON,2022,ALL_SUBSTANCES_APPROVED_IN_EU,1,Acetamipride,Acetamiprid,Acetamipride:EU_APPROVED,
INECTICIDE,Acetamipride,200 g/L,SL,Mospilan 20 SL,I.011-11/21,SEPCM,(NIPPON SODA),2022,ALL_SUBSTANCES_APPROVED_IN_EU,1,Acetamipride,Acetamiprid,Acetamipride:EU_APPROVED,
INECTICIDE,Acetamipride,200 g/l,SL,DEPOT SL,I.037-22,PROTAGRI,MODERN,2022,ALL_SUBSTANCES_APPROVED_IN_EU,1,Acetamipride,Acetamiprid,Acetamipride:EU_APPROVED,
INECTICIDE,Acetamiprid +,186,DC,CANVION310 DC,I.032-22,COTUGRAIN,Syngenta Crop Protection,2022,ALL_SUBSTANCES_APPROVED_IN_EU,1,Acetamiprid +,Acetamiprid,Acetamiprid +:EU_APPROVED,
INECTICIDE,pyriproxyfen,g/l+124 g/l,DC,,,,,2022,ALL_SUBSTANCES_APPROVED_IN_EU,1,pyriproxyfen,Pyriproxyfen,pyriproxyfen:EU_APPROVED,
INECTICIDE,Acrinathrine,75 g/L,EW,Orytis,I.135-11/21,ATLAS AGRICOLE,CHEMINOVA,2022,CONTAINS_NOT_APPROVED_SUBSTANCE_IN_EU,1,Acrinathrine,Acrinathrin,Acrinathrine:EU_NOT_APPROVED,
INECTICIDE,Acrinathrine,75 g/L,EW,"Rufast 7,5 EW",A.013-11/21,EL MOUSSEM,CHEMINOVA,2022,CONTAINS_NOT_APPROVED_SUBSTANCE_IN_EU,1,Acrinathrine,Acrinathrin,Acrinathrine:EU_NOT_APPROVED,
INECTICIDE,Acrinathrine,22.5,EW,TRIPSOL EW,I.010-19,AGROSYSTEME,Cheminova/fmc,2022,CONTAINS_NOT_APPROVED_SUBSTANCE_IN_EU,1,Acrinathrine,Acrinathrin,Acrinathrine:EU_NOT_APPROVED,
INECTICIDE,+Abamectine,g/l+12.6 g/l,EW,,,,,2022,ALL_SUBSTANCES_APPROVED_IN_EU,1,+Abamectine,Abamectin (aka avermectin),+Abamectine:EU_APPROVED,
INECTICIDE,Alphaméthrine,1 0 0 g / L,E C,B o n b a rd,I.176-11/21,COTUGRAIN,BASF,2022,NOT_FOUND_OR_NEEDS_MANUAL_REVIEW,0,Alphaméthrine,,Alphaméthrine:NOT_IN_EU_LIST,
INECTICIDE,"Azadirachtine (0,03 %) +","0 ,3",EC,Nimbicidine,I.160-11/21,TASMID,T. STANES &Co.Ltd.,2022,NOT_FOUND_OR_NEEDS_MANUAL_REVIEW,1,Azadirachtine (0 | PERCENT ) +,Azadirachtin (Margosa extract),Azadirachtine (0:EU_APPROVED | PERCENT ) +:NOT_IN_EU_LIST,
INECTICIDE,huile de neem,"g/L+90,5%",EC,,,,,2022,NOT_FOUND_OR_NEEDS_MANUAL_REVIEW,0,huile de neem,,huile de neem:NOT_IN_EU_LIST,
INECTICIDE,Azadirachtine 32 g/L,32 g/L,EC,OIKOS MAX,I.004-20,EL KHADRA,SIPCAM INAGRA,2022,ALL_SUBSTANCES_APPROVED_IN_EU,2,Azadirachtine 32 g | L,Azadirachtin (Margosa extract) | Diflufenican,Azadirachtine 32 g:EU_APPROVED | L:EU_APPROVED,
INECTICIDE,Bacillus thuringiensis,16x106I.U/,SC,BELTHIRUL 16SC,I.09-21,AGRIPROTEC,PROBLETE,2022,ALL_SUBSTANCES_APPROVED_IN_EU,1,Bacillus thuringiensis,Bacillus thuringiensis subsp. Kurstaki strain EG2348,Bacillus thuringiensis:EU_APPROVED,
INECTICIDE,Bacillus thuringiensis,32000UI/m,WG,Delfin WG,I.131-11/21,AGROSYSTEMES,CERTIS,2022,ALL_SUBSTANCES_APPROVED_IN_EU,1,Bacillus thuringiensis,Bacillus thuringiensis subsp. Kurstaki strain EG2348,Bacillus thuringiensis:EU_APPROVED,
INECTICIDE,Bacillus thuringiensis,32000UI/m,WG,BACTOSPINE DF,I.017-19,SEPCM,VALENT BIOSCIENCE,2022,ALL_SUBSTANCES_APPROVED_IN_EU,1,Bacillus thuringiensis,Bacillus thuringiensis subsp. Kurstaki strain EG2348,Bacillus thuringiensis:EU_APPROVED,
INECTICIDE,"(spKurstaki),souche",g,WG,,,,CORPORATION/sumito,2022,NOT_FOUND_OR_NEEDS_MANUAL_REVIEW,0,(spKurstaki) | souche,,(spKurstaki):NOT_IN_EU_LIST | souche:NOT_IN_EU_LIST,
INECTICIDE,ABTS-351,g,WG,,,,mo chemical,2022,ALL_SUBSTANCES_APPROVED_IN_EU,1,ABTS-351,Bacillus thuringiensis subsp. Aizawai strain ABTS-1857,ABTS-351:EU_APPROVED,
INECTICIDE,Bacillus thuringiensis,375 g/kg,WP,LEPINOX PLUS WP,I.019-22,COTUGRAIN,CBC (EUROPE),2022,ALL_SUBSTANCES_APPROVED_IN_EU,1,Bacillus thuringiensis,Bacillus thuringiensis subsp. Kurstaki strain EG2348,Bacillus thuringiensis:EU_APPROVED,
INECTICIDE,subsp-kurstakisouche,375 g/kg,WP,,,,,2022,NOT_FOUND_OR_NEEDS_MANUAL_REVIEW,0,subsp-kurstakisouche,,subsp-kurstakisouche:NOT_IN_EU_LIST,
INECTICIDE,EG-2348,375 g/kg,WP,,,,,2022,NOT_FOUND_OR_NEEDS_MANUAL_REVIEW,0,EG-2348,,EG-2348:NOT_IN_EU_LIST,
INECTICIDE,Bacillus thuringiensis,16000UI/m,WP,touta stop WP,I.025-11/21,ets mezghani,industrial quimica key,2022,ALL_SUBSTANCES_APPROVED_IN_EU,1,Bacillus thuringiensis,Bacillus thuringiensis subsp. Kurstaki strain EG2348,Bacillus thuringiensis:EU_APPROVED,
INECTICIDE,"(spKurstaki),souche",g,WP,,,,,2022,NOT_FOUND_OR_NEEDS_MANUAL_REVIEW,0,(spKurstaki) | souche,,(spKurstaki):NOT_IN_EU_LIST | souche:NOT_IN_EU_LIST,
INECTICIDE,ABTS-351,g,WP,,,,,2022,ALL_SUBSTANCES_APPROVED_IN_EU,1,ABTS-351,Bacillus thuringiensis subsp. Aizawai strain ABTS-1857,ABTS-351:EU_APPROVED,
INECTICIDE,Beauveria bassiana strain,2x109,WP,Bb-Protec WP,I.08-21,ALOHA Agriculture,Plant Health Products,2022,ALL_SUBSTANCES_APPROVED_IN_EU,1,Beauveria bassiana strain,Beauveria bassiana strain 147,Beauveria bassiana strain:EU_APPROVED,
INECTICIDE,R444,spores,WP,,,,(phy)/Sud,2022,CONTAINS_NOT_APPROVED_SUBSTANCE_IN_EU,1,R444,Dimoxystrobin,R444:EU_NOT_APPROVED,
INECTICIDE,Beauveria bassiana strain,0.0185,SC,Naturalis SC,I.038-22,COTUGRAIN,CBC europe,2022,ALL_SUBSTANCES_APPROVED_IN_EU,1,Beauveria bassiana strain,Beauveria bassiana strain 147,Beauveria bassiana strain:EU_APPROVED,
INECTICIDE,ATCC 74040,%W/W),SC,,,,,2022,ALL_SUBSTANCES_APPROVED_IN_EU,1,ATCC 74040,Beauveria bassiana strains ATCC 74040 and GHA,ATCC 74040:EU_APPROVED,
INECTICIDE,Bifenazate,240 g/l,SC,COMITE 240 SC,I.024-22,BIOPROTECTION,CHEMTURA/ARYSTA,2022,ALL_SUBSTANCES_APPROVED_IN_EU,1,Bifenazate,Bifenazate,Bifenazate:EU_APPROVED,
INECTICIDE,Bifenazate,240 g/l,SC,FLORAMITE 240 SC,I.008-16,AGRIMATCO,CHEMTURA/ARYSTA,2022,ALL_SUBSTANCES_APPROVED_IN_EU,1,Bifenazate,Bifenazate,Bifenazate:EU_APPROVED,
INECTICIDE,Bifenazate,50%,WG,BANTER WG,I.003-19,AGRIPROTEC,UPL limited,2022,ALL_SUBSTANCES_APPROVED_IN_EU,1,Bifenazate,Bifenazate,Bifenazate:EU_APPROVED,
INECTICIDE,Bifenazate,"494,8 g/L",SC,Acramite 480 SC,IA.030-11/21,SEPCM,CHEMTURA /UPL,2022,ALL_SUBSTANCES_APPROVED_IN_EU,1,Bifenazate,Bifenazate,Bifenazate:EU_APPROVED,
INECTICIDE,Borax,10 g/L,SL,Prev-am,I.A.F.031-,EL MOUSSEM,ORO AGRI,2022,NOT_FOUND_OR_NEEDS_MANUAL_REVIEW,0,Borax,,Borax:NOT_IN_EU_LIST,
INECTICIDE,Borax,10 g/L,SL,,11/21,,,2022,NOT_FOUND_OR_NEEDS_MANUAL_REVIEW,0,Borax,,Borax:NOT_IN_EU_LIST,
INECTICIDE,Borax,10 g/L,SL,Orotun,I.A.F.017-16,RAYEN,ORO AGRI,2022,NOT_FOUND_OR_NEEDS_MANUAL_REVIEW,0,Borax,,Borax:NOT_IN_EU_LIST,
INECTICIDE,Chlorfenapyr,240 g/l,SC,CHALLENGER SC,I.050-22,AGRIPROTEC,BASF,2022,CONTAINS_NOT_APPROVED_SUBSTANCE_IN_EU,1,Chlorfenapyr,Chlorfenapyr,Chlorfenapyr:EU_NOT_APPROVED,
INECTICIDE,Chlorfenapyr,100 g/l,SC,CHLORPIRATE,I.016-22,PROTAGRI,NANAJING,2022,CONTAINS_NOT_APPROVED_SUBSTANCE_IN_EU,1,Chlorfenapyr,Chlorfenapyr,Chlorfenapyr:EU_NOT_APPROVED,
INECTICIDE,Chlorantraniliprole,20%,SC,Virago,I.041-22,SHARDA,SHARDA CROPCHEM,2022,ALL_SUBSTANCES_APPROVED_IN_EU,1,Chlorantraniliprole,Chlorantraniliprole,Chlorantraniliprole:EU_APPROVED,
INECTICIDE,Chlorantraniliprole,200 g/L,SC,Coragen 20 SC,I.033-11/21,SEPCM,DU PONT/FMC,2022,ALL_SUBSTANCES_APPROVED_IN_EU,1,Chlorantraniliprole,Chlorantraniliprole,Chlorantraniliprole:EU_APPROVED,
INECTICIDE,Chlorantraniliprole +,45 g/L,SC,VoliamTargo 063 SC,I.034-11/21,BIOPROTECTION,SYNGENTA,2022,ALL_SUBSTANCES_APPROVED_IN_EU,1,Chlorantraniliprole +,Chlorantraniliprole,Chlorantraniliprole +:EU_APPROVED,
INECTICIDE,Abamectine,+18g/L,SC,,,,,2022,ALL_SUBSTANCES_APPROVED_IN_EU,1,Abamectine,Abamectin (aka avermectin),Abamectine:EU_APPROVED,
INECTICIDE,Chlorantraniliprole,100 g/L+50,SC,BESIEGE 150 ZC,I.009-18,COTUGRAIN,SYNGENTA,2022,ALL_SUBSTANCES_APPROVED_IN_EU,1,Chlorantraniliprole,Chlorantraniliprole,Chlorantraniliprole:EU_APPROVED,
INECTICIDE,+LambdaCyhalothrine,g/L,SC,,,IMPEX,,2022,CONTAINS_NOT_APPROVED_SUBSTANCE_IN_EU,1,+LambdaCyhalothrine,Cyhalothrin,+LambdaCyhalothrine:EU_NOT_APPROVED,
INECTICIDE,Chlorantraniliprole,100 g/L,SC,DURIVO,I.006-18,SOLAGRI,SYNGENTA,2022,ALL_SUBSTANCES_APPROVED_IN_EU,1,Chlorantraniliprole,Chlorantraniliprole,Chlorantraniliprole:EU_APPROVED,
INECTICIDE,+Thiamethoxam,+200 g/L,SC,,,,,2022,CONTAINS_NOT_APPROVED_SUBSTANCE_IN_EU,1,+Thiamethoxam,Thiamethoxam,+Thiamethoxam:EU_NOT_APPROVED,
INECTICIDE,Chlorantraniliprole,350 g/kg,WG,ALTACOR 35 WG,I.015-22,AGRIPROTEC,FMC,2022,ALL_SUBSTANCES_APPROVED_IN_EU,1,Chlorantraniliprole,Chlorantraniliprole,Chlorantraniliprole:EU_APPROVED,
INECTICIDE,Chlorantraniliprole,200g/l,SC,COREGIS SC,I.025-22,PROMOCHIMIE,DU PONT/FMC,2022,ALL_SUBSTANCES_APPROVED_IN_EU,1,Chlorantraniliprole,Chlorantraniliprole,Chlorantraniliprole:EU_APPROVED,
INECTICIDE,Chlorpyrifos,5%,GR,DELFOS 5G,I.038-11/21,ETS MEZGHANI,INDUSTRIAL QUIMICA,2022,CONTAINS_NOT_APPROVED_SUBSTANCE_IN_EU,1,Chlorpyrifos,Chlorpyrifos,Chlorpyrifos:EU_NOT_APPROVED,
INECTICIDE,Chlorpyrifos+Gamma –,300 g/l+10,EC,BOLTON EC,I.009-19,AGRIPROTEC,CHEMINOVA /FMC,2022,CONTAINS_NOT_APPROVED_SUBSTANCE_IN_EU,1,Chlorpyrifos+Gamma –,Chlorpyrifos,Chlorpyrifos+Gamma –:EU_NOT_APPROVED,
INECTICIDE,cyhalothrin,g/l,EC,,,,,2022,CONTAINS_NOT_APPROVED_SUBSTANCE_IN_EU,1,cyhalothrin,Cyhalothrin,cyhalothrin:EU_NOT_APPROVED,
INECTICIDE,Chlorpyriphosethyl,480g/l,EC,CASTEL 48 EC,I.007-17,EXCEL AGRI,SHARDA,2022,NOT_FOUND_OR_NEEDS_MANUAL_REVIEW,0,Chlorpyriphosethyl,,Chlorpyriphosethyl:NOT_IN_EU_LIST,
INECTICIDE,ChlorpyriphosEthyl,480 g/L,EC,Lorvek 480 EC,I.006-14,ATLAS AGRICOLE,DOW AGROSCIENCES,2022,NOT_FOUND_OR_NEEDS_MANUAL_REVIEW,0,ChlorpyriphosEthyl,,ChlorpyriphosEthyl:NOT_IN_EU_LIST,
INECTICIDE,ChlorpyriphosEthyl,5%,GR,Lorvek 5 G,I.014-13,ATLAS AGRICOLE,Dow Agroscience,2022,NOT_FOUND_OR_NEEDS_MANUAL_REVIEW,0,ChlorpyriphosEthyl,,ChlorpyriphosEthyl:NOT_IN_EU_LIST,
INECTICIDE,Chlorpyriphos ethyl,480 g/l,EC,PYRIBAN EC,I.31-22,SSCC,Gharda chemicals ltd,2022,CONTAINS_NOT_APPROVED_SUBSTANCE_IN_EU,1,Chlorpyriphos ethyl,Chlorpyrifos,Chlorpyriphos ethyl:EU_NOT_APPROVED,
INECTICIDE,ChlorpyriphosEthyl,480 g/L,EC,Robust 480 EC,I.159-11/21,ATLAS,COROMANDEL,2022,NOT_FOUND_OR_NEEDS_MANUAL_REVIEW,0,ChlorpyriphosEthyl,,ChlorpyriphosEthyl:NOT_IN_EU_LIST,
INECTICIDE,ChlorpyriphosEthyl,480 g/L,EC,Pyrical 480 EC,I.039-11/21,BIOPROTECTION,UPL/(NIPPON,2022,NOT_FOUND_OR_NEEDS_MANUAL_REVIEW,0,ChlorpyriphosEthyl,,ChlorpyriphosEthyl:NOT_IN_EU_LIST,
INECTICIDE,Chlorpyriphosethyl,480g/l,EC,BONSOL,I.014-19,COTUGRAIN,SHARDA,2022,NOT_FOUND_OR_NEEDS_MANUAL_REVIEW,0,Chlorpyriphosethyl,,Chlorpyriphosethyl:NOT_IN_EU_LIST,
INECTICIDE,ChlorpyriphosEthyl,480 g/L,EC,Super Chlorpy,I.163-11/21,EL MOUSSEM,GHARDA,2022,NOT_FOUND_OR_NEEDS_MANUAL_REVIEW,0,ChlorpyriphosEthyl,,ChlorpyriphosEthyl:NOT_IN_EU_LIST,
INECTICIDE,ChlorpyriphosEthyl,480 g/L,EC,LORGARD,I.018-22,ATLAS AGRICOLE,GHARDA,2022,NOT_FOUND_OR_NEEDS_MANUAL_REVIEW,0,ChlorpyriphosEthyl,,ChlorpyriphosEthyl:NOT_IN_EU_LIST,
INECTICIDE,ChlorpyriphosEthyl,480 g/L,EC,Delfos,I.040-11/21,ETS MEZGHANI,INDUSTRIAL QUIMICA,2022,NOT_FOUND_OR_NEEDS_MANUAL_REVIEW,0,ChlorpyriphosEthyl,,ChlorpyriphosEthyl:NOT_IN_EU_LIST,
INECTICIDE,Chlorpyriphosethyl,480g/l,EC,PYRIFOS,I.016-19,FERTITECH,SHARDA,2022,NOT_FOUND_OR_NEEDS_MANUAL_REVIEW,0,Chlorpyriphosethyl,,Chlorpyriphosethyl:NOT_IN_EU_LIST,
INECTICIDE,Chlorpyriphosethyl,480g/l,EC,Charter,I.007-16,SANABEL AGRO,SINON CORPORATION,2022,NOT_FOUND_OR_NEEDS_MANUAL_REVIEW,0,Chlorpyriphosethyl,,Chlorpyriphosethyl:NOT_IN_EU_LIST,
INECTICIDE,ChlorpyriphosEthyl,480 g/L,EC,Akocid 480 EC,I.12-21,STEC,AAKO,2022,NOT_FOUND_OR_NEEDS_MANUAL_REVIEW,0,ChlorpyriphosEthyl,,ChlorpyriphosEthyl:NOT_IN_EU_LIST,
INECTICIDE,ChlorpyriphosEthyl,480 g/L,EC,Akofos 480 EC,I.172-11/21,SEPCM,AAKO,2022,NOT_FOUND_OR_NEEDS_MANUAL_REVIEW,0,ChlorpyriphosEthyl,,ChlorpyriphosEthyl:NOT_IN_EU_LIST,
INECTICIDE,Chlorpyriphosethyl,480g/l,EC,Starphos,I.003-16,SOCOOPEC,SHARDA,2022,NOT_FOUND_OR_NEEDS_MANUAL_REVIEW,0,Chlorpyriphosethyl,,Chlorpyriphosethyl:NOT_IN_EU_LIST,
INECTICIDE,ChlorpyriphosEthyl,480 g/L,EC,Duracid,I.042-11/21,STEC,DOW AGROSCIENCES,2022,NOT_FOUND_OR_NEEDS_MANUAL_REVIEW,0,ChlorpyriphosEthyl,,ChlorpyriphosEthyl:NOT_IN_EU_LIST,
INECTICIDE,Chlorpyriphos-Méthyl,400 g/L,EC,EXAQ EC,I.008-17,ATLAS AGRICOLE,DOW AGROSCIENCES,2022,CONTAINS_NOT_APPROVED_SUBSTANCE_IN_EU,1,Chlorpyriphos-Méthyl,Chlorpyrifos-methyl,Chlorpyriphos-Méthyl:EU_NOT_APPROVED,
INECTICIDE,Chromafénozide,50 g/L,SC,Matric,I.044-11/21,BIOPROTECTION,UPL/ARYSTA,2022,CONTAINS_NOT_APPROVED_SUBSTANCE_IN_EU,1,Chromafénozide,Chromafenozide,Chromafénozide:EU_NOT_APPROVED,
INECTICIDE,Clofentezine,500 g/L,SC,Apollo 50,A.045-11/21,STEC,AAKO BV,2022,CONTAINS_NOT_APPROVED_SUBSTANCE_IN_EU,1,Clofentezine,Clofentezine,Clofentezine:EU_NOT_APPROVED,
INECTICIDE,Cyantraniliprole,100 g/L,OD,Benevia,I.014-16,AGRIMATCO,DU PONT,2022,ALL_SUBSTANCES_APPROVED_IN_EU,1,Cyantraniliprole,Cyantraniliprole,Cyantraniliprole:EU_APPROVED,
INECTICIDE,Cyantraniliprole,100 g/L,OD,Preza OD,I.11-21,Agriprotec,DU PONT/FMC,2022,ALL_SUBSTANCES_APPROVED_IN_EU,1,Cyantraniliprole,Cyantraniliprole,Cyantraniliprole:EU_APPROVED,
INECTICIDE,Cyantraniliprole,60,SC,MINECTO PRO SC,I.006-22,BIOPROTECTION,SYNGENTA,2022,ALL_SUBSTANCES_APPROVED_IN_EU,1,Cyantraniliprole,Cyantraniliprole,Cyantraniliprole:EU_APPROVED,
INECTICIDE,Abamectine,g/l+18g/l,SC,,,,,2022,ALL_SUBSTANCES_APPROVED_IN_EU,1,Abamectine,Abamectin (aka avermectin),Abamectine:EU_APPROVED,
INECTICIDE,Cyantraniliprole,100,SC,PLESIVA ALPHA SC,I.011-22,BIOPROTECTION,SYNGENTA,2022,ALL_SUBSTANCES_APPROVED_IN_EU,1,Cyantraniliprole,Cyantraniliprole,Cyantraniliprole:EU_APPROVED,
INECTICIDE,+Acibenzolar-S-methyl,"g/l+12,5",SC,,,,,2022,CONTAINS_NOT_APPROVED_SUBSTANCE_IN_EU,1,+Acibenzolar-S-methyl,Acibenzolar-S-methyl (benzothiadiazole),+Acibenzolar-S-methyl:EU_NOT_APPROVED,
INECTICIDE,Cyflumetofen,100g/l,DC,DANIRANGER 10DC,I.001-22,AGRIMATCO,OAT AgrioCO.Ltd,2022,ALL_SUBSTANCES_APPROVED_IN_EU,1,Cyflumetofen,Cyflumetofen,Cyflumetofen:EU_APPROVED,
INECTICIDE,Cyflumetofen,193.5 g/1,SC,VELAR 20 SC,I.03-21,cotugrain,OAT,2022,ALL_SUBSTANCES_APPROVED_IN_EU,1,Cyflumetofen,Cyflumetofen,Cyflumetofen:EU_APPROVED,
INECTICIDE,Cypermethrine,250 g/L,EC,SYNCHRO,I.004-15,EL KHADRA,SHARDA WORLDWIDE,2022,ALL_SUBSTANCES_APPROVED_IN_EU,1,Cypermethrine,Cypermethrin,Cypermethrine:EU_APPROVED,
INECTICIDE,Cypermethrine,250 g/L,EC,CYPERNOVA,I.004-17,AGRINOVA,SHARDA WORLDWIDE,2022,ALL_SUBSTANCES_APPROVED_IN_EU,1,Cypermethrine,Cypermethrin,Cypermethrine:EU_APPROVED,
INECTICIDE,Cypermethrine,500 g/l,EC,CYPGOLD 500 EC,I.029-22,EL MOUSSEM,ARYSTA,2022,ALL_SUBSTANCES_APPROVED_IN_EU,1,Cypermethrine,Cypermethrin,Cypermethrine:EU_APPROVED,
INECTICIDE,Cypermethrine,100 g/l,EC,CYRUX,I.003-17,PROTAGRI,UPL,2022,ALL_SUBSTANCES_APPROVED_IN_EU,1,Cypermethrine,Cypermethrin,Cypermethrine:EU_APPROVED,
INECTICIDE,Cypermethrine,0.86 %,MG,Belem 0.8 MG,002-16 I.,SEPCM,SBM,2022,ALL_SUBSTANCES_APPROVED_IN_EU,1,Cypermethrine,Cypermethrin,Cypermethrine:EU_APPROVED,
INECTICIDE,Cyperméthrine,100 g/L,EC,Selene,I.048-11/21,ETS. MEZGHANI,INDUSTRIAL QUIMICA,2022,ALL_SUBSTANCES_APPROVED_IN_EU,1,Cyperméthrine,Cypermethrin,Cyperméthrine:EU_APPROVED,
INECTICIDE,Cyperméthrine,100 g/L,EC,Sherpa,I.146-11/21,JADWA AGROTEC,CMPA,2022,ALL_SUBSTANCES_APPROVED_IN_EU,1,Cyperméthrine,Cypermethrin,Cyperméthrine:EU_APPROVED,
INECTICIDE,Cyperméthrine,2 5 0 g / L,E C,C y p e r c a l 2 5 0 E C,I.046-11/21,BIOPROTECTION,UPL/ARYSTA,2022,ALL_SUBSTANCES_APPROVED_IN_EU,1,Cyperméthrine,Cypermethrin,Cyperméthrine:EU_APPROVED,
INECTICIDE,Cyromazine,7 5 %,W P,c l a v e W P,I.051-11/21,ets mezghani,industrial quimica key,2022,CONTAINS_NOT_APPROVED_SUBSTANCE_IN_EU,1,Cyromazine,Cyromazine,Cyromazine:EU_NOT_APPROVED,
INECTICIDE,Cyromazine,7 5 %,W P,T r i g a r d,I.050-11/21,BIOPROTECTION,SYNGENTA,2022,CONTAINS_NOT_APPROVED_SUBSTANCE_IN_EU,1,Cyromazine,Cyromazine,Cyromazine:EU_NOT_APPROVED,
INECTICIDE,Deltamethrine,25 g/l,EC,D66,I.003-15,ETS MEZGHANNI,INDUSTRIAL QUIMICA,2022,ALL_SUBSTANCES_APPROVED_IN_EU,1,Deltamethrine,Deltamethrin,Deltamethrine:EU_APPROVED,
INECTICIDE,Deltamethrine,25 g/l,EC,Dextra 25 EC,16-016I.,RAYEN,TAGROS CHEMICALS,2022,ALL_SUBSTANCES_APPROVED_IN_EU,1,Deltamethrine,Deltamethrin,Deltamethrine:EU_APPROVED,
INECTICIDE,Deltamethrine,25 g/l,EC,Delmitox,16-011I.,SANABEL AGRO,SHARDA CROPCHEM,2022,ALL_SUBSTANCES_APPROVED_IN_EU,1,Deltamethrine,Deltamethrin,Deltamethrine:EU_APPROVED,
INECTICIDE,Deltamethrine,15 g/l,EC,Atrium,16-012I.,SANABEL AGRO,ROTAM,2022,ALL_SUBSTANCES_APPROVED_IN_EU,1,Deltamethrine,Deltamethrin,Deltamethrine:EU_APPROVED,
INECTICIDE,Deltamethrine,25 g/l,EC,Sergent,I.006-15,SOCOOPEC,SHARDA WORLDWIDE,2022,ALL_SUBSTANCES_APPROVED_IN_EU,1,Deltamethrine,Deltamethrin,Deltamethrine:EU_APPROVED,
INECTICIDE,Deltamethrine,25 g/l,EC,SCATTO EC,I.013-19,STIMA,ISAGRO SPA/GOWAN,2022,ALL_SUBSTANCES_APPROVED_IN_EU,1,Deltamethrine,Deltamethrin,Deltamethrine:EU_APPROVED,
INECTICIDE,Deltaméthrine,1 0 0 g / L,EC,Decis Expert,I.056-11/21,ATLAS AGRICOLE,BAYER CROPSCIENCE,2022,ALL_SUBSTANCES_APPROVED_IN_EU,1,Deltaméthrine,Deltamethrin,Deltaméthrine:EU_APPROVED,
INECTICIDE,Deltaméthrine,2 5 g / L,E C,D e l t a c a l,I.053-11/21,BIOPROTECTION,UPL/ARYSTA,2022,ALL_SUBSTANCES_APPROVED_IN_EU,1,Deltaméthrine,Deltamethrin,Deltaméthrine:EU_APPROVED,
INECTICIDE,Deltaméthrine,2 5 g / L,E C,D e c i s E C 2 5,I.054-11/21,EL MOUSSEM,BAYER CROPSCIENCE,2022,ALL_SUBSTANCES_APPROVED_IN_EU,1,Deltaméthrine,Deltamethrin,Deltaméthrine:EU_APPROVED,
INECTICIDE,Deltaméthrine,2 5 g / L,E C,F r u i t h r i n e,I.166-11/21,PROTAGRI,United Phosphorus Ltd,2022,ALL_SUBSTANCES_APPROVED_IN_EU,1,Deltaméthrine,Deltamethrin,Deltaméthrine:EU_APPROVED,
INECTICIDE,Deltaméthrine,2 5 g / L,E C,D e l t a,I.055-11/21,STEC,BAYER CROPSCIENCE,2022,ALL_SUBSTANCES_APPROVED_IN_EU,1,Deltaméthrine,Deltamethrin,Deltaméthrine:EU_APPROVED,
INECTICIDE,Diafenthiuron,500 g/L,SC,Pegasus 500 SC,I.057-11/21,BIOPROTECTION,SYNGENTA,2022,CONTAINS_NOT_APPROVED_SUBSTANCE_IN_EU,1,Diafenthiuron,Diafenthiuron,Diafenthiuron:EU_NOT_APPROVED,
INECTICIDE,Diméthoate,4 0 0 g / L,E C,B i o m a t,I. 059-11/21,BIOPROTECTION,UPL/ARYSTA,2022,CONTAINS_NOT_APPROVED_SUBSTANCE_IN_EU,1,Diméthoate,Dimethoate,Diméthoate:EU_NOT_APPROVED,
INECTICIDE,Diméthoate,4 0 0 g / L,E C,D i m e t h o n,I. 060-11/21,ETS MEZGHANI,INDUST. QUIMICA,2022,CONTAINS_NOT_APPROVED_SUBSTANCE_IN_EU,1,Diméthoate,Dimethoate,Diméthoate:EU_NOT_APPROVED,
INECTICIDE,Diméthoate,4 0 0 g / L,E C,D a p h e n e f o r t,I. 061-11/21,SEPCM,CHEMINOVA /FMC,2022,CONTAINS_NOT_APPROVED_SUBSTANCE_IN_EU,1,Diméthoate,Dimethoate,Diméthoate:EU_NOT_APPROVED,
INECTICIDE,Diméthoate,4 0 0 g / L,E C,P h y t o a t e,I. 009-15,STEC,CHEMINOVA/FMC,2022,CONTAINS_NOT_APPROVED_SUBSTANCE_IN_EU,1,Diméthoate,Dimethoate,Diméthoate:EU_NOT_APPROVED,
INECTICIDE,Dinotefuran,20%,SG,STARKEL 20SG,I.30-22,AGRIMATCO,Mitsui Chemicals,2022,CONTAINS_NOT_APPROVED_SUBSTANCE_IN_EU,1,Dinotefuran,Dinotefuran,Dinotefuran:EU_NOT_APPROVED,
INECTICIDE,Emamectin benzoate,50 g/L,EC,Proact 50 EC,I.128-11/21,TASMID,ASTRACHEM,2022,ALL_SUBSTANCES_APPROVED_IN_EU,1,Emamectin benzoate,Emamectin,Emamectin benzoate:EU_APPROVED,
INECTICIDE,Emamectin benzoate,50 g/L,EC,PROFAST EC,I.046-22,PLANETE VERTE,ASTRACHEM,2022,ALL_SUBSTANCES_APPROVED_IN_EU,1,Emamectin benzoate,Emamectin,Emamectin benzoate:EU_APPROVED,
INECTICIDE,Emamectin benzoate,5 %,SG,Proclaim 05 SG,I.063-11/21,BIOPROTECTION,SYNGENTA,2022,ALL_SUBSTANCES_APPROVED_IN_EU,1,Emamectin benzoate,Emamectin,Emamectin benzoate:EU_APPROVED,
INECTICIDE,Emamectin benzoate,5 %,SG,Emamectin SG,I.049-22,FERTIPLANT,Krishi rasayam,2022,ALL_SUBSTANCES_APPROVED_IN_EU,1,Emamectin benzoate,Emamectin,Emamectin benzoate:EU_APPROVED,
INECTICIDE,Etofenprox,30%,EC,TREBON EC,I.012-19,ATLAS AGRICOLE,SIPCAM INAGRA S.S,2022,ALL_SUBSTANCES_APPROVED_IN_EU,1,Etofenprox,Etofenprox,Etofenprox:EU_APPROVED,
INECTICIDE,Etoxazole,110g/l,SC,Borneo 10 SC,I.A.017-17,BIOPROTECTION,SUMITOMO,2022,ALL_SUBSTANCES_APPROVED_IN_EU,1,Etoxazole,Etoxazole,Etoxazole:EU_APPROVED,
INECTICIDE,Fenazaquin,200 g/L,SC,MAGISTER,A.I.003-20,SEPCM,GOWAN Espagne,2022,ALL_SUBSTANCES_APPROVED_IN_EU,1,Fenazaquin,Fenazaquin,Fenazaquin:EU_APPROVED,
INECTICIDE,Fenoxycarb +Lufenuron,75 g/L +30,EC,Lufox 105 EC,I.067-11/21,BIOPROTECTION,SYNGENTA,2022,CONTAINS_NOT_APPROVED_SUBSTANCE_IN_EU,1,Fenoxycarb +Lufenuron,Lufenuron,Fenoxycarb +Lufenuron:EU_NOT_APPROVED,
INECTICIDE,Fenpyroximate,"5 1 , 2 g / L",S C,F L A S H EVO,I.012-18,EL KHADRA,SIPCAM INAGRA,2022,ALL_SUBSTANCES_APPROVED_IN_EU,1,Fenpyroximate,Fenpyroximate,Fenpyroximate:EU_APPROVED,
INECTICIDE,Fenpyroximate,5 0 g / L,S C,M i t a c i d,I.010-15,INNOVA,SIPCAM INAGRA,2022,ALL_SUBSTANCES_APPROVED_IN_EU,1,Fenpyroximate,Fenpyroximate,Fenpyroximate:EU_APPROVED,
INECTICIDE,Flonicamid,500 g/kg,WG,TEPPEKI WG,I.10-21,AGRIPROTEC,ISK Biosciences Europe,2022,ALL_SUBSTANCES_APPROVED_IN_EU,1,Flonicamid,Flonicamid (IKI-220),Flonicamid:EU_APPROVED,
INECTICIDE,Flubendiamide,480 g/l,SC,FAME 480 SC,I.020-22,ATLAS,BAYER,2022,CONTAINS_NOT_APPROVED_SUBSTANCE_IN_EU,1,Flubendiamide,Flubendiamide,Flubendiamide:EU_NOT_APPROVED,
INECTICIDE,Flubendiamide,20%,WG,Takumi 20 WG,I.070-11/21,EL MOUSSEM,NIHON NOHYAKU /,2022,CONTAINS_NOT_APPROVED_SUBSTANCE_IN_EU,1,Flubendiamide,Flubendiamide,Flubendiamide:EU_NOT_APPROVED,
INECTICIDE,Flufénoxuron,1 0 0 g / L,E C,Qatar,I.071-11/21,AGROSYSTEMES,GLOBACHEM,2022,CONTAINS_NOT_APPROVED_SUBSTANCE_IN_EU,1,Flufénoxuron,Flufenoxuron,Flufénoxuron:EU_NOT_APPROVED,
INECTICIDE,Fluopyram,400 g/l,SC,VELUM PRIME 400 SC,IN.002-19,ATLAS AGRICOLE,BAYER AG,2022,ALL_SUBSTANCES_APPROVED_IN_EU,1,Fluopyram,Fluopyram,Fluopyram:EU_APPROVED,
INECTICIDE,Flupyradifurone,200g/l,SL,SIVANTO PRIME 200,I. 016-17,ATLAS AGRICOLE,Bayer A.G,2022,ALL_SUBSTANCES_APPROVED_IN_EU,1,Flupyradifurone,Flupyradifurone,Flupyradifurone:EU_APPROVED,
INECTICIDE,Flupyradifurone,200g/l,SL,SL,,,,2022,ALL_SUBSTANCES_APPROVED_IN_EU,1,Flupyradifurone,Flupyradifurone,Flupyradifurone:EU_APPROVED,
INECTICIDE,Gamma-cyhalothrine,60 g/l,CS,Vantex,16-018I.,AGROSYSTEMES,FMC,2022,CONTAINS_NOT_APPROVED_SUBSTANCE_IN_EU,1,Gamma-cyhalothrine,Gamma-cyhalothrin,Gamma-cyhalothrine:EU_NOT_APPROVED,
INECTICIDE,Helicoverpaarmigeranucl,7.5 1012,SC,BOLLDEX SC,I.010-17,ALOHA Agriculture,ANDERMATT,2022,NOT_FOUND_OR_NEEDS_MANUAL_REVIEW,0,Helicoverpaarmigeranucl,,Helicoverpaarmigeranucl:NOT_IN_EU_LIST,
INECTICIDE,eopolyhedrovirus,cfu/l,SC,,,,BIOCONTROL,2022,ALL_SUBSTANCES_APPROVED_IN_EU,1,eopolyhedrovirus,"Spodoptera exigua multicapsid nucleopolyhedrovirus (SeMNPV), isolate BV-0004",eopolyhedrovirus:EU_APPROVED,
INECTICIDE,Hexythiazox,10%,WP,Jalisco,IA.010-16,AGRIPROTEC,PROPLANT,2022,ALL_SUBSTANCES_APPROVED_IN_EU,1,Hexythiazox,Hexythiazox,Hexythiazox:EU_APPROVED,
INECTICIDE,Hexythiazox,10%,WP,Diablo,I.A.175-,EL KHADHRA,INDUSTRIAS AFRAZA,2022,ALL_SUBSTANCES_APPROVED_IN_EU,1,Hexythiazox,Hexythiazox,Hexythiazox:EU_APPROVED,
INECTICIDE,Hexythiazox,10%,WP,,11/21,,,2022,ALL_SUBSTANCES_APPROVED_IN_EU,1,Hexythiazox,Hexythiazox,Hexythiazox:EU_APPROVED,
INECTICIDE,Hexythiazox,10%,WP,Cesar,I.A.075-,EL MOUSSEM,"NIPPON SODA CO.,",2022,ALL_SUBSTANCES_APPROVED_IN_EU,1,Hexythiazox,Hexythiazox,Hexythiazox:EU_APPROVED,
INECTICIDE,Hexythiazox,10%,WP,,11/21,AGRICOLE,LTD,2022,ALL_SUBSTANCES_APPROVED_IN_EU,1,Hexythiazox,Hexythiazox,Hexythiazox:EU_APPROVED,
INECTICIDE,Hexythiazox,10%,WP,Exitox,I.A.177-,Ets MEZGHANI,INDUSTRIAL QUIMICA,2022,ALL_SUBSTANCES_APPROVED_IN_EU,1,Hexythiazox,Hexythiazox,Hexythiazox:EU_APPROVED,
INECTICIDE,Hexythiazox,10%,WP,,11/21,,KEY,2022,ALL_SUBSTANCES_APPROVED_IN_EU,1,Hexythiazox,Hexythiazox,Hexythiazox:EU_APPROVED,
INECTICIDE,Hexythiazox,"258,7 g/l",SC,ACRUX SC,I.005-22,AGROSYSTEMES,Ascenza Agro,2022,ALL_SUBSTANCES_APPROVED_IN_EU,1,Hexythiazox,Hexythiazox,Hexythiazox:EU_APPROVED,
INECTICIDE,Hexythiazox,258.7 g/l,SC,DIABLO MAX SC,I.004-22,EL KHADRA,AFRASA INDUSTRIAS,2022,ALL_SUBSTANCES_APPROVED_IN_EU,1,Hexythiazox,Hexythiazox,Hexythiazox:EU_APPROVED,
INECTICIDE,Hexythiazox,50,SC,ROCINANTE,I.04-21,AGRIPROTEC,PROPLAN PLANT,2022,ALL_SUBSTANCES_APPROVED_IN_EU,1,Hexythiazox,Hexythiazox,Hexythiazox:EU_APPROVED,
INECTICIDE,+Abamectine,g/L+18g/l,SC,,,,PROTECTION,2022,ALL_SUBSTANCES_APPROVED_IN_EU,1,+Abamectine,Abamectin (aka avermectin),+Abamectine:EU_APPROVED,
INECTICIDE,Huile minérale,8 5 0 g / L,E C,S u n O I L,I.008-13,AGRIMATCO,PETRONAS,2022,NOT_FOUND_OR_NEEDS_MANUAL_REVIEW,0,Huile minérale,,Huile minérale:NOT_IN_EU_LIST,
INECTICIDE,Huile minérale,8 5 0 g / L,E C,A g r o H u i l e,I.009-13,AGROSYSTEMES,PETRONAS,2022,NOT_FOUND_OR_NEEDS_MANUAL_REVIEW,0,Huile minérale,,Huile minérale:NOT_IN_EU_LIST,
INECTICIDE,Huile minérale,8 1 7 g / L,E C,O v i p h y t,I.127-11/21,ATLAS,COMPTOIR,2022,NOT_FOUND_OR_NEEDS_MANUAL_REVIEW,0,Huile minérale,,Huile minérale:NOT_IN_EU_LIST,
INECTICIDE,Huile minérale,8 5 0 g / L,E C,C i t r o l e,I.076-11/21,EL MOUSSEM,TotalEnergies Fluides,2022,NOT_FOUND_OR_NEEDS_MANUAL_REVIEW,0,Huile minérale,,Huile minérale:NOT_IN_EU_LIST,
INECTICIDE,Huile minérale,8 3 0 g / l,E C,I n s e c t i c i d a K EY,I.001-14,ETS MEZGHANI,Industrial Quimica Key,2022,NOT_FOUND_OR_NEEDS_MANUAL_REVIEW,0,Huile minérale,,Huile minérale:NOT_IN_EU_LIST,
INECTICIDE,Huile minérale,8 5 0 g / L,E C,P e t r O i l,I005-17,SOCOOPEC,PETRONAS,2022,NOT_FOUND_OR_NEEDS_MANUAL_REVIEW,0,Huile minérale,,Huile minérale:NOT_IN_EU_LIST,
INECTICIDE,Huile minérale,8 5 0 g / L,E C,P l a n t o i l,I.149-11/21,STE EL KHADRA,INDUSTRIAS AFRASA,2022,NOT_FOUND_OR_NEEDS_MANUAL_REVIEW,0,Huile minérale,,Huile minérale:NOT_IN_EU_LIST,
INECTICIDE,Huile de paraffine,800 g/l,EC,OVIPRON TOP,I.003-22,BIOPROTECTION,UPL,2022,NOT_FOUND_OR_NEEDS_MANUAL_REVIEW,0,Huile de paraffine,,Huile de paraffine:NOT_IN_EU_LIST,
INECTICIDE,Huile de paraffinique,79 %,EC,LAINCOIL EC,I.033-22,FERTITECH,LAINCO,2022,NOT_FOUND_OR_NEEDS_MANUAL_REVIEW,0,Huile de paraffinique,,Huile de paraffinique:NOT_IN_EU_LIST,
INECTICIDE,Huile de paraffinique,79 %,EC,PLANT OLEO EC,I.047-22,NEGANOR,LAINCO,2022,NOT_FOUND_OR_NEEDS_MANUAL_REVIEW,0,Huile de paraffinique,,Huile de paraffinique:NOT_IN_EU_LIST,
INECTICIDE,Huile de paraffinique,830g/l,EC,AGROIL BLEU EC,I.034-22,PROMOCHIMIE,SIPCAM INAGRA,2022,NOT_FOUND_OR_NEEDS_MANUAL_REVIEW,0,Huile de paraffinique,,Huile de paraffinique:NOT_IN_EU_LIST,
INECTICIDE,Imidachlopride,70%,WDG,IMIDAPUM WG,I.013-22,ETS MEZGHANI,JIANGSU KESHENG,2022,NOT_FOUND_OR_NEEDS_MANUAL_REVIEW,0,Imidachlopride,,Imidachlopride:NOT_IN_EU_LIST,
INECTICIDE,Imidachlopride,35%,SC,Midash 350 SC,I.005-16,COTUGRAIN,SHARDA,2022,NOT_FOUND_OR_NEEDS_MANUAL_REVIEW,0,Imidachlopride,,Imidachlopride:NOT_IN_EU_LIST,
INECTICIDE,Imidachlopride,35%,SC,IMIDOR SC,I.048-22,Excel agri,SHARDA,2022,NOT_FOUND_OR_NEEDS_MANUAL_REVIEW,0,Imidachlopride,,Imidachlopride:NOT_IN_EU_LIST,
INECTICIDE,Imidachlopride,700g/kg,WG,Finito WG,I.006-16,EL KHADRA,SHARDA,2022,NOT_FOUND_OR_NEEDS_MANUAL_REVIEW,0,Imidachlopride,,Imidachlopride:NOT_IN_EU_LIST,
INECTICIDE,Imidachlopride,500 g/l,SC,Tanrek 500 SC,I.010-22,NEGANOR,AUGUST JSC,2022,NOT_FOUND_OR_NEEDS_MANUAL_REVIEW,0,Imidachlopride,,Imidachlopride:NOT_IN_EU_LIST,
INECTICIDE,Imidachlopride,300g/l,SC,JUDOKA GOLD,I. 015-17,SANABEL AGRO,ROTAM,2022,NOT_FOUND_OR_NEEDS_MANUAL_REVIEW,0,Imidachlopride,,Imidachlopride:NOT_IN_EU_LIST,
INECTICIDE,+Lambda cyalothrine,+75g/l,SC,,,,AGOCHEMICALS,2022,NOT_FOUND_OR_NEEDS_MANUAL_REVIEW,0,+Lambda cyalothrine,,+Lambda cyalothrine:NOT_IN_EU_LIST,
INECTICIDE,Imidaclopride,70%,WG,Imigo70 WG,I.011-19,AGRIMATCO,United Phosphorus,2022,CONTAINS_NOT_APPROVED_SUBSTANCE_IN_EU,1,Imidaclopride,Imidacloprid,Imidaclopride:EU_NOT_APPROVED,
INECTICIDE,Imidaclopride,200 g/L,S L,P R I S M A S L,I . 0 8 2 - 1 1 / 2 1,E T S M E Z G H A N I,I N D U S T R I A L Q U IMICA,2022,CONTAINS_NOT_APPROVED_SUBSTANCE_IN_EU,1,Imidaclopride,Imidacloprid,Imidaclopride:EU_NOT_APPROVED,
INECTICIDE,Imidaclopride,200 g/L,OD,Confidor 200 OD,I.085-11/21,PROMOCHIMIE,BAYER CROPSCIENCE,2022,CONTAINS_NOT_APPROVED_SUBSTANCE_IN_EU,1,Imidaclopride,Imidacloprid,Imidaclopride:EU_NOT_APPROVED,
INECTICIDE,Imidaclopride,2 0 0 g / L,S L,B a z o o k a,I . 0 7 9 - 1 1 / 2 1,A G R O S Y S T E M E S,GLOBACHEM,2022,CONTAINS_NOT_APPROVED_SUBSTANCE_IN_EU,1,Imidaclopride,Imidacloprid,Imidaclopride:EU_NOT_APPROVED,
INECTICIDE,Imidaclopride,2 0 0 g / L,S L,E r a z e r,I . 0 1 5 - 1 5,A M I N C O,GLOBACHEM,2022,CONTAINS_NOT_APPROVED_SUBSTANCE_IN_EU,1,Imidaclopride,Imidacloprid,Imidaclopride:EU_NOT_APPROVED,
INECTICIDE,Imidaclopride,2 0 0 g / L,S L,S p e c t o r S L,I . 0 7 7 - 1 1 / 2 1,A T L A S A G R I C O L E,BAYER CROPSCIENCE,2022,CONTAINS_NOT_APPROVED_SUBSTANCE_IN_EU,1,Imidaclopride,Imidacloprid,Imidaclopride:EU_NOT_APPROVED,
INECTICIDE,Imidaclopride,2 0 0 g / L,S L,N u p r i d,I . 0 8 1 - 1 1 / 2 1,B I O P R O T E C T I O N,NUFARM,2022,CONTAINS_NOT_APPROVED_SUBSTANCE_IN_EU,1,Imidaclopride,Imidacloprid,Imidaclopride:EU_NOT_APPROVED,
INECTICIDE,Imidaclopride,2 0 0 g / L,S L,A k o p r i d e,I . 1 4 0 - 1 1 / 2 1,J a d w a A g r o t e c,AAKO BV,2022,CONTAINS_NOT_APPROVED_SUBSTANCE_IN_EU,1,Imidaclopride,Imidacloprid,Imidaclopride:EU_NOT_APPROVED,
INECTICIDE,Imidaclopride,2 0 0 g / L,S L,C o n f i d o r,I . 0 8 3 - 1 1 / 2 1,P R O M O C H I M I E,BAYER CROPSCIENCE,2022,CONTAINS_NOT_APPROVED_SUBSTANCE_IN_EU,1,Imidaclopride,Imidacloprid,Imidaclopride:EU_NOT_APPROVED,
INECTICIDE,Imidaclopride,2 0 0 g / L,S L,P r o t a d o r,I . 1 6 4 - 1 1 / 2 1,P R O T A G R I,United Phosphous Ltd,2022,CONTAINS_NOT_APPROVED_SUBSTANCE_IN_EU,1,Imidaclopride,Imidacloprid,Imidaclopride:EU_NOT_APPROVED,
INECTICIDE,Imidaclopride + lambda-,160 g/l +,SC,Kilter,16-010I.,BIOPROTECTION,NUFARM,2022,CONTAINS_NOT_APPROVED_SUBSTANCE_IN_EU,1,Imidaclopride + lambda-,Imidacloprid,Imidaclopride + lambda-:EU_NOT_APPROVED,
INECTICIDE,cyhalothrine,120 g/l,SC,,,,,2022,CONTAINS_NOT_APPROVED_SUBSTANCE_IN_EU,1,cyhalothrine,Cyhalothrin,cyhalothrine:EU_NOT_APPROVED,
INECTICIDE,Imidaclopride + lambda-,150 g/l +,SC,Borey SC,I.005-15,EL KHADRA,AvgustCrop Protection,2022,CONTAINS_NOT_APPROVED_SUBSTANCE_IN_EU,1,Imidaclopride + lambda-,Imidacloprid,Imidaclopride + lambda-:EU_NOT_APPROVED,
INECTICIDE,cyhalothrine,50 g/l,SC,,,,,2022,CONTAINS_NOT_APPROVED_SUBSTANCE_IN_EU,1,cyhalothrine,Cyhalothrin,cyhalothrine:EU_NOT_APPROVED,
INECTICIDE,Indoxacarbe,150 g/L,SC,TALENT 150 SC,I.016-18,Ets MEZGHANI,ASTRACHEM/ASTRAN,2022,CONTAINS_NOT_APPROVED_SUBSTANCE_IN_EU,1,Indoxacarbe,Indoxacarb,Indoxacarbe:EU_NOT_APPROVED,
INECTICIDE,Indoxacarbe,150 g/L,SC,Amiral,I.087-11/21,EL MOUSSEM,PARIJAT INDUSTR.,2022,CONTAINS_NOT_APPROVED_SUBSTANCE_IN_EU,1,Indoxacarbe,Indoxacarb,Indoxacarbe:EU_NOT_APPROVED,
INECTICIDE,Indoxacarbe,150 g/L,SC,GENERAL SC,I.045-22,RAYEN,PARIJAT INDUSTR.,2022,CONTAINS_NOT_APPROVED_SUBSTANCE_IN_EU,1,Indoxacarbe,Indoxacarb,Indoxacarbe:EU_NOT_APPROVED,
INECTICIDE,Indoxacarbe,150 g/L,EC,AVATAR EC,I.023-22,ATLAS,DU PONT/FMC,2022,CONTAINS_NOT_APPROVED_SUBSTANCE_IN_EU,1,Indoxacarbe,Indoxacarb,Indoxacarbe:EU_NOT_APPROVED,
INECTICIDE,Indoxacarbe,150 g/L,EC,Avaunt,I.089-11/21,SEPCM,DU PONT/FMC,2022,CONTAINS_NOT_APPROVED_SUBSTANCE_IN_EU,1,Indoxacarbe,Indoxacarb,Indoxacarbe:EU_NOT_APPROVED,
INECTICIDE,Indoxacarbe,150 g/l,SC,STARCARB,I.021-22,SSCC,GARDA CHEMICAL,2022,CONTAINS_NOT_APPROVED_SUBSTANCE_IN_EU,1,Indoxacarbe,Indoxacarb,Indoxacarbe:EU_NOT_APPROVED,
INECTICIDE,Indoxacarbe,150 g/L,SC,Vaulent,I.086-11/21,TASMID,ASTRACHEM,2022,CONTAINS_NOT_APPROVED_SUBSTANCE_IN_EU,1,Indoxacarbe,Indoxacarb,Indoxacarbe:EU_NOT_APPROVED,
INECTICIDE,INDOXACARB,150 g/l,SC,PIXEL SC,I.043-22,FERTITECH,TOPAGRO,2022,CONTAINS_NOT_APPROVED_SUBSTANCE_IN_EU,1,INDOXACARB,Indoxacarb,INDOXACARB:EU_NOT_APPROVED,
INECTICIDE,Indoxacarb,150 g/l,SC,CAP-VAUNT SC,I.035-22,NEGANOR,Jingbo agrochemicals,2022,CONTAINS_NOT_APPROVED_SUBSTANCE_IN_EU,1,Indoxacarb,Indoxacarb,Indoxacarb:EU_NOT_APPROVED,
INECTICIDE,Indoxacarb,150 g/l,SC,INDO SUPER SC,I.039-22,Sté ELKHADRA,NINGBO SUNJOY,2022,CONTAINS_NOT_APPROVED_SUBSTANCE_IN_EU,1,Indoxacarb,Indoxacarb,Indoxacarb:EU_NOT_APPROVED,
INECTICIDE,Indoxacarb,30%,WG,Hoprole Xtra,I.040-22,DELTA,Shandong weifang,2022,CONTAINS_NOT_APPROVED_SUBSTANCE_IN_EU,1,Indoxacarb,Indoxacarb,Indoxacarb:EU_NOT_APPROVED,
INECTICIDE,Lambada cyhalothrine,5%,EG,Kempo EG,I. 14-21,BIOPROTECTION,NUFARM,2022,CONTAINS_NOT_APPROVED_SUBSTANCE_IN_EU,1,Lambada cyhalothrine,Cyhalothrin,Lambada cyhalothrine:EU_NOT_APPROVED,
INECTICIDE,Lambada cyhalothrine,5%,EG,KAISO 5%,I. 014.-17,EL MOUSSEM,NUFARM,2022,CONTAINS_NOT_APPROVED_SUBSTANCE_IN_EU,1,Lambada cyhalothrine,Cyhalothrin,Lambada cyhalothrine:EU_NOT_APPROVED,
INECTICIDE,Lambda cyhalothrin,"2,50%",WDG,JUDO,I. 013-17,STIMA,Sharda,2022,CONTAINS_NOT_APPROVED_SUBSTANCE_IN_EU,1,Lambda cyhalothrin,Cyhalothrin,Lambda cyhalothrin:EU_NOT_APPROVED,
INECTICIDE,Lambda cyhalothrin,"2,50%",WDG,power WDG,I. 15-21,fertitech,Sharda,2022,CONTAINS_NOT_APPROVED_SUBSTANCE_IN_EU,1,Lambda cyhalothrin,Cyhalothrin,Lambda cyhalothrin:EU_NOT_APPROVED,
INECTICIDE,Lambda-cyhalothrin,25 g/l,EC,KEYLAM EC,I.003-18,EtsMezghanni,Industrial quimica Key,2022,ALL_SUBSTANCES_APPROVED_IN_EU,1,Lambda-cyhalothrin,lambda-Cyhalothrin,Lambda-cyhalothrin:EU_APPROVED,
INECTICIDE,Lambda-cyhalothrine,0.4 %,GR,POINTER GEO GR,I.07-21,AGRIPROTEC,SIPCAM INAGRA,2022,ALL_SUBSTANCES_APPROVED_IN_EU,1,Lambda-cyhalothrine,lambda-Cyhalothrin,Lambda-cyhalothrine:EU_APPROVED,
INECTICIDE,Lambda-cyhalothrine,0.4 %,GR,TRIKA EXPERT GR,I.06-21,PROMOCHIMIE,SIPCAM INAGRA,2022,ALL_SUBSTANCES_APPROVED_IN_EU,1,Lambda-cyhalothrine,lambda-Cyhalothrin,Lambda-cyhalothrine:EU_APPROVED,
INECTICIDE,Lambda-cyhalothrine,10g/l,CS,LAMBDATROL,I.007-18,AGRIPROTEC,SIPCAM INAGRA,2022,ALL_SUBSTANCES_APPROVED_IN_EU,1,Lambda-cyhalothrine,lambda-Cyhalothrin,Lambda-cyhalothrine:EU_APPROVED,
INECTICIDE,Lambda-cyhalothrine,100g/l,CS,POINTER100 CS,I.002-17,promochimie,SIPCAM INAGRA,2022,ALL_SUBSTANCES_APPROVED_IN_EU,1,Lambda-cyhalothrine,lambda-Cyhalothrin,Lambda-cyhalothrine:EU_APPROVED,
INECTICIDE,Lambda-cyhalothrine,25 g/l,EC,Pulsar,I.168-11/21,PROTAGRI,United Phosphous Ltd,2022,ALL_SUBSTANCES_APPROVED_IN_EU,1,Lambda-cyhalothrine,lambda-Cyhalothrin,Lambda-cyhalothrine:EU_APPROVED,
INECTICIDE,Lambda-cyhalothrine,5 0 g / L,E C,Ravane,I.091-11/21,AGROSYSTEMES,GLOBACHEM,2022,ALL_SUBSTANCES_APPROVED_IN_EU,1,Lambda-cyhalothrine,lambda-Cyhalothrin,Lambda-cyhalothrine:EU_APPROVED,
INECTICIDE,Lambda-cyhalothrine,5 0 g / L,E C,Markate,I.016-15,AMINCO,GLOBACHEM,2022,ALL_SUBSTANCES_APPROVED_IN_EU,1,Lambda-cyhalothrine,lambda-Cyhalothrin,Lambda-cyhalothrine:EU_APPROVED,
INECTICIDE,Lambda-cyhalothrine,5 0 g / L,E C,Expert,I.007-15,SANABEL AGRO,SHARDA WORLDWIDE,2022,ALL_SUBSTANCES_APPROVED_IN_EU,1,Lambda-cyhalothrine,lambda-Cyhalothrin,Lambda-cyhalothrine:EU_APPROVED,
INECTICIDE,Lambda-cyhalothrine,5 0 g / L,E C,lalione EC,I.16-21,delta agicole plus,SHARDA WORLDWIDE,2022,ALL_SUBSTANCES_APPROVED_IN_EU,1,Lambda-cyhalothrine,lambda-Cyhalothrin,Lambda-cyhalothrine:EU_APPROVED,
INECTICIDE,Lambda-cyhalothrine,5 0 g / L,E C,Jackpot,16-013I.,SANABEL AGRO,ROTAM,2022,ALL_SUBSTANCES_APPROVED_IN_EU,1,Lambda-cyhalothrine,lambda-Cyhalothrin,Lambda-cyhalothrine:EU_APPROVED,
INECTICIDE,Lambda-cyhalothrine,1 0 0 g / L,C S,K u n g F u,I.005-18,SOLAGRI,SYNGENTA,2022,ALL_SUBSTANCES_APPROVED_IN_EU,1,Lambda-cyhalothrine,lambda-Cyhalothrin,Lambda-cyhalothrine:EU_APPROVED,
INECTICIDE,Lambda-cyhalothrin,160,SC,Timerole plus,I.042-22,DELTA AGRICOLE,Shandong weifang,2022,ALL_SUBSTANCES_APPROVED_IN_EU,1,Lambda-cyhalothrin,lambda-Cyhalothrin,Lambda-cyhalothrin:EU_APPROVED,
INECTICIDE,+Thiamethoxam,g/l+141 SC,SC,,,PLUS,rainbow chemical,2022,CONTAINS_NOT_APPROVED_SUBSTANCE_IN_EU,1,+Thiamethoxam,Thiamethoxam,+Thiamethoxam:EU_NOT_APPROVED,
INECTICIDE,Lufenuron,50 g/L,EC,CIGNA 50 EC,I.011-18,COTUGRAIN,SYNGENTA,2022,CONTAINS_NOT_APPROVED_SUBSTANCE_IN_EU,1,Lufenuron,Lufenuron,Lufenuron:EU_NOT_APPROVED,
INECTICIDE,Lufenuron,100g/l,EC,LIBERO,I.036-22,NEGANOR,Jingbo agrochemicals,2022,CONTAINS_NOT_APPROVED_SUBSTANCE_IN_EU,1,Lufenuron,Lufenuron,Lufenuron:EU_NOT_APPROVED,
INECTICIDE,Malathion,9 5 %,U L V,Malathion 96,I.095-11/21,SEPCM,CHEMINOVA /FMC,2022,ALL_SUBSTANCES_APPROVED_IN_EU,1,Malathion,Malathion,Malathion:EU_APPROVED,
INECTICIDE,Malathion,5 0 0 g / L,E C,F y f a n o n 5 0,I.097-11/21,SEPCM,CHEMINOVA,2022,ALL_SUBSTANCES_APPROVED_IN_EU,1,Malathion,Malathion,Malathion:EU_APPROVED,
INECTICIDE,Metaflumizone,240 g/l,SC,Alverde 240 SC,I.003-13,STIMA,BASF,2022,CONTAINS_NOT_APPROVED_SUBSTANCE_IN_EU,1,Metaflumizone,Metaflumizone,Metaflumizone:EU_NOT_APPROVED,
INECTICIDE,Metaflumizone,240 g/l,SC,VERSIMO 240 SC,I.13-21,AGRIPROTEC,BASF,2022,CONTAINS_NOT_APPROVED_SUBSTANCE_IN_EU,1,Metaflumizone,Metaflumizone,Metaflumizone:EU_NOT_APPROVED,
INECTICIDE,Métam sodium,5 1 0 g / L,S L,F u m i c a l,IN.098-11/21,BIOPROTECTION,UPL/ARYSTA,2022,ALL_SUBSTANCES_APPROVED_IN_EU,1,Métam sodium,Metam (incl. -potassium and -sodium),Métam sodium:EU_APPROVED,
INECTICIDE,Methiocarbe,2 0 0 g / l,S C,Mesurol 200 SC,I.015-13,ATLAS AGRICOLE,BAYER CROPSCIENCE,2022,CONTAINS_NOT_APPROVED_SUBSTANCE_IN_EU,1,Methiocarbe,Methiocarb (aka mercaptodimethur),Methiocarbe:EU_NOT_APPROVED,
INECTICIDE,Méthomyl,40%,SP,Kuik 400 SP,I.002-13,SANABEL AGRO,ROTAM,2022,CONTAINS_NOT_APPROVED_SUBSTANCE_IN_EU,1,Méthomyl,Methomyl,Méthomyl:EU_NOT_APPROVED,
INECTICIDE,Méthomyl,2 5 %,W P,Lannate 25,I.101-11/21,SEPCM,DU PONT (Taiwan),2022,CONTAINS_NOT_APPROVED_SUBSTANCE_IN_EU,1,Méthomyl,Methomyl,Méthomyl:EU_NOT_APPROVED,
INECTICIDE,Méthomyl,2 0 0 g / L,S L,Lannate 20 L,I.102-11/21,SEPCM,DU PONT,2022,CONTAINS_NOT_APPROVED_SUBSTANCE_IN_EU,1,Méthomyl,Methomyl,Méthomyl:EU_NOT_APPROVED,
INECTICIDE,Methoxyfenozide,240 g/l,SC,Runner,I.019-16,PROMOCHIMIE,DOW AGROSCIENCES,2022,CONTAINS_NOT_APPROVED_SUBSTANCE_IN_EU,1,Methoxyfenozide,Methoxyfenozide,Methoxyfenozide:EU_NOT_APPROVED,
INECTICIDE,Milbemectin,10 g/L,EC,Milbeknock,IA.103-11/21,AGRIPROTEC,Mitsui Chemicals,2022,ALL_SUBSTANCES_APPROVED_IN_EU,1,Milbemectin,Milbemectin,Milbemectin:EU_APPROVED,
INECTICIDE,Oxamyl,100 g/l,SL,Vydate 10 L,128-11/21 I.,AGRIPROTEC,DU PONT,2022,CONTAINS_NOT_APPROVED_SUBSTANCE_IN_EU,1,Oxamyl,Oxamyl,Oxamyl:EU_NOT_APPROVED,
INECTICIDE,Phénamiphos,1 0 %,G R,N e m a c u r 1 0 G,IN.104-11/21,PROMOCHIMIE,AMVAC Chemical,2022,NOT_FOUND_OR_NEEDS_MANUAL_REVIEW,0,Phénamiphos,,Phénamiphos:NOT_IN_EU_LIST,
INECTICIDE,Phosmet,50%,WP,Imidan 50 A,I.152-11/21,AGRIPROTEC,GOWAN/Espagne,2022,CONTAINS_NOT_APPROVED_SUBSTANCE_IN_EU,1,Phosmet,Phosmet,Phosmet:EU_NOT_APPROVED,
INECTICIDE,Phosmet,50%,WP,Foslete 50,I.011-13,EL KHADHRA,SIPCAM INAGRA,2022,CONTAINS_NOT_APPROVED_SUBSTANCE_IN_EU,1,Phosmet,Phosmet,Phosmet:EU_NOT_APPROVED,
INECTICIDE,Phosphure d’Al.,"77,50%",ET,Quickphlo-R,I.153-11/21,PROTAGRI,UNITED PHOSPHORUS,2022,NOT_FOUND_OR_NEEDS_MANUAL_REVIEW,0,Phosphure d’Al.,,Phosphure d’Al.:NOT_IN_EU_LIST,
INECTICIDE,Phosphure d’Al.,57 % +33%,FU,Quickphos,I.154-11/21,PROTAGRI,UNITED PHOSPHORUS,2022,NOT_FOUND_OR_NEEDS_MANUAL_REVIEW,0,Phosphure d’Al.,,Phosphure d’Al.:NOT_IN_EU_LIST,
INECTICIDE,+Phosphure d’Hy.,57 % +33%,FU,,,,LTD,2022,NOT_FOUND_OR_NEEDS_MANUAL_REVIEW,0,+Phosphure d’Hy.,,+Phosphure d’Hy.:NOT_IN_EU_LIST,
INECTICIDE,Phosphure d’Al.,57 % +33%,ET,Detia Gas,I.142-11/21,STIMA,DETIA DEGUECH,2022,NOT_FOUND_OR_NEEDS_MANUAL_REVIEW,0,Phosphure d’Al.,,Phosphure d’Al.:NOT_IN_EU_LIST,
INECTICIDE,+Phosphure d’Hy.,57 % +33%,ET,,,,,2022,NOT_FOUND_OR_NEEDS_MANUAL_REVIEW,0,+Phosphure d’Hy.,,+Phosphure d’Hy.:NOT_IN_EU_LIST,
INECTICIDE,Phosphure de Magnésium,57%+33%,PL,Magnaphos,I.171-11/21,PROTAGRI,UNITED PHOSPHORUS,2022,NOT_FOUND_OR_NEEDS_MANUAL_REVIEW,0,Phosphure de Magnésium,,Phosphure de Magnésium:NOT_IN_EU_LIST,
INECTICIDE,+Phosphure d’Hy.,57%+33%,PL,,,,LTD,2022,NOT_FOUND_OR_NEEDS_MANUAL_REVIEW,0,+Phosphure d’Hy.,,+Phosphure d’Hy.:NOT_IN_EU_LIST,
INECTICIDE,Phosphure de Magnésium,57%+33%,PL,Deguech plate,I.143-11/21,STIMA,DETIA DEGUECH,2022,NOT_FOUND_OR_NEEDS_MANUAL_REVIEW,0,Phosphure de Magnésium,,Phosphure de Magnésium:NOT_IN_EU_LIST,
INECTICIDE,+Phosphure d’Hy.,57%+33%,PL,,,,,2022,NOT_FOUND_OR_NEEDS_MANUAL_REVIEW,0,+Phosphure d’Hy.,,+Phosphure d’Hy.:NOT_IN_EU_LIST,
INECTICIDE,Pymetrozine,50%,WG,Plenum 50 WG,I.108-11/21,BIOPROTECTION,SYNGENTA,2022,CONTAINS_NOT_APPROVED_SUBSTANCE_IN_EU,1,Pymetrozine,Pymetrozine,Pymetrozine:EU_NOT_APPROVED,
INECTICIDE,Pyréthrine,40g/l,EC,ABANTO 40 EC,I.008-19,EL KHADRA,AFRASA INDUSTRIAS,2022,NOT_FOUND_OR_NEEDS_MANUAL_REVIEW,0,Pyréthrine,,Pyréthrine:NOT_IN_EU_LIST,
INECTICIDE,Pyrethrins,20 g/l,EC,PIRECRIS,I.008-22,ATLAS,Seipasa S.A,2022,ALL_SUBSTANCES_APPROVED_IN_EU,1,Pyrethrins,Pyrethrins,Pyrethrins:EU_APPROVED,
INECTICIDE,Pyrethrins,"18, 61 g/l",EC,Piretro Verde,I. 012-17,STIMA,COPYR S.p.A,2022,ALL_SUBSTANCES_APPROVED_IN_EU,1,Pyrethrins,Pyrethrins,Pyrethrins:EU_APPROVED,
INECTICIDE,Pyriproxyfen 100g/l,100 g/l,EC,MAGIC EC,I.009-22,Fertitech,HANGZHOU TOPAGRO,2022,ALL_SUBSTANCES_APPROVED_IN_EU,2,Pyriproxyfen 100g | l,Pyriproxyfen | Diflufenican,Pyriproxyfen 100g:EU_APPROVED | l:EU_APPROVED,
INECTICIDE,Pyriproxyfene,100g/l,EC,PROXYGOLD EC,I.044-22,NEGANOR,LAINCO SA,2022,ALL_SUBSTANCES_APPROVED_IN_EU,1,Pyriproxyfene,Pyriproxyfen,Pyriproxyfene:EU_APPROVED,
INECTICIDE,Pyridalyl,500 g/l,EC,Sumipleo50EC,I.015-16,AGRIMATCO,SUMITOMO,2022,CONTAINS_NOT_APPROVED_SUBSTANCE_IN_EU,1,Pyridalyl,Pyridalyl,Pyridalyl:EU_NOT_APPROVED,
INECTICIDE,Pyrimicarbe,5 0 %,W G,Piri,I.110-11/21,AGROSYSTEMES,GLOBACHEM,2022,NOT_FOUND_OR_NEEDS_MANUAL_REVIEW,0,Pyrimicarbe,,Pyrimicarbe:NOT_IN_EU_LIST,
INECTICIDE,Pyrimicarbe,5 0 %,W G,Tornado,I.017-15,AMINCO,GLOBACHEM,2022,NOT_FOUND_OR_NEEDS_MANUAL_REVIEW,0,Pyrimicarbe,,Pyrimicarbe:NOT_IN_EU_LIST,
INECTICIDE,Pyriproxyfene,100 g/l,EC,MULIGAN,I.001-18,AGRIPROTEC,PROPLAN,2022,ALL_SUBSTANCES_APPROVED_IN_EU,1,Pyriproxyfene,Pyriproxyfen,Pyriproxyfene:EU_APPROVED,
INECTICIDE,Pyriproxyfene,100 g/l,EC,PROXIMO EC,I.002-18,EL KHADRA,Indsutrias AFRASA S.A,2022,ALL_SUBSTANCES_APPROVED_IN_EU,1,Pyriproxyfene,Pyriproxyfen,Pyriproxyfene:EU_APPROVED,
INECTICIDE,Pyriproxyfene,100g/l,EC,BRAI EC,I.006-19,RAYEN,LAINCO SA,2022,ALL_SUBSTANCES_APPROVED_IN_EU,1,Pyriproxyfene,Pyriproxyfen,Pyriproxyfene:EU_APPROVED,
INECTICIDE,Pyrifluquinazon,20%,SC,RYCAR SC,I.007-22,EL KHADRA,SIPCAM INAGRAS,2022,CONTAINS_NOT_APPROVED_SUBSTANCE_IN_EU,1,Pyrifluquinazon,Pyrifluquinazon,Pyrifluquinazon:EU_NOT_APPROVED,
INECTICIDE,"(E,Z,Z)-3,8 ,11-",60 mg,VP,SHIN –ETSU MD T,I.014-22,COTUGRAIN,Shin ETSU chemical/,2022,CONTAINS_NOT_APPROVED_SUBSTANCE_IN_EU,3,(E | Z | Z)-3 | 11-,"Diflufenican | Mancozeb | (Z,E)-7,11-Hexadecadien-1-yl acetate (SCLP Acetates)",(E:EU_APPROVED | Z:EU_NOT_APPROVED | Z)-3:NOT_IN_EU_LIST | 11-:EU_APPROVED,
INECTICIDE,Tetradecadien -1-yl,/dispensers,VP,,,,CBC (EUROPE),2022,NOT_FOUND_OR_NEEDS_MANUAL_REVIEW,0,Tetradecadien -1-yl,,Tetradecadien -1-yl:NOT_IN_EU_LIST,
INECTICIDE,acetate( 53.8,/dispensers,VP,,,,,2022,ALL_SUBSTANCES_APPROVED_IN_EU,1,acetate( 53.8,"(Z,E)-7,11-Hexadecadien-1-yl acetate (SCLP Acetates)",acetate( 53.8:EU_APPROVED,
INECTICIDE,mg/diffuseur),/dispensers,VP,,,,,2022,NOT_FOUND_OR_NEEDS_MANUAL_REVIEW,0,mg | diffuseur),,mg:NOT_IN_EU_LIST | diffuseur):NOT_IN_EU_LIST,
INECTICIDE,"(E,Z)-3,8 –Tetradecad",/dispensers,VP,,,,,2022,NOT_FOUND_OR_NEEDS_MANUAL_REVIEW,2,(E | Z)-3 | 8 –Tetradecad,"Diflufenican | (E,Z)-3,8-Tetradecadien-1-yl acetate (SCLP Acetates)",(E:EU_APPROVED | Z)-3:NOT_IN_EU_LIST | 8 –Tetradecad:EU_APPROVED,
INECTICIDE,ien -1-yl acetate(6.2,/dispensers,VP,,,,,2022,NOT_FOUND_OR_NEEDS_MANUAL_REVIEW,0,ien -1-yl acetate(6.2,,ien -1-yl acetate(6.2:NOT_IN_EU_LIST,
INECTICIDE,Spinetoram,120 g/l,SC,Radiant 120 SC,I.001-15,ATLAS,DOW AGROSCIENCE,2022,CONTAINS_NOT_APPROVED_SUBSTANCE_IN_EU,1,Spinetoram,Spinetoram,Spinetoram:EU_NOT_APPROVED,
INECTICIDE,Spinosade,480 g/l,SC,SPINO 480 SC,I.017-22,EL KHADRA,BAICO BIOTECH,2022,ALL_SUBSTANCES_APPROVED_IN_EU,1,Spinosade,Spinosad,Spinosade:EU_APPROVED,
INECTICIDE,Spinosade,240 g/L,SC,LASER 240 SC,I.010-13,ATLAS AGRICOLE,DOW,2022,ALL_SUBSTANCES_APPROVED_IN_EU,1,Spinosade,Spinosad,Spinosade:EU_APPROVED,
INECTICIDE,Spinosade,"0,24 g/L",CB,Spintor,I.007-14,ATLAS AGRICOLE,DOW,2022,ALL_SUBSTANCES_APPROVED_IN_EU,1,Spinosade,Spinosad,Spinosade:EU_APPROVED,
INECTICIDE,Spirodiclofen,24%,SC,SPIRIDOR 240 SC,I.01-21,SHARDA,SHARDA CROPCHEM,2022,CONTAINS_NOT_APPROVED_SUBSTANCE_IN_EU,1,Spirodiclofen,Spirodiclofen,Spirodiclofen:EU_NOT_APPROVED,
INECTICIDE,Spirodiclofen,240 g/L,SC,Bolido 240 SC,IA.114-11/21,PROMOCHIMIE,BAYER,2022,CONTAINS_NOT_APPROVED_SUBSTANCE_IN_EU,1,Spirodiclofen,Spirodiclofen,Spirodiclofen:EU_NOT_APPROVED,
INECTICIDE,Spirodiclofen,240 g/L,SC,Envidor,IA.115-11/21,STEC,BAYER,2022,CONTAINS_NOT_APPROVED_SUBSTANCE_IN_EU,1,Spirodiclofen,Spirodiclofen,Spirodiclofen:EU_NOT_APPROVED,
INECTICIDE,Spirodiclofen,240 g/l,SC,ASKARI 240 SC,I.002-22,SEPCM,AAKO,2022,CONTAINS_NOT_APPROVED_SUBSTANCE_IN_EU,1,Spirodiclofen,Spirodiclofen,Spirodiclofen:EU_NOT_APPROVED,
INECTICIDE,Spirodiclofen,24%,SC,SPIDER EXTRA SC,I.026-22,SANABEL AGRO,SHARDA CROPCHEM,2022,CONTAINS_NOT_APPROVED_SUBSTANCE_IN_EU,1,Spirodiclofen,Spirodiclofen,Spirodiclofen:EU_NOT_APPROVED,
INECTICIDE,Spirodiclofen,240 g/l,SC,ACAROS SC,I.012-22,STEC,Shandong Kangqiao,2022,CONTAINS_NOT_APPROVED_SUBSTANCE_IN_EU,1,Spirodiclofen,Spirodiclofen,Spirodiclofen:EU_NOT_APPROVED,
INECTICIDE,Spiromesifen,240 g/L,SC,Oberon 240 SC,IA.116-11/21,ATLAS AGRICOLE,BAYER CROPSCIENCE,2022,CONTAINS_NOT_APPROVED_SUBSTANCE_IN_EU,1,Spiromesifen,Spiromesifen,Spiromesifen:EU_NOT_APPROVED,
INECTICIDE,Spirotetramat,150 g/L,OD,Movento 150 OD,I.117-11/21,ATLAS AGRICOLE,BAYER CROPSCIENCE,2022,CONTAINS_NOT_APPROVED_SUBSTANCE_IN_EU,1,Spirotetramat,Spirotetramat,Spirotetramat:EU_NOT_APPROVED,
INECTICIDE,SpliNPV,5 x 1011,SC,LITTOVIR,I.007-19,ALOHA,ANDERMATT,2022,NOT_FOUND_OR_NEEDS_MANUAL_REVIEW,0,SpliNPV,,SpliNPV:NOT_IN_EU_LIST,
INECTICIDE,(Spodopteralittoralisnucl,corps,SC,,,AGRICULTURE,BIOCONTROL AG,2022,NOT_FOUND_OR_NEEDS_MANUAL_REVIEW,0,(Spodopteralittoralisnucl,,(Spodopteralittoralisnucl:NOT_IN_EU_LIST,
INECTICIDE,eopolyhedrovirus),viraux/litre,SC,,,,,2022,ALL_SUBSTANCES_APPROVED_IN_EU,1,eopolyhedrovirus),"Spodoptera exigua multicapsid nucleopolyhedrovirus (SeMNPV), isolate BV-0004",eopolyhedrovirus):EU_APPROVED,
INECTICIDE,Spores de,48 g/kg,WG,MYCOTAL WG,I.004-18,NUTRIPLANT,KOPPERT BIOLOGICAL,2022,NOT_FOUND_OR_NEEDS_MANUAL_REVIEW,0,Spores de,,Spores de:NOT_IN_EU_LIST,
INECTICIDE,lecanicillummuscarium,(1.1*1010,WG,,,,SYSTEM,2022,NOT_FOUND_OR_NEEDS_MANUAL_REVIEW,0,lecanicillummuscarium,,lecanicillummuscarium:NOT_IN_EU_LIST,
INECTICIDE,souche 1979,spores/g),WG,,,,,2022,NOT_FOUND_OR_NEEDS_MANUAL_REVIEW,0,souche 1979,,souche 1979:NOT_IN_EU_LIST,
INECTICIDE,Sulfoxaflor,240 g/l,SC,Closer 240 SC,I.008-15,SEPCM,DOW AGROSCIENCE,2022,ALL_SUBSTANCES_APPROVED_IN_EU,1,Sulfoxaflor,Sulfoxaflor,Sulfoxaflor:EU_APPROVED,
INECTICIDE,Tau-fluvalinate,240 g/L,EW,Mavrik 2 F,I.173-11/21,STEC,AAKO,2022,ALL_SUBSTANCES_APPROVED_IN_EU,1,Tau-fluvalinate,tau-Fluvalinate,Tau-fluvalinate:EU_APPROVED,
INECTICIDE,Tebufenpyrad,20%,WP,MASAI,I.A.007-13,AGRIPROTEC,BASF/belchim,2022,ALL_SUBSTANCES_APPROVED_IN_EU,1,Tebufenpyrad,Tebufenpyrad,Tebufenpyrad:EU_APPROVED,
INECTICIDE,Tefluthrine,"0,50%",GR,VOLTRA 0.5 G,I.005-20,COTUGRAIN,SYNGENTA,2022,ALL_SUBSTANCES_APPROVED_IN_EU,1,Tefluthrine,Tefluthrin,Tefluthrine:EU_APPROVED,
INECTICIDE,Tefluthrine,0.5%,GR,DIASTAR MAXI GR,I.05-21,RAYEN,DIACHEM,2022,ALL_SUBSTANCES_APPROVED_IN_EU,1,Tefluthrine,Tefluthrin,Tefluthrine:EU_APPROVED,
INECTICIDE,Thiaclopride,480 g/L,SC,Calypso,I.120-11/21,PROMOCHIMIE,BAYER CROPSCIENCE,2022,CONTAINS_NOT_APPROVED_SUBSTANCE_IN_EU,1,Thiaclopride,Thiacloprid,Thiaclopride:EU_NOT_APPROVED,
INECTICIDE,Thiaclopride,150 g/L,OD,Proteus 170 OD,I.121-11/21,PROMOCHIMIE,BAYER CROPSCIENCE,2022,CONTAINS_NOT_APPROVED_SUBSTANCE_IN_EU,1,Thiaclopride,Thiacloprid,Thiaclopride:EU_NOT_APPROVED,
INECTICIDE,+Deltamethrine,+20 g/L,OD,,,,,2022,ALL_SUBSTANCES_APPROVED_IN_EU,1,+Deltamethrine,Deltamethrin,+Deltamethrine:EU_APPROVED,
INECTICIDE,Thiaméthoxam,350 g/L,FS,ADAGE 350FS,I.013-18,SOLAGRI,SYNGENTA,2022,CONTAINS_NOT_APPROVED_SUBSTANCE_IN_EU,1,Thiaméthoxam,Thiamethoxam,Thiaméthoxam:EU_NOT_APPROVED,
INECTICIDE,Thiamethoxam,141 g/L,SC,ALIKA 247 ZC,I.010-18,COTUGRAIN,SYNGENTA,2022,CONTAINS_NOT_APPROVED_SUBSTANCE_IN_EU,1,Thiamethoxam,Thiamethoxam,Thiamethoxam:EU_NOT_APPROVED,
INECTICIDE,+Lambda-cyhalothrine,+106 g/L,SC,,,IMPEX,,2022,ALL_SUBSTANCES_APPROVED_IN_EU,1,+Lambda-cyhalothrine,lambda-Cyhalothrin,+Lambda-cyhalothrine:EU_APPROVED,
INECTICIDE,Thiamétoxam,350 g/L,FS,Cruiser 350 FS,I.124-11/21,BIOPROTECTION,SYNGENTA,2022,NOT_FOUND_OR_NEEDS_MANUAL_REVIEW,0,Thiamétoxam,,Thiamétoxam:NOT_IN_EU_LIST,
INECTICIDE,Thiamétoxam,25%,WG,Synara 25 WG,I.123-11/21,BIOPROTECTION,SYNGENTA,2022,NOT_FOUND_OR_NEEDS_MANUAL_REVIEW,0,Thiamétoxam,,Thiamétoxam:NOT_IN_EU_LIST,
FONGICIDE,Adepidyn+,75 g/l+125 g/l,SC,Miravis duo Sc,F.11-21,BIOPROTECTION,ARYSTA,2022,NOT_FOUND_OR_NEEDS_MANUAL_REVIEW,0,Adepidyn+,,Adepidyn+:NOT_IN_EU_LIST,
FONGICIDE,Difenoconazole,75 g/l+125 g/l,SC,,,,LIFESCIENCES,2022,ALL_SUBSTANCES_APPROVED_IN_EU,1,Difenoconazole,Difenoconazole,Difenoconazole:EU_APPROVED,
FONGICIDE,Ametoctradin+,300 g/L + 225,SC,Orvego,F.002-14,AGRIPROTEC,BASF,2022,ALL_SUBSTANCES_APPROVED_IN_EU,1,Ametoctradin+,Ametoctradin,Ametoctradin+:EU_APPROVED,
FONGICIDE,Dimethomorph,g/L,SC,,,,,2022,CONTAINS_NOT_APPROVED_SUBSTANCE_IN_EU,1,Dimethomorph,Dimethomorph,Dimethomorph:EU_NOT_APPROVED,
FONGICIDE,Ametoctradine,200 g/l,SC,SNOOKER SC,F.003-19,STIMA,BASF,2022,ALL_SUBSTANCES_APPROVED_IN_EU,1,Ametoctradine,Ametoctradin,Ametoctradine:EU_APPROVED,
FONGICIDE,Amisulbrom,200g/l,SC,LEIMAY 20 SC,F.014-17,EL MOUSSEM,NISSAN CHEMICAL,2022,ALL_SUBSTANCES_APPROVED_IN_EU,1,Amisulbrom,Amisulbrom,Amisulbrom:EU_APPROVED,
FONGICIDE,Aureobasidium pullulans,500g/kg(2.5*1,WG,BOTECTOR WG,F.22-21,STIMA,BIOFERM/SAN,2022,ALL_SUBSTANCES_APPROVED_IN_EU,1,Aureobasidium pullulans,Aureobasidium pullulans (strains DSM 14940 and DSM 14941),Aureobasidium pullulans:EU_APPROVED,
FONGICIDE,DSM 14940 et,09,WG,,,,AGROW,2022,NOT_FOUND_OR_NEEDS_MANUAL_REVIEW,0,DSM 14940 et,,DSM 14940 et:NOT_IN_EU_LIST,
FONGICIDE,aureobasidium pullulans,CFU/g)500g/k,WG,,,,,2022,ALL_SUBSTANCES_APPROVED_IN_EU,1,aureobasidium pullulans,Aureobasidium pullulans (strains DSM 14940 and DSM 14941),aureobasidium pullulans:EU_APPROVED,
FONGICIDE,DSM 14941,g(2.5*109,WG,,,,,2022,ALL_SUBSTANCES_APPROVED_IN_EU,1,DSM 14941,Pseudomonas sp. Strain DSMZ 13134,DSM 14941:EU_APPROVED,
FONGICIDE,Azoxystrobine,25%,EC,SORBISTAR,F.040-22,SOCOOPEC,ZHEJIANG E-TONG CHEMICAL,2022,ALL_SUBSTANCES_APPROVED_IN_EU,1,Azoxystrobine,Azoxystrobin,Azoxystrobine:EU_APPROVED,
FONGICIDE,Azoxystrobine,250 g/l,SC,LEGADO 250 SC,F.014-18,EL KHADRA,AFRASA,2022,ALL_SUBSTANCES_APPROVED_IN_EU,1,Azoxystrobine,Azoxystrobin,Azoxystrobine:EU_APPROVED,
FONGICIDE,Azoxystrobine,250 g/l,SC,Azox SC,F.039-17,Ets MEZGHANNI,JIANGYIN SULI,2022,ALL_SUBSTANCES_APPROVED_IN_EU,1,Azoxystrobine,Azoxystrobin,Azoxystrobine:EU_APPROVED,
FONGICIDE,Azoxystrobine,50%,WG,AXYTOP 50WG,F.060-22,EXCEL AGRI,SHARDA,2022,ALL_SUBSTANCES_APPROVED_IN_EU,1,Azoxystrobine,Azoxystrobin,Azoxystrobine:EU_APPROVED,
FONGICIDE,Azoxystrobine,50%,WG,Cayen 500 WG,F.035-16,RAYEN,SHARDA,2022,ALL_SUBSTANCES_APPROVED_IN_EU,1,Azoxystrobine,Azoxystrobin,Azoxystrobine:EU_APPROVED,
FONGICIDE,Azoxystrobine,250 g/l,SC,SINSTAR SC,F.030-17,SANABEL AGRO,SINON,2022,ALL_SUBSTANCES_APPROVED_IN_EU,1,Azoxystrobine,Azoxystrobin,Azoxystrobine:EU_APPROVED,
FONGICIDE,Azoxystrobine,2 5 0 g / L,S C,G l o b a z t a r 2 5 0 S C,F . 0 1 7 - 1 3,AGROSYSTEMES,Globachem,2022,ALL_SUBSTANCES_APPROVED_IN_EU,1,Azoxystrobine,Azoxystrobin,Azoxystrobine:EU_APPROVED,
FONGICIDE,Azoxystrobine,2 5 0 g / L,S C,Z a f t r a S C,F . 0 3 4 - 1 5,AMINCO,Globachem,2022,ALL_SUBSTANCES_APPROVED_IN_EU,1,Azoxystrobine,Azoxystrobin,Azoxystrobine:EU_APPROVED,
FONGICIDE,Azoxystrobine,2 5 0 g / L,S C,a z i m u t S C,F . 4 8 - 2 1,ATLAS AGRICOLE,NUFARM,2022,ALL_SUBSTANCES_APPROVED_IN_EU,1,Azoxystrobine,Azoxystrobin,Azoxystrobine:EU_APPROVED,
FONGICIDE,Azoxystrobine,2 5 0 g / L,S C,T a z e r 2 5 0 S C,F . 0 2 4 - 1 5,EL MOUSSEM,NUFARM,2022,ALL_SUBSTANCES_APPROVED_IN_EU,1,Azoxystrobine,Azoxystrobin,Azoxystrobine:EU_APPROVED,
FONGICIDE,Azoxystrobine,2 5 0 g / L,S C,A f f i x 2 5 0 S C,F . 0 3 0 - 1 6,PROTAGRI,UPL,2022,ALL_SUBSTANCES_APPROVED_IN_EU,1,Azoxystrobine,Azoxystrobin,Azoxystrobine:EU_APPROVED,
FONGICIDE,Azoxystrobine,2 5 0 g / L,S C,A r o x y 2 5 0 S C,F . 0 7 4 - 2 2,AGRIMATCO,UPL,2022,ALL_SUBSTANCES_APPROVED_IN_EU,1,Azoxystrobine,Azoxystrobin,Azoxystrobine:EU_APPROVED,
FONGICIDE,Azoxystrobine,2 5 0 g / L,S C,H Y D O 2 5 0 S C,F . 3 4 - 2 1,STEC,nanjing,2022,ALL_SUBSTANCES_APPROVED_IN_EU,1,Azoxystrobine,Azoxystrobin,Azoxystrobine:EU_APPROVED,
FONGICIDE,Azoxystrobine,200g/l + 80 g/l,SC,COUGAR SC,F.016-18,PROTAGRI,UPL LIMITED,2022,ALL_SUBSTANCES_APPROVED_IN_EU,1,Azoxystrobine,Azoxystrobin,Azoxystrobine:EU_APPROVED,
FONGICIDE,+Cyproconazole,200g/l + 80 g/l,SC,,,,,2022,CONTAINS_NOT_APPROVED_SUBSTANCE_IN_EU,1,+Cyproconazole,Cyproconazole,+Cyproconazole:EU_NOT_APPROVED,
FONGICIDE,Azoxystrobine,200g/l + 80 g/l,SC,DOUBLE FORCE,F. 029-17,SANABEL AGRO,SHARDA,2022,ALL_SUBSTANCES_APPROVED_IN_EU,1,Azoxystrobine,Azoxystrobin,Azoxystrobine:EU_APPROVED,
FONGICIDE,Azoxystrobine,200 g/l+125 g/l,SC,ALLIANCE TOP SC,F.011-22,AGRI PLUS,JIANGYIN SULI,2022,ALL_SUBSTANCES_APPROVED_IN_EU,1,Azoxystrobine,Azoxystrobin,Azoxystrobine:EU_APPROVED,
FONGICIDE,+Difenoconazole,200 g/l+125 g/l,SC,,,,CHEMICALCO,2022,ALL_SUBSTANCES_APPROVED_IN_EU,1,+Difenoconazole,Difenoconazole,+Difenoconazole:EU_APPROVED,
FONGICIDE,Azoxystrobine,200 g/l+125 g/l,SC,AMISCORE SC,F.014-22,PROTAGRI,NANJING,2022,ALL_SUBSTANCES_APPROVED_IN_EU,1,Azoxystrobine,Azoxystrobin,Azoxystrobine:EU_APPROVED,
FONGICIDE,+Difenoconazole,200 g/l+125 g/l,SC,,,,AGROCHEMICAL,2022,ALL_SUBSTANCES_APPROVED_IN_EU,1,+Difenoconazole,Difenoconazole,+Difenoconazole:EU_APPROVED,
FONGICIDE,Azoxystrobine,200 g/l+125 g/l,SC,FULL TOP SC,F.073-22,NEGANOR,JIANGYIN SULI,2022,ALL_SUBSTANCES_APPROVED_IN_EU,1,Azoxystrobine,Azoxystrobin,Azoxystrobine:EU_APPROVED,
FONGICIDE,Azoxystrobine,125 g/l+125 g/l,SC,PRIORI GOLD 250,F.40-21,SOLAGRI,SYNGENTA Crop,2022,ALL_SUBSTANCES_APPROVED_IN_EU,1,Azoxystrobine,Azoxystrobin,Azoxystrobine:EU_APPROVED,
FONGICIDE,+Difeconazole,125 g/l+125 g/l,SC,SC,,,Protection,2022,NOT_FOUND_OR_NEEDS_MANUAL_REVIEW,0,+Difeconazole,,+Difeconazole:NOT_IN_EU_LIST,
FONGICIDE,Azoxystrobine,200 g/l+125 g/l,SC,Black panther SC,F.009-22,FERTITECH,HANGZHOU,2022,ALL_SUBSTANCES_APPROVED_IN_EU,1,Azoxystrobine,Azoxystrobin,Azoxystrobine:EU_APPROVED,
FONGICIDE,+difenoconazole,200 g/l+125 g/l,SC,,,,TOPAGRO,2022,ALL_SUBSTANCES_APPROVED_IN_EU,1,+difenoconazole,Difenoconazole,+difenoconazole:EU_APPROVED,
FONGICIDE,Azoxystrobine,75 g/L +75 g/L,EC,Serial 150 EC,F.019-15,SEPCM,AAKO,2022,ALL_SUBSTANCES_APPROVED_IN_EU,1,Azoxystrobine,Azoxystrobin,Azoxystrobine:EU_APPROVED,
FONGICIDE,+Epoxiconazole,75 g/L +75 g/L,EC,,,,,2022,CONTAINS_NOT_APPROVED_SUBSTANCE_IN_EU,1,+Epoxiconazole,Epoxiconazole,+Epoxiconazole:EU_NOT_APPROVED,
FONGICIDE,Azoxystrobine,"80g+31,25 g/l",SC,AZIMUT XPERT SC,F.18-21,ATLAS AGRICOLE,NUFARM,2022,ALL_SUBSTANCES_APPROVED_IN_EU,1,Azoxystrobine,Azoxystrobin,Azoxystrobine:EU_APPROVED,
FONGICIDE,+Epoxiconazole,"80g+31,25 g/l",SC,,,,,2022,CONTAINS_NOT_APPROVED_SUBSTANCE_IN_EU,1,+Epoxiconazole,Epoxiconazole,+Epoxiconazole:EU_NOT_APPROVED,
FONGICIDE,Azoxystrobine,"80g+31,25 g/l",SC,TAZER XPERT SC,F.52-21,el moussem,NUFARM,2022,ALL_SUBSTANCES_APPROVED_IN_EU,1,Azoxystrobine,Azoxystrobin,Azoxystrobine:EU_APPROVED,
FONGICIDE,Azoxystrobin +,25%+12.5%,SC,CURAX EXTRA SC,F.009-20,SHARDA,SHARDA,2022,ALL_SUBSTANCES_APPROVED_IN_EU,1,Azoxystrobin +,Azoxystrobin,Azoxystrobin +:EU_APPROVED,
FONGICIDE,Flutriafol,25%+12.5%,SC,,,CROPCHEM,CROPCHEM,2022,CONTAINS_NOT_APPROVED_SUBSTANCE_IN_EU,1,Flutriafol,Flutriafol,Flutriafol:EU_NOT_APPROVED,
FONGICIDE,Azoxystrobin +,25%+12.5%,SC,CURATEX EXTRA,F.63-21,FERTITECH,SHARDA,2022,ALL_SUBSTANCES_APPROVED_IN_EU,1,Azoxystrobin +,Azoxystrobin,Azoxystrobin +:EU_APPROVED,
FONGICIDE,Flutriafol,25%+12.5%,SC,SC,,,CROPCHEM,2022,CONTAINS_NOT_APPROVED_SUBSTANCE_IN_EU,1,Flutriafol,Flutriafol,Flutriafol:EU_NOT_APPROVED,
FONGICIDE,Azoxystrobine +flutriafol,125 g/l+125 g/l,SC,Impact max SC,F.037-22,AGRIPROTEC,BASF SE,2022,ALL_SUBSTANCES_APPROVED_IN_EU,1,Azoxystrobine +flutriafol,Azoxystrobin,Azoxystrobine +flutriafol:EU_APPROVED,
FONGICIDE,Azoxystrobine +,200g/l + 200,SC,START-UP,F.038-15,BIOPROTECTION,AAKO,2022,ALL_SUBSTANCES_APPROVED_IN_EU,1,Azoxystrobine +,Azoxystrobin,Azoxystrobine +:EU_APPROVED,
FONGICIDE,Tebuconazole,g/l,SC,,,,,2022,ALL_SUBSTANCES_APPROVED_IN_EU,1,Tebuconazole,Tebuconazole,Tebuconazole:EU_APPROVED,
FONGICIDE,Azoxystrobine +,80 g/l + 160g/l,SC,Altitud Gold 240SC,F.025-16,SANABEL AGRO,ROTAM,2022,ALL_SUBSTANCES_APPROVED_IN_EU,1,Azoxystrobine +,Azoxystrobin,Azoxystrobine +:EU_APPROVED,
FONGICIDE,Tebuconazole,80 g/l + 160g/l,SC,,,,AGROCHEMICALS/r,2022,ALL_SUBSTANCES_APPROVED_IN_EU,1,Tebuconazole,Tebuconazole,Tebuconazole:EU_APPROVED,
FONGICIDE,Azoxystrobine,80 g/L +400,SC,Priori Opti,F.003-11/21,BIOPROTECTION,SYNGENTA,2022,ALL_SUBSTANCES_APPROVED_IN_EU,1,Azoxystrobine,Azoxystrobin,Azoxystrobine:EU_APPROVED,
FONGICIDE,+Chlorothalonil,g/L,SC,,,,,2022,CONTAINS_NOT_APPROVED_SUBSTANCE_IN_EU,1,+Chlorothalonil,Chlorothalonil,+Chlorothalonil:EU_NOT_APPROVED,
FONGICIDE,Azoxystrobine,200 g/L +125,SC,AZ-TOP SC,F.003-20,SLDA,Sharda cropchem,2022,ALL_SUBSTANCES_APPROVED_IN_EU,1,Azoxystrobine,Azoxystrobin,Azoxystrobine:EU_APPROVED,
FONGICIDE,+Difenoconazole,g/L,SC,,,,limited,2022,ALL_SUBSTANCES_APPROVED_IN_EU,1,+Difenoconazole,Difenoconazole,+Difenoconazole:EU_APPROVED,
FONGICIDE,Azoxystrobine,200 g/L +125,SC,Ortiva TOP,F.004-18,SLOGRI,SYNGENTA,2022,ALL_SUBSTANCES_APPROVED_IN_EU,1,Azoxystrobine,Azoxystrobin,Azoxystrobine:EU_APPROVED,
FONGICIDE,+Difenoconazole,g/L,SC,,,,,2022,ALL_SUBSTANCES_APPROVED_IN_EU,1,+Difenoconazole,Difenoconazole,+Difenoconazole:EU_APPROVED,
FONGICIDE,Azoxystrobine,322 g/l + 124,SE,UNIFORM 446,F.132-11/21,BIOPROTECTION,SYNGENTA,2022,ALL_SUBSTANCES_APPROVED_IN_EU,1,Azoxystrobine,Azoxystrobin,Azoxystrobine:EU_APPROVED,
FONGICIDE,+Mefenoxam(metalaxyl-,g/l,SE,,,,,2022,ALL_SUBSTANCES_APPROVED_IN_EU,1,+Mefenoxam(metalaxyl-,Metalaxyl,+Mefenoxam(metalaxyl-:EU_APPROVED,
FONGICIDE,M),g/l,SE,,,,,2022,CONTAINS_NOT_APPROVED_SUBSTANCE_IN_EU,1,M),Dimoxystrobin,M):EU_NOT_APPROVED,
FONGICIDE,Azoxystrobine+Propicon,141.4 g/l +,SE,EPIDOR,F.021-16,ATLAS AGRICOLE,SYNGENTA / DOW,2022,ALL_SUBSTANCES_APPROVED_IN_EU,1,Azoxystrobine+Propicon,Azoxystrobin,Azoxystrobine+Propicon:EU_APPROVED,
FONGICIDE,azole,122.4 g/l,SE,,,,AGROSCIENCES,2022,ALL_SUBSTANCES_APPROVED_IN_EU,1,azole,Difenoconazole,azole:EU_APPROVED,
FONGICIDE,Azoxystrobine+Propicon,141.4 g/l +,SE,QUILT XCEL,F.129-11/21,BIOPROTECTION,SYNGENTA,2022,ALL_SUBSTANCES_APPROVED_IN_EU,1,Azoxystrobine+Propicon,Azoxystrobin,Azoxystrobine+Propicon:EU_APPROVED,
FONGICIDE,azole,122.4 g/l,SE,,,,,2022,ALL_SUBSTANCES_APPROVED_IN_EU,1,azole,Difenoconazole,azole:EU_APPROVED,
FONGICIDE,Bacillus,1.0 x109 cfu/g,SC,SERENADE PRIME,F.13-21,EL MOUSSEM,Bayer AG,2022,MANUAL_REVIEW,1,Bacillus,Bacillus velezensis ABi01,Bacillus:FOUND_UNKNOWN_STATUS,
FONGICIDE,amyloliquefaciens,de bacillus,SC,,,,,2022,ALL_SUBSTANCES_APPROVED_IN_EU,1,amyloliquefaciens,Bacillus amyloliquefaciens AH2,amyloliquefaciens:EU_APPROVED,
FONGICIDE,QST713SCmin,subtilis QST,SC,,,,,2022,NOT_FOUND_OR_NEEDS_MANUAL_REVIEW,0,QST713SCmin,,QST713SCmin:NOT_IN_EU_LIST,
FONGICIDE,Bacillus subtilis de souche,1x109 CFU/g,WP,BIOBAC,F.131-11/21,BIOPROTECTION,BION TECH INC/,2022,NOT_FOUND_OR_NEEDS_MANUAL_REVIEW,0,Bacillus subtilis de souche,,Bacillus subtilis de souche:NOT_IN_EU_LIST,
FONGICIDE,Y 1336,1x109 CFU/g,WP,,,,AAKO,2022,CONTAINS_NOT_APPROVED_SUBSTANCE_IN_EU,1,Y 1336,Dimoxystrobin,Y 1336:EU_NOT_APPROVED,
FONGICIDE,Bacillus,130 g/kg,WP,Taegro,F.006-22,COTUGRAIN,Novozymesbiologicals,2022,MANUAL_REVIEW,1,Bacillus,Bacillus velezensis ABi01,Bacillus:FOUND_UNKNOWN_STATUS,
FONGICIDE,amyloliquefaciens souche,130 g/kg,WP,,,,inc/syngenta,2022,NOT_FOUND_OR_NEEDS_MANUAL_REVIEW,0,amyloliquefaciens souche,,amyloliquefaciens souche:NOT_IN_EU_LIST,
FONGICIDE,FZB24:,130 g/kg,WP,,,,,2022,ALL_SUBSTANCES_APPROVED_IN_EU,1,FZB24:,Bacillus amyloliquefaciens strain FZB24,FZB24::EU_APPROVED,
FONGICIDE,Bacillus subtilis strain,1x108ufc/g,SL,Fungisei SL,F.008-22,ATLAS,SEIPASA S A/,2022,ALL_SUBSTANCES_APPROVED_IN_EU,1,Bacillus subtilis strain,Bacillus subtilis strain IAB/BS03,Bacillus subtilis strain:EU_APPROVED,
FONGICIDE,IAB/BS03,1x108ufc/g,SL,,,AGRICOLE,,2022,MANUAL_REVIEW,2,IAB | BS03,Thiabendazole | Bacteriophages against Clavibacter michiganensis subsp. michiganensis (BACMM),IAB:EU_APPROVED | BS03:FOUND_UNKNOWN_STATUS,
FONGICIDE,Benalaxyl + cymoxanil +,6 % +3.2 %,WP,Micene Triple,F.029-16,EL KHADRA,SIPCAM INAGRA,2022,CONTAINS_NOT_APPROVED_SUBSTANCE_IN_EU,1,Benalaxyl + cymoxanil +,Benalaxyl,Benalaxyl + cymoxanil +:EU_NOT_APPROVED,
FONGICIDE,mancozebe,+40%,WP,,,,,2022,CONTAINS_NOT_APPROVED_SUBSTANCE_IN_EU,1,mancozebe,Mancozeb,mancozebe:EU_NOT_APPROVED,
FONGICIDE,Benzovindiflupyr,30 g/l+110,SE,ELATUSTM Arc SE,F.008-20,SOLAGRI,SYNGENTA AGRO,2022,ALL_SUBSTANCES_APPROVED_IN_EU,1,Benzovindiflupyr,Benzovindiflupyr,Benzovindiflupyr:EU_APPROVED,
FONGICIDE,+Azoxystrobin,g/l+124 g/l,SE,,,,AG,2022,ALL_SUBSTANCES_APPROVED_IN_EU,1,+Azoxystrobin,Azoxystrobin,+Azoxystrobin:EU_APPROVED,
FONGICIDE,+Propiconazole,g/l+124 g/l,SE,,,,,2022,CONTAINS_NOT_APPROVED_SUBSTANCE_IN_EU,1,+Propiconazole,Propiconazole,+Propiconazole:EU_NOT_APPROVED,
FONGICIDE,Borax,1 0 g / L,S L,O r o t u n,I . A . F . 0 17-16,RAYEN,ORO AGRI,2022,NOT_FOUND_OR_NEEDS_MANUAL_REVIEW,0,Borax,,Borax:NOT_IN_EU_LIST,
FONGICIDE,Boscalid,5 0 %,W G,C a n t u s WG,F.005-11/21,STIMA,BASF,2022,ALL_SUBSTANCES_APPROVED_IN_EU,1,Boscalid,Boscalid (formerly nicobifen),Boscalid:EU_APPROVED,
FONGICIDE,Boscalid,5 0 %,W G,M A S T OR WG,F.47-21,rayen phytagri,BASF,2022,ALL_SUBSTANCES_APPROVED_IN_EU,1,Boscalid,Boscalid (formerly nicobifen),Boscalid:EU_APPROVED,
FONGICIDE,Boscalid +,233 g/l + 67,SC,Bell Extra,F.001-13,BIOPROTECTION,BASF,2022,ALL_SUBSTANCES_APPROVED_IN_EU,1,Boscalid +,Boscalid (formerly nicobifen),Boscalid +:EU_APPROVED,
FONGICIDE,Epoxiconazole,g/l,SC,,,,,2022,CONTAINS_NOT_APPROVED_SUBSTANCE_IN_EU,1,Epoxiconazole,Epoxiconazole,Epoxiconazole:EU_NOT_APPROVED,
FONGICIDE,Boscalid +Krésoxym-,200 g/L +100,SC,hexagon SC,F.45-21,cotugrain,BASF,2022,ALL_SUBSTANCES_APPROVED_IN_EU,1,Boscalid +Krésoxym-,Boscalid (formerly nicobifen),Boscalid +Krésoxym-:EU_APPROVED,
FONGICIDE,Methyl,g/L,SC,,,,,2022,CONTAINS_NOT_APPROVED_SUBSTANCE_IN_EU,1,Methyl,Azinphos-methyl,Methyl:EU_NOT_APPROVED,
FONGICIDE,Boscalid +Krésoxym-,200 g/L +100,SC,Collis 300SC,F.007-11/21,STIMA,BASF,2022,ALL_SUBSTANCES_APPROVED_IN_EU,1,Boscalid +Krésoxym-,Boscalid (formerly nicobifen),Boscalid +Krésoxym-:EU_APPROVED,
FONGICIDE,Boscalid +Pyraclostrobin,"25,2 % +12,8%",WG,Pristine WG,F.006-11/21,AGRIPROTEC,BASF,2022,ALL_SUBSTANCES_APPROVED_IN_EU,1,Boscalid +Pyraclostrobin,Boscalid (formerly nicobifen),Boscalid +Pyraclostrobin:EU_APPROVED,
FONGICIDE,Boscalid +Pyraclostrobin,267 g/kg +67,WG,Signum WG,015-14F.,COTUGRAIN,BASF,2022,ALL_SUBSTANCES_APPROVED_IN_EU,1,Boscalid +Pyraclostrobin,Boscalid (formerly nicobifen),Boscalid +Pyraclostrobin:EU_APPROVED,
FONGICIDE,Bromuconazole,100g/l,SC,Vectra 10 SC,F.037-15,STEC,SUMITOMO,2022,ALL_SUBSTANCES_APPROVED_IN_EU,1,Bromuconazole,Bromuconazole,Bromuconazole:EU_APPROVED,
FONGICIDE,Bupirimate,2 5 0 g / L,E C,N i m r od,F.008-11/21,SEPCM,AAKO BV,2022,ALL_SUBSTANCES_APPROVED_IN_EU,1,Bupirimate,Bupirimate,Bupirimate:EU_APPROVED,
FONGICIDE,Captane,80%,WG,CAPITOL 80 WG,F.023-17,AGRONOMIC,SHARDA,2022,ALL_SUBSTANCES_APPROVED_IN_EU,1,Captane,Captan,Captane:EU_APPROVED,
FONGICIDE,Captane,80%,WG,Malvin80 WG,F.135-11/21,BIOPROTECTION,UPL/ARYSTA,2022,ALL_SUBSTANCES_APPROVED_IN_EU,1,Captane,Captan,Captane:EU_APPROVED,
FONGICIDE,Captane,500 g/kg,WP,PROTHANE,F.020-16,DELTA AGRICOLE,SHARDA,2022,ALL_SUBSTANCES_APPROVED_IN_EU,1,Captane,Captan,Captane:EU_APPROVED,
FONGICIDE,Captane,80%,WG,MITANE,F.016-16,SOCOOPEC,SHARDA,2022,ALL_SUBSTANCES_APPROVED_IN_EU,1,Captane,Captan,Captane:EU_APPROVED,
FONGICIDE,Captane,480 g/l,EC,CAPLANT EC,F.008-19,FERTIPLANT,Sharda Cropchem,2022,ALL_SUBSTANCES_APPROVED_IN_EU,1,Captane,Captan,Captane:EU_APPROVED,
FONGICIDE,captane,480 g/l,EC,KAPI-TOP 48 EC,F.67-21,Agrinova,SHARDA,2022,ALL_SUBSTANCES_APPROVED_IN_EU,1,captane,Captan,captane:EU_APPROVED,
FONGICIDE,Captane,8 3 %,W P,F I L D E R,F.058-22,EL MOUSSEM,ARYSTA LIFESCIENCE/UPL,2022,ALL_SUBSTANCES_APPROVED_IN_EU,1,Captane,Captan,Captane:EU_APPROVED,
FONGICIDE,Captane,8 3 %,W P,C a p t a n 83 WP,F.009-11/21,AGRIPROTEC,ARYSTA LIFESCIENCE/UPL,2022,ALL_SUBSTANCES_APPROVED_IN_EU,1,Captane,Captan,Captane:EU_APPROVED,
FONGICIDE,Captane,8 3 %,W P,A k o t a n 830 WP,F.010-11/21,SEPCM,AAKO,2022,ALL_SUBSTANCES_APPROVED_IN_EU,1,Captane,Captan,Captane:EU_APPROVED,
FONGICIDE,Carbandazime,500 g/L,FL,Mandarin,F.201-11/21,SANABEL AGRO,SINON,2022,NOT_FOUND_OR_NEEDS_MANUAL_REVIEW,0,Carbandazime,,Carbandazime:NOT_IN_EU_LIST,
FONGICIDE,Carbendazime,500 g/l,SC,HELIX,F.013-19,COTUGRAIN,SHARDA,2022,CONTAINS_NOT_APPROVED_SUBSTANCE_IN_EU,1,Carbendazime,Carbendazim,Carbendazime:EU_NOT_APPROVED,
FONGICIDE,Carbendazime,50 % (g/kg),WP,PROGREEN,F.018-16,PROTAGRI,UPL,2022,CONTAINS_NOT_APPROVED_SUBSTANCE_IN_EU,1,Carbendazime,Carbendazim,Carbendazime:EU_NOT_APPROVED,
FONGICIDE,Carbendazime,500 g/l,SC,SHARCARB,F.017-16,SOCOOPEC,SHARDA,2022,CONTAINS_NOT_APPROVED_SUBSTANCE_IN_EU,1,Carbendazime,Carbendazim,Carbendazime:EU_NOT_APPROVED,
FONGICIDE,CINNAMOMUM,22.03%,EC,Cynam EC,F.004-22,COTUGRAIN,LIDA,2022,MANUAL_REVIEW,1,CINNAMOMUM,Cinnamomum cassia oil,CINNAMOMUM:FOUND_UNKNOWN_STATUS,
FONGICIDE,ZEYLANICUM :Extrait,(équivaut à,EC,,,,,2022,NOT_FOUND_OR_NEEDS_MANUAL_REVIEW,0,ZEYLANICUM :Extrait,,ZEYLANICUM :Extrait:NOT_IN_EU_LIST,
FONGICIDE,de Cannelle (Cinnam,"232,50 g",EC,,,,,2022,NOT_FOUND_OR_NEEDS_MANUAL_REVIEW,0,de Cannelle (Cinnam,,de Cannelle (Cinnam:NOT_IN_EU_LIST,
FONGICIDE,aldehyde),d'aldéhyde,EC,,,,,2022,ALL_SUBSTANCES_APPROVED_IN_EU,1,aldehyde),Metaldehyde,aldehyde):EU_APPROVED,
FONGICIDE,Chinozole,500 g/L,SL,Beltanol-L,F.011-11/21,AGRIPROTEC,PROBELTE,2022,NOT_FOUND_OR_NEEDS_MANUAL_REVIEW,0,Chinozole,,Chinozole:NOT_IN_EU_LIST,
FONGICIDE,Chinozole,500 g/L,SL,V-NOL,F.025-18,AGROSYSTEMES,PROBELTE,2022,NOT_FOUND_OR_NEEDS_MANUAL_REVIEW,0,Chinozole,,Chinozole:NOT_IN_EU_LIST,
FONGICIDE,Chlorothalonil,720 g/l,SC,Morfus 720 SC,F.014-14,SANABEL AGRO,ROTAM,2022,CONTAINS_NOT_APPROVED_SUBSTANCE_IN_EU,1,Chlorothalonil,Chlorothalonil,Chlorothalonil:EU_NOT_APPROVED,
FONGICIDE,Chlorothalonil,500g/l,SC,AVOCA,F.004-20,RAYEN,Barclay,2022,CONTAINS_NOT_APPROVED_SUBSTANCE_IN_EU,1,Chlorothalonil,Chlorothalonil,Chlorothalonil:EU_NOT_APPROVED,
FONGICIDE,Chlorothalonil,7 2 0 g / L,S C,B a n k o 720 SC,F.013-11/21,BIOPROTECTION,UPL/ARYSTA,2022,CONTAINS_NOT_APPROVED_SUBSTANCE_IN_EU,1,Chlorothalonil,Chlorothalonil,Chlorothalonil:EU_NOT_APPROVED,
FONGICIDE,Chlorothalonil,7 2 0 g / L,S C,F a u d e l,F.014-11/21,SEPCM,AAKO,2022,CONTAINS_NOT_APPROVED_SUBSTANCE_IN_EU,1,Chlorothalonil,Chlorothalonil,Chlorothalonil:EU_NOT_APPROVED,
FONGICIDE,Chlorothalonil,7 2 0 g / L,S C,T E R R AVO,F.010-20,SOLAGRI,SYNGENTA,2022,CONTAINS_NOT_APPROVED_SUBSTANCE_IN_EU,1,Chlorothalonil,Chlorothalonil,Chlorothalonil:EU_NOT_APPROVED,
FONGICIDE,Chlorothalonil,"375 g/l +62,5",SE,"Cherokee 487,5 SE",F.025-15,SOLAGRI,SYNGENTA,2022,CONTAINS_NOT_APPROVED_SUBSTANCE_IN_EU,1,Chlorothalonil,Chlorothalonil,Chlorothalonil:EU_NOT_APPROVED,
FONGICIDE,+Propiconazole,g/l +50 g/l,SE,,,,,2022,CONTAINS_NOT_APPROVED_SUBSTANCE_IN_EU,1,+Propiconazole,Propiconazole,+Propiconazole:EU_NOT_APPROVED,
FONGICIDE,+Cyproconazole,g/l +50 g/l,SE,,,,,2022,CONTAINS_NOT_APPROVED_SUBSTANCE_IN_EU,1,+Cyproconazole,Cyproconazole,+Cyproconazole:EU_NOT_APPROVED,
FONGICIDE,Chlorothalonil,"500 g/L +37,5",SC,ARIS GOLD,F.028-18,COTUGRAIN,SYNGENTA,2022,CONTAINS_NOT_APPROVED_SUBSTANCE_IN_EU,1,Chlorothalonil,Chlorothalonil,Chlorothalonil:EU_NOT_APPROVED,
FONGICIDE,+Metalaxyl –M,g/L,SC,,,IMPEX,,2022,ALL_SUBSTANCES_APPROVED_IN_EU,1,+Metalaxyl –M,Metalaxyl,+Metalaxyl –M:EU_APPROVED,
FONGICIDE,Chlorothalonil,250 g/l+125 g/l,SC,Tiger,F.017-11/21,EL MOUSSEM,PARIJAT,2022,CONTAINS_NOT_APPROVED_SUBSTANCE_IN_EU,1,Chlorothalonil,Chlorothalonil,Chlorothalonil:EU_NOT_APPROVED,
FONGICIDE,+Tebuconazole,250 g/l+125 g/l,SC,,,AGRICOLE,INDUSTRIES,2022,ALL_SUBSTANCES_APPROVED_IN_EU,1,+Tebuconazole,Tebuconazole,+Tebuconazole:EU_APPROVED,
FONGICIDE,Chlorothalonil,250 g/l+125 g/l,SC,CAMARO COMBI,F.072-22,RAYEN,PARIJAT,2022,CONTAINS_NOT_APPROVED_SUBSTANCE_IN_EU,1,Chlorothalonil,Chlorothalonil,Chlorothalonil:EU_NOT_APPROVED,
FONGICIDE,+Tebuconazole,250 g/l+125 g/l,SC,SC,,PHYTAGRI,INDUSTRIES,2022,ALL_SUBSTANCES_APPROVED_IN_EU,1,+Tebuconazole,Tebuconazole,+Tebuconazole:EU_APPROVED,
FONGICIDE,Chlorothalonil,250 g/l+90 g/l,SC,Timpani,F.017-15,EL MOUSSEM,NUFARM,2022,CONTAINS_NOT_APPROVED_SUBSTANCE_IN_EU,1,Chlorothalonil,Chlorothalonil,Chlorothalonil:EU_NOT_APPROVED,
FONGICIDE,+Tebuconazole,250 g/l+90 g/l,SC,,,AGRICOLE,,2022,ALL_SUBSTANCES_APPROVED_IN_EU,1,+Tebuconazole,Tebuconazole,+Tebuconazole:EU_APPROVED,
FONGICIDE,Chlorothalonil,250 g/l+90 g/l,SC,SUPER PLAZMA SC,F.55-21,AGRIPROTEC,NUFARM,2022,CONTAINS_NOT_APPROVED_SUBSTANCE_IN_EU,1,Chlorothalonil,Chlorothalonil,Chlorothalonil:EU_NOT_APPROVED,
FONGICIDE,+Tebuconazole,250 g/l+90 g/l,SC,,,,,2022,ALL_SUBSTANCES_APPROVED_IN_EU,1,+Tebuconazole,Tebuconazole,+Tebuconazole:EU_APPROVED,
FONGICIDE,Chlorothalonil l,500g/ +100g/l,SC,AVANTAGE CT,F.002-17,SANABEL Agro,ROTAM,2022,CONTAINS_NOT_APPROVED_SUBSTANCE_IN_EU,1,Chlorothalonil l,Chlorothalonil,Chlorothalonil l:EU_NOT_APPROVED,
FONGICIDE,+Dimethomophe,500g/ +100g/l,SC,,,,AGROCHEMICALS,2022,NOT_FOUND_OR_NEEDS_MANUAL_REVIEW,0,+Dimethomophe,,+Dimethomophe:NOT_IN_EU_LIST,
FONGICIDE,Chlorothaonil,500 g/l,SC,CLORTOSIP 500 SC,F.011-20,ATLAS AGRICOLE,SIPCAM INAGRA,2022,NOT_FOUND_OR_NEEDS_MANUAL_REVIEW,0,Chlorothaonil,,Chlorothaonil:NOT_IN_EU_LIST,
FONGICIDE,Chlorothaonil,500 g/l,SC,PUGIL LA,F.001-17,INNOVA,SIPCAM INAGRA,2022,NOT_FOUND_OR_NEEDS_MANUAL_REVIEW,0,Chlorothaonil,,Chlorothaonil:NOT_IN_EU_LIST,
FONGICIDE,Chlorothaonil,72%,SC,CHARISMA,F.063-22,FERTITECH,Sharda Cropchen,2022,NOT_FOUND_OR_NEEDS_MANUAL_REVIEW,0,Chlorothaonil,,Chlorothaonil:NOT_IN_EU_LIST,
FONGICIDE,Chlorothaonil,72%,SC,Clotril SC,21-15.F,SHARDA,Sharda Cropchen,2022,NOT_FOUND_OR_NEEDS_MANUAL_REVIEW,0,Chlorothaonil,,Chlorothaonil:NOT_IN_EU_LIST,
FONGICIDE,Chlorothaonil,75%,SC,CHLORAMAX,F.003-16,SANABEL AGRO,SINON,2022,NOT_FOUND_OR_NEEDS_MANUAL_REVIEW,0,Chlorothaonil,,Chlorothaonil:NOT_IN_EU_LIST,
FONGICIDE,Cuivre,360 g/L,SC,Hydro Flo,F.209-11/21,BIOPROTECTION,NUFARM,2022,NOT_FOUND_OR_NEEDS_MANUAL_REVIEW,0,Cuivre,,Cuivre:NOT_IN_EU_LIST,
FONGICIDE,Cuivre,600 g/l,SC,Siscop 60 SC,F.041-17,SEPCM,AAKO BV,2022,NOT_FOUND_OR_NEEDS_MANUAL_REVIEW,0,Cuivre,,Cuivre:NOT_IN_EU_LIST,
FONGICIDE,Cuivre Métal,35%,WG,AIRONE,F.004-17,AGRIMATCO,ISAGRO/distribute par,2022,NOT_FOUND_OR_NEEDS_MANUAL_REVIEW,0,Cuivre Métal,,Cuivre Métal:NOT_IN_EU_LIST,
FONGICIDE,Cuivre Métal,20%,WP,Comac,F.214-11/21,AGRIPROTEC,NUFARM,2022,NOT_FOUND_OR_NEEDS_MANUAL_REVIEW,0,Cuivre Métal,,Cuivre Métal:NOT_IN_EU_LIST,
FONGICIDE,Cuivre Métal,50%,WP,OSSICLOR 50 PB,F.015-17,ATLAS AGRICOLE,MANICA Spa,2022,NOT_FOUND_OR_NEEDS_MANUAL_REVIEW,0,Cuivre Métal,,Cuivre Métal:NOT_IN_EU_LIST,
FONGICIDE,Cuivre Métal,50%,WP,MANICA,,,,2022,NOT_FOUND_OR_NEEDS_MANUAL_REVIEW,0,Cuivre Métal,,Cuivre Métal:NOT_IN_EU_LIST,
FONGICIDE,Cuivre Métal,20%,WP,Super Bordeaux,F.003-13,BIOPROTECTION,NUFARM,2022,NOT_FOUND_OR_NEEDS_MANUAL_REVIEW,0,Cuivre Métal,,Cuivre Métal:NOT_IN_EU_LIST,
FONGICIDE,Cuivre Métal,75%,WG,COBRE NORDOX,F.047-17,COTUGRAIN,NORDOX,2022,NOT_FOUND_OR_NEEDS_MANUAL_REVIEW,0,Cuivre Métal,,Cuivre Métal:NOT_IN_EU_LIST,
FONGICIDE,Cuivre Métal,20%,WP,POLTIGLIA 20 PB,F.035-17,ATLAS AGRICOLE,MANICA S.P.A,2022,NOT_FOUND_OR_NEEDS_MANUAL_REVIEW,0,Cuivre Métal,,Cuivre Métal:NOT_IN_EU_LIST,
FONGICIDE,Cuivre Métal,20%,WG,Cuperval WG,F.005-13,SANABEL AGRO,I.Q.V. DELVALLES,2022,NOT_FOUND_OR_NEEDS_MANUAL_REVIEW,0,Cuivre Métal,,Cuivre Métal:NOT_IN_EU_LIST,
FONGICIDE,Cuivre Métal,20%,WG,Bouillie Bordelaise,F.203-11/21,SEPCM,Cerexagri/UPL Ltd,2022,NOT_FOUND_OR_NEEDS_MANUAL_REVIEW,0,Cuivre Métal,,Cuivre Métal:NOT_IN_EU_LIST,
FONGICIDE,Cuivre Métal,20%,WG,Bordo valles WG,F.154-11/21,SOCOOPEC,I.Q.V. DELVALLES,2022,NOT_FOUND_OR_NEEDS_MANUAL_REVIEW,0,Cuivre Métal,,Cuivre Métal:NOT_IN_EU_LIST,
FONGICIDE,Cuivre Métal,3 5 %,W G,K o c i d e 2 0 00,F.019-11/21,AGRIPROTEC,MITSUI & Co,2022,NOT_FOUND_OR_NEEDS_MANUAL_REVIEW,0,Cuivre Métal,,Cuivre Métal:NOT_IN_EU_LIST,
FONGICIDE,Cuivre Métal,5 0 %,W P,C O P S I P,F . 0 1 9 - 1 8,A G R I P R O T E C,SIPCAM INAGRA,2022,NOT_FOUND_OR_NEEDS_MANUAL_REVIEW,0,Cuivre Métal,,Cuivre Métal:NOT_IN_EU_LIST,
FONGICIDE,Cuivre Métal,5 0 %,W P,I n a c o p P M,F . 0 0 3 - 1 4,A T L A S A G R I C O L E,SIPCAM INAGRA,2022,NOT_FOUND_OR_NEEDS_MANUAL_REVIEW,0,Cuivre Métal,,Cuivre Métal:NOT_IN_EU_LIST,
FONGICIDE,Cuivre Métal,5 0 %,W P,C o p e z i n e 5 0,F . 0 2 3 - 1 6,E L K H A D R A,SIPCAM,2022,NOT_FOUND_OR_NEEDS_MANUAL_REVIEW,0,Cuivre Métal,,Cuivre Métal:NOT_IN_EU_LIST,
FONGICIDE,Cuivre Métal,5 0 %,W P,C o b r a K e y,F . 0 1 8 - 1 1 / 2 1,E T S M E Z G H A N I,INDUSTRI.,2022,NOT_FOUND_OR_NEEDS_MANUAL_REVIEW,0,Cuivre Métal,,Cuivre Métal:NOT_IN_EU_LIST,
FONGICIDE,Cuivre Métal,5 0 %,W P,C u p r e n e,F . 1 6 7 - 1 1 / 2 1,p r o m o c h i m i e,SIPCAM,2022,NOT_FOUND_OR_NEEDS_MANUAL_REVIEW,0,Cuivre Métal,,Cuivre Métal:NOT_IN_EU_LIST,
FONGICIDE,Cuivre Métal,5 0 %,W P,R o x o n 5 0,F . 0 0 8 - 1 3,S A N A B E L A G R O,I.Q.V. – Espagne,2022,NOT_FOUND_OR_NEEDS_MANUAL_REVIEW,0,Cuivre Métal,,Cuivre Métal:NOT_IN_EU_LIST,
FONGICIDE,Cuivre Métal,5 0 %,W P,C u p r o c u i v r e,F . 1 5 1 - 1 1 / 2 1,S E P C M,I.Q.V. – Espagne,2022,NOT_FOUND_OR_NEEDS_MANUAL_REVIEW,0,Cuivre Métal,,Cuivre Métal:NOT_IN_EU_LIST,
FONGICIDE,Cuivre Métal,5 0 %,W P,C u r e n o x,F . 1 5 2 - 1 1 / 2 1,S O C O O P E C,I.Q.V. – Espagne,2022,NOT_FOUND_OR_NEEDS_MANUAL_REVIEW,0,Cuivre Métal,,Cuivre Métal:NOT_IN_EU_LIST,
FONGICIDE,Cuivre Métal,5 0 %,W P,H i d r o c o b r e 5 0 v a l l e s,F . 1 5 3 - 1 1 / 2 1,S O C O O P E C,IQV DEL VALLES,2022,NOT_FOUND_OR_NEEDS_MANUAL_REVIEW,0,Cuivre Métal,,Cuivre Métal:NOT_IN_EU_LIST,
FONGICIDE,Cuivre Métal,5 0 %,W P,C u i v o x,F . 1 5 0 - 1 1 / 2 1,S T E C,I.Q.V. – Espagne,2022,NOT_FOUND_OR_NEEDS_MANUAL_REVIEW,0,Cuivre Métal,,Cuivre Métal:NOT_IN_EU_LIST,
FONGICIDE,Cuivre métal(xyde de,40%,WG,HYDRO 40 WG,F.001-19,SANABEL AGRO,IndustriasQuimicas,2022,NOT_FOUND_OR_NEEDS_MANUAL_REVIEW,0,Cuivre métal(xyde de,,Cuivre métal(xyde de:NOT_IN_EU_LIST,
FONGICIDE,cuivre),40%,WG,,,,Del Vallés (IQV),2022,NOT_FOUND_OR_NEEDS_MANUAL_REVIEW,0,cuivre),,cuivre):NOT_IN_EU_LIST,
FONGICIDE,Cuivre(Oxychlorure de,57%,WP,OXYCUIVRE 50,F.066-22,AGRIMED,Shyham chemical,2022,NOT_FOUND_OR_NEEDS_MANUAL_REVIEW,0,Cuivre(Oxychlorure de,,Cuivre(Oxychlorure de:NOT_IN_EU_LIST,
FONGICIDE,cuivre ),57%,WP,,,DISTRIBUTION,/FITOGAL,2022,NOT_FOUND_OR_NEEDS_MANUAL_REVIEW,0,cuivre ),,cuivre ):NOT_IN_EU_LIST,
FONGICIDE,Cuivre(oxychlorure de,57%,WP,COOPOX WP,F.02-21,AMINCO,Shyham chemical,2022,NOT_FOUND_OR_NEEDS_MANUAL_REVIEW,0,Cuivre(oxychlorure de,,Cuivre(oxychlorure de:NOT_IN_EU_LIST,
FONGICIDE,cuivre ),57%,WP,,,,,2022,NOT_FOUND_OR_NEEDS_MANUAL_REVIEW,0,cuivre ),,cuivre ):NOT_IN_EU_LIST,
FONGICIDE,Cuivre(oxychlorure de,350g/kg,WG,RAMCU 35 WG,F.002-19,STIMA,Manica S.P.A,2022,NOT_FOUND_OR_NEEDS_MANUAL_REVIEW,0,Cuivre(oxychlorure de,,Cuivre(oxychlorure de:NOT_IN_EU_LIST,
FONGICIDE,cuivre 605 g/kg),350g/kg,WG,,,,,2022,CONTAINS_NOT_APPROVED_SUBSTANCE_IN_EU,1,cuivre 605 g | kg),Quintozene containing > 1 g/kg HCB or > 10 g/kg pentachlorobenzene,cuivre 605 g:NOT_IN_EU_LIST | kg):EU_NOT_APPROVED,
FONGICIDE,Cuivre +cymoxanil,200 g/l+40 g/l,WG,Cuprofix C WG,F.019-22,EL MOUSSEM,UPL,2022,ALL_SUBSTANCES_APPROVED_IN_EU,1,Cuivre +cymoxanil,Cymoxanil,Cuivre +cymoxanil:EU_APPROVED,
FONGICIDE,Cuivre+ Métalaxyl,40% + 8%,WP,Armetil cuivre,F.159-11/21,SOCOOPEC,IQV DEL VALLES,2022,ALL_SUBSTANCES_APPROVED_IN_EU,1,Cuivre+ Métalaxyl,Metalaxyl,Cuivre+ Métalaxyl:EU_APPROVED,
FONGICIDE,Cuivre +Metalaxyl,40% + 8%,WP,Mevaxil Cuivre WP,F.043-22,NEGANOR,IQV DEL VALLES,2022,ALL_SUBSTANCES_APPROVED_IN_EU,1,Cuivre +Metalaxyl,Metalaxyl,Cuivre +Metalaxyl:EU_APPROVED,
FONGICIDE,Cyazofamid,160g/l,SC,RANMAN TOP SC,F.05-21,AGRIPROTEC,ISK Biosciences,2022,ALL_SUBSTANCES_APPROVED_IN_EU,1,Cyazofamid,Cyazofamid,Cyazofamid:EU_APPROVED,
FONGICIDE,Cyflufenamid,50g/l,EW,CONFIRM 5 EW,F.25-21,EL MOUSSEM,NIPPON SODA/ Nisso,2022,ALL_SUBSTANCES_APPROVED_IN_EU,1,Cyflufenamid,Cyflufenamid,Cyflufenamid:EU_APPROVED,
FONGICIDE,cymoxanil,450 g/kg,GR,Cymbal 45,F.09-21,NEGANOR,BELCHIM CROP,2022,ALL_SUBSTANCES_APPROVED_IN_EU,1,cymoxanil,Cymoxanil,cymoxanil:EU_APPROVED,
FONGICIDE,Cymoxanil,50 g/l+375g/l,SC,PUGIL CX,F.047-22,EL KHADRA,SIPCAM INAGRA,2022,ALL_SUBSTANCES_APPROVED_IN_EU,1,Cymoxanil,Cymoxanil,Cymoxanil:EU_APPROVED,
FONGICIDE,+chlorothalonil,50 g/l+375g/l,SC,,,,,2022,CONTAINS_NOT_APPROVED_SUBSTANCE_IN_EU,1,+chlorothalonil,Chlorothalonil,+chlorothalonil:EU_NOT_APPROVED,
FONGICIDE,Cymoxanil + Mancozebe,8% + 64%,WP,CUPROSATE GOLD,F.008-17,AGROSYSTEMES,AGRIA,2022,CONTAINS_NOT_APPROVED_SUBSTANCE_IN_EU,1,Cymoxanil + Mancozebe,Mancozeb,Cymoxanil + Mancozebe:EU_NOT_APPROVED,
FONGICIDE,Cymoxanil + Mancozebe,8% + 64%,WP,M72 WP,,,,2022,CONTAINS_NOT_APPROVED_SUBSTANCE_IN_EU,1,Cymoxanil + Mancozebe,Mancozeb,Cymoxanil + Mancozebe:EU_NOT_APPROVED,
FONGICIDE,Cymoxanil + Mancozebe,8% + 64%,WP,AGREZATE PLUS,F.017-20,SOCOOPEC,AGRIA,2022,CONTAINS_NOT_APPROVED_SUBSTANCE_IN_EU,1,Cymoxanil + Mancozebe,Mancozeb,Cymoxanil + Mancozebe:EU_NOT_APPROVED,
FONGICIDE,Cymoxanil + Mancozebe,8% + 64%,WP,WP,,,,2022,CONTAINS_NOT_APPROVED_SUBSTANCE_IN_EU,1,Cymoxanil + Mancozebe,Mancozeb,Cymoxanil + Mancozebe:EU_NOT_APPROVED,
FONGICIDE,Cymoxanil + Mancozèbe,"4% + 46,5%",WP,Curvax M,F.171-11/21,SEPCM,CMPA,2022,CONTAINS_NOT_APPROVED_SUBSTANCE_IN_EU,1,Cymoxanil + Mancozèbe,Mancozeb,Cymoxanil + Mancozèbe:EU_NOT_APPROVED,
FONGICIDE,Cymoxanil + Mancozèbe,4 %+40 %,WP,CURZATE M,F.022-11/21,STEC,DU PONT (Taiwan),2022,CONTAINS_NOT_APPROVED_SUBSTANCE_IN_EU,1,Cymoxanil + Mancozèbe,Mancozeb,Cymoxanil + Mancozèbe:EU_NOT_APPROVED,
FONGICIDE,Cymoxanil + Mancozèbe,"4% + 46,5%",WP,PharoMz (sous réserve,F.005-18,STEC,CMPA,2022,CONTAINS_NOT_APPROVED_SUBSTANCE_IN_EU,1,Cymoxanil + Mancozèbe,Mancozeb,Cymoxanil + Mancozèbe:EU_NOT_APPROVED,
FONGICIDE,Cymoxanil + Mancozèbe,"4% + 46,5%",WP,de changement de,,,,2022,CONTAINS_NOT_APPROVED_SUBSTANCE_IN_EU,1,Cymoxanil + Mancozèbe,Mancozeb,Cymoxanil + Mancozèbe:EU_NOT_APPROVED,
FONGICIDE,Cymoxanil + Mancozèbe,"4% + 46,5%",WP,nom)peyron MZ,,,,2022,CONTAINS_NOT_APPROVED_SUBSTANCE_IN_EU,1,Cymoxanil + Mancozèbe,Mancozeb,Cymoxanil + Mancozèbe:EU_NOT_APPROVED,
FONGICIDE,Cymoxanil +mancozebe,40g/kg+400,WD,FUDAN GOLD 44,F.054-22,NEGANOR,AGRIA,2022,CONTAINS_NOT_APPROVED_SUBSTANCE_IN_EU,1,Cymoxanil +mancozebe,Mancozeb,Cymoxanil +mancozebe:EU_NOT_APPROVED,
FONGICIDE,Cymoxanil +mancozebe,g/kg,G,WDG,,,,2022,CONTAINS_NOT_APPROVED_SUBSTANCE_IN_EU,1,Cymoxanil +mancozebe,Mancozeb,Cymoxanil +mancozebe:EU_NOT_APPROVED,
FONGICIDE,Cymoxanil + Métirame,"4,8 % +64%",WG,BATO,F.61-21,AGRIMATCO,BASF,2022,CONTAINS_NOT_APPROVED_SUBSTANCE_IN_EU,1,Cymoxanil + Métirame,Metiram,Cymoxanil + Métirame:EU_NOT_APPROVED,
FONGICIDE,de Zinc,"4,8 % +64%",WG,,,,,2022,NOT_FOUND_OR_NEEDS_MANUAL_REVIEW,0,de Zinc,,de Zinc:NOT_IN_EU_LIST,
FONGICIDE,Cymoxanil + Métirame,"4,8 % +64%",WG,Aviso DF,F.023-11/21,STIMA,BASF,2022,CONTAINS_NOT_APPROVED_SUBSTANCE_IN_EU,1,Cymoxanil + Métirame,Metiram,Cymoxanil + Métirame:EU_NOT_APPROVED,
FONGICIDE,Cymoxanil +Famoxadone,"30 % +22,5%",WG,Equation Pro,F.020-11/21,SEPCM,DU PONT (Taiwan),2022,CONTAINS_NOT_APPROVED_SUBSTANCE_IN_EU,1,Cymoxanil +Famoxadone,Famoxadone,Cymoxanil +Famoxadone:EU_NOT_APPROVED,
FONGICIDE,Cymoxanil+ Zoxamid,33%+33%,WG,REBOOT WG,F.013-22,AGRIMATCO,GOWAN CROP,2022,ALL_SUBSTANCES_APPROVED_IN_EU,1,Cymoxanil+ Zoxamid,Cymoxanil,Cymoxanil+ Zoxamid:EU_APPROVED,
FONGICIDE,Cyproconazole,10%,WG,Atemi 10 WG,F.002-15,AGRIPROTEC,SYNGENTA CROP,2022,CONTAINS_NOT_APPROVED_SUBSTANCE_IN_EU,1,Cyproconazole,Cyproconazole,Cyproconazole:EU_NOT_APPROVED,
FONGICIDE,Cyproconazole,10%,WG,Xpert WG,F.013-16,EL KHADRA,Sharda,2022,CONTAINS_NOT_APPROVED_SUBSTANCE_IN_EU,1,Cyproconazole,Cyproconazole,Cyproconazole:EU_NOT_APPROVED,
FONGICIDE,Cyproconazole,80 g/L +200,SC,Priori Xtra,F.003-18,SOLAGRI,SYNGENTA,2022,CONTAINS_NOT_APPROVED_SUBSTANCE_IN_EU,1,Cyproconazole,Cyproconazole,Cyproconazole:EU_NOT_APPROVED,
FONGICIDE,+Azoxystrobin,g/L,SC,,,,,2022,ALL_SUBSTANCES_APPROVED_IN_EU,1,+Azoxystrobin,Azoxystrobin,+Azoxystrobin:EU_APPROVED,
FONGICIDE,Cyproconazole,160 g/l + 250,EC,WINTER 41 EC,F032-18,AGRIMED,SHARDA,2022,CONTAINS_NOT_APPROVED_SUBSTANCE_IN_EU,1,Cyproconazole,Cyproconazole,Cyproconazole:EU_NOT_APPROVED,
FONGICIDE,+Propiconazole,g/l,EC,,,DISTRIBUTION,,2022,CONTAINS_NOT_APPROVED_SUBSTANCE_IN_EU,1,+Propiconazole,Propiconazole,+Propiconazole:EU_NOT_APPROVED,
FONGICIDE,Cyproconazole,160 g/l + 250,EC,TAZOLE 410 EC,F.029-17,EXCEL AGRI,SHARDA,2022,CONTAINS_NOT_APPROVED_SUBSTANCE_IN_EU,1,Cyproconazole,Cyproconazole,Cyproconazole:EU_NOT_APPROVED,
FONGICIDE,+Propiconazole,g/l,EC,,,,,2022,CONTAINS_NOT_APPROVED_SUBSTANCE_IN_EU,1,+Propiconazole,Propiconazole,+Propiconazole:EU_NOT_APPROVED,
FONGICIDE,Cyproconazole,160 g/l + 250,EC,TWIST SUPER EC,F.031-17,ATLAS AGRICOLE,SHARDA,2022,CONTAINS_NOT_APPROVED_SUBSTANCE_IN_EU,1,Cyproconazole,Cyproconazole,Cyproconazole:EU_NOT_APPROVED,
FONGICIDE,Cyproconazole +,4% + 37.5 %,SC,CHAMPION,F.019-17,SOCOOPEC,SHARDA,2022,CONTAINS_NOT_APPROVED_SUBSTANCE_IN_EU,1,Cyproconazole +,Cyproconazole,Cyproconazole +:EU_NOT_APPROVED,
FONGICIDE,chlorothalonil,4% + 37.5 %,SC,,,,CROPCHEM,2022,CONTAINS_NOT_APPROVED_SUBSTANCE_IN_EU,1,chlorothalonil,Chlorothalonil,chlorothalonil:EU_NOT_APPROVED,
FONGICIDE,Cyproconazole,4%+37.5 %,SC,CYCLONE,F.015-19,SANABEL AGRO,SHARDA,2022,CONTAINS_NOT_APPROVED_SUBSTANCE_IN_EU,1,Cyproconazole,Cyproconazole,Cyproconazole:EU_NOT_APPROVED,
FONGICIDE,+chlorothalonil,4%+37.5 %,SC,,,,CROPCHEM,2022,CONTAINS_NOT_APPROVED_SUBSTANCE_IN_EU,1,+chlorothalonil,Chlorothalonil,+chlorothalonil:EU_NOT_APPROVED,
FONGICIDE,Cyproconazole,80 g/l + 200 g/l,SC,Acanto plus,F.020-15,SEPCM,DU PONT,2022,CONTAINS_NOT_APPROVED_SUBSTANCE_IN_EU,1,Cyproconazole,Cyproconazole,Cyproconazole:EU_NOT_APPROVED,
FONGICIDE,+Picoxystrobine,80 g/l + 200 g/l,SC,,,,INTERNATIONAL,2022,CONTAINS_NOT_APPROVED_SUBSTANCE_IN_EU,1,+Picoxystrobine,Picoxystrobin,+Picoxystrobine:EU_NOT_APPROVED,
FONGICIDE,Cyproconazole,80 g/l+200 g/l,SC,STINGER,F.016-20,ATLAS AGRICOLE,DU PONT,2022,CONTAINS_NOT_APPROVED_SUBSTANCE_IN_EU,1,Cyproconazole,Cyproconazole,Cyproconazole:EU_NOT_APPROVED,
FONGICIDE,+Picoxystrobine,80 g/l+200 g/l,SC,,,,INTERNATIONAL,2022,CONTAINS_NOT_APPROVED_SUBSTANCE_IN_EU,1,+Picoxystrobine,Picoxystrobin,+Picoxystrobine:EU_NOT_APPROVED,
FONGICIDE,Cyprodinil,50%,WG,arnatin WG,F.68-21,SOLAGRI,SYNGENTA,2022,ALL_SUBSTANCES_APPROVED_IN_EU,1,Cyprodinil,Cyprodinil,Cyprodinil:EU_APPROVED,
FONGICIDE,Diethofencarb,250 g/l,SC,FRUGICO SC,F.019-16,AGROSYTEME,GLOBACHEM,2022,CONTAINS_NOT_APPROVED_SUBSTANCE_IN_EU,1,Diethofencarb,Diethofencarb,Diethofencarb:EU_NOT_APPROVED,
FONGICIDE,Difenoconazole,250 g/L,EC,Difcor,F.027-11/21,AGROSYSTEMES,GLOBACHEM,2022,ALL_SUBSTANCES_APPROVED_IN_EU,1,Difenoconazole,Difenoconazole,Difenoconazole:EU_APPROVED,
FONGICIDE,Difenoconazole,30 g/L,FS,Difender 30 FS,006-14F.,AGROSYSTEMES,GLOBACHEM,2022,ALL_SUBSTANCES_APPROVED_IN_EU,1,Difenoconazole,Difenoconazole,Difenoconazole:EU_APPROVED,
FONGICIDE,Difenoconazole,250 g/L,EC,Protector,F.032-15,AMINCO,GLOBACHEM,2022,ALL_SUBSTANCES_APPROVED_IN_EU,1,Difenoconazole,Difenoconazole,Difenoconazole:EU_APPROVED,
FONGICIDE,Difenoconazole,250 g/L,EC,Score 250 EC,F.028-11/21,BIOPROTECTION,SYNGENTA,2022,ALL_SUBSTANCES_APPROVED_IN_EU,1,Difenoconazole,Difenoconazole,Difenoconazole:EU_APPROVED,
FONGICIDE,Difenoconazole,30 g/L,FS,Spectro 30 FS,F.029-11/21,BIOPROTECTION,SYNGENTA,2022,ALL_SUBSTANCES_APPROVED_IN_EU,1,Difenoconazole,Difenoconazole,Difenoconazole:EU_APPROVED,
FONGICIDE,Difenoconazole,250 g/L,EC,CURYGEN EC,F.015-20,EL KHADRA,JSC AUGUST INC,2022,ALL_SUBSTANCES_APPROVED_IN_EU,1,Difenoconazole,Difenoconazole,Difenoconazole:EU_APPROVED,
FONGICIDE,Difenoconazole,250 g/L,EC,PROZOLE 250 EC,F.022-18,Ets MEZGHANI,ASTRACHEM,2022,ALL_SUBSTANCES_APPROVED_IN_EU,1,Difenoconazole,Difenoconazole,Difenoconazole:EU_APPROVED,
FONGICIDE,Difenoconazole,250 g/L,EC,RAYOK,F.046-17,HALAB TUNISIE,JSC AUGUST INC,2022,ALL_SUBSTANCES_APPROVED_IN_EU,1,Difenoconazole,Difenoconazole,Difenoconazole:EU_APPROVED,
FONGICIDE,Difenoconazole,250 g/L,EC,Festival 250 EC,F.006-15,SANABEL AGRO,Sharda World Wide,2022,ALL_SUBSTANCES_APPROVED_IN_EU,1,Difenoconazole,Difenoconazole,Difenoconazole:EU_APPROVED,
FONGICIDE,Difenoconazole,30 g/l,FS,SITARA FS,F.001-20,SANABEL AGRO,SHARDA,2022,ALL_SUBSTANCES_APPROVED_IN_EU,1,Difenoconazole,Difenoconazole,Difenoconazole:EU_APPROVED,
FONGICIDE,Difenoconazole,250 g/L,EC,Divisole,F.194-11/21,TASMID,ASTRACHEM,2022,ALL_SUBSTANCES_APPROVED_IN_EU,1,Difenoconazole,Difenoconazole,Difenoconazole:EU_APPROVED,
FONGICIDE,Difenoconazole,60g/l+30g/l,DC,DYNALI DC,F.002-22,SOLAGRI,SYNGENTA,2022,ALL_SUBSTANCES_APPROVED_IN_EU,1,Difenoconazole,Difenoconazole,Difenoconazole:EU_APPROVED,
FONGICIDE,+Cyflufenamid,60g/l+30g/l,DC,,,,,2022,ALL_SUBSTANCES_APPROVED_IN_EU,1,+Cyflufenamid,Cyflufenamid,+Cyflufenamid:EU_APPROVED,
FONGICIDE,Difenoconazole +,25 g/l +25 g/l,FS,DIFEND EXTRA FS,F.017-18,AGROSYSTEMES,Globachem,2022,ALL_SUBSTANCES_APPROVED_IN_EU,1,Difenoconazole +,Difenoconazole,Difenoconazole +:EU_APPROVED,
FONGICIDE,Fludioxonil,25 g/l +25 g/l,FS,,,,,2022,ALL_SUBSTANCES_APPROVED_IN_EU,1,Fludioxonil,Fludioxonil,Fludioxonil:EU_APPROVED,
FONGICIDE,Difenoconazole +,25 g/L + 25,FS,Celest Extra 50 FS,F.030-11/21,BIOPROTECTION,SYNGENTA,2022,ALL_SUBSTANCES_APPROVED_IN_EU,1,Difenoconazole +,Difenoconazole,Difenoconazole +:EU_APPROVED,
FONGICIDE,Fludioxonil,g/L,FS,,,,,2022,ALL_SUBSTANCES_APPROVED_IN_EU,1,Fludioxonil,Fludioxonil,Fludioxonil:EU_APPROVED,
FONGICIDE,Difenoconazole +,25g/l + 25 g/l,FS,CelestTop 312.5,126-11/21 F.,BIOPROTECTION,SYNGENTA,2022,ALL_SUBSTANCES_APPROVED_IN_EU,1,Difenoconazole +,Difenoconazole,Difenoconazole +:EU_APPROVED,
FONGICIDE,Fludioxonil,+ 262.5 g/l,FS,,,,,2022,ALL_SUBSTANCES_APPROVED_IN_EU,1,Fludioxonil,Fludioxonil,Fludioxonil:EU_APPROVED,
FONGICIDE,+Thiamethoxam,+ 262.5 g/l,FS,,,,,2022,CONTAINS_NOT_APPROVED_SUBSTANCE_IN_EU,1,+Thiamethoxam,Thiamethoxam,+Thiamethoxam:EU_NOT_APPROVED,
FONGICIDE,Difenoconazole+propicon,150g/l+150 g/l,EC,NANJI PLUS EC,F.37-21,STEC,JIANGYIN,2022,ALL_SUBSTANCES_APPROVED_IN_EU,1,Difenoconazole+propicon,Difenoconazole,Difenoconazole+propicon:EU_APPROVED,
FONGICIDE,azole,150g/l+150 g/l,EC,,,,FENGDENG CROP,2022,ALL_SUBSTANCES_APPROVED_IN_EU,1,azole,Difenoconazole,azole:EU_APPROVED,
FONGICIDE,Difenoconazole +,25 g/l + 25 g/l,FS,Vibrance Gold,F.013-15,BIOPROTECTION,SYNGENTA,2022,ALL_SUBSTANCES_APPROVED_IN_EU,1,Difenoconazole +,Difenoconazole,Difenoconazole +:EU_APPROVED,
FONGICIDE,Fludioxonil +Sedexane,+ 50 g/l,FS,,,,,2022,ALL_SUBSTANCES_APPROVED_IN_EU,1,Fludioxonil +Sedexane,Fludioxonil,Fludioxonil +Sedexane:EU_APPROVED,
FONGICIDE,Difenoconazole,125g/L +15g/L,DC,CIDELY TOP 140 DC,F.026-17,AGRIPROTEC,SYNGENTA,2022,ALL_SUBSTANCES_APPROVED_IN_EU,1,Difenoconazole,Difenoconazole,Difenoconazole:EU_APPROVED,
FONGICIDE,+Cyflufenamid,125g/L +15g/L,DC,,,,,2022,ALL_SUBSTANCES_APPROVED_IN_EU,1,+Cyflufenamid,Cyflufenamid,+Cyflufenamid:EU_APPROVED,
FONGICIDE,Difenoconazole,125g/L +15g/L,DC,MELCAR TOP 140,F.027-18,COTUGRAIN,SYNGENTA,2022,ALL_SUBSTANCES_APPROVED_IN_EU,1,Difenoconazole,Difenoconazole,Difenoconazole:EU_APPROVED,
FONGICIDE,+Cyflufenamid,125g/L +15g/L,DC,DC,,IMPEX,,2022,ALL_SUBSTANCES_APPROVED_IN_EU,1,+Cyflufenamid,Cyflufenamid,+Cyflufenamid:EU_APPROVED,
FONGICIDE,Difenoconazole,92 g/l + 23 g/l,FS,SpectroExtreme 115,008-14F.,BIOPROTECTION,SYNGENTA,2022,ALL_SUBSTANCES_APPROVED_IN_EU,1,Difenoconazole,Difenoconazole,Difenoconazole:EU_APPROVED,
FONGICIDE,+Métalaxyl-M,92 g/l + 23 g/l,FS,FS,,,,2022,ALL_SUBSTANCES_APPROVED_IN_EU,1,+Métalaxyl-M,Metalaxyl,+Métalaxyl-M:EU_APPROVED,
FONGICIDE,Difenoconazole,92 g/l + 23 g/l,FS,DIVIDEND,F.006-18,SOLAGRI,SYNGENTA,2022,ALL_SUBSTANCES_APPROVED_IN_EU,1,Difenoconazole,Difenoconazole,Difenoconazole:EU_APPROVED,
FONGICIDE,+Métalaxyl-M,92 g/l + 23 g/l,FS,EXTREME 115 FS,,,,2022,ALL_SUBSTANCES_APPROVED_IN_EU,1,+Métalaxyl-M,Metalaxyl,+Métalaxyl-M:EU_APPROVED,
FONGICIDE,Difenoconazole +,20 g/kg+200,WS,APRON STAR WS,FI.028-22,COTUGRAIN,SYNGENTA,2022,ALL_SUBSTANCES_APPROVED_IN_EU,1,Difenoconazole +,Difenoconazole,Difenoconazole +:EU_APPROVED,
FONGICIDE,Metalaxyl –M +,g/kg+200g/kg,WS,,,,,2022,ALL_SUBSTANCES_APPROVED_IN_EU,1,Metalaxyl –M +,Metalaxyl,Metalaxyl –M +:EU_APPROVED,
FONGICIDE,Thiamethoxam,g/kg+200g/kg,WS,,,,,2022,CONTAINS_NOT_APPROVED_SUBSTANCE_IN_EU,1,Thiamethoxam,Thiamethoxam,Thiamethoxam:EU_NOT_APPROVED,
FONGICIDE,Diméthomorphe,200 g/l +200,SC,FOLY STAR 400 SC,F.007-16,SEPCM,AAKO,2022,CONTAINS_NOT_APPROVED_SUBSTANCE_IN_EU,1,Diméthomorphe,Dimethomorph,Diméthomorphe:EU_NOT_APPROVED,
FONGICIDE,+Fluazinam,g/l,SC,,,,,2022,ALL_SUBSTANCES_APPROVED_IN_EU,1,+Fluazinam,Fluazinam,+Fluazinam:EU_APPROVED,
FONGICIDE,Dimethomorphe,90 g/kg +600,WG,Acrobat MZ WG,F.017-14,COTUGRAIN,BASF,2022,CONTAINS_NOT_APPROVED_SUBSTANCE_IN_EU,1,Dimethomorphe,Dimethomorph,Dimethomorphe:EU_NOT_APPROVED,
FONGICIDE,+Mancozèbe,g/kg,WG,,,IMPEX,,2022,CONTAINS_NOT_APPROVED_SUBSTANCE_IN_EU,1,+Mancozèbe,Mancozeb,+Mancozèbe:EU_NOT_APPROVED,
FONGICIDE,Dimetomorphe +Folpel,11.3% +60%,WG,MORPHEE 71.3 WG,F.036-17,BIOPROTECTION,AAKO,2022,NOT_FOUND_OR_NEEDS_MANUAL_REVIEW,0,Dimetomorphe +Folpel,,Dimetomorphe +Folpel:NOT_IN_EU_LIST,
FONGICIDE,Dimetomorphe +Folpel,11.3% +60%,WG,DENIM,F.007-17,RAYEN,Sharda cropchem,2022,NOT_FOUND_OR_NEEDS_MANUAL_REVIEW,0,Dimetomorphe +Folpel,,Dimetomorphe +Folpel:NOT_IN_EU_LIST,
FONGICIDE,Dimetomorphe +Folpel,11.3% +60%,WG,FLOPY DUO,F.65-21,AGRINOVA,Sharda cropchem,2022,NOT_FOUND_OR_NEEDS_MANUAL_REVIEW,0,Dimetomorphe +Folpel,,Dimetomorphe +Folpel:NOT_IN_EU_LIST,
FONGICIDE,Dinocap Meptyl +,105 g/L + 45,EC,AGRIKAR STAR,F.029-18,ATLAS AGRICOLE,DOW,2022,CONTAINS_NOT_APPROVED_SUBSTANCE_IN_EU,1,Dinocap Meptyl +,Dinocap,Dinocap Meptyl +:EU_NOT_APPROVED,
FONGICIDE,Myclobutanil,g/L,EC,,,,AGROSCIENCES,2022,CONTAINS_NOT_APPROVED_SUBSTANCE_IN_EU,1,Myclobutanil,Myclobutanil,Myclobutanil:EU_NOT_APPROVED,
FONGICIDE,Dinocap Meptyl +,105 g/L + 45,EC,SABITHANE GOLD,F.021-13,PROMOCHIMIE,DOW,2022,CONTAINS_NOT_APPROVED_SUBSTANCE_IN_EU,1,Dinocap Meptyl +,Dinocap,Dinocap Meptyl +:EU_NOT_APPROVED,
FONGICIDE,Dithianon,500 g/l,SC,DELAN 500 SC,F.050-22,BIOPROTECTION,BASF,2022,ALL_SUBSTANCES_APPROVED_IN_EU,1,Dithianon,Dithianon,Dithianon:EU_APPROVED,
FONGICIDE,Dithianon,70%,WG,ASTRONE,F.056-22,SANABEL AGRO,SHARDA,2022,ALL_SUBSTANCES_APPROVED_IN_EU,1,Dithianon,Dithianon,Dithianon:EU_APPROVED,
FONGICIDE,Dithianon,12 % + 4%,WG,shanon,F.32-21,SHARDA,sharda cropchem,2022,ALL_SUBSTANCES_APPROVED_IN_EU,1,Dithianon,Dithianon,Dithianon:EU_APPROVED,
FONGICIDE,Dithianon,70%,WD,MACCANI,F.014-16,COTUGRAIN,BASF,2022,ALL_SUBSTANCES_APPROVED_IN_EU,1,Dithianon,Dithianon,Dithianon:EU_APPROVED,
FONGICIDE,+Pyrachlostrobin,70%,G,,,IMPEX,,2022,NOT_FOUND_OR_NEEDS_MANUAL_REVIEW,0,+Pyrachlostrobin,,+Pyrachlostrobin:NOT_IN_EU_LIST,
FONGICIDE,Dodine,400 g/L,SC,Syllit 400 SC,F.172-11/21,PROTAGRI,ARYSTA Life Science,2022,ALL_SUBSTANCES_APPROVED_IN_EU,1,Dodine,Dodine,Dodine:EU_APPROVED,
FONGICIDE,Dodine,400 g/L,SC,Efluzin 400 SC,F.010-15,SEPCM,ARYSTA Life Science,2022,ALL_SUBSTANCES_APPROVED_IN_EU,1,Dodine,Dodine,Dodine:EU_APPROVED,
FONGICIDE,Epoxiconazole,125 g/L,SC,Rubric,F.018-13,AGROSYSTEMES,Cheminova,2022,CONTAINS_NOT_APPROVED_SUBSTANCE_IN_EU,1,Epoxiconazole,Epoxiconazole,Epoxiconazole:EU_NOT_APPROVED,
FONGICIDE,Epoxiconazole,125 g/L,SC,Spike,F.032-11/21,AGROSYSTEMES,GLOBACHEM,2022,CONTAINS_NOT_APPROVED_SUBSTANCE_IN_EU,1,Epoxiconazole,Epoxiconazole,Epoxiconazole:EU_NOT_APPROVED,
FONGICIDE,Epoxiconazole,125 g/L,SC,Eponeo,F.029-15,AMINCO,Cheminova,2022,CONTAINS_NOT_APPROVED_SUBSTANCE_IN_EU,1,Epoxiconazole,Epoxiconazole,Epoxiconazole:EU_NOT_APPROVED,
FONGICIDE,Epoxiconazole,125 g/L,SC,Scooby doo,F.035-15,AMINCO,GLOBACHEM,2022,CONTAINS_NOT_APPROVED_SUBSTANCE_IN_EU,1,Epoxiconazole,Epoxiconazole,Epoxiconazole:EU_NOT_APPROVED,
FONGICIDE,Epoxiconazole,125 g/L,SC,Nupoxyn,F.018-15,EL MOUSSEM,NUFARM,2022,CONTAINS_NOT_APPROVED_SUBSTANCE_IN_EU,1,Epoxiconazole,Epoxiconazole,Epoxiconazole:EU_NOT_APPROVED,
FONGICIDE,Epoxiconazole,125 g/L,SC,ceriazole SC,F.58-21,agriprotec,NUFARM,2022,CONTAINS_NOT_APPROVED_SUBSTANCE_IN_EU,1,Epoxiconazole,Epoxiconazole,Epoxiconazole:EU_NOT_APPROVED,
FONGICIDE,Epoxiconazole,125 g/L,SC,Orage,F.005-15,SANABEL AGRO,SINON,2022,CONTAINS_NOT_APPROVED_SUBSTANCE_IN_EU,1,Epoxiconazole,Epoxiconazole,Epoxiconazole:EU_NOT_APPROVED,
FONGICIDE,Epoxiconazole,125 g/L,SC,Soprano,F.033-11/21,SEPCM,AAKO,2022,CONTAINS_NOT_APPROVED_SUBSTANCE_IN_EU,1,Epoxiconazole,Epoxiconazole,Epoxiconazole:EU_NOT_APPROVED,
FONGICIDE,Epoxiconazole,125 g/L,SC,Opus,F.034-11/21,STIMA,BASF,2022,CONTAINS_NOT_APPROVED_SUBSTANCE_IN_EU,1,Epoxiconazole,Epoxiconazole,Epoxiconazole:EU_NOT_APPROVED,
FONGICIDE,Epoxiconazole,125 g/L,SC,lovit SC,F.44-21,COTUGRAIN,BASF,2022,CONTAINS_NOT_APPROVED_SUBSTANCE_IN_EU,1,Epoxiconazole,Epoxiconazole,Epoxiconazole:EU_NOT_APPROVED,
FONGICIDE,Epoxiconazole +,84 g/l+250 g/l,SE,EPIC TOP SE,18-011F.,COTUGRAIN,BASF,2022,CONTAINS_NOT_APPROVED_SUBSTANCE_IN_EU,1,Epoxiconazole +,Epoxiconazole,Epoxiconazole +:EU_NOT_APPROVED,
FONGICIDE,Fenpropimorph,84 g/l+250 g/l,SE,,,,,2022,CONTAINS_NOT_APPROVED_SUBSTANCE_IN_EU,1,Fenpropimorph,Fenpropimorph,Fenpropimorph:EU_NOT_APPROVED,
FONGICIDE,Epoxiconazole +,125 g/L +125,SC,ALLEGRO,F.59-21,AGRIMATCO,BASF,2022,CONTAINS_NOT_APPROVED_SUBSTANCE_IN_EU,1,Epoxiconazole +,Epoxiconazole,Epoxiconazole +:EU_NOT_APPROVED,
FONGICIDE,Kresoxim-methyl,g/L,SC,,,,,2022,ALL_SUBSTANCES_APPROVED_IN_EU,1,Kresoxim-methyl,Kresoxim-methyl,Kresoxim-methyl:EU_APPROVED,
FONGICIDE,Epoxiconazole +,125 g/L +125,SC,Ogam,F.155-11/21,STIMA,BASF,2022,CONTAINS_NOT_APPROVED_SUBSTANCE_IN_EU,1,Epoxiconazole +,Epoxiconazole,Epoxiconazole +:EU_NOT_APPROVED,
FONGICIDE,Epoxiconazole +,187 g/L +310,EC,Rex Duo,F.174-11/21,STIMA,BASF,2022,CONTAINS_NOT_APPROVED_SUBSTANCE_IN_EU,1,Epoxiconazole +,Epoxiconazole,Epoxiconazole +:EU_NOT_APPROVED,
FONGICIDE,Thiophanate-methyl,g/L,EC,,,,,2022,CONTAINS_NOT_APPROVED_SUBSTANCE_IN_EU,1,Thiophanate-methyl,Thiophanate-methyl,Thiophanate-methyl:EU_NOT_APPROVED,
FONGICIDE,Epoxiconazole +,187 g/L +310,EC,DUETT ULTRA EC,F.51-21,AGRIPROTEC,BASF,2022,CONTAINS_NOT_APPROVED_SUBSTANCE_IN_EU,1,Epoxiconazole +,Epoxiconazole,Epoxiconazole +:EU_NOT_APPROVED,
FONGICIDE,Epoxiconazole+Fluxapyr,62.5 g/l+62.5,EC,ADEXAR XTRA EC,F.007-20,STIMA,BASF,2022,CONTAINS_NOT_APPROVED_SUBSTANCE_IN_EU,1,Epoxiconazole+Fluxapyr,Epoxiconazole,Epoxiconazole+Fluxapyr:EU_NOT_APPROVED,
FONGICIDE,oxad(xemium),g/l,EC,,,,,2022,CONTAINS_NOT_APPROVED_SUBSTANCE_IN_EU,1,oxad(xemium),Oxadiargyl,oxad(xemium):EU_NOT_APPROVED,
FONGICIDE,Famoxadone +,6.25 % +,WG,Clip,F.011-15,AGRIMATCO,DU PONT,2022,CONTAINS_NOT_APPROVED_SUBSTANCE_IN_EU,1,Famoxadone +,Famoxadone,Famoxadone +:EU_NOT_APPROVED,
FONGICIDE,Mancozebe,62.5 %,WG,,,,INTERNATIONAL/co,2022,CONTAINS_NOT_APPROVED_SUBSTANCE_IN_EU,1,Mancozebe,Mancozeb,Mancozebe:EU_NOT_APPROVED,
FONGICIDE,Famoxadone +cymoxanil,"22,5%+30%",WG,VENUS WG,F.045-22,STIMA,"Shengnong Pesticide,",2022,CONTAINS_NOT_APPROVED_SUBSTANCE_IN_EU,1,Famoxadone +cymoxanil,Famoxadone,Famoxadone +cymoxanil:EU_NOT_APPROVED,
FONGICIDE,Fenhexamide,"53,70%",WG,Teldor,F.040-11/21,PROMOCHIMIE,BAYER,2022,ALL_SUBSTANCES_APPROVED_IN_EU,1,Fenhexamide,Fenhexamid,Fenhexamide:EU_APPROVED,
FONGICIDE,Fenpropidine,450 g/l +125,EC,Zenith 575 EC,F.011-14,SOLAGRI,SYNGENTA,2022,ALL_SUBSTANCES_APPROVED_IN_EU,1,Fenpropidine,Fenpropidin,Fenpropidine:EU_APPROVED,
FONGICIDE,Fenpropimorphe +,200 g/l + 62.5,SE,palazzo,F.62-21,agrimatco,BASF,2022,CONTAINS_NOT_APPROVED_SUBSTANCE_IN_EU,1,Fenpropimorphe +,Fenpropimorph,Fenpropimorphe +:EU_NOT_APPROVED,
FONGICIDE,Epoxiconazole +,g/l + 75 g/l,SE,,,,,2022,CONTAINS_NOT_APPROVED_SUBSTANCE_IN_EU,1,Epoxiconazole +,Epoxiconazole,Epoxiconazole +:EU_NOT_APPROVED,
FONGICIDE,Metrafenone,g/l + 75 g/l,SE,,,,,2022,ALL_SUBSTANCES_APPROVED_IN_EU,1,Metrafenone,Metrafenone,Metrafenone:EU_APPROVED,
FONGICIDE,Fenpropimorphe +,200 g/l + 62.5,SE,Capalo,F.010-13,STIMA,BASF,2022,CONTAINS_NOT_APPROVED_SUBSTANCE_IN_EU,1,Fenpropimorphe +,Fenpropimorph,Fenpropimorphe +:EU_NOT_APPROVED,
FONGICIDE,Fenpyrazamine,50%,WG,PROLECTUS 50WG,F.040-17,SEPCM,SUMITOMO,2022,CONTAINS_NOT_APPROVED_SUBSTANCE_IN_EU,1,Fenpyrazamine,Fenpyrazamine,Fenpyrazamine:EU_NOT_APPROVED,
FONGICIDE,Fluazinam,5 0 0 g /l,SC,Nando,F.045-11/21,BIOPROTECTION,NUFARM,2022,ALL_SUBSTANCES_APPROVED_IN_EU,1,Fluazinam,Fluazinam,Fluazinam:EU_APPROVED,
FONGICIDE,Fluazinam,5 0 0 g /l,SC,VERTIGO,F.208-11/21,Sanabel agro,NUFARM,2022,ALL_SUBSTANCES_APPROVED_IN_EU,1,Fluazinam,Fluazinam,Fluazinam:EU_APPROVED,
FONGICIDE,Fluazinam,375 g/l+150 g/l,SC,VENDETTA SC,F.055-22,STEC,FMC,2022,ALL_SUBSTANCES_APPROVED_IN_EU,1,Fluazinam,Fluazinam,Fluazinam:EU_APPROVED,
FONGICIDE,+Azoxystrobine,375 g/l+150 g/l,SC,,,,,2022,ALL_SUBSTANCES_APPROVED_IN_EU,1,+Azoxystrobine,Azoxystrobin,+Azoxystrobine:EU_APPROVED,
FONGICIDE,Fludioxinil,230 g/l,SC,SCHOLAR 230 SC,F.052-22,BIOPROTECTION,SYNGENTA,2022,NOT_FOUND_OR_NEEDS_MANUAL_REVIEW,0,Fludioxinil,,Fludioxinil:NOT_IN_EU_LIST,
FONGICIDE,Fludioxonil,1 0 0 g / L,F S,M a x i m 100 FS,F.042-11/21,BIOPROTECTION,SYNGENTA,2022,ALL_SUBSTANCES_APPROVED_IN_EU,1,Fludioxonil,Fludioxonil,Fludioxonil:EU_APPROVED,
FONGICIDE,Fludioxonil +Cyprodinil,"25% +37,5%",WG,"switch 62,5 WG",F.043-11/21,BIOPROTECTION,SYNGENTA,2022,ALL_SUBSTANCES_APPROVED_IN_EU,1,Fludioxonil +Cyprodinil,Fludioxonil,Fludioxonil +Cyprodinil:EU_APPROVED,
FONGICIDE,Fludioxonil +Cyprodinil,"25% +37,5%",WG,Chorus Double,F.044-11/21,BIOPROTECTION,SYNGENTA,2022,ALL_SUBSTANCES_APPROVED_IN_EU,1,Fludioxonil +Cyprodinil,Fludioxonil,Fludioxonil +Cyprodinil:EU_APPROVED,
FONGICIDE,Fluopyram +,200 g/L + 200,SC,Luna Experience 400,F.023-13,SEPCM,BAYER,2022,ALL_SUBSTANCES_APPROVED_IN_EU,1,Fluopyram +,Fluopyram,Fluopyram +:EU_APPROVED,
FONGICIDE,Tebuconazole,g/l,SC,SC,,,CROPSCIENCE,2022,ALL_SUBSTANCES_APPROVED_IN_EU,1,Tebuconazole,Tebuconazole,Tebuconazole:EU_APPROVED,
FONGICIDE,Fluopyram +,250 g/L + 250,SC,Luna Sensation,F.019-13,ATLAS AGRICOLE,BAYER,2022,ALL_SUBSTANCES_APPROVED_IN_EU,1,Fluopyram +,Fluopyram,Fluopyram +:EU_APPROVED,
FONGICIDE,Trifloxystrobine,g/L,SC,,,,CROPSCIENCE,2022,ALL_SUBSTANCES_APPROVED_IN_EU,1,Trifloxystrobine,Trifloxystrobin,Trifloxystrobine:EU_APPROVED,
FONGICIDE,Fluoxastrobine,480g/l,SC,EVITO 480 SC,F010-17,EL MOUSSEM,ARYSTA,2022,ALL_SUBSTANCES_APPROVED_IN_EU,1,Fluoxastrobine,Fluoxastrobin,Fluoxastrobine:EU_APPROVED,
FONGICIDE,Fluoxastrobine +,200 g/l + 277,SC,Evito T,F.033-16,EL MOUSSEM,ARYSTA,2022,ALL_SUBSTANCES_APPROVED_IN_EU,1,Fluoxastrobine +,Fluoxastrobin,Fluoxastrobine +:EU_APPROVED,
FONGICIDE,Tebuconazole,g/l de,SC,,,AGRICOLE,LIFESCIENCE,2022,ALL_SUBSTANCES_APPROVED_IN_EU,1,Tebuconazole,Tebuconazole,Tebuconazole:EU_APPROVED,
FONGICIDE,Flutriafol,1 2 5 g /L,SC,Impact S,F.047-11/21,AGRIPROTEC,CHEMINOVA/FMC,2022,CONTAINS_NOT_APPROVED_SUBSTANCE_IN_EU,1,Flutriafol,Flutriafol,Flutriafol:EU_NOT_APPROVED,
FONGICIDE,Flutriafol,1 2 5 g /L,SC,Radikal SC,F.73-21,AGRIMED,SHARDA,2022,CONTAINS_NOT_APPROVED_SUBSTANCE_IN_EU,1,Flutriafol,Flutriafol,Flutriafol:EU_NOT_APPROVED,
FONGICIDE,Flutriafol,1 2 5 g /L,SC,Flutri 125 SC,F.032-16,RAYEN,SHARDA,2022,CONTAINS_NOT_APPROVED_SUBSTANCE_IN_EU,1,Flutriafol,Flutriafol,Flutriafol:EU_NOT_APPROVED,
FONGICIDE,Flutriafol,25 g/L +25,FLO,Vincit F,F.048-11/21,AGRIPROTEC,CHEMINOVA/FMC,2022,CONTAINS_NOT_APPROVED_SUBSTANCE_IN_EU,1,Flutriafol,Flutriafol,Flutriafol:EU_NOT_APPROVED,
FONGICIDE,+Thiabendazole,g/L,(FS),,,,,2022,ALL_SUBSTANCES_APPROVED_IN_EU,1,+Thiabendazole,Thiabendazole,+Thiabendazole:EU_APPROVED,
FONGICIDE,Flutriafol + Tébuconazole,75 g/l + 225 g/l,SC,Pointer Duo,F.028-16,AGROSYSTEMES,CHEMINOVA/FMC,2022,ALL_SUBSTANCES_APPROVED_IN_EU,1,Flutriafol + Tébuconazole,Tebuconazole,Flutriafol + Tébuconazole:EU_APPROVED,
FONGICIDE,Fluxapyroxad +,75 g/l+150 g/l,SE,PRIAXOR SE,18-010F.,COTUGRAIN,BASF,2022,ALL_SUBSTANCES_APPROVED_IN_EU,1,Fluxapyroxad +,Fluxapyroxad,Fluxapyroxad +:EU_APPROVED,
FONGICIDE,Pyraclostrobine,75 g/l+150 g/l,SE,,,IMPEX,,2022,ALL_SUBSTANCES_APPROVED_IN_EU,1,Pyraclostrobine,Pyraclostrobin,Pyraclostrobine:EU_APPROVED,
FONGICIDE,Fluoxastrobine +,75 g/l+400 g/l,SC,EVITO P,F.044-22,EL MOUSSEM,ARYSTA,2022,ALL_SUBSTANCES_APPROVED_IN_EU,1,Fluoxastrobine +,Fluoxastrobin,Fluoxastrobine +:EU_APPROVED,
FONGICIDE,Propamocarb,75 g/l+400 g/l,SC,,,,LIFESCIENCE/ UPL,2022,ALL_SUBSTANCES_APPROVED_IN_EU,1,Propamocarb,Propamocarb,Propamocarb:EU_APPROVED,
FONGICIDE,hydrochloride,75 g/l+400 g/l,SC,,,,,2022,CONTAINS_NOT_APPROVED_SUBSTANCE_IN_EU,1,hydrochloride,Trimethylamine hydrochloride,hydrochloride:EU_NOT_APPROVED,
FONGICIDE,Folpel,80%,WP,Solfol,F.034-17,ATLAS AGRICOLE,BELCHIM CROP,2022,NOT_FOUND_OR_NEEDS_MANUAL_REVIEW,0,Folpel,,Folpel:NOT_IN_EU_LIST,
FONGICIDE,Folpel +Benalaxyl,35% + 6% +,WP,CIFOXIL WP,F.012-20,promochimie,SIPCAM INAGRA,2022,CONTAINS_NOT_APPROVED_SUBSTANCE_IN_EU,1,Folpel +Benalaxyl,Benalaxyl,Folpel +Benalaxyl:EU_NOT_APPROVED,
FONGICIDE,+cymoxanil,3.2%,WP,,,,,2022,ALL_SUBSTANCES_APPROVED_IN_EU,1,+cymoxanil,Cymoxanil,+cymoxanil:EU_APPROVED,
FONGICIDE,Folpel +Benalaxyl +cymoxanil,35% + 6% + 3.2%,WP,FOBECI,F.002-16,INNOVA,SIPCAM INAGRA,2022,CONTAINS_NOT_APPROVED_SUBSTANCE_IN_EU,1,Folpel +Benalaxyl +cymoxanil,Benalaxyl,Folpel +Benalaxyl +cymoxanil:EU_NOT_APPROVED,
FONGICIDE,Folpet+ Foséthyl-Al,25%+50%,WG,Mikal Flash,F.049-11/21,SEPCM,BAYER,2022,ALL_SUBSTANCES_APPROVED_IN_EU,1,Folpet+ Foséthyl-Al,Folpet,Folpet+ Foséthyl-Al:EU_APPROVED,
FONGICIDE,Fosethyl al + Folpel +,50 % +25 % +,WG,CASSIOPEE WG,F.044-17,PROMOCHIMIE,BAYER AG,2022,NOT_FOUND_OR_NEEDS_MANUAL_REVIEW,0,Fosethyl al + Folpel +,,Fosethyl al + Folpel +:NOT_IN_EU_LIST,
FONGICIDE,Iprovalicarbe,4%,WG,,,,,2022,ALL_SUBSTANCES_APPROVED_IN_EU,1,Iprovalicarbe,Iprovalicarb,Iprovalicarbe:EU_APPROVED,
FONGICIDE,Foséthyl-Al,80%,WP,Filal,F.175-11/21,EL KHADRA,AFRASA,2022,NOT_FOUND_OR_NEEDS_MANUAL_REVIEW,0,Foséthyl-Al,,Foséthyl-Al:NOT_IN_EU_LIST,
FONGICIDE,Foséthyl-Al,80%,WP,Alial,F.050-11/21,AGRIPROTEC,PROPLAN,2022,NOT_FOUND_OR_NEEDS_MANUAL_REVIEW,0,Foséthyl-Al,,Foséthyl-Al:NOT_IN_EU_LIST,
FONGICIDE,Foséthyl-Al,80%,WG,Aliette express,F.051-11/21,SEPCM,BAYER,2022,NOT_FOUND_OR_NEEDS_MANUAL_REVIEW,0,Foséthyl-Al,,Foséthyl-Al:NOT_IN_EU_LIST,
FONGICIDE,Fosetyl aluminium,80%,WP,CLEANER WP,F.017-22,FERTITECH,HANGZHOU,2022,ALL_SUBSTANCES_APPROVED_IN_EU,1,Fosetyl aluminium,Fosetyl,Fosetyl aluminium:EU_APPROVED,
FONGICIDE,Fosethyl-Al +Cymoxanil,50 % +4 % +,WP,BELKAP EXTRA,F.026.18,AGROSYSTEMES,PROBELTE,2022,ALL_SUBSTANCES_APPROVED_IN_EU,1,Fosethyl-Al +Cymoxanil,Cymoxanil,Fosethyl-Al +Cymoxanil:EU_APPROVED,
FONGICIDE,+ Folpel,25%,WP,,,,,2022,NOT_FOUND_OR_NEEDS_MANUAL_REVIEW,0,+ Folpel,,+ Folpel:NOT_IN_EU_LIST,
FONGICIDE,Fosethyl-Al +Cymoxanil,50% +4% +,WG,Anteor flash,F.019-14,ATLAS AGRICOLE,BAYER AG,2022,ALL_SUBSTANCES_APPROVED_IN_EU,1,Fosethyl-Al +Cymoxanil,Cymoxanil,Fosethyl-Al +Cymoxanil:EU_APPROVED,
FONGICIDE,+ Folpel,25%,WG,,,,,2022,NOT_FOUND_OR_NEEDS_MANUAL_REVIEW,0,+ Folpel,,+ Folpel:NOT_IN_EU_LIST,
FONGICIDE,Fosethyl-Al +Cymoxanil,50 % +4 %,WP,Fosbel extra,F.052.11,AGRIPROTEC,PROBELTE,2022,ALL_SUBSTANCES_APPROVED_IN_EU,1,Fosethyl-Al +Cymoxanil,Cymoxanil,Fosethyl-Al +Cymoxanil:EU_APPROVED,
FONGICIDE,+Folpet,+25%,WP,,,,,2022,ALL_SUBSTANCES_APPROVED_IN_EU,1,+Folpet,Folpet,+Folpet:EU_APPROVED,
FONGICIDE,Fosethyl-Al +Cymoxanil,50 % +4 %,WP,Magma Triple,F.137-11/21,EL KHADRA,AFRASA,2022,ALL_SUBSTANCES_APPROVED_IN_EU,1,Fosethyl-Al +Cymoxanil,Cymoxanil,Fosethyl-Al +Cymoxanil:EU_APPROVED,
FONGICIDE,Fosethyl-Al +Cymoxanil,50 % +4 %,WP,Katanga Triple WP,F.04-21,NEGANOR,PROPLAN,2022,ALL_SUBSTANCES_APPROVED_IN_EU,1,Fosethyl-Al +Cymoxanil,Cymoxanil,Fosethyl-Al +Cymoxanil:EU_APPROVED,
FONGICIDE,Fosethyl-Al +Fluopicolide,"66,7 % +4,4%",WG,Profiler,F.053-11/21,ATLAS AGRICOLE,BAYER AG,2022,ALL_SUBSTANCES_APPROVED_IN_EU,1,Fosethyl-Al +Fluopicolide,Fluopicolide,Fosethyl-Al +Fluopicolide:EU_APPROVED,
FONGICIDE,Foséthyl –Al,80%,WG,FILAL PLUS WG,F.051-22,EL KHADRA,AFRASA,2022,NOT_FOUND_OR_NEEDS_MANUAL_REVIEW,0,Foséthyl –Al,,Foséthyl –Al:NOT_IN_EU_LIST,
FONGICIDE,Fosetyl –al,80%,WP,ALU-VITE WP,F.74-21,TASMID,LIMIN CHEMICAL,2022,ALL_SUBSTANCES_APPROVED_IN_EU,1,Fosetyl –al,Fosetyl,Fosetyl –al:EU_APPROVED,
FONGICIDE,Fosetyl –al,80%,WG,ALLUM WG,F.009-16,EL MOUSSEM,NUFARM,2022,ALL_SUBSTANCES_APPROVED_IN_EU,1,Fosetyl –al,Fosetyl,Fosetyl –al:EU_APPROVED,
FONGICIDE,Fosetyl –al,80%,WG,lotus,F.49-21,SANABEL AGRO,NUFARM,2022,ALL_SUBSTANCES_APPROVED_IN_EU,1,Fosetyl –al,Fosetyl,Fosetyl –al:EU_APPROVED,
FONGICIDE,Fosetyl-Al,80%,WP,KEYFOL 80 WP,F.004-19,Ets MEZGHANI,LIMIN CHEMICAL,2022,ALL_SUBSTANCES_APPROVED_IN_EU,1,Fosetyl-Al,Fosetyl,Fosetyl-Al:EU_APPROVED,
FONGICIDE,Fosetyl-al +Mancozebe,35% +35%,WP,KATANGA MAN,F.006-17,AGRIPROTEC,PROPLAN,2022,CONTAINS_NOT_APPROVED_SUBSTANCE_IN_EU,1,Fosetyl-al +Mancozebe,Mancozeb,Fosetyl-al +Mancozebe:EU_NOT_APPROVED,
FONGICIDE,Fosetyl-al +Mancozebe,44.4% +,WG,lotus pro,F.50-21,SANABEL AGRO,NUFARM,2022,CONTAINS_NOT_APPROVED_SUBSTANCE_IN_EU,1,Fosetyl-al +Mancozebe,Mancozeb,Fosetyl-al +Mancozebe:EU_NOT_APPROVED,
FONGICIDE,Fosetyl-al +Mancozebe,44.4% +,WG,Allum MZ,F.048-17,EL MOUSSEM,NUFARM,2022,CONTAINS_NOT_APPROVED_SUBSTANCE_IN_EU,1,Fosetyl-al +Mancozebe,Mancozeb,Fosetyl-al +Mancozebe:EU_NOT_APPROVED,
FONGICIDE,Fosethyl-al +sulfate de,200 g/kg+150,WG,Optix R WG,F.021-22,BIOPROTECTION,UPL,2022,NOT_FOUND_OR_NEEDS_MANUAL_REVIEW,0,Fosethyl-al +sulfate de,,Fosethyl-al +sulfate de:NOT_IN_EU_LIST,
FONGICIDE,cuivre tribasique,g/kg,WG,,,,,2022,NOT_FOUND_OR_NEEDS_MANUAL_REVIEW,0,cuivre tribasique,,cuivre tribasique:NOT_IN_EU_LIST,
FONGICIDE,Huile essentielle de thym,81.87 g/l,EW,NOPATH EW,F.006-19,NUTRIPLANT,KOPPERT,2022,NOT_FOUND_OR_NEEDS_MANUAL_REVIEW,0,Huile essentielle de thym,,Huile essentielle de thym:NOT_IN_EU_LIST,
FONGICIDE,(thymol),81.87 g/l,EW,,,,BIOLOGICAL,2022,NOT_FOUND_OR_NEEDS_MANUAL_REVIEW,0,(thymol),,(thymol):NOT_IN_EU_LIST,
FONGICIDE,Huile essentielle d'orange,60 g/l,ME,LIMOCIDE ULTRA,F.01-21,RAYEN,VIVAGRO,2022,NOT_FOUND_OR_NEEDS_MANUAL_REVIEW,0,Huile essentielle d'orange,,Huile essentielle d'orange:NOT_IN_EU_LIST,
FONGICIDE,douce,60 g/l,ME,ME,,PHYTAGRI,,2022,NOT_FOUND_OR_NEEDS_MANUAL_REVIEW,0,douce,,douce:NOT_IN_EU_LIST,
FONGICIDE,Hydroxyde de cuivre,77% soit 50%,WP,Copper Progress,F.169-11/21,AGROSYSTEMES,SPEISS,2022,NOT_FOUND_OR_NEEDS_MANUAL_REVIEW,0,Hydroxyde de cuivre,,Hydroxyde de cuivre:NOT_IN_EU_LIST,
FONGICIDE,Hydroxyde de cuivre,77% soit 50%,WP,Patrol 50 WP,F.028-15,AMINCO,SPEISS,2022,NOT_FOUND_OR_NEEDS_MANUAL_REVIEW,0,Hydroxyde de cuivre,,Hydroxyde de cuivre:NOT_IN_EU_LIST,
FONGICIDE,Hydroxyde de cuivre,250 g/kg,WG,BLUE SHIELD 25,F.016-22,SOLAGRI,Albaugh.LLC,2022,NOT_FOUND_OR_NEEDS_MANUAL_REVIEW,0,Hydroxyde de cuivre,,Hydroxyde de cuivre:NOT_IN_EU_LIST,
FONGICIDE,Hydroxyde de cuivre,250 g/kg,WG,WG,,,,2022,NOT_FOUND_OR_NEEDS_MANUAL_REVIEW,0,Hydroxyde de cuivre,,Hydroxyde de cuivre:NOT_IN_EU_LIST,
FONGICIDE,Hydroxyde de Cuivre,645 g/l,SC,Heliocuivre,F.211-11/21,BIOPROTECTION,Action Pin/AAKO,2022,NOT_FOUND_OR_NEEDS_MANUAL_REVIEW,0,Hydroxyde de Cuivre,,Hydroxyde de Cuivre:NOT_IN_EU_LIST,
FONGICIDE,(400 g/l de cuivre métal),645 g/l,SC,,,,,2022,NOT_FOUND_OR_NEEDS_MANUAL_REVIEW,1,(400 g | l de cuivre métal),Beauveria bassiana strains ATCC 74040 and GHA,(400 g:EU_APPROVED | l de cuivre métal):NOT_IN_EU_LIST,
FONGICIDE,Hydroxyde de cuivre,40% Cu,WG,Hidrocure WG,F.049-22,FERTITECH,ALINTRA,2022,NOT_FOUND_OR_NEEDS_MANUAL_REVIEW,0,Hydroxyde de cuivre,,Hydroxyde de cuivre:NOT_IN_EU_LIST,
FONGICIDE,Hydroxyde de cuivre,"237,7 g/l+45",SC,CYCLO-R-LIQUIDE,21-16.F,EL KHADRA,INDUSTRIAS,2022,NOT_FOUND_OR_NEEDS_MANUAL_REVIEW,0,Hydroxyde de cuivre,,Hydroxyde de cuivre:NOT_IN_EU_LIST,
FONGICIDE,+Métalaxyl,g/l,SC,,,,AFRASA,2022,ALL_SUBSTANCES_APPROVED_IN_EU,1,+Métalaxyl,Metalaxyl,+Métalaxyl:EU_APPROVED,
FONGICIDE,Hymexazole,300 g/L,SL,Tachigaren,F.056-11/21,AGRIPROTEC,Mitsui Chemicals,2022,ALL_SUBSTANCES_APPROVED_IN_EU,1,Hymexazole,Hymexazol,Hymexazole:EU_APPROVED,
FONGICIDE,Imidacloprid+Tebuconaz,210 g/l+12 g/l,FS,GIZMO SUPER FS,F.018-18,AGRIPROTEC,NUFARM,2022,CONTAINS_NOT_APPROVED_SUBSTANCE_IN_EU,1,Imidacloprid+Tebuconaz,Imidacloprid,Imidacloprid+Tebuconaz:EU_NOT_APPROVED,
FONGICIDE,ole,210 g/l+12 g/l,FS,,,,,2022,ALL_SUBSTANCES_APPROVED_IN_EU,1,ole,Chlorantraniliprole,ole:EU_APPROVED,
FONGICIDE,Iprodione,500 g/l,SC,FUGIX SC,F.013-20,EL KHADRA,SIPCAM INAGRA,2022,CONTAINS_NOT_APPROVED_SUBSTANCE_IN_EU,1,Iprodione,Iprodione,Iprodione:EU_NOT_APPROVED,
FONGICIDE,Iprodione,500 g/l,SC,Icaro,F.011-16,INNOVA,SIPCAM INAGRA,2022,CONTAINS_NOT_APPROVED_SUBSTANCE_IN_EU,1,Iprodione,Iprodione,Iprodione:EU_NOT_APPROVED,
FONGICIDE,Iprodione,50%,WG,SABUESO,F.016-17,AGRIPROTEC,PROPLAN,2022,CONTAINS_NOT_APPROVED_SUBSTANCE_IN_EU,1,Iprodione,Iprodione,Iprodione:EU_NOT_APPROVED,
FONGICIDE,Iprodione,500g/l,SC,RovralAquaflo,F.010-16,COTUGRAIN,FMC,2022,CONTAINS_NOT_APPROVED_SUBSTANCE_IN_EU,1,Iprodione,Iprodione,Iprodione:EU_NOT_APPROVED,
FONGICIDE,Iprodione,500 g/l,SC,APRODONE,F.042-17,LIEN AGRICOLE,SHARDA,2022,CONTAINS_NOT_APPROVED_SUBSTANCE_IN_EU,1,Iprodione,Iprodione,Iprodione:EU_NOT_APPROVED,
FONGICIDE,Iprodione,500 g/l,SC,CLUSTER,F.017-17,RAYEN,DIACHEM S.P.A,2022,CONTAINS_NOT_APPROVED_SUBSTANCE_IN_EU,1,Iprodione,Iprodione,Iprodione:EU_NOT_APPROVED,
FONGICIDE,Iprodione,500 g/l,SC,SINPRO SC,F.005-19,SANABEL AGRO,SINON,2022,CONTAINS_NOT_APPROVED_SUBSTANCE_IN_EU,1,Iprodione,Iprodione,Iprodione:EU_NOT_APPROVED,
FONGICIDE,Iprodione,5 0 %,W G,D r i z a W G,0 0 1 - 1 5 F.,EL KHADRA,INDSUTRIAS,2022,CONTAINS_NOT_APPROVED_SUBSTANCE_IN_EU,1,Iprodione,Iprodione,Iprodione:EU_NOT_APPROVED,
FONGICIDE,Iprodione,5 0 %,W G,P r o d a x,F .0 2 4 - 16,SANABEL AGRO,SINON,2022,CONTAINS_NOT_APPROVED_SUBSTANCE_IN_EU,1,Iprodione,Iprodione,Iprodione:EU_NOT_APPROVED,
FONGICIDE,Iprodione,5 0 %,W P,R o v r a l,F .0 5 7 - 11/21,SEPCM,FMC,2022,CONTAINS_NOT_APPROVED_SUBSTANCE_IN_EU,1,Iprodione,Iprodione,Iprodione:EU_NOT_APPROVED,
FONGICIDE,Iprovalicarbe,"8,4 % +40,6%",WG,Positron 49,F.058-11/21,ATLAS AGRICOLE,BAYER,2022,ALL_SUBSTANCES_APPROVED_IN_EU,1,Iprovalicarbe,Iprovalicarb,Iprovalicarbe:EU_APPROVED,
FONGICIDE,+Oxychlorure de cuivre,"8,4 % +40,6%",WG,,,,CROPSCIENCE,2022,NOT_FOUND_OR_NEEDS_MANUAL_REVIEW,0,+Oxychlorure de cuivre,,+Oxychlorure de cuivre:NOT_IN_EU_LIST,
FONGICIDE,Isofetamid,400 g/l,SC,Kenja SC,F.20-21,Agriprotec,ISK Biosciences,2022,ALL_SUBSTANCES_APPROVED_IN_EU,1,Isofetamid,Isofetamid,Isofetamid:EU_APPROVED,
FONGICIDE,Krésoxim-méthyl,50%,WG,QUIMERA WG,F.001-22,EL KHADRA,AFRASA,2022,ALL_SUBSTANCES_APPROVED_IN_EU,1,Krésoxim-méthyl,Kresoxim-methyl,Krésoxim-méthyl:EU_APPROVED,
FONGICIDE,Krésoxim-méthyl,50%,WG,ALLIAGE DF,F.60-21,AGRIMATCO,BASF,2022,ALL_SUBSTANCES_APPROVED_IN_EU,1,Krésoxim-méthyl,Kresoxim-methyl,Krésoxim-méthyl:EU_APPROVED,
FONGICIDE,Krésoxim-méthyl,350g/l,SC,Kresoxystar 350SC,F.030-22,Ets Mezghani,ANHUI HUAXING,2022,ALL_SUBSTANCES_APPROVED_IN_EU,1,Krésoxim-méthyl,Kresoxim-methyl,Krésoxim-méthyl:EU_APPROVED,
FONGICIDE,Krésoxim-méthyl,50%,WG,Stroby DF,F.059-11/21,STIMA,BASF,2022,ALL_SUBSTANCES_APPROVED_IN_EU,1,Krésoxim-méthyl,Kresoxim-methyl,Krésoxim-méthyl:EU_APPROVED,
FONGICIDE,Pyriofenone,300 g/l,SC,KUSABI SC,F.23-21,AGRIPROTEC,ISK Biosciences,2022,ALL_SUBSTANCES_APPROVED_IN_EU,1,Pyriofenone,Pyriofenone,Pyriofenone:EU_APPROVED,
FONGICIDE,Laminarin,45g/l,SL,VACCIPLANT,F.28-21,EL MOUSSEM,GOEMAR SAS,2022,ALL_SUBSTANCES_APPROVED_IN_EU,1,Laminarin,Laminarin,Laminarin:EU_APPROVED,
FONGICIDE,Mancozébe,750g/Kg,WG,MANCOFLASH,F.012-17,RAYEN,INDOFIL,2022,CONTAINS_NOT_APPROVED_SUBSTANCE_IN_EU,1,Mancozébe,Mancozeb,Mancozébe:EU_NOT_APPROVED,
FONGICIDE,Mancozèbe,80%,WP,Triziman 80,F.060-11/21,AGRIPROTEC,UPL,2022,CONTAINS_NOT_APPROVED_SUBSTANCE_IN_EU,1,Mancozèbe,Mancozeb,Mancozèbe:EU_NOT_APPROVED,
FONGICIDE,Mancozèbe,80%,WP,Mancothine,F.061-11/21,AGROSYSTEMES,AGRIA SA,2022,CONTAINS_NOT_APPROVED_SUBSTANCE_IN_EU,1,Mancozèbe,Mancozeb,Mancozèbe:EU_NOT_APPROVED,
FONGICIDE,Mancozèbe,80%,WP,Maynozebe,F.030-15,AMINCO,AGRIA SA,2022,CONTAINS_NOT_APPROVED_SUBSTANCE_IN_EU,1,Mancozèbe,Mancozeb,Mancozèbe:EU_NOT_APPROVED,
FONGICIDE,Mancozèbe,80%,WP,Sabero M 45,F.192-11/21,ATLAS AGRICOLE,COROMANDEL Ltd.,2022,CONTAINS_NOT_APPROVED_SUBSTANCE_IN_EU,1,Mancozèbe,Mancozeb,Mancozèbe:EU_NOT_APPROVED,
FONGICIDE,Mancozèbe,80%,WP,Caiman 80 WP,F.062-11/21,BIOPROTECTION,UPL/ARYSTA,2022,CONTAINS_NOT_APPROVED_SUBSTANCE_IN_EU,1,Mancozèbe,Mancozeb,Mancozèbe:EU_NOT_APPROVED,
FONGICIDE,Mancozèbe,80%,WP,Dauphin,F.022-16,EL KHADRA,SIPCAM INAGRA,2022,CONTAINS_NOT_APPROVED_SUBSTANCE_IN_EU,1,Mancozèbe,Mancozeb,Mancozèbe:EU_NOT_APPROVED,
FONGICIDE,Mancozèbe,80%,WP,Dicozeb 80,F.178-11/21,ELMOUSSEM.,INDOFIL INDE,2022,CONTAINS_NOT_APPROVED_SUBSTANCE_IN_EU,1,Mancozèbe,Mancozeb,Mancozèbe:EU_NOT_APPROVED,
FONGICIDE,Mancozèbe,80%,WP,Zatest,F.063-11/21,ETS. MEZGHANI,Agria/INDUST.,2022,CONTAINS_NOT_APPROVED_SUBSTANCE_IN_EU,1,Mancozèbe,Mancozeb,Mancozèbe:EU_NOT_APPROVED,
FONGICIDE,Mancozèbe,80%,WP,Agrizeb,F.198-11/21,PROTAGRI,United Phosphorus Ltd,2022,CONTAINS_NOT_APPROVED_SUBSTANCE_IN_EU,1,Mancozèbe,Mancozeb,Mancozèbe:EU_NOT_APPROVED,
FONGICIDE,Mancozèbe,80%,WP,MAXIMUS 80WP,F.033-18,RAYEN,INDOFIL,2022,CONTAINS_NOT_APPROVED_SUBSTANCE_IN_EU,1,Mancozèbe,Mancozeb,Mancozèbe:EU_NOT_APPROVED,
FONGICIDE,Mancozèbe,80%,WP,MACOTAPE 80 WP,F.020-18,SANABEL AGRO,INDOFIL,2022,CONTAINS_NOT_APPROVED_SUBSTANCE_IN_EU,1,Mancozèbe,Mancozeb,Mancozèbe:EU_NOT_APPROVED,
FONGICIDE,Mancozèbe,80%,WP,Dithane M 45,F.065-11/21,SEPCM,DOWAGROSCIENCE,2022,CONTAINS_NOT_APPROVED_SUBSTANCE_IN_EU,1,Mancozèbe,Mancozeb,Mancozèbe:EU_NOT_APPROVED,
FONGICIDE,Mancozèbe,80%,WP,Agrezate 80 WP,F.004-15,SOCOOPEC,ZENITH,2022,CONTAINS_NOT_APPROVED_SUBSTANCE_IN_EU,1,Mancozèbe,Mancozeb,Mancozèbe:EU_NOT_APPROVED,
FONGICIDE,Mancozèbe,80%,WP,Penncozebe 80 WP,F.156-11/21,STEC,CEREXAGRI,2022,CONTAINS_NOT_APPROVED_SUBSTANCE_IN_EU,1,Mancozèbe,Mancozeb,Mancozèbe:EU_NOT_APPROVED,
FONGICIDE,Mancozebe,75%,WG,ZENER75 WDG,F.046-22,NEGANOR,Agria,2022,CONTAINS_NOT_APPROVED_SUBSTANCE_IN_EU,1,Mancozebe,Mancozeb,Mancozebe:EU_NOT_APPROVED,
FONGICIDE,Mancozebe,75%,WG,FORTUNA GLOBE,F.08-21,AGRONOMIC Land,Agria,2022,CONTAINS_NOT_APPROVED_SUBSTANCE_IN_EU,1,Mancozebe,Mancozeb,Mancozebe:EU_NOT_APPROVED,
FONGICIDE,Mancozebe,420 g/l,SC,CAIMAN FLUID SC,F.41-22,BIOPROTECTION,UPL LIMITED,2022,CONTAINS_NOT_APPROVED_SUBSTANCE_IN_EU,1,Mancozebe,Mancozeb,Mancozebe:EU_NOT_APPROVED,
FONGICIDE,Mancozebe,420 g/l,SC,PENNFLUID SC,F.03-21,AGRIPROTEC,UPL LIMITED,2022,CONTAINS_NOT_APPROVED_SUBSTANCE_IN_EU,1,Mancozebe,Mancozeb,Mancozebe:EU_NOT_APPROVED,
FONGICIDE,Mancozebe + Benalaxyl,65% + 8 %,WP,TRECATOL,F.030-18,ATLAS AGRICOLE,FMC,2022,CONTAINS_NOT_APPROVED_SUBSTANCE_IN_EU,1,Mancozebe + Benalaxyl,Mancozeb,Mancozebe + Benalaxyl:EU_NOT_APPROVED,
FONGICIDE,Mancozebe + Benalaxyl,65% + 8 %,WP,Galben M,F.180-11/21,promochimie,FMC,2022,CONTAINS_NOT_APPROVED_SUBSTANCE_IN_EU,1,Mancozebe + Benalaxyl,Mancozeb,Mancozebe + Benalaxyl:EU_NOT_APPROVED,
FONGICIDE,Mancozebe +Cymoxanil,465g/kg+40g/k,WP,KATALON,F.011-17,RAYEN,INDOFIL,2022,CONTAINS_NOT_APPROVED_SUBSTANCE_IN_EU,1,Mancozebe +Cymoxanil,Mancozeb,Mancozebe +Cymoxanil:EU_NOT_APPROVED,
FONGICIDE,Mancozebe +Fosethyl-AL,35% + 35%,WP,Alfil Duplo,F.005-14,EL KHADRA,AFRASA,2022,CONTAINS_NOT_APPROVED_SUBSTANCE_IN_EU,1,Mancozebe +Fosethyl-AL,Mancozeb,Mancozebe +Fosethyl-AL:EU_NOT_APPROVED,
FONGICIDE,Mancozèbe +Oxychlorure,20 % +30%,WP,Procuivre MZ,F.009-15,SEPCM,IQV DEL VALLES,2022,CONTAINS_NOT_APPROVED_SUBSTANCE_IN_EU,1,Mancozèbe +Oxychlorure,Mancozeb,Mancozèbe +Oxychlorure:EU_NOT_APPROVED,
FONGICIDE,de cuivre,20 % +30%,WP,,,,,2022,NOT_FOUND_OR_NEEDS_MANUAL_REVIEW,0,de cuivre,,de cuivre:NOT_IN_EU_LIST,
FONGICIDE,Mancozèbe +Oxychlorure,20 % +30%,WP,Cureman,F.157-11/21,SOCOOPEC,IQV DEL VALLES,2022,CONTAINS_NOT_APPROVED_SUBSTANCE_IN_EU,1,Mancozèbe +Oxychlorure,Mancozeb,Mancozèbe +Oxychlorure:EU_NOT_APPROVED,
FONGICIDE,Mancozebe+Cymoxanil,68%+4.5 %,WP,Profilux,F.001-16,ATLAS AGRICOLE,BELCHIM CROP,2022,CONTAINS_NOT_APPROVED_SUBSTANCE_IN_EU,1,Mancozebe+Cymoxanil,Mancozeb,Mancozebe+Cymoxanil:EU_NOT_APPROVED,
FONGICIDE,Mancozebe +Valifenalate,600,GR,VALIS M,F.10-21,NEGANOR,BELCHIM CROP,2022,CONTAINS_NOT_APPROVED_SUBSTANCE_IN_EU,1,Mancozebe +Valifenalate,Mancozeb,Mancozebe +Valifenalate:EU_NOT_APPROVED,
FONGICIDE,Mandipropamide,250 g/L,SC,amphore SC,F.69-21,SOLAGRI,SYNGENTA,2022,ALL_SUBSTANCES_APPROVED_IN_EU,1,Mandipropamide,Mandipropamid,Mandipropamide:EU_APPROVED,
FONGICIDE,Mandipropamide,40 g/L +400,SC,Carial Opti,F.068-11/21,BIOPROTECTION,SYNGENTA,2022,ALL_SUBSTANCES_APPROVED_IN_EU,1,Mandipropamide,Mandipropamid,Mandipropamide:EU_APPROVED,
FONGICIDE,Mandipropamide,250 g/l + 250,SC,CARIAL TOP,F.006-16,BIOPROTECTION,SYNGENTA,2022,ALL_SUBSTANCES_APPROVED_IN_EU,1,Mandipropamide,Mandipropamid,Mandipropamide:EU_APPROVED,
FONGICIDE,+Difenoconazole,g/l,SC,,,,,2022,ALL_SUBSTANCES_APPROVED_IN_EU,1,+Difenoconazole,Difenoconazole,+Difenoconazole:EU_APPROVED,
FONGICIDE,Mandipropamide,5 % +60%,WG,amphore gold WG,F.70-21,SOLAGRI,SYNGENTA,2022,ALL_SUBSTANCES_APPROVED_IN_EU,1,Mandipropamide,Mandipropamid,Mandipropamide:EU_APPROVED,
FONGICIDE,+Mancozebe,5 % +60%,WG,,,,,2022,CONTAINS_NOT_APPROVED_SUBSTANCE_IN_EU,1,+Mancozebe,Mancozeb,+Mancozebe:EU_NOT_APPROVED,
FONGICIDE,Mandipropamid+,250g/l +30 g/l,SC,ORONDIS,F.77-21,Cotugrain,Syngenta Crop,2022,ALL_SUBSTANCES_APPROVED_IN_EU,1,Mandipropamid+,Mandipropamid,Mandipropamid+:EU_APPROVED,
FONGICIDE,Oxathiapiprolin,250g/l +30 g/l,SC,ULTRA280 SC,,,Protection,2022,ALL_SUBSTANCES_APPROVED_IN_EU,1,Oxathiapiprolin,Oxathiapiprolin,Oxathiapiprolin:EU_APPROVED,
FONGICIDE,Manipropamide,250 g/kg+240,WG,Ampexio WG,F.022-22,BIOPROTECTION,SYNGENTA,2022,NOT_FOUND_OR_NEEDS_MANUAL_REVIEW,0,Manipropamide,,Manipropamide:NOT_IN_EU_LIST,
FONGICIDE,+zoxamid,g/kg,WG,,,,,2022,NOT_FOUND_OR_NEEDS_MANUAL_REVIEW,0,+zoxamid,,+zoxamid:NOT_IN_EU_LIST,
FONGICIDE,Manèbe,80%,WP,PLANTINEB 80WP,F.016-19,SANABEL AGRO,UPL,2022,CONTAINS_NOT_APPROVED_SUBSTANCE_IN_EU,1,Manèbe,Maneb,Manèbe:EU_NOT_APPROVED,
FONGICIDE,Manèbe,8 0 %,W P,R i d a n è b e,F .2 0 4 - 1 1 / 2 1,S E P C M,CEREXAGRI/UPL,2022,CONTAINS_NOT_APPROVED_SUBSTANCE_IN_EU,1,Manèbe,Maneb,Manèbe:EU_NOT_APPROVED,
FONGICIDE,Manèbe,8 0 %,W P,T r i m a n g o l,F .1 5 8 - 1 1 / 2 1,S T E C,CEREXAGRI,2022,CONTAINS_NOT_APPROVED_SUBSTANCE_IN_EU,1,Manèbe,Maneb,Manèbe:EU_NOT_APPROVED,
FONGICIDE,Méfenoxam +,4 % + 64%,WG,Ridomil Gold MZ 68,F.073-11/21,BIOPROTECTION,SYNGENTA,2022,CONTAINS_NOT_APPROVED_SUBSTANCE_IN_EU,1,Méfenoxam +,FEN 560 (Fenugreek seed powder),Méfenoxam +:EU_NOT_APPROVED,
FONGICIDE,Mancozèbe,4 % + 64%,WG,W G,,,,2022,CONTAINS_NOT_APPROVED_SUBSTANCE_IN_EU,1,Mancozèbe,Mancozeb,Mancozèbe:EU_NOT_APPROVED,
FONGICIDE,Méfenoxam + Folpel,5% + 40 %,WG,Ridomil Gold Combi,F.072-11/21,BIOPROTECTION,SYNGENTA,2022,CONTAINS_NOT_APPROVED_SUBSTANCE_IN_EU,1,Méfenoxam + Folpel,FEN 560 (Fenugreek seed powder),Méfenoxam + Folpel:EU_NOT_APPROVED,
FONGICIDE,Méfenoxam + Folpel,5% + 40 %,WG,WG,,,,2022,CONTAINS_NOT_APPROVED_SUBSTANCE_IN_EU,1,Méfenoxam + Folpel,FEN 560 (Fenugreek seed powder),Méfenoxam + Folpel:EU_NOT_APPROVED,
FONGICIDE,Mefentrifluconazole,10%,EC,REVYSTAR EC,F.035-22,AGRIMATCO,BASF,2022,ALL_SUBSTANCES_APPROVED_IN_EU,1,Mefentrifluconazole,Mefentrifluconazole,Mefentrifluconazole:EU_APPROVED,
FONGICIDE,Mefentrifluconazole,100 g/l+50g/l,EC,VERYDOR,F.032-22,COTUGRAIN,BASF,2022,ALL_SUBSTANCES_APPROVED_IN_EU,1,Mefentrifluconazole,Mefentrifluconazole,Mefentrifluconazole:EU_APPROVED,
FONGICIDE,+Fluxapyroxade,100 g/l+50g/l,EC,,,,,2022,ALL_SUBSTANCES_APPROVED_IN_EU,1,+Fluxapyroxade,Fluxapyroxad,+Fluxapyroxade:EU_APPROVED,
FONGICIDE,Mefentrifluconazole,"66,7% +66,7%",EC,REVYTREX EC,F.031-22,BIOPROTECTION,BASF,2022,ALL_SUBSTANCES_APPROVED_IN_EU,1,Mefentrifluconazole,Mefentrifluconazole,Mefentrifluconazole:EU_APPROVED,
FONGICIDE,66.7%+Fluxapyroxade %,"66,7% +66,7%",EC,,,,,2022,ALL_SUBSTANCES_APPROVED_IN_EU,1,66.%+Fluxapyroxade %,Fluxapyroxad,66.%+Fluxapyroxade %:EU_APPROVED,
FONGICIDE,Mefentrifluconazole +,10%+10%,EC,REVYCARE EC,F.036-22,AGRIPROTEC,BASF,2022,ALL_SUBSTANCES_APPROVED_IN_EU,1,Mefentrifluconazole +,Mefentrifluconazole,Mefentrifluconazole +:EU_APPROVED,
FONGICIDE,Pyraclostrobin,10%+10%,EC,,,,,2022,ALL_SUBSTANCES_APPROVED_IN_EU,1,Pyraclostrobin,Pyraclostrobin,Pyraclostrobin:EU_APPROVED,
FONGICIDE,Meptyldinocap,350 g/L,EC,Karathane 350 EC,F.077-11/21,SEPCM,DOW,2022,CONTAINS_NOT_APPROVED_SUBSTANCE_IN_EU,1,Meptyldinocap,Meptyldinocap,Meptyldinocap:EU_NOT_APPROVED,
FONGICIDE,Metalaxyl,25%,WP,milor 25 WP,F.30-21,SANABEL AGRO,IQV,2022,ALL_SUBSTANCES_APPROVED_IN_EU,1,Metalaxyl,Metalaxyl,Metalaxyl:EU_APPROVED,
FONGICIDE,Metalaxyl,317 g/l,FS,RAMPART FS,F.42-21,AGRIPROTEC,UPL LIMITED,2022,ALL_SUBSTANCES_APPROVED_IN_EU,1,Metalaxyl,Metalaxyl,Metalaxyl:EU_APPROVED,
FONGICIDE,Métalaxyl +Mancozèbe,8 % +64%,WP,Cyclo WP,F.005-16,EL KHADRA,AFRASA,2022,CONTAINS_NOT_APPROVED_SUBSTANCE_IN_EU,1,Métalaxyl +Mancozèbe,Mancozeb,Métalaxyl +Mancozèbe:EU_NOT_APPROVED,
FONGICIDE,Métalaxyl +Mancozèbe,8 % +64%,WP,manoxyde WP,F.57-21,agriprotec,NUFARM,2022,CONTAINS_NOT_APPROVED_SUBSTANCE_IN_EU,1,Métalaxyl +Mancozèbe,Mancozeb,Métalaxyl +Mancozèbe:EU_NOT_APPROVED,
FONGICIDE,Métalaxyl +Mancozèbe,8 % +64%,WP,Maxil,F.075-11/21,ETS. MEZGHANI,INDUST.,2022,CONTAINS_NOT_APPROVED_SUBSTANCE_IN_EU,1,Métalaxyl +Mancozèbe,Mancozeb,Métalaxyl +Mancozèbe:EU_NOT_APPROVED,
FONGICIDE,Métalaxyl +Mancozèbe,8 % +,WP,Unilax,F.182-11/21,PROTAGRI,UNITED,2022,CONTAINS_NOT_APPROVED_SUBSTANCE_IN_EU,1,Métalaxyl +Mancozèbe,Mancozeb,Métalaxyl +Mancozèbe:EU_NOT_APPROVED,
FONGICIDE,Métalaxyl +Mancozèbe,8 % +64%,WP,Milor M,F.007-13,SANABEL AGRO,IQV DEL VALLES,2022,CONTAINS_NOT_APPROVED_SUBSTANCE_IN_EU,1,Métalaxyl +Mancozèbe,Mancozeb,Métalaxyl +Mancozèbe:EU_NOT_APPROVED,
FONGICIDE,Métalaxyl +Mancozèbe,8 % +64%,WP,Armetil M,F.160-11/21,SOCOOPEC,IQV DEL VALLES,2022,CONTAINS_NOT_APPROVED_SUBSTANCE_IN_EU,1,Métalaxyl +Mancozèbe,Mancozeb,Métalaxyl +Mancozèbe:EU_NOT_APPROVED,
FONGICIDE,Metalaxyl +Folpet,10%+40%,WP,ARMETIL COMBI,F.015-22,SOCOOPEC,IQV,2022,ALL_SUBSTANCES_APPROVED_IN_EU,1,Metalaxyl +Folpet,Folpet,Metalaxyl +Folpet:EU_APPROVED,
FONGICIDE,Metalaxyl-M,"37,5%+25,04%",FS,VIBRANCE MAXX,F.029-30,BIOPROTECTION,SYNGENTA,2022,ALL_SUBSTANCES_APPROVED_IN_EU,1,Metalaxyl-M,Metalaxyl-M,Metalaxyl-M:EU_APPROVED,
FONGICIDE,37.51g/l+fludioxinil,"+49,98g/l",FS,FS,,,,2022,NOT_FOUND_OR_NEEDS_MANUAL_REVIEW,1,37.51g | l+fludioxinil,Beauveria bassiana strains ATCC 74040 and GHA,37.51g:EU_APPROVED | l+fludioxinil:NOT_IN_EU_LIST,
FONGICIDE,25.04g/l+ sedaxane 49.98,"+49,98g/l",FS,,,,,2022,ALL_SUBSTANCES_APPROVED_IN_EU,2,25.04g | l+ sedaxane 49.98,Beauveria bassiana strains ATCC 74040 and GHA | Sedaxane,25.04g:EU_APPROVED | l+ sedaxane 49.98:EU_APPROVED,
FONGICIDE,g/l,"+49,98g/l",FS,,,,,2022,ALL_SUBSTANCES_APPROVED_IN_EU,2,g | l,Beauveria bassiana strains ATCC 74040 and GHA | Diflufenican,g:EU_APPROVED | l:EU_APPROVED,
FONGICIDE,Metirame de zinc,8 0 %,WP,Polyram DF,F.078-11/21,STIMA,BASF,2022,CONTAINS_NOT_APPROVED_SUBSTANCE_IN_EU,1,Metirame de zinc,Metiram,Metirame de zinc:EU_NOT_APPROVED,
FONGICIDE,Metirame de zinc,8 0 %,WP,LUTIRAM WP,F.53-21,AGRIPROTEC,BASF,2022,CONTAINS_NOT_APPROVED_SUBSTANCE_IN_EU,1,Metirame de zinc,Metiram,Metirame de zinc:EU_NOT_APPROVED,
FONGICIDE,Metrafenone,500g/L,SC,Vivando,F.015-13,AGRIPROTEC,BASF / SBM,2022,ALL_SUBSTANCES_APPROVED_IN_EU,1,Metrafenone,Metrafenone,Metrafenone:EU_APPROVED,
FONGICIDE,Myclobutanil,240 g/L,EC,MYCLAS,F.014-19,SANABEL AGRO,SHARDA,2022,CONTAINS_NOT_APPROVED_SUBSTANCE_IN_EU,1,Myclobutanil,Myclobutanil,Myclobutanil:EU_NOT_APPROVED,
FONGICIDE,Myclobutanil,200 g/l,EW,TOPOGAN,F.011-19,SANABEL AGRO,SHARDA Cropchem,2022,CONTAINS_NOT_APPROVED_SUBSTANCE_IN_EU,1,Myclobutanil,Myclobutanil,Myclobutanil:EU_NOT_APPROVED,
FONGICIDE,Myclobutanil,2 4 0 g /L,EC,MYCLONE 24 EC,F.002-18,RayenPhytagri,Sharda Cropchem,2022,CONTAINS_NOT_APPROVED_SUBSTANCE_IN_EU,1,Myclobutanil,Myclobutanil,Myclobutanil:EU_NOT_APPROVED,
FONGICIDE,myclobutanil,240 g/l,EC,PROMY,F.64-21,AGRINOVA,Sharda Cropchem,2022,CONTAINS_NOT_APPROVED_SUBSTANCE_IN_EU,1,myclobutanil,Myclobutanil,myclobutanil:EU_NOT_APPROVED,
FONGICIDE,Myclobutanil,2 4 0 g /L,EC,Systhane 240 EC,F.081-11/21,SEPCM,DOW,2022,CONTAINS_NOT_APPROVED_SUBSTANCE_IN_EU,1,Myclobutanil,Myclobutanil,Myclobutanil:EU_NOT_APPROVED,
FONGICIDE,Myclobutanil,2 4 0 g /L,EC,DAYZER,F.043-17,SOCOOPEC,SHARDA,2022,CONTAINS_NOT_APPROVED_SUBSTANCE_IN_EU,1,Myclobutanil,Myclobutanil,Myclobutanil:EU_NOT_APPROVED,
FONGICIDE,Myclobutanil,125 g/l,EC,MYCLO EC,F.41-21,NEGANOR,indofil industries,2022,CONTAINS_NOT_APPROVED_SUBSTANCE_IN_EU,1,Myclobutanil,Myclobutanil,Myclobutanil:EU_NOT_APPROVED,
FONGICIDE,Oxathiapiprolin,30 g/l+300 g/l,SE,Zorvec encantia SE,F.048-22,EL BARAKA,CORTEVA,2022,ALL_SUBSTANCES_APPROVED_IN_EU,1,Oxathiapiprolin,Oxathiapiprolin,Oxathiapiprolin:EU_APPROVED,
FONGICIDE,+famoxadone,30 g/l+300 g/l,SE,,,,,2022,CONTAINS_NOT_APPROVED_SUBSTANCE_IN_EU,1,+famoxadone,Famoxadone,+famoxadone:EU_NOT_APPROVED,
FONGICIDE,Oxathiapiprolin,40 g/l+300 g/l,SE,ZorvecVinabel SE,F.020-22,ATLAS AGRICOLE,CORTEVA,2022,ALL_SUBSTANCES_APPROVED_IN_EU,1,Oxathiapiprolin,Oxathiapiprolin,Oxathiapiprolin:EU_APPROVED,
FONGICIDE,+zoxamide,40 g/l+300 g/l,SE,,,,,2022,ALL_SUBSTANCES_APPROVED_IN_EU,1,+zoxamide,Zoxamide,+zoxamide:EU_APPROVED,
FONGICIDE,Oxychlorure de cuivre,678.6 g/l,SC,Valtonex flow SC,F.018-22,NEGANOR,IQV,2022,NOT_FOUND_OR_NEEDS_MANUAL_REVIEW,0,Oxychlorure de cuivre,,Oxychlorure de cuivre:NOT_IN_EU_LIST,
FONGICIDE,Oxychlorure de Cuivre,85 % (50 % de,WP,Agrocuivre,F.168-11/21,AGROSYSTEMES,SPEISS,2022,NOT_FOUND_OR_NEEDS_MANUAL_REVIEW,0,Oxychlorure de Cuivre,,Oxychlorure de Cuivre:NOT_IN_EU_LIST,
FONGICIDE,Oxychlorure de cuivre,"22%+17,5%",WP,COBRE KEY,F.010-22,Ets Mezghani,KEY,2022,NOT_FOUND_OR_NEEDS_MANUAL_REVIEW,0,Oxychlorure de cuivre,,Oxychlorure de cuivre:NOT_IN_EU_LIST,
FONGICIDE,+mancozebe,"22%+17,5%",WP,DOUBLE WP,,,,2022,CONTAINS_NOT_APPROVED_SUBSTANCE_IN_EU,1,+mancozebe,Mancozeb,+mancozebe:EU_NOT_APPROVED,
FONGICIDE,Oxychlorure de Cuivre,85 % (50 % de,WP,Cuprumax 50 WP,F.027-15,AMINCO,SPEISS,2022,NOT_FOUND_OR_NEEDS_MANUAL_REVIEW,0,Oxychlorure de Cuivre,,Oxychlorure de Cuivre:NOT_IN_EU_LIST,
FONGICIDE,Oxychlorure de cuivre +,30 % +20%,WP,AFROSAN DUPLO,F.028-17,EL KHADRA,AFRASA,2022,NOT_FOUND_OR_NEEDS_MANUAL_REVIEW,0,Oxychlorure de cuivre +,,Oxychlorure de cuivre +:NOT_IN_EU_LIST,
FONGICIDE,Mancozèbe,30 % +20%,WP,,,,,2022,CONTAINS_NOT_APPROVED_SUBSTANCE_IN_EU,1,Mancozèbe,Mancozeb,Mancozèbe:EU_NOT_APPROVED,
FONGICIDE,Oxychlorure de cuivre +,30% +20%,WP,COTRAN 20-30,F.005-17,SLDA,TRAGUSSA,2022,NOT_FOUND_OR_NEEDS_MANUAL_REVIEW,0,Oxychlorure de cuivre +,,Oxychlorure de cuivre +:NOT_IN_EU_LIST,
FONGICIDE,Mancozèbe,30% +20%,WP,,,,,2022,CONTAINS_NOT_APPROVED_SUBSTANCE_IN_EU,1,Mancozèbe,Mancozeb,Mancozèbe:EU_NOT_APPROVED,
FONGICIDE,Oxychlorure de cuivre,25%+4%,WG,Curame 25 WG,F.023-22,ATLAS AGRICOLE,Manica SPA,2022,NOT_FOUND_OR_NEEDS_MANUAL_REVIEW,0,Oxychlorure de cuivre,,Oxychlorure de cuivre:NOT_IN_EU_LIST,
FONGICIDE,+cymoxanil,25%+4%,WG,,,,,2022,ALL_SUBSTANCES_APPROVED_IN_EU,1,+cymoxanil,Cymoxanil,+cymoxanil:EU_APPROVED,
FONGICIDE,Penconazole,1 0 0 g / L,E C,T o p e n c o 1 0 0 E C,F . 0 8 2 - 1 1 / 2 1,A G R O S Y S T E M ES,GLOBACHEM,2022,ALL_SUBSTANCES_APPROVED_IN_EU,1,Penconazole,Penconazole,Penconazole:EU_APPROVED,
FONGICIDE,Penconazole,1 0 0 g / L,E C,B u c k l e R,F . 0 3 3 - 1 5,A M I N C O,GLOBACHEM,2022,ALL_SUBSTANCES_APPROVED_IN_EU,1,Penconazole,Penconazole,Penconazole:EU_APPROVED,
FONGICIDE,Penconazole,1 0 0 g / L,E C,T o p a z e 1 0 0,F . 0 8 3 - 1 1 / 2 1,B I O P R O T E C T ION,SYNGENTA,2022,ALL_SUBSTANCES_APPROVED_IN_EU,1,Penconazole,Penconazole,Penconazole:EU_APPROVED,
FONGICIDE,Pencycuron,2 5 0 g / L,E C,M o n ceren,F.085-11/21,PROMOCHIMIE,BAYER,2022,CONTAINS_NOT_APPROVED_SUBSTANCE_IN_EU,1,Pencycuron,Pencycuron,Pencycuron:EU_NOT_APPROVED,
FONGICIDE,Penthiopyrad,205 g/l,SC,KABUTO,F.026-22,EL MOUSSEM,Mitsui Chemicals,2022,CONTAINS_NOT_APPROVED_SUBSTANCE_IN_EU,1,Penthiopyrad,Penthiopyrad,Penthiopyrad:EU_NOT_APPROVED,
FONGICIDE,Prochloraze,60 g/l +20 g/l,FS,REAL SUPER,F.025-17,AGRIPROTEC,BASF,2022,CONTAINS_NOT_APPROVED_SUBSTANCE_IN_EU,1,Prochloraze,Prochloraz,Prochloraze:EU_NOT_APPROVED,
FONGICIDE,+Triticonazole,60 g/l +20 g/l,FS,,,,,2022,ALL_SUBSTANCES_APPROVED_IN_EU,1,+Triticonazole,Triticonazole,+Triticonazole:EU_APPROVED,
FONGICIDE,Prochloraze,60 g/l +20 g/l,FS,Kinto Duo,007-14F.,STIMA,BASF,2022,CONTAINS_NOT_APPROVED_SUBSTANCE_IN_EU,1,Prochloraze,Prochloraz,Prochloraze:EU_NOT_APPROVED,
FONGICIDE,Propamocarbe,722 g/L,SL,PROMORE 722 SL,F.021-18,Ets MEZGHANI,ASTRACHEM,2022,ALL_SUBSTANCES_APPROVED_IN_EU,1,Propamocarbe,Propamocarb,Propamocarbe:EU_APPROVED,
FONGICIDE,Propamocarbe,722 g/L,SL,Promess,F.012-15,JADWA AGROTEC,ARYSTA Life Science,2022,ALL_SUBSTANCES_APPROVED_IN_EU,1,Propamocarbe,Propamocarb,Propamocarbe:EU_APPROVED,
FONGICIDE,Propamocarbe,722 g/L,SL,Proplant,F.199-11/21,PROTAGRI,ARYSTA Life Science,2022,ALL_SUBSTANCES_APPROVED_IN_EU,1,Propamocarbe,Propamocarb,Propamocarbe:EU_APPROVED,
FONGICIDE,Promocarb,722g/l,SL,omix 607 SL,F.17-21,NEGANOR,Agria,2022,NOT_FOUND_OR_NEEDS_MANUAL_REVIEW,0,Promocarb,,Promocarb:NOT_IN_EU_LIST,
FONGICIDE,Promocarb +Cymoxanil,400 g/l+50g/l,SC,proxanil 450 SC,F.06-21,BIOPROTECTION,arysta lifescience,2022,ALL_SUBSTANCES_APPROVED_IN_EU,1,Promocarb +Cymoxanil,Cymoxanil,Promocarb +Cymoxanil:EU_APPROVED,
FONGICIDE,Promocarb +Cymoxanil,400 g/l+50g/l,SC,Rival duo 450 SC,F.07-21,AGRONOMIC Land,Agria,2022,ALL_SUBSTANCES_APPROVED_IN_EU,1,Promocarb +Cymoxanil,Cymoxanil,Promocarb +Cymoxanil:EU_APPROVED,
FONGICIDE,Promocarb +Cymoxanil,400 g/l+50g/l,SC,OMIX DUO 450,F.071-22,NEGANOR,Agria,2022,ALL_SUBSTANCES_APPROVED_IN_EU,1,Promocarb +Cymoxanil,Cymoxanil,Promocarb +Cymoxanil:EU_APPROVED,
FONGICIDE,Promocarb +Cymoxanil,400 g/l+50g/l,SC,SC,,,,2022,ALL_SUBSTANCES_APPROVED_IN_EU,1,Promocarb +Cymoxanil,Cymoxanil,Promocarb +Cymoxanil:EU_APPROVED,
FONGICIDE,Propamocarbe +,"625 g/l + 62,5",SC,Volare,F.091-11/21,EL MOUSSEM,BAYER AG,2022,ALL_SUBSTANCES_APPROVED_IN_EU,1,Propamocarbe +,Propamocarb,Propamocarbe +:EU_APPROVED,
FONGICIDE,Fluopicolide,g/l,SC,,,AGRICOLE,,2022,ALL_SUBSTANCES_APPROVED_IN_EU,1,Fluopicolide,Fluopicolide,Fluopicolide:EU_APPROVED,
FONGICIDE,Propamocarbe,375 g/L +75,SC,Consento 450,F.090-11/21,ATLAS AGRICOLE,BAYER,2022,ALL_SUBSTANCES_APPROVED_IN_EU,1,Propamocarbe,Propamocarb,Propamocarbe:EU_APPROVED,
FONGICIDE,+Fenamidone,g/L,SC,,,,CROPSCIENCE/ Gowan,2022,CONTAINS_NOT_APPROVED_SUBSTANCE_IN_EU,1,+Fenamidone,Fenamidone,+Fenamidone:EU_NOT_APPROVED,
FONGICIDE,Propamocarbe +Fosethyl-,350 g/L +310,SL,Filex Energy,F.089-11/21,ATLAS AGRICOLE,BAYER,2022,ALL_SUBSTANCES_APPROVED_IN_EU,1,Propamocarbe +Fosethyl-,Propamocarb,Propamocarbe +Fosethyl-:EU_APPROVED,
FONGICIDE,Al,g/L,SL,,,,CROPSCIENCE,2022,CONTAINS_NOT_APPROVED_SUBSTANCE_IN_EU,1,Al,Alkyl mercury compounds,Al:EU_NOT_APPROVED,
FONGICIDE,Propamocarbe +Fosethyl-,350 g/L +310,SL,Previcur Energy,F.023-14,EL MOUSSEM,BAYER,2022,ALL_SUBSTANCES_APPROVED_IN_EU,1,Propamocarbe +Fosethyl-,Propamocarb,Propamocarbe +Fosethyl-:EU_APPROVED,
FONGICIDE,Al,g/L,SL,,,AGRICOLE,CROPSCIENCE,2022,CONTAINS_NOT_APPROVED_SUBSTANCE_IN_EU,1,Al,Alkyl mercury compounds,Al:EU_NOT_APPROVED,
FONGICIDE,Propiconazole,41.8 g/l,EC,syterna EC,F.33-21,ets mezghani,fengdeng,2022,CONTAINS_NOT_APPROVED_SUBSTANCE_IN_EU,1,Propiconazole,Propiconazole,Propiconazole:EU_NOT_APPROVED,
FONGICIDE,Propiconazole,41.8 g/l,EC,BANNER EC,F.006-20,AGRIPLUS,HEBEI VEYONG,2022,CONTAINS_NOT_APPROVED_SUBSTANCE_IN_EU,1,Propiconazole,Propiconazole,Propiconazole:EU_NOT_APPROVED,
FONGICIDE,Propiconazole,250 g/L,EC,MATADOR PLUS EC,F.049-17,AGRIPLUS,NINGBO SUNJOY,2022,CONTAINS_NOT_APPROVED_SUBSTANCE_IN_EU,1,Propiconazole,Propiconazole,Propiconazole:EU_NOT_APPROVED,
FONGICIDE,Propiconazole,250 g/L,EC,VALEO 25 EC,F.39-21,delta agricole plus,Sharda cropchem,2022,CONTAINS_NOT_APPROVED_SUBSTANCE_IN_EU,1,Propiconazole,Propiconazole,Propiconazole:EU_NOT_APPROVED,
FONGICIDE,Propiconazole,250 g/L,EC,TIFO 25 EC,18-015F.,FERTIPLANT,Sharda cropchem,2022,CONTAINS_NOT_APPROVED_SUBSTANCE_IN_EU,1,Propiconazole,Propiconazole,Propiconazole:EU_NOT_APPROVED,
FONGICIDE,Propiconazole,2 5 0 g / L,E C,T i l t 2 50,F.092-11/21,BIOPROTECTION,SYNGENTA,2022,CONTAINS_NOT_APPROVED_SUBSTANCE_IN_EU,1,Propiconazole,Propiconazole,Propiconazole:EU_NOT_APPROVED,
FONGICIDE,Propiconazole,250 g/L +80,EC,Alto super,F.093-11/21,BIOPROTECTION,SYNGENTA,2022,CONTAINS_NOT_APPROVED_SUBSTANCE_IN_EU,1,Propiconazole,Propiconazole,Propiconazole:EU_NOT_APPROVED,
FONGICIDE,+Cyproconazole,g/L,EC,,,,,2022,CONTAINS_NOT_APPROVED_SUBSTANCE_IN_EU,1,+Cyproconazole,Cyproconazole,+Cyproconazole:EU_NOT_APPROVED,
FONGICIDE,Propiconazole,300 g/l +200,EC,Colossal Pro,F.014-15,EL KHADRA,AUGUST,2022,CONTAINS_NOT_APPROVED_SUBSTANCE_IN_EU,1,Propiconazole,Propiconazole,Propiconazole:EU_NOT_APPROVED,
FONGICIDE,+Tebuconazole,g/l,EC,,,,CROPROTECTION,2022,ALL_SUBSTANCES_APPROVED_IN_EU,1,+Tebuconazole,Tebuconazole,+Tebuconazole:EU_APPROVED,
FONGICIDE,Propinèbe,7 0 %,W P,A n t r a col,F.095-11/21,PROMOCHIMIE,BAYER,2022,CONTAINS_NOT_APPROVED_SUBSTANCE_IN_EU,1,Propinèbe,Propineb,Propinèbe:EU_NOT_APPROVED,
FONGICIDE,Proquinazid,200 g/l,EC,Talendo,F.101-11/21,SEPCM,DU PONT,2022,ALL_SUBSTANCES_APPROVED_IN_EU,1,Proquinazid,Proquinazid,Proquinazid:EU_APPROVED,
FONGICIDE,Prothioconazole,25%,EC,PROTEZOLE,F.057-22,SANABEL AGRO,SHARDA,2022,ALL_SUBSTANCES_APPROVED_IN_EU,1,Prothioconazole,Prothioconazole,Prothioconazole:EU_APPROVED,
FONGICIDE,Prothioconazole,25%,EC,EC,,,CROPCHEM,2022,ALL_SUBSTANCES_APPROVED_IN_EU,1,Prothioconazole,Prothioconazole,Prothioconazole:EU_APPROVED,
FONGICIDE,Prothioconazole,25%,EC,Mirage EC,F.35-21,SHARDA,SHARDA,2022,ALL_SUBSTANCES_APPROVED_IN_EU,1,Prothioconazole,Prothioconazole,Prothioconazole:EU_APPROVED,
FONGICIDE,Prothioconazole,150 g/l+75 g/l,EC,CERATAVO ERA,F.034-22,BIOPROTECTION,SYNGENTA,2022,ALL_SUBSTANCES_APPROVED_IN_EU,1,Prothioconazole,Prothioconazole,Prothioconazole:EU_APPROVED,
FONGICIDE,+benzovindiflupyr(SOLA,150 g/l+75 g/l,EC,,,,,2022,ALL_SUBSTANCES_APPROVED_IN_EU,1,+benzovindiflupyr(SOLA,Benzovindiflupyr,+benzovindiflupyr(SOLA:EU_APPROVED,
FONGICIDE,TENOL),150 g/l+75 g/l,EC,,,,,2022,NOT_FOUND_OR_NEEDS_MANUAL_REVIEW,0,TENOL),,TENOL):NOT_IN_EU_LIST,
FONGICIDE,Prothioconazole +,175 g/L+ 88,SC,Madison 263 SC,F020-13,SEPCM,BAYER,2022,ALL_SUBSTANCES_APPROVED_IN_EU,1,Prothioconazole +,Prothioconazole,Prothioconazole +:EU_APPROVED,
FONGICIDE,Prothioconazole,"12,5% +12,5%",EC,PROTECT PLUS EC,F.061-22,EXCEL AGRI,SHARDA,2022,ALL_SUBSTANCES_APPROVED_IN_EU,1,Prothioconazole,Prothioconazole,Prothioconazole:EU_APPROVED,
FONGICIDE,+Tebuconazole,"12,5% +12,5%",EC,,,,CROPCHEM,2022,ALL_SUBSTANCES_APPROVED_IN_EU,1,+Tebuconazole,Tebuconazole,+Tebuconazole:EU_APPROVED,
FONGICIDE,Prothioconazole,"12,5% +12,5%",EC,Perfecto EC,F.36-21,SHARDA,Sharda Cropchem,2022,ALL_SUBSTANCES_APPROVED_IN_EU,1,Prothioconazole,Prothioconazole,Prothioconazole:EU_APPROVED,
FONGICIDE,+Tebuconazole,"12,5% +12,5%",EC,,,CROPCHEM tunisie,,2022,ALL_SUBSTANCES_APPROVED_IN_EU,1,+Tebuconazole,Tebuconazole,+Tebuconazole:EU_APPROVED,
FONGICIDE,Prothioconazole,160 g/L +80,EC,Kestrel 240 SC,F.016-15,JADWA AGROTEC,BAYER,2022,ALL_SUBSTANCES_APPROVED_IN_EU,1,Prothioconazole,Prothioconazole,Prothioconazole:EU_APPROVED,
FONGICIDE,+Tebuconazole,g/L,EC,,,,CROPSCIENCE,2022,ALL_SUBSTANCES_APPROVED_IN_EU,1,+Tebuconazole,Tebuconazole,+Tebuconazole:EU_APPROVED,
FONGICIDE,Prothioconazole,125 g/L +125,EC,Prosaro 250 EC,F.098-11/21,PROMOCHIMIE,BAYER,2022,ALL_SUBSTANCES_APPROVED_IN_EU,1,Prothioconazole,Prothioconazole,Prothioconazole:EU_APPROVED,
FONGICIDE,Prothioconazole,100 g/L + 100,EC,Cello,F.021-17,AGRONOMIC Land,BAYER,2022,ALL_SUBSTANCES_APPROVED_IN_EU,1,Prothioconazole,Prothioconazole,Prothioconazole:EU_APPROVED,
FONGICIDE,+Tebuconazole +,g/L + 250 g/L,EC,,,,CROPSCIENCE,2022,ALL_SUBSTANCES_APPROVED_IN_EU,1,+Tebuconazole +,Tebuconazole,+Tebuconazole +:EU_APPROVED,
FONGICIDE,Spiroxamine,g/L + 250 g/L,EC,,,,,2022,ALL_SUBSTANCES_APPROVED_IN_EU,1,Spiroxamine,Spiroxamine,Spiroxamine:EU_APPROVED,
FONGICIDE,Prothioconazole,100 g/l+100,EC,SKYWAY XPRO EC,F.012-18,PROMOCHIMIE,BAYER AG,2022,ALL_SUBSTANCES_APPROVED_IN_EU,1,Prothioconazole,Prothioconazole,Prothioconazole:EU_APPROVED,
FONGICIDE,+Tebuconazole+Bixafen,g/l+75 g/l,EC,,,,,2022,ALL_SUBSTANCES_APPROVED_IN_EU,1,+Tebuconazole+Bixafen,Tebuconazole,+Tebuconazole+Bixafen:EU_APPROVED,
FONGICIDE,Pyraclostrobine,130 g/l +80 g/l,EC,OPTIMO DUO EC,013-18F.,AGRIPROTEC,BASF,2022,ALL_SUBSTANCES_APPROVED_IN_EU,1,Pyraclostrobine,Pyraclostrobin,Pyraclostrobine:EU_APPROVED,
FONGICIDE,Metconazole,130 g/l +80 g/l,EC,,,,,2022,ALL_SUBSTANCES_APPROVED_IN_EU,1,Metconazole,Metconazole,Metconazole:EU_APPROVED,
FONGICIDE,Pyraclostrobin +,"6,7%+26,7%",WD,MIRACLE WDG,F.038-22,SHARDA,SHARDA,2022,ALL_SUBSTANCES_APPROVED_IN_EU,1,Pyraclostrobin +,Pyraclostrobin,Pyraclostrobin +:EU_APPROVED,
FONGICIDE,Boscalid,"6,7%+26,7%",G,,,CROPCHEM,CROPCHEM,2022,ALL_SUBSTANCES_APPROVED_IN_EU,1,Boscalid,Boscalid (formerly nicobifen),Boscalid:EU_APPROVED,
FONGICIDE,Pyraclostrobin +,"6,7%+26,7%",WD,ORACLE 33 WG,F.076-22,SLDA,SHARDA,2022,ALL_SUBSTANCES_APPROVED_IN_EU,1,Pyraclostrobin +,Pyraclostrobin,Pyraclostrobin +:EU_APPROVED,
FONGICIDE,Boscalid,"6,7%+26,7%",G,WDG,,,CROPCHEM,2022,ALL_SUBSTANCES_APPROVED_IN_EU,1,Boscalid,Boscalid (formerly nicobifen),Boscalid:EU_APPROVED,
FONGICIDE,Pyraclostrobine +,67g/L + 42,EC,CERIAX,F.016-13,AGRIPROTEC,BASF,2022,ALL_SUBSTANCES_APPROVED_IN_EU,1,Pyraclostrobine +,Pyraclostrobin,Pyraclostrobine +:EU_APPROVED,
FONGICIDE,Epoxiconazole +,g/L + 42 g/L,EC,,,,,2022,CONTAINS_NOT_APPROVED_SUBSTANCE_IN_EU,1,Epoxiconazole +,Epoxiconazole,Epoxiconazole +:EU_NOT_APPROVED,
FONGICIDE,Fluxapyroxad,g/L + 42 g/L,EC,,,,,2022,ALL_SUBSTANCES_APPROVED_IN_EU,1,Fluxapyroxad,Fluxapyroxad,Fluxapyroxad:EU_APPROVED,
FONGICIDE,Pyraclostrobine +,40 g/l + 72 g/l,EC,Cabrio Duo,F.001-14,AGRIPROTEC,BASF,2022,ALL_SUBSTANCES_APPROVED_IN_EU,1,Pyraclostrobine +,Pyraclostrobin,Pyraclostrobine +:EU_APPROVED,
FONGICIDE,Dimotomorphe,40 g/l + 72 g/l,EC,,,,,2022,NOT_FOUND_OR_NEEDS_MANUAL_REVIEW,0,Dimotomorphe,,Dimotomorphe:NOT_IN_EU_LIST,
FONGICIDE,Pyraclostrobine,85 g/l +62.5,SE,Favia Max,F.210-11/21,COTUGRAIN,BASF,2022,ALL_SUBSTANCES_APPROVED_IN_EU,1,Pyraclostrobine,Pyraclostrobin,Pyraclostrobine:EU_APPROVED,
FONGICIDE,+Epoxiconazole,g/l,SE,,,IMPEX,,2022,CONTAINS_NOT_APPROVED_SUBSTANCE_IN_EU,1,+Epoxiconazole,Epoxiconazole,+Epoxiconazole:EU_NOT_APPROVED,
FONGICIDE,pyraclostrobine+epoxicon,133 g/l + 50 g/l,EC,BAUXIT,F.011-13,STIMA,BASF,2022,ALL_SUBSTANCES_APPROVED_IN_EU,1,pyraclostrobine+epoxicon,Pyraclostrobin,pyraclostrobine+epoxicon:EU_APPROVED,
FONGICIDE,azole,133 g/l + 50 g/l,EC,,,,,2022,ALL_SUBSTANCES_APPROVED_IN_EU,1,azole,Difenoconazole,azole:EU_APPROVED,
FONGICIDE,pyraclostrobine+epoxicon,133 g/l + 50 g/l,EC,RETENGO PLUS EC,F.46-21,Rayen phytagri,BASF,2022,ALL_SUBSTANCES_APPROVED_IN_EU,1,pyraclostrobine+epoxicon,Pyraclostrobin,pyraclostrobine+epoxicon:EU_APPROVED,
FONGICIDE,Pyraclostrobin,100g/l+375 g/l,EC,COMET PLUS EC,F.38-21,Agriprotec,BASF,2022,ALL_SUBSTANCES_APPROVED_IN_EU,1,Pyraclostrobin,Pyraclostrobin,Pyraclostrobin:EU_APPROVED,
FONGICIDE,+Fenpropimorph,100g/l+375 g/l,EC,,,,,2022,CONTAINS_NOT_APPROVED_SUBSTANCE_IN_EU,1,+Fenpropimorph,Fenpropimorph,+Fenpropimorph:EU_NOT_APPROVED,
FONGICIDE,Pyraclostrobin,333 g/l+167 g/l,SC,ORKESTRA SC,F.033-22,BIOPROTECTION,BASF,2022,ALL_SUBSTANCES_APPROVED_IN_EU,1,Pyraclostrobin,Pyraclostrobin,Pyraclostrobin:EU_APPROVED,
FONGICIDE,+fluxapyroxad,333 g/l+167 g/l,SC,,,,,2022,ALL_SUBSTANCES_APPROVED_IN_EU,1,+fluxapyroxad,Fluxapyroxad,+fluxapyroxad:EU_APPROVED,
FONGICIDE,Pyraclostrobin +boscalid,"12,8%+25,2%",SC,Crystal SC,F.027-22,FERTITECH,HANGZHOU,2022,ALL_SUBSTANCES_APPROVED_IN_EU,1,Pyraclostrobin +boscalid,Boscalid (formerly nicobifen),Pyraclostrobin +boscalid:EU_APPROVED,
FONGICIDE,Pyriméthanil,3 0 0 g / L,S C,S c a l a 300 SC,F.102-11/21,ATLAS AGRICOLE,BAYER,2022,ALL_SUBSTANCES_APPROVED_IN_EU,1,Pyriméthanil,Pyrimethanil,Pyriméthanil:EU_APPROVED,
FONGICIDE,Pyriméthanil,3 0 0 g / L,S C,M y t h os300 SC,F.103-11/21,EL MOUSSEM,BAYER,2022,ALL_SUBSTANCES_APPROVED_IN_EU,1,Pyriméthanil,Pyrimethanil,Pyriméthanil:EU_APPROVED,
FONGICIDE,Pyriméthanil,4 0 %,S C,P Y R A MIDE,F.062-22,FERTITECH,SHARDA,2022,ALL_SUBSTANCES_APPROVED_IN_EU,1,Pyriméthanil,Pyrimethanil,Pyriméthanil:EU_APPROVED,
FONGICIDE,Pyriméthanil,4 0 %,S C,p y r m a SC,F.12-21,SHARDA,SHARDA,2022,ALL_SUBSTANCES_APPROVED_IN_EU,1,Pyriméthanil,Pyrimethanil,Pyriméthanil:EU_APPROVED,
FONGICIDE,Pyriméthanil,400 g/l,SC,PYRUS 400 SC,F.025-22,STEC,UPL,2022,ALL_SUBSTANCES_APPROVED_IN_EU,1,Pyriméthanil,Pyrimethanil,Pyriméthanil:EU_APPROVED,
FONGICIDE,Pythium oligandrum,1*106oospores(,WP,POLYVERSUM,F.038-17,FERTIPLANT,BIOPREPARATY,2022,ALL_SUBSTANCES_APPROVED_IN_EU,1,Pythium oligandrum,Pythium oligandrum strain B301,Pythium oligandrum:EU_APPROVED,
FONGICIDE,Reynoutria,20%,SC,REYSANA SC,016-14F.,BIOPROTECTION,Syngenta/ Marrone Bio,2022,MANUAL_REVIEW,1,Reynoutria,Reynoutria sachalinensis extract,Reynoutria:FOUND_UNKNOWN_STATUS,
FONGICIDE,sachalinensis(Extrait de,20%,SC,,,,Innovation/,2022,NOT_FOUND_OR_NEEDS_MANUAL_REVIEW,0,sachalinensis(Extrait de,,sachalinensis(Extrait de:NOT_IN_EU_LIST,
FONGICIDE,la plante Renouée de,20%,SC,,,,ELEPHANT VERT,2022,NOT_FOUND_OR_NEEDS_MANUAL_REVIEW,0,la plante Renouée de,,la plante Renouée de:NOT_IN_EU_LIST,
FONGICIDE,Sakhaline),20%,SC,,,,EUROPE SA,2022,NOT_FOUND_OR_NEEDS_MANUAL_REVIEW,0,Sakhaline),,Sakhaline):NOT_IN_EU_LIST,
FONGICIDE,Sedaxane+Fludioxonil,25 g/l+25 g/l,FS,VIBRANCE DUO FS,F.002-20,BIOPROTECTION,SYNGENTA AGRO,2022,ALL_SUBSTANCES_APPROVED_IN_EU,1,Sedaxane+Fludioxonil,Fludioxonil,Sedaxane+Fludioxonil:EU_APPROVED,
FONGICIDE,Soufre,80%,WG,Sulpex,F.028-13,AGRIMATCO,Agrostulln GmbH,2022,NOT_FOUND_OR_NEEDS_MANUAL_REVIEW,0,Soufre,,Soufre:NOT_IN_EU_LIST,
FONGICIDE,Soufre,80%,DF,COSAMIL-DF,F.26-21,SOCOOPEC,Sulphur Mills Limited,2022,NOT_FOUND_OR_NEEDS_MANUAL_REVIEW,0,Soufre,,Soufre:NOT_IN_EU_LIST,
FONGICIDE,Soufre,80%,WG,COSAVET-DF,F.010-19,AGRIPROTEC,Sulphur Mills Limited,2022,NOT_FOUND_OR_NEEDS_MANUAL_REVIEW,0,Soufre,,Soufre:NOT_IN_EU_LIST,
FONGICIDE,Soufre,80%,WG,Agrosoufre,F.163-11/21,AGROSYSTEMES,Agrostulln GmbH,2022,NOT_FOUND_OR_NEEDS_MANUAL_REVIEW,0,Soufre,,Soufre:NOT_IN_EU_LIST,
FONGICIDE,Soufre,98%,DP,Cabridust,F.107-11/21,AGROSYSTEMES,The national company,2022,NOT_FOUND_OR_NEEDS_MANUAL_REVIEW,0,Soufre,,Soufre:NOT_IN_EU_LIST,
FONGICIDE,Soufre,80%,WG,Soufrustulln,F.031-15,AMINCO,Agrostulln GmbH,2022,NOT_FOUND_OR_NEEDS_MANUAL_REVIEW,0,Soufre,,Soufre:NOT_IN_EU_LIST,
FONGICIDE,Soufre,80%,WP,TIOSOL 80,F.004-14,ATLAS AGRICOLE,SIPCAM,2022,NOT_FOUND_OR_NEEDS_MANUAL_REVIEW,0,Soufre,,Soufre:NOT_IN_EU_LIST,
FONGICIDE,Soufre,80%,WP,Mistral,11-212F.,BIOPROTECTION,ESSECO sarl/AAKO,2022,NOT_FOUND_OR_NEEDS_MANUAL_REVIEW,0,Soufre,,Soufre:NOT_IN_EU_LIST,
FONGICIDE,Soufre,80%,WG,THIOMAX JET,F.005-20,COTUGRAIN,SYNGENTA,2022,NOT_FOUND_OR_NEEDS_MANUAL_REVIEW,0,Soufre,,Soufre:NOT_IN_EU_LIST,
FONGICIDE,Soufre,98%,DP,AzufreMicronizado,F.025-13,EL KHADRA,AFEPASA S.A,2022,NOT_FOUND_OR_NEEDS_MANUAL_REVIEW,0,Soufre,,Soufre:NOT_IN_EU_LIST,
FONGICIDE,Soufre,80%,WG,Azumo,F.026-13,EL KHADRA,AFEPASA S.A,2022,NOT_FOUND_OR_NEEDS_MANUAL_REVIEW,0,Soufre,,Soufre:NOT_IN_EU_LIST,
FONGICIDE,Soufre,80%,WP,KEY Azufre,F.012-16,Ets MEZGHANI,INDUSTRIAL,2022,NOT_FOUND_OR_NEEDS_MANUAL_REVIEW,0,Soufre,,Soufre:NOT_IN_EU_LIST,
FONGICIDE,Soufre,98%,DP,STV (Soufre Trituré,F.027-13,ETS MEZGHANNI,Sté CHERIFIENNE,2022,NOT_FOUND_OR_NEEDS_MANUAL_REVIEW,0,Soufre,,Soufre:NOT_IN_EU_LIST,
FONGICIDE,Soufre,98%,DP,Ventilé),,,d’ENGRAIS,2022,NOT_FOUND_OR_NEEDS_MANUAL_REVIEW,0,Soufre,,Soufre:NOT_IN_EU_LIST,
FONGICIDE,Soufre,80%,WG,soufravit,F.008-16,tasmid,AGROSTULLN/,2022,NOT_FOUND_OR_NEEDS_MANUAL_REVIEW,0,Soufre,,Soufre:NOT_IN_EU_LIST,
FONGICIDE,Soufre,80%,WP,Microsol,F.183-11/21,promochimie,SIPCAM,2022,NOT_FOUND_OR_NEEDS_MANUAL_REVIEW,0,Soufre,,Soufre:NOT_IN_EU_LIST,
FONGICIDE,Soufre,80%,WG,Insuf,F.200-11/21,PROTAGRI,UNITED,2022,NOT_FOUND_OR_NEEDS_MANUAL_REVIEW,0,Soufre,,Soufre:NOT_IN_EU_LIST,
FONGICIDE,Soufre,80%,WG,KIPRIDE WG,F.024-17,SANABEL Agro,AFEPASA S.A,2022,NOT_FOUND_OR_NEEDS_MANUAL_REVIEW,0,Soufre,,Soufre:NOT_IN_EU_LIST,
FONGICIDE,Soufre,80%,WG,MICROCROPS WG,F.008-15,SEPCM,AFEPASA S.A,2022,NOT_FOUND_OR_NEEDS_MANUAL_REVIEW,0,Soufre,,Soufre:NOT_IN_EU_LIST,
FONGICIDE,Soufre,98%,DP,NOVAZUFRE DP,F.007-15,SEPCM,AFEPASA S.A,2022,NOT_FOUND_OR_NEEDS_MANUAL_REVIEW,0,Soufre,,Soufre:NOT_IN_EU_LIST,
FONGICIDE,Soufre,80%,WG,MicrothiolSpecial,F.184-11/21,STEC,UPL/CEREXAGRI,2022,NOT_FOUND_OR_NEEDS_MANUAL_REVIEW,0,Soufre,,Soufre:NOT_IN_EU_LIST,
FONGICIDE,Soufre,80%,WG,Kumulus DF,F.106-11/21,STIMA,BASF,2022,NOT_FOUND_OR_NEEDS_MANUAL_REVIEW,0,Soufre,,Soufre:NOT_IN_EU_LIST,
FONGICIDE,Soufre,80%,WG,SULFOSTAR DF,F.54-21,AGRIPROTEC,BASF,2022,NOT_FOUND_OR_NEEDS_MANUAL_REVIEW,0,Soufre,,Soufre:NOT_IN_EU_LIST,
FONGICIDE,Soufre,700 g/L,SC,Heliosoufre S,F.213-11/21,BIOPROTECTION,Action Pin/AAKO,2022,NOT_FOUND_OR_NEEDS_MANUAL_REVIEW,0,Soufre,,Soufre:NOT_IN_EU_LIST,
FONGICIDE,Soufre,800 g/l,SC,SULFOMAX,F.009-19,EL KHARDA,AFEPASA,2022,NOT_FOUND_OR_NEEDS_MANUAL_REVIEW,0,Soufre,,Soufre:NOT_IN_EU_LIST,
FONGICIDE,Soufre,80%,WD,Micro-cap,F.007-22,NEGANOR,AGROW ALLIED,2022,NOT_FOUND_OR_NEEDS_MANUAL_REVIEW,0,Soufre,,Soufre:NOT_IN_EU_LIST,
FONGICIDE,Soufre,80%,WD,SULFINOVA,F.075-22,AGRINOVA,AGROW ALLIED,2022,NOT_FOUND_OR_NEEDS_MANUAL_REVIEW,0,Soufre,,Soufre:NOT_IN_EU_LIST,
FONGICIDE,Soufre,80%,G,08WDG,,,,2022,NOT_FOUND_OR_NEEDS_MANUAL_REVIEW,0,Soufre,,Soufre:NOT_IN_EU_LIST,
FONGICIDE,Soufre,825 g/l,SC,Thiopron SC,F.005-22,BIOPROTECTION,UPL,2022,NOT_FOUND_OR_NEEDS_MANUAL_REVIEW,0,Soufre,,Soufre:NOT_IN_EU_LIST,
FONGICIDE,Spiroxamine,3 0 0 g/l,CS,PROSPER 300 CS,F.27-21,Atlas agricole,BAYER,2022,ALL_SUBSTANCES_APPROVED_IN_EU,1,Spiroxamine,Spiroxamine,Spiroxamine:EU_APPROVED,
FONGICIDE,Spiroxamine +difeconazole,400 g/l+50 g/l,EC,SPIROX D EC,F.24-21,BIOPROTECTION,arysta lifescience,2022,ALL_SUBSTANCES_APPROVED_IN_EU,1,Spiroxamine +difeconazole,Spiroxamine,Spiroxamine +difeconazole:EU_APPROVED,
FONGICIDE,Spiroxamine,5 0 0 g/L,EC,Prosper 500 EC,F.108-11/21,ATLAS AGRICOLE,BAYER,2022,ALL_SUBSTANCES_APPROVED_IN_EU,1,Spiroxamine,Spiroxamine,Spiroxamine:EU_APPROVED,
FONGICIDE,Sulfate de cuivre +Folpel,"12,5 %",WP,METEOR,F.009-13,EL MOUSSEM,NUFARM/arist,2022,NOT_FOUND_OR_NEEDS_MANUAL_REVIEW,0,Sulfate de cuivre +Folpel,,Sulfate de cuivre +Folpel:NOT_IN_EU_LIST,
FONGICIDE,+Cymoxanil,+20%+3 %,WP,,,AGRICOLE,,2022,ALL_SUBSTANCES_APPROVED_IN_EU,1,+Cymoxanil,Cymoxanil,+Cymoxanil:EU_APPROVED,
FONGICIDE,Sulfate de cuivre,345 g/l (soit,SC,TRI-BASE FLOW SC,F.71-21,Atlas Agricole,NUFARM,2022,NOT_FOUND_OR_NEEDS_MANUAL_REVIEW,0,Sulfate de cuivre,,Sulfate de cuivre:NOT_IN_EU_LIST,
FONGICIDE,tribasique,190 g/l cuivre,SC,,,,,2022,NOT_FOUND_OR_NEEDS_MANUAL_REVIEW,0,tribasique,,tribasique:NOT_IN_EU_LIST,
FONGICIDE,Sulfate de cuivre,345 g/l (soit,SC,Cuproxat,018-14F.,EL MOUSSEM,NUFARM,2022,NOT_FOUND_OR_NEEDS_MANUAL_REVIEW,0,Sulfate de cuivre,,Sulfate de cuivre:NOT_IN_EU_LIST,
FONGICIDE,tribasique,190 g/l cuivre,SC,,,AGRICOLE,,2022,NOT_FOUND_OR_NEEDS_MANUAL_REVIEW,0,tribasique,,tribasique:NOT_IN_EU_LIST,
FONGICIDE,Sulfate de cuivre,40%,WG,Novicure,F.033-17,PROTAGRI,UPL,2022,NOT_FOUND_OR_NEEDS_MANUAL_REVIEW,0,Sulfate de cuivre,,Sulfate de cuivre:NOT_IN_EU_LIST,
FONGICIDE,tribasique,40%,WG,,,,,2022,NOT_FOUND_OR_NEEDS_MANUAL_REVIEW,0,tribasique,,tribasique:NOT_IN_EU_LIST,
FONGICIDE,Sulfate de cuivre,190 g/l +35 g/l,SC,Moltovin,F.037-17,BIOPROTECTION,NUFARM,2022,NOT_FOUND_OR_NEEDS_MANUAL_REVIEW,0,Sulfate de cuivre,,Sulfate de cuivre:NOT_IN_EU_LIST,
FONGICIDE,tribasique + Cymoxanil,190 g/l +35 g/l,SC,,,,,2022,ALL_SUBSTANCES_APPROVED_IN_EU,1,tribasique + Cymoxanil,Cymoxanil,tribasique + Cymoxanil:EU_APPROVED,
FONGICIDE,Sulfate de cuivre,266.6 g/l +40,SC,Amaline Flow,F.027-17,EL MOUSSEM,NUFARM,2022,NOT_FOUND_OR_NEEDS_MANUAL_REVIEW,0,Sulfate de cuivre,,Sulfate de cuivre:NOT_IN_EU_LIST,
FONGICIDE,tribasique + Zoxamide,g/l,SC,,,AGRICOLE,,2022,ALL_SUBSTANCES_APPROVED_IN_EU,1,tribasique + Zoxamide,Zoxamide,tribasique + Zoxamide:EU_APPROVED,
FONGICIDE,Sulfate de cuivre,266.6 g/l +40,SC,ventaro,F.75-21,STEC,NUFARM,2022,NOT_FOUND_OR_NEEDS_MANUAL_REVIEW,0,Sulfate de cuivre,,Sulfate de cuivre:NOT_IN_EU_LIST,
FONGICIDE,tribasique + Zoxamide,g/l,SC,,,,,2022,ALL_SUBSTANCES_APPROVED_IN_EU,1,tribasique + Zoxamide,Zoxamide,tribasique + Zoxamide:EU_APPROVED,
FONGICIDE,Sulphate de cuivre,360g/l,SC,CU MAX,F.013-17,RAYEN,DIACHEM S.P.A,2022,NOT_FOUND_OR_NEEDS_MANUAL_REVIEW,0,Sulphate de cuivre,,Sulphate de cuivre:NOT_IN_EU_LIST,
FONGICIDE,tribasique,360g/l,SC,,,PHYTAGRI,,2022,NOT_FOUND_OR_NEEDS_MANUAL_REVIEW,0,tribasique,,tribasique:NOT_IN_EU_LIST,
FONGICIDE,Sulfate tetracuivrique,20% CU,WG,Bordocure WG,F.024-22,FERTITECH,ALINTRA,2022,NOT_FOUND_OR_NEEDS_MANUAL_REVIEW,0,Sulfate tetracuivrique,,Sulfate tetracuivrique:NOT_IN_EU_LIST,
FONGICIDE,tricalcique,20% CU,WG,,,,,2022,NOT_FOUND_OR_NEEDS_MANUAL_REVIEW,0,tricalcique,,tricalcique:NOT_IN_EU_LIST,
FONGICIDE,Tebuconazole,250 g/L,EC,SONG EC,F.032-17,ATLAS AGRICOLE,SIPCAM INAGRA,2022,ALL_SUBSTANCES_APPROVED_IN_EU,1,Tebuconazole,Tebuconazole,Tebuconazole:EU_APPROVED,
FONGICIDE,Tebuconazole,250 g/L,SC,KEYZOL SC,F.014-20,EL KHADRA,AVGUST CROP,2022,ALL_SUBSTANCES_APPROVED_IN_EU,1,Tebuconazole,Tebuconazole,Tebuconazole:EU_APPROVED,
FONGICIDE,Tebuconazole,60 g/L,FS,Mycoseeds FS 60,,EL KHADRA,Sharda World wide,2022,ALL_SUBSTANCES_APPROVED_IN_EU,1,Tebuconazole,Tebuconazole,Tebuconazole:EU_APPROVED,
FONGICIDE,Tebuconazole,60 g/L,FS,TEBUSHA 6 FS,F.022-17,AGRINOVA,Sharda World wide,2022,ALL_SUBSTANCES_APPROVED_IN_EU,1,Tebuconazole,Tebuconazole,Tebuconazole:EU_APPROVED,
FONGICIDE,Tebuconazole,250 g/L,SC,COLOSSALSous,F.045-17,HALAB TUNISIE,AVGUST CROP,2022,ALL_SUBSTANCES_APPROVED_IN_EU,1,Tebuconazole,Tebuconazole,Tebuconazole:EU_APPROVED,
FONGICIDE,Tebuconazole,250 g/L,SC,réserve de changement,,,CORPORATION,2022,ALL_SUBSTANCES_APPROVED_IN_EU,1,Tebuconazole,Tebuconazole,Tebuconazole:EU_APPROVED,
FONGICIDE,Tebuconazole,250 g/L,SC,de DC,,,,2022,ALL_SUBSTANCES_APPROVED_IN_EU,1,Tebuconazole,Tebuconazole,Tebuconazole:EU_APPROVED,
FONGICIDE,Tebuconazole,60 g/L,FS,Timer FS 060,F.109-11/21,STEC,BAYER,2022,ALL_SUBSTANCES_APPROVED_IN_EU,1,Tebuconazole,Tebuconazole,Tebuconazole:EU_APPROVED,
FONGICIDE,Tébuconazole,430 g/l,SC,SPEEDY SC,F.065-22,EL KHADRA,NINGBO SUNJOY,2022,ALL_SUBSTANCES_APPROVED_IN_EU,1,Tébuconazole,Tebuconazole,Tébuconazole:EU_APPROVED,
FONGICIDE,Tébuconazole,430 g/l,SC,METROSTAR SC,F.009-18,AGRIPLUS,NINGBO SUNJOY,2022,ALL_SUBSTANCES_APPROVED_IN_EU,1,Tébuconazole,Tebuconazole,Tébuconazole:EU_APPROVED,
FONGICIDE,Tébuconazole,250 g/L,EW,Corail,F.113-11/21,PROMOCHIMIE,BAYER,2022,ALL_SUBSTANCES_APPROVED_IN_EU,1,Tébuconazole,Tebuconazole,Tébuconazole:EU_APPROVED,
FONGICIDE,Tébuconazole,430 g/l,SC,Camaro430SC,F.026-16,RAYEN,SHARDA,2022,ALL_SUBSTANCES_APPROVED_IN_EU,1,Tébuconazole,Tebuconazole,Tébuconazole:EU_APPROVED,
FONGICIDE,Tébuconazole,430 g/l,SC,TEBUNOVA SC,F.66-21,AGRINOVA,SHARDA,2022,ALL_SUBSTANCES_APPROVED_IN_EU,1,Tébuconazole,Tebuconazole,Tébuconazole:EU_APPROVED,
FONGICIDE,Tébuconazole,430 g/l,SC,Matiz,F.004-13,SANABEL AGRO,ROTAM,2022,ALL_SUBSTANCES_APPROVED_IN_EU,1,Tébuconazole,Tebuconazole,Tébuconazole:EU_APPROVED,
FONGICIDE,Tébuconazole,250 g/L,EW,AZUROS,F.018-19,SLDA,SHARDA,2022,ALL_SUBSTANCES_APPROVED_IN_EU,1,Tébuconazole,Tebuconazole,Tébuconazole:EU_APPROVED,
FONGICIDE,Tébuconazole,2 5 0 g / L,E W,T e b u cur,F.110-11/21,AGROSYSTEMES,GLOBACHEM,2022,ALL_SUBSTANCES_APPROVED_IN_EU,1,Tébuconazole,Tebuconazole,Tébuconazole:EU_APPROVED,
FONGICIDE,Tébuconazole,2 5 0 g / L,E W,T e s o n,F.036-15,AMINCO,GLOBACHEM,2022,ALL_SUBSTANCES_APPROVED_IN_EU,1,Tébuconazole,Tebuconazole,Tébuconazole:EU_APPROVED,
FONGICIDE,Tébuconazole,2 5 0 g / L,E W,K o n a n EW,F.014-13,ETS MEZGHANI,INDUSTRIAL,2022,ALL_SUBSTANCES_APPROVED_IN_EU,1,Tébuconazole,Tebuconazole,Tébuconazole:EU_APPROVED,
FONGICIDE,Tébuconazole,2 5 0 g / L,E W,H o r i z on 250 EW,F.111-11/21,PROMOCHIMIE,BAYER,2022,ALL_SUBSTANCES_APPROVED_IN_EU,1,Tébuconazole,Tebuconazole,Tébuconazole:EU_APPROVED,
FONGICIDE,Tébuconazole,2 5 0 g / L,E W,T E B U ZOL 25 EW,F.043-21,Agriprotec,UPL LIMITED,2022,ALL_SUBSTANCES_APPROVED_IN_EU,1,Tébuconazole,Tebuconazole,Tébuconazole:EU_APPROVED,
FONGICIDE,Tébuconazole,60g/l +166g/l,SC,LEMBAR,F.003-17,EL KHADRA,SIPCAM INAGRA,2022,ALL_SUBSTANCES_APPROVED_IN_EU,1,Tébuconazole,Tebuconazole,Tébuconazole:EU_APPROVED,
FONGICIDE,+Chlorothalonil,60g/l +166g/l,SC,,,,,2022,CONTAINS_NOT_APPROVED_SUBSTANCE_IN_EU,1,+Chlorothalonil,Chlorothalonil,+Chlorothalonil:EU_NOT_APPROVED,
FONGICIDE,Tébuconazole,125 g/l+375 g/l,SC,CIGAL PLUS SC,F.008-18,SANABEL AGRO,RotamAgrochemicalC,2022,ALL_SUBSTANCES_APPROVED_IN_EU,1,Tébuconazole,Tebuconazole,Tébuconazole:EU_APPROVED,
FONGICIDE,+Chlorothalonil,125 g/l+375 g/l,SC,,,,o.Ltd,2022,CONTAINS_NOT_APPROVED_SUBSTANCE_IN_EU,1,+Chlorothalonil,Chlorothalonil,+Chlorothalonil:EU_NOT_APPROVED,
FONGICIDE,Tebuconazole,200 g/l + 300,EC,Mystic Pro,F.128-11/21,AGRIPROTEC,NUFARM SAS,2022,ALL_SUBSTANCES_APPROVED_IN_EU,1,Tebuconazole,Tebuconazole,Tebuconazole:EU_APPROVED,
FONGICIDE,+Prochloraz,g/l,EC,,,,,2022,CONTAINS_NOT_APPROVED_SUBSTANCE_IN_EU,1,+Prochloraz,Prochloraz,+Prochloraz:EU_NOT_APPROVED,
FONGICIDE,Tebuconazole,200 g/l + 300,EC,Winner,F.206-11/21,BIOPROTECTION,NUFARM SAS,2022,ALL_SUBSTANCES_APPROVED_IN_EU,1,Tebuconazole,Tebuconazole,Tebuconazole:EU_APPROVED,
FONGICIDE,Tébuconazole,200 g/L+ 100,SC,Nativo 300 SC,F.115-11/21,STEC,BAYER,2022,ALL_SUBSTANCES_APPROVED_IN_EU,1,Tébuconazole,Tebuconazole,Tébuconazole:EU_APPROVED,
FONGICIDE,+Trifloxystrobine,g/L,SC,,,,CROPSCIENCE,2022,ALL_SUBSTANCES_APPROVED_IN_EU,1,+Trifloxystrobine,Trifloxystrobin,+Trifloxystrobine:EU_APPROVED,
FONGICIDE,Thiabendazole,50 % SC,SC,BENAZOLE,F.059-22,EXCEL AGRI,SHARDA,2022,ALL_SUBSTANCES_APPROVED_IN_EU,1,Thiabendazole,Thiabendazole,Thiabendazole:EU_APPROVED,
FONGICIDE,Thiabendazole,50 % SC,SC,TENAZOLE,F.31-21,SHARDA,SHARDA,2022,ALL_SUBSTANCES_APPROVED_IN_EU,1,Thiabendazole,Thiabendazole,Thiabendazole:EU_APPROVED,
FONGICIDE,Thiophanate ethyl +,200 g/l + 200,SC,Ipromise,F.002-13,BIOPROTECTION,ArystaLifescience,2022,CONTAINS_NOT_APPROVED_SUBSTANCE_IN_EU,1,Thiophanate ethyl +,Thiophanate (ethyl),Thiophanate ethyl +:EU_NOT_APPROVED,
FONGICIDE,Iprodione,g/l,SC,,,,,2022,CONTAINS_NOT_APPROVED_SUBSTANCE_IN_EU,1,Iprodione,Iprodione,Iprodione:EU_NOT_APPROVED,
FONGICIDE,Thiophanate-Méthyl,70%,WP,CAP-TOP,F.039-22,NEGANOR,NANJIG(JIANGSU,2022,CONTAINS_NOT_APPROVED_SUBSTANCE_IN_EU,1,Thiophanate-Méthyl,Thiophanate-methyl,Thiophanate-Méthyl:EU_NOT_APPROVED,
FONGICIDE,Thiophanate-methyl,70%,WP,TIOKEY WP,F.012-19,Ets MEZGHANI,HAILI GUIXI,2022,CONTAINS_NOT_APPROVED_SUBSTANCE_IN_EU,1,Thiophanate-methyl,Thiophanate-methyl,Thiophanate-methyl:EU_NOT_APPROVED,
FONGICIDE,Thiophanate-Méthyl,5 0 0 g / L,S C,P e l t 500 SC,F.120-11/21,ATLAS AGRICOLE,BAYER AG.,2022,CONTAINS_NOT_APPROVED_SUBSTANCE_IN_EU,1,Thiophanate-Méthyl,Thiophanate-methyl,Thiophanate-Méthyl:EU_NOT_APPROVED,
FONGICIDE,Thiophanate-Méthyl,5 0 %,S C,t h i o p h y l 50 SC,F.21-21,SHARDA,sharda cropchem,2022,CONTAINS_NOT_APPROVED_SUBSTANCE_IN_EU,1,Thiophanate-Méthyl,Thiophanate-methyl,Thiophanate-Méthyl:EU_NOT_APPROVED,
FONGICIDE,Thiophanate-Méthyl,5 0 %,S C,T H I O 5 0 SC,F.070-22,COTUGRAIN,sharda cropchem,2022,CONTAINS_NOT_APPROVED_SUBSTANCE_IN_EU,1,Thiophanate-Méthyl,Thiophanate-methyl,Thiophanate-Méthyl:EU_NOT_APPROVED,
FONGICIDE,Thiophanate-Méthyl,7 0 %,W P,T H I O P H ANATE M,F.031-18,AGRIMED,MEGHMANI,2022,CONTAINS_NOT_APPROVED_SUBSTANCE_IN_EU,1,Thiophanate-Méthyl,Thiophanate-methyl,Thiophanate-Méthyl:EU_NOT_APPROVED,
FONGICIDE,Thiophanate-Méthyl,7 0 %,W P,A g r i p h a nate,F.027-16,AGRIPROTEC,MEGHMANI,2022,CONTAINS_NOT_APPROVED_SUBSTANCE_IN_EU,1,Thiophanate-Méthyl,Thiophanate-methyl,Thiophanate-Méthyl:EU_NOT_APPROVED,
FONGICIDE,Thiophanate-Méthyl,7 0 %,W P,M e t h y l - T,F.116-11/21,BIOPROTECTION,UPL/ARYSTA,2022,CONTAINS_NOT_APPROVED_SUBSTANCE_IN_EU,1,Thiophanate-Méthyl,Thiophanate-methyl,Thiophanate-Méthyl:EU_NOT_APPROVED,
FONGICIDE,Thiophanate-Méthyl,7 0 %,W P,M i l T o p,F.003-15,DELTA AGRICOLE,MEGHMANI,2022,CONTAINS_NOT_APPROVED_SUBSTANCE_IN_EU,1,Thiophanate-Méthyl,Thiophanate-methyl,Thiophanate-Méthyl:EU_NOT_APPROVED,
FONGICIDE,Thiophanate-Méthyl,7 0 %,W P,A u r i g e 7 0,F.022-13,EL KHADRHA,SIPCAM INAGRA,2022,CONTAINS_NOT_APPROVED_SUBSTANCE_IN_EU,1,Thiophanate-Méthyl,Thiophanate-methyl,Thiophanate-Méthyl:EU_NOT_APPROVED,
FONGICIDE,Thiophanate-Méthyl,7 0 %,W P,r a c h e t W P,F.56-21,agriprotec,Nufarm,2022,CONTAINS_NOT_APPROVED_SUBSTANCE_IN_EU,1,Thiophanate-Méthyl,Thiophanate-methyl,Thiophanate-Méthyl:EU_NOT_APPROVED,
FONGICIDE,Thiophanate-Méthyl,7 0 %,W G,S t a r n e t 7 0 WG,F.118-11/21,PROMOCHIMIE,BAYER,2022,CONTAINS_NOT_APPROVED_SUBSTANCE_IN_EU,1,Thiophanate-Méthyl,Thiophanate-methyl,Thiophanate-Méthyl:EU_NOT_APPROVED,
FONGICIDE,Thiophanate-Méthyl,7 0 %,W P,T h i o m i l,F.034-16,PROTAGRI,MEGHMANI,2022,CONTAINS_NOT_APPROVED_SUBSTANCE_IN_EU,1,Thiophanate-Méthyl,Thiophanate-methyl,Thiophanate-Méthyl:EU_NOT_APPROVED,
FONGICIDE,Thiophanate-Méthyl,7 0 %,W P,S E G N O R 70 WP,F.017-19,SANABEL AGRO,UPL,2022,CONTAINS_NOT_APPROVED_SUBSTANCE_IN_EU,1,Thiophanate-Méthyl,Thiophanate-methyl,Thiophanate-Méthyl:EU_NOT_APPROVED,
FONGICIDE,Thiophanate-Méthyl,7 0 %,W P,T o p P l u s,F.001-18,SOCOOPEC,AGRIA S.A,2022,CONTAINS_NOT_APPROVED_SUBSTANCE_IN_EU,1,Thiophanate-Méthyl,Thiophanate-methyl,Thiophanate-Méthyl:EU_NOT_APPROVED,
FONGICIDE,Thiophanate-Méthyl,7 0 %,W P,L a g r o p h anate 70,F.117-11/21,STEC,CEQUISA /,2022,CONTAINS_NOT_APPROVED_SUBSTANCE_IN_EU,1,Thiophanate-Méthyl,Thiophanate-methyl,Thiophanate-Méthyl:EU_NOT_APPROVED,
HERBICIDE,Trichoderma atroviride,2x109cfu/g,WP,T-77 WP,F.29-21,Aloha agriculture,,2022,ALL_SUBSTANCES_APPROVED_IN_EU,1,Trichoderma atroviride,Trichoderma atroviride (formerly T. harzianum) strain T11,Trichoderma atroviride:EU_APPROVED,
HERBICIDE,77B,2x109cfu/g,WP,,,,,2022,CONTAINS_NOT_APPROVED_SUBSTANCE_IN_EU,1,77B,Dimoxystrobin,77B:EU_NOT_APPROVED,
HERBICIDE,Zirame,76%,WG,Thionicautodispersible,F.136-11/21,AGROSYSTEMES,TAMINCO/EASTMA,2022,ALL_SUBSTANCES_APPROVED_IN_EU,1,Zirame,Ziram,Zirame:EU_APPROVED,
HERBICIDE,Zoxamide +,180 g/l+180 g/l,SC,Presidium SC,F.053-22,STEC,Gowan,2022,ALL_SUBSTANCES_APPROVED_IN_EU,1,Zoxamide +,Zoxamide,Zoxamide +:EU_APPROVED,
HERBICIDE,Dimethomorphe,180 g/l+180 g/l,SC,,,,,2022,CONTAINS_NOT_APPROVED_SUBSTANCE_IN_EU,1,Dimethomorphe,Dimethomorph,Dimethomorphe:EU_NOT_APPROVED,
HERBICIDE,"2,4-D Acide (2-Ethylhexyl",600 g/l,EC,Hersan-I,H.007-13,ETS MEZGHANI,INDUSTRIAL,2022,ALL_SUBSTANCES_APPROVED_IN_EU,1,4-D Acide (2-Ethylhexyl,"2,4-D",4-D Acide (2-Ethylhexyl:EU_APPROVED,
HERBICIDE,ester),600 g/l,EC,,,,QUIMICA KEY S.A,2022,CONTAINS_NOT_APPROVED_SUBSTANCE_IN_EU,1,ester),Fatty acids C8-C10 methyl esters (CAS 85566-26-3) (Methyl octanoate (CAS 111-11-5); Methyl decanoate (CAS 110-42-9)),ester):EU_NOT_APPROVED,
HERBICIDE,"2,4- D + MCPA",345 g/l +345 g/l,SL,Weedone Plus,H.001-13,BIOPROTECTION,NUFARM,2022,ALL_SUBSTANCES_APPROVED_IN_EU,1,4- D + MCPA,MCPA,4- D + MCPA:EU_APPROVED,
HERBICIDE,"2,4- D + MCPA",345 g/l +345 g/l,SL,DAMEX FORTE,H.21-21,SOCOOPEC,NUFARM,2022,ALL_SUBSTANCES_APPROVED_IN_EU,1,4- D + MCPA,MCPA,4- D + MCPA:EU_APPROVED,
HERBICIDE,"2,4- D + MCPA",345 g/l +345 g/l,SL,SUPER,,,,2022,ALL_SUBSTANCES_APPROVED_IN_EU,1,4- D + MCPA,MCPA,4- D + MCPA:EU_APPROVED,
HERBICIDE,"2,4 –D EHE","9 0 4 , 5 g / L",E C,c e r t r o l D S E C,H.18-21,agriprotec,A H MARKS /,2022,NOT_FOUND_OR_NEEDS_MANUAL_REVIEW,0,4 –D EHE,,4 –D EHE:NOT_IN_EU_LIST,
HERBICIDE,"2,4 D –Ester butylglycol",600 g/L,EC,Weedone,H.060-11/21,BIOPROTECTION,NUFARM,2022,NOT_FOUND_OR_NEEDS_MANUAL_REVIEW,0,4 D –Ester butylglycol,,4 D –Ester butylglycol:NOT_IN_EU_LIST,
HERBICIDE,"2,4 D –Ester butylglycol",600 g/L,EC,Desormone lourd,H.078-11/21,SEPCM,NUFARM,2022,NOT_FOUND_OR_NEEDS_MANUAL_REVIEW,0,4 D –Ester butylglycol,,4 D –Ester butylglycol:NOT_IN_EU_LIST,
HERBICIDE,"2,4-D Acide +Florasulam","300 g/L +6,25",SE,Nikos 306 SE,H.011-13,ATLAS AGRICOLE,DOW,2022,ALL_SUBSTANCES_APPROVED_IN_EU,1,4-D Acide +Florasulam,"2,4-D",4-D Acide +Florasulam:EU_APPROVED,
HERBICIDE,"2,4-D Sel d’amine",720 g/L,SL,Dicopur 720 SL,H.008-13,AGRIPROTEC,NUFARM,2022,ALL_SUBSTANCES_APPROVED_IN_EU,1,4-D Sel d’amine,"2,4-D",4-D Sel d’amine:EU_APPROVED,
HERBICIDE,"2,4-D Sel d’amine",720 g/L,SL,Sanaphen D 720 SL,H.013-13,ATLAS AGRICOLE,DOW,2022,ALL_SUBSTANCES_APPROVED_IN_EU,1,4-D Sel d’amine,"2,4-D",4-D Sel d’amine:EU_APPROVED,
HERBICIDE,"2,4-D Sel d’amine",720 g/L,SL,Chardol 720 SL,H.012-14,BIOPROTECTION,NUFARM,2022,ALL_SUBSTANCES_APPROVED_IN_EU,1,4-D Sel d’amine,"2,4-D",4-D Sel d’amine:EU_APPROVED,
HERBICIDE,"2,4-D Sel d’amine",720g/l,SL,Topol,H.009-15,EL KHADRA,SHARDA,2022,ALL_SUBSTANCES_APPROVED_IN_EU,1,4-D Sel d’amine,"2,4-D",4-D Sel d’amine:EU_APPROVED,
HERBICIDE,"2,4-D Sel d’amine",720g/l,SL,SHARMINA 720,H.005-17,AGRINOVA,SHARDA,2022,ALL_SUBSTANCES_APPROVED_IN_EU,1,4-D Sel d’amine,"2,4-D",4-D Sel d’amine:EU_APPROVED,
HERBICIDE,"2,4-D Sel d’amine",720g/l,SL,SL,,,,2022,ALL_SUBSTANCES_APPROVED_IN_EU,1,4-D Sel d’amine,"2,4-D",4-D Sel d’amine:EU_APPROVED,
HERBICIDE,"2,4-D Sel d’amine",720g/l,SL,Stopweeds,H.011-15,SANABEL AGRO,SHARDA,2022,ALL_SUBSTANCES_APPROVED_IN_EU,1,4-D Sel d’amine,"2,4-D",4-D Sel d’amine:EU_APPROVED,
HERBICIDE,"2,4-D Sel de",860g/l,SL,Amanora,H.014-17,AGRIMATCO,UPL,2022,ALL_SUBSTANCES_APPROVED_IN_EU,1,4-D Sel de,"2,4-D",4-D Sel de:EU_APPROVED,
HERBICIDE,Dimethylamine,860g/l,SL,,,,,2022,NOT_FOUND_OR_NEEDS_MANUAL_REVIEW,0,Dimethylamine,,Dimethylamine:NOT_IN_EU_LIST,
HERBICIDE,"2,4-D Sel de",860g/l,SL,DIAMEX SL,H.037-22,COTUGRAIN,UPL,2022,ALL_SUBSTANCES_APPROVED_IN_EU,1,4-D Sel de,"2,4-D",4-D Sel de:EU_APPROVED,
HERBICIDE,"2,4-D Sel de",720g/l,SL,BLITZ 720 SL,H.022-22,EL KHADRA,JIANGSU,2022,ALL_SUBSTANCES_APPROVED_IN_EU,1,4-D Sel de,"2,4-D",4-D Sel de:EU_APPROVED,
HERBICIDE,Dimethylamine,720g/l,SL,,,,FENGSHAN GROUP,2022,NOT_FOUND_OR_NEEDS_MANUAL_REVIEW,0,Dimethylamine,,Dimethylamine:NOT_IN_EU_LIST,
HERBICIDE,"2,4-D Sel de",720g/l,SL,BOZAR,H.012-17,AGRIPLUS,JIANGSU,2022,ALL_SUBSTANCES_APPROVED_IN_EU,1,4-D Sel de,"2,4-D",4-D Sel de:EU_APPROVED,
HERBICIDE,2.4-D +,160 g/l+240 g/l,SL,KYLEO,H.011-22,EL MOUSSEM,NUFARM,2022,ALL_SUBSTANCES_APPROVED_IN_EU,1,2.4-D +,"2,4-D",2.4-D +:EU_APPROVED,
HERBICIDE,Glyphosphate,160 g/l+240 g/l,SL,,,AGRICOLE,,2022,NOT_FOUND_OR_NEEDS_MANUAL_REVIEW,0,Glyphosphate,,Glyphosphate:NOT_IN_EU_LIST,
HERBICIDE,2.4-D +Glyphosphate,160 g/l+240 g/l,SL,NUFOSATESL,H.040-22,AGRIPROTEC,NUFARM,2022,ALL_SUBSTANCES_APPROVED_IN_EU,1,2.4-D +Glyphosphate,"2,4-D",2.4-D +Glyphosphate:EU_APPROVED,
HERBICIDE,Aclonifen,600 g/l,SC,Challenge 600SC,H.001-14,EL MOUSSEM,Bayer AG,2022,ALL_SUBSTANCES_APPROVED_IN_EU,1,Aclonifen,Aclonifen,Aclonifen:EU_APPROVED,
HERBICIDE,Aclonifen,60%,SC,ACTION 60 SC,H.026-22,SHARDA,SHARDA,2022,ALL_SUBSTANCES_APPROVED_IN_EU,1,Aclonifen,Aclonifen,Aclonifen:EU_APPROVED,
HERBICIDE,Amidosulfuron +,100 g/l + 25 g/l +,OD,Sekator OD,H.002-17,AGRONOMIC Land,BAYER,2022,ALL_SUBSTANCES_APPROVED_IN_EU,1,Amidosulfuron +,Amidosulfuron,Amidosulfuron +:EU_APPROVED,
HERBICIDE,Iodosulfuron +,250g/l,OD,,,,CROPSCIENCES,2022,ALL_SUBSTANCES_APPROVED_IN_EU,1,Iodosulfuron +,Iodosulfuron,Iodosulfuron +:EU_APPROVED,
HERBICIDE,MefempyrDiethyl,250g/l,OD,,,,,2022,NOT_FOUND_OR_NEEDS_MANUAL_REVIEW,0,MefempyrDiethyl,,MefempyrDiethyl:NOT_IN_EU_LIST,
HERBICIDE,Aminopyralydes +,350 g/Kg +150,WG,Lancelot NEO 450,H.001-11/21,SEPCM,DOW,2022,NOT_FOUND_OR_NEEDS_MANUAL_REVIEW,0,Aminopyralydes +,,Aminopyralydes +:NOT_IN_EU_LIST,
HERBICIDE,Florasulam,g/Kg,WG,WG,,,AGROSCIENCES,2022,ALL_SUBSTANCES_APPROVED_IN_EU,1,Florasulam,Florasulam,Florasulam:EU_APPROVED,
HERBICIDE,Aminopyralydes +,10g/l +5g/l,SE,Nikos forte,H.010-15,ATLAS AGRICOLE,DOW,2022,NOT_FOUND_OR_NEEDS_MANUAL_REVIEW,0,Aminopyralydes +,,Aminopyralydes +:NOT_IN_EU_LIST,
HERBICIDE,Florasulam +2.4 D EHE,+180g/l,SE,,,,AGROSCIENCES,2022,ALL_SUBSTANCES_APPROVED_IN_EU,1,Florasulam +2.4 D EHE,Florasulam,Florasulam +2.4 D EHE:EU_APPROVED,
HERBICIDE,Arylex active(halauxifen-,66.67% g/kg en,WG,TARZEK +,H.003-20,ATLAS AGRICOLE,Dow Agrosciences,2022,CONTAINS_NOT_APPROVED_SUBSTANCE_IN_EU,1,Arylex active(halauxifen-,FEN 560 (Fenugreek seed powder),Arylex active(halauxifen-:EU_NOT_APPROVED,
HERBICIDE,methyl) + pyroxsulam,équivalent,WG,UPTAKE SL,,,,2022,ALL_SUBSTANCES_APPROVED_IN_EU,1,methyl) + pyroxsulam,Pyroxsulam,methyl) + pyroxsulam:EU_APPROVED,
HERBICIDE,+cloquintocet acide,acide+250,WG,(Ecosurf EH-9,,,,2022,NOT_FOUND_OR_NEEDS_MANUAL_REVIEW,0,+cloquintocet acide,,+cloquintocet acide:NOT_IN_EU_LIST,
HERBICIDE,+cloquintocet acide,g/kg+354 g/kg,WG,Surfactant 73,,,,2022,NOT_FOUND_OR_NEEDS_MANUAL_REVIEW,0,+cloquintocet acide,,+cloquintocet acide:NOT_IN_EU_LIST,
HERBICIDE,+cloquintocet acide,g/kg+354 g/kg,WG,%(p/p)),,,,2022,NOT_FOUND_OR_NEEDS_MANUAL_REVIEW,0,+cloquintocet acide,,+cloquintocet acide:NOT_IN_EU_LIST,
HERBICIDE,Arylex TM +,100g/kg+100g/k,WG,CLASSICO WG,H.10-21,SEPCM,Dow Agrosciences,2022,NOT_FOUND_OR_NEEDS_MANUAL_REVIEW,0,Arylex TM +,,Arylex TM +:NOT_IN_EU_LIST,
HERBICIDE,Forasulam +,g+70.8 g/kg,WG,,,,,2022,CONTAINS_NOT_APPROVED_SUBSTANCE_IN_EU,1,Forasulam +,Asulam,Forasulam +:EU_NOT_APPROVED,
HERBICIDE,Cloquintocet acide,g+70.8 g/kg,WG,,,,,2022,NOT_FOUND_OR_NEEDS_MANUAL_REVIEW,0,Cloquintocet acide,,Cloquintocet acide:NOT_IN_EU_LIST,
HERBICIDE,+SURFER(Adjuvant),g+70.8 g/kg,WG,,,,,2022,NOT_FOUND_OR_NEEDS_MANUAL_REVIEW,0,+SURFER(Adjuvant),,+SURFER(Adjuvant):NOT_IN_EU_LIST,
HERBICIDE,Bentazone,480g/l,SL,BENTA SL,H.019-22,EL KHADRA,NANJING,2022,ALL_SUBSTANCES_APPROVED_IN_EU,1,Bentazone,Bentazone,Bentazone:EU_APPROVED,
HERBICIDE,Bentazone,480g/l,SL,BASASTAR SL,H.010-20,AGRIPLUS,NANJING,2022,ALL_SUBSTANCES_APPROVED_IN_EU,1,Bentazone,Bentazone,Bentazone:EU_APPROVED,
HERBICIDE,Bentazone,480g/l,SL,BENTAKEY SL,H.007-20,ETS MEZGHANI,SHANDONG,2022,ALL_SUBSTANCES_APPROVED_IN_EU,1,Bentazone,Bentazone,Bentazone:EU_APPROVED,
HERBICIDE,Bentazone,4 8 0 g / L,S L,S h a r b e n t a,H .004-13,SANABEL AGRO,SHARDA WORLD,2022,ALL_SUBSTANCES_APPROVED_IN_EU,1,Bentazone,Bentazone,Bentazone:EU_APPROVED,
HERBICIDE,Bentazone,4 8 0 g / L,S L,T R O Y 4 8 0 S L,H .007-18,AGRIPROTEC,UPL LIMITED,2022,ALL_SUBSTANCES_APPROVED_IN_EU,1,Bentazone,Bentazone,Bentazone:EU_APPROVED,
HERBICIDE,Bentazone,4 8 0 g / L,S L,B a s a g r a n,H .003-11/21,STIMA,BASF,2022,ALL_SUBSTANCES_APPROVED_IN_EU,1,Bentazone,Bentazone,Bentazone:EU_APPROVED,
HERBICIDE,Bentazone,480 g/l,SL,BENTAPROTEKT,H.007-22,LIEN AGRICOLE,ANHUI,2022,ALL_SUBSTANCES_APPROVED_IN_EU,1,Bentazone,Bentazone,Bentazone:EU_APPROVED,
HERBICIDE,Bentazone,480 g/l,SL,SL,,,ZHONGSHAN,2022,ALL_SUBSTANCES_APPROVED_IN_EU,1,Bentazone,Bentazone,Bentazone:EU_APPROVED,
HERBICIDE,Bentazone,4 8 0 g / L,S L,f i g h t e r,H .16-21,cotugrain,BASF,2022,ALL_SUBSTANCES_APPROVED_IN_EU,1,Bentazone,Bentazone,Bentazone:EU_APPROVED,
HERBICIDE,Bentazone +Imazamox,480 g/l+22.4 g/l,SL,CORUM SL,H.05-21,AGRIPROTEC,BASF,2022,ALL_SUBSTANCES_APPROVED_IN_EU,1,Bentazone +Imazamox,Bentazone,Bentazone +Imazamox:EU_APPROVED,
HERBICIDE,Chlortoluron,500 g/L,SC,DESPERADO,H.08-21,AGRIPROTEC,Nufarm,2022,NOT_FOUND_OR_NEEDS_MANUAL_REVIEW,0,Chlortoluron,,Chlortoluron:NOT_IN_EU_LIST,
HERBICIDE,Chlortoluron,5 0 0 g / L,SC,Tolurex 50,H.006-11/21,SEPCM,AAKO,2022,NOT_FOUND_OR_NEEDS_MANUAL_REVIEW,0,Chlortoluron,,Chlortoluron:NOT_IN_EU_LIST,
HERBICIDE,Chlortoluron + Isoxabene,500 g/L + 18.7,SC,FLEXIDOR,H.015-18,ATLAS,Dow,2022,ALL_SUBSTANCES_APPROVED_IN_EU,1,Chlortoluron + Isoxabene,Isoxaben,Chlortoluron + Isoxabene:EU_APPROVED,
HERBICIDE,Chlortoluron + Isoxabene,500 g/L + 18.7,SC,Aubaine,H.014-13,SEPCM,Dow Agrosciences,2022,ALL_SUBSTANCES_APPROVED_IN_EU,1,Chlortoluron + Isoxabene,Isoxaben,Chlortoluron + Isoxabene:EU_APPROVED,
HERBICIDE,Chlorotoluron,250g/l+300g/l+,SC,UMBRA 590 SC,H.030-22,BIOPROTECTION,SYNGENTA,2022,ALL_SUBSTANCES_APPROVED_IN_EU,1,Chlorotoluron,Chlorotoluron,Chlorotoluron:EU_APPROVED,
HERBICIDE,+pendimeyhalin+,250g/l+300g/l+,SC,,,,,2022,NOT_FOUND_OR_NEEDS_MANUAL_REVIEW,0,+pendimeyhalin+,,+pendimeyhalin+:NOT_IN_EU_LIST,
HERBICIDE,diflufenican,40g/l,SC,,,,,2022,ALL_SUBSTANCES_APPROVED_IN_EU,1,diflufenican,Diflufenican,diflufenican:EU_APPROVED,
HERBICIDE,Clethodim,240 g/l,SC,ICASSO 240 SC,H.013-20,SANABEL AGRO,Rotam,2022,ALL_SUBSTANCES_APPROVED_IN_EU,1,Clethodim,Clethodim,Clethodim:EU_APPROVED,
HERBICIDE,Clethodim,240 g/l,EC,CLETOPROTEKT,H.031-22,LIEN AGRICOLE,Zhejiang tide,2022,ALL_SUBSTANCES_APPROVED_IN_EU,1,Clethodim,Clethodim,Clethodim:EU_APPROVED,
HERBICIDE,Cléthodime,1 2 0 g / L,EC,Select Super,H.004-11/21,BIOPRO,U P L / A R Y S T A,2022,ALL_SUBSTANCES_APPROVED_IN_EU,1,Cléthodime,Clethodim,Cléthodime:EU_APPROVED,
HERBICIDE,Clethodim,240 g/l,EC,CLODIM FORTE,H.004-22,SOLAGRI,SYNGENTA,2022,ALL_SUBSTANCES_APPROVED_IN_EU,1,Clethodim,Clethodim,Clethodim:EU_APPROVED,
HERBICIDE,Clethodim,240 g/l,EC,240 EC,,,,2022,ALL_SUBSTANCES_APPROVED_IN_EU,1,Clethodim,Clethodim,Clethodim:EU_APPROVED,
HERBICIDE,Cléthodime,1 2 0 g / L,EC,Akodim 120 EC,H.005-11/21,SEPCM,AAKO,2022,ALL_SUBSTANCES_APPROVED_IN_EU,1,Cléthodime,Clethodim,Cléthodime:EU_APPROVED,
HERBICIDE,Clethodim,12%,EC,FYTODIM EC,H.032-22,FERTITECH,TOPAGRO,2022,ALL_SUBSTANCES_APPROVED_IN_EU,1,Clethodim,Clethodim,Clethodim:EU_APPROVED,
HERBICIDE,Clodinafop-propagyl,100g/l +25 g/l,EC,BUGUIS EC,H.008-18,AGRIPROTEC,PROPLAN,2022,ALL_SUBSTANCES_APPROVED_IN_EU,1,Clodinafop-propagyl,Clodinafop,Clodinafop-propagyl:EU_APPROVED,
HERBICIDE,+Cloquintocet-mexyl,100g/l +25 g/l,EC,,,,,2022,NOT_FOUND_OR_NEEDS_MANUAL_REVIEW,0,+Cloquintocet-mexyl,,+Cloquintocet-mexyl:NOT_IN_EU_LIST,
HERBICIDE,Clodinafop-propargil,8 0 g / L,E C,T o p i k 8 0,H.007-11/21,BIOPROTECTION,SYNGENTA,2022,ALL_SUBSTANCES_APPROVED_IN_EU,1,Clodinafop-propargil,Clodinafop,Clodinafop-propargil:EU_APPROVED,
HERBICIDE,Clodinafop-propargil +,240 g/L +60 g/L,EC,RUBAH,H.026-15,AGRIPLUS,PARIJAT,2022,ALL_SUBSTANCES_APPROVED_IN_EU,1,Clodinafop-propargil +,Clodinafop,Clodinafop-propargil +:EU_APPROVED,
HERBICIDE,Cloquintocet-2-Mexyl,240 g/L +60 g/L,EC,,,,,2022,NOT_FOUND_OR_NEEDS_MANUAL_REVIEW,0,Cloquintocet-2-Mexyl,,Cloquintocet-2-Mexyl:NOT_IN_EU_LIST,
HERBICIDE,Clodinafop-propargil,100 g/L +25 g/L,EC,Topik 100,H.008-11/21,BIOPROTECTION,SYNGENTA,2022,ALL_SUBSTANCES_APPROVED_IN_EU,1,Clodinafop-propargil,Clodinafop,Clodinafop-propargil:EU_APPROVED,
HERBICIDE,+Cloquintocet-2-Mexyl,100 g/L +25 g/L,EC,,,,,2022,NOT_FOUND_OR_NEEDS_MANUAL_REVIEW,0,+Cloquintocet-2-Mexyl,,+Cloquintocet-2-Mexyl:NOT_IN_EU_LIST,
HERBICIDE,Clodinafop-propargyl +,95 g/l+25 g/l,EC,CICLOPE EC,H.002-20,EL KHADRA,INDRUSTRIAS,2022,ALL_SUBSTANCES_APPROVED_IN_EU,1,Clodinafop-propargyl +,Clodinafop,Clodinafop-propargyl +:EU_APPROVED,
HERBICIDE,Cloquintocet-mexyl,95 g/l+25 g/l,EC,,,,AFRASA,2022,NOT_FOUND_OR_NEEDS_MANUAL_REVIEW,0,Cloquintocet-mexyl,,Cloquintocet-mexyl:NOT_IN_EU_LIST,
HERBICIDE,Clopyralid,100 g/L,EC,VERSATILL,H.014-20,ATLAS AGRICOLE,DOW,2022,ALL_SUBSTANCES_APPROVED_IN_EU,1,Clopyralid,Clopyralid,Clopyralid:EU_APPROVED,
HERBICIDE,Clopyralid,100g/l,SL,GLOPYR 100 SL,H.004-18,AGROSYSTEMES,Globachem,2022,ALL_SUBSTANCES_APPROVED_IN_EU,1,Clopyralid,Clopyralid,Clopyralid:EU_APPROVED,
HERBICIDE,Clopyralid,300g/l,SL,clopryd 30 SL,H.005-20,SLDA,Sharda cropchem,2022,ALL_SUBSTANCES_APPROVED_IN_EU,1,Clopyralid,Clopyralid,Clopyralid:EU_APPROVED,
HERBICIDE,Cycloxidime,100 g/L,EC,Focus Ultra,H.009-11/21,STIMA,BASF,2022,NOT_FOUND_OR_NEEDS_MANUAL_REVIEW,0,Cycloxidime,,Cycloxidime:NOT_IN_EU_LIST,
HERBICIDE,Cycloxidime,100 g/L,EC,stratos ultra EC,H.17-21,agriprotec,BASF,2022,NOT_FOUND_OR_NEEDS_MANUAL_REVIEW,0,Cycloxidime,,Cycloxidime:NOT_IN_EU_LIST,
HERBICIDE,Dicamba-Sel,480g/l,EC,procamba,H.13-21,SSCC,gharda chemical,2022,ALL_SUBSTANCES_APPROVED_IN_EU,1,Dicamba-Sel,Dicamba,Dicamba-Sel:EU_APPROVED,
HERBICIDE,Dimethylamine (DMA),480g/l,EC,,,,,2022,NOT_FOUND_OR_NEEDS_MANUAL_REVIEW,0,Dimethylamine (DMA),,Dimethylamine (DMA):NOT_IN_EU_LIST,
HERBICIDE,"Dicamba +2,4 – D",120 g/L +344 g/L,SL,Dialen Super,H.011-11/21,BIOPROTECTION,SYNGENTA,2022,CONTAINS_NOT_APPROVED_SUBSTANCE_IN_EU,2,Dicamba +2 | 4 – D,Dicamba | Dimoxystrobin,Dicamba +2:EU_APPROVED | 4 – D:EU_NOT_APPROVED,
HERBICIDE,Dicamba +Prosulfuron,500 g/kg+50,WG,CASPER 55 WG,H.004-20,SOLAGRI,Syngenta,2022,ALL_SUBSTANCES_APPROVED_IN_EU,1,Dicamba +Prosulfuron,Prosulfuron,Dicamba +Prosulfuron:EU_APPROVED,
HERBICIDE,Diflufenican,50%,WG,OSSETIA WG,H.008-20,SANABEL AGRO,RotamAgrochemical,2022,ALL_SUBSTANCES_APPROVED_IN_EU,1,Diflufenican,Diflufenican,Diflufenican:EU_APPROVED,
HERBICIDE,Diflufenican+flufenacet,200 g/l + 400g/l,SC,FLOUKAN SC,H.008-22,SANABEL AGRO,sharda cropchem,2022,ALL_SUBSTANCES_APPROVED_IN_EU,1,Diflufenican+flufenacet,Diflufenican,Diflufenican+flufenacet:EU_APPROVED,
HERBICIDE,Diflufenican (ou,500 g/l,SC,Diflanil,H.010-14,AGROSYSTEMES,GLOBACHEM,2022,ALL_SUBSTANCES_APPROVED_IN_EU,1,Diflufenican (ou,Diflufenican,Diflufenican (ou:EU_APPROVED,
HERBICIDE,Diflufenicanil),500 g/l,SC,,,,,2022,ALL_SUBSTANCES_APPROVED_IN_EU,1,Diflufenicanil),Diflufenican,Diflufenicanil):EU_APPROVED,
HERBICIDE,Diflufenican + Flufenacet,60 g/l + 240 g/l +,SC,Vigon 420 SC,H.012-16,PROMOCHIMIE,BAYER,2022,ALL_SUBSTANCES_APPROVED_IN_EU,1,Diflufenican + Flufenacet,Diflufenican,Diflufenican + Flufenacet:EU_APPROVED,
HERBICIDE,+ Flurtamone,120 g/l,SC,,,,CROPSCIENCE,2022,CONTAINS_NOT_APPROVED_SUBSTANCE_IN_EU,1,+ Flurtamone,Flurtamone,+ Flurtamone:EU_NOT_APPROVED,
HERBICIDE,Diflufenican +,60 % +6%,WG,Alliance,H.002-13,BIOPROTECTION,NUFARM S.A,2022,ALL_SUBSTANCES_APPROVED_IN_EU,1,Diflufenican +,Diflufenican,Diflufenican +:EU_APPROVED,
HERBICIDE,Metsulfuron-méthyl,60 % +6%,WG,,,,,2022,ALL_SUBSTANCES_APPROVED_IN_EU,1,Metsulfuron-méthyl,Metsulfuron-methyl,Metsulfuron-méthyl:EU_APPROVED,
HERBICIDE,Diflufenican +,60 % +6%,WG,polymer WG,H.19-21,AGRIPROTEC,NUFARM S.A,2022,ALL_SUBSTANCES_APPROVED_IN_EU,1,Diflufenican +,Diflufenican,Diflufenican +:EU_APPROVED,
HERBICIDE,Diflufenican +flufenacet,200 g/l+400 g/l,SC,RELIANCE SC,H.009-22,BIOPROTECTION,UPL,2022,ALL_SUBSTANCES_APPROVED_IN_EU,1,Diflufenican +flufenacet,Diflufenican,Diflufenican +flufenacet:EU_APPROVED,
HERBICIDE,Dimethenamid-,100g/l+300g/l+1,SE,BUTISAN AVANT,H.012-20,COTUGRAIN,BASF,2022,ALL_SUBSTANCES_APPROVED_IN_EU,1,Dimethenamid-,Dimethenamid-P,Dimethenamid-:EU_APPROVED,
HERBICIDE,P+Metazachlor,00g/l,SE,SE,,,,2022,ALL_SUBSTANCES_APPROVED_IN_EU,1,P+Metazachlor,Metazachlor,P+Metazachlor:EU_APPROVED,
HERBICIDE,+Quinmerac,00g/l,SE,,,,,2022,ALL_SUBSTANCES_APPROVED_IN_EU,1,+Quinmerac,Quinmerac,+Quinmerac:EU_APPROVED,
HERBICIDE,Diquat,200 g/l,SL,DEFAN 20 SL,H.007-17,AGRONOMIC Land,SHARDA,2022,CONTAINS_NOT_APPROVED_SUBSTANCE_IN_EU,1,Diquat,Diquat,Diquat:EU_NOT_APPROVED,
HERBICIDE,Diquat,200 g/l,SL,DIQUASH,H.001-16,DELTA AGRICOLE,SHARDA,2022,CONTAINS_NOT_APPROVED_SUBSTANCE_IN_EU,1,Diquat,Diquat,Diquat:EU_NOT_APPROVED,
HERBICIDE,Diquat,200 g/l,SL,DESSICASH 20 SL,H.004-17,FERTIPLANT,SHARDA,2022,CONTAINS_NOT_APPROVED_SUBSTANCE_IN_EU,1,Diquat,Diquat,Diquat:EU_NOT_APPROVED,
HERBICIDE,Ethamet Sulfuron,750 g/kg,WG,MUSTER 75 WG,H.023-22,SSCC,FMC,2022,NOT_FOUND_OR_NEEDS_MANUAL_REVIEW,0,Ethamet Sulfuron,,Ethamet Sulfuron:NOT_IN_EU_LIST,
HERBICIDE,Methyl,750 g/kg,WG,,,,,2022,CONTAINS_NOT_APPROVED_SUBSTANCE_IN_EU,1,Methyl,Azinphos-methyl,Methyl:EU_NOT_APPROVED,
HERBICIDE,2.4-D-ethylhexyl +,453g/l+6g/l,SE,BOOSTER SE,H.028-22,FERTITECH,TOPAGRO,2022,ALL_SUBSTANCES_APPROVED_IN_EU,1,2.4-D-ethylhexyl +,"2,4-D",2.4-D-ethylhexyl +:EU_APPROVED,
HERBICIDE,Florasulam,453g/l+6g/l,SE,,,,BIOSCIENCE,2022,ALL_SUBSTANCES_APPROVED_IN_EU,1,Florasulam,Florasulam,Florasulam:EU_APPROVED,
HERBICIDE,Fénoxaprop-p-Ethyl,69g/l,EW,Foxtrot,H.027-15,AGROSYSTEME,FMC,2022,ALL_SUBSTANCES_APPROVED_IN_EU,1,Fénoxaprop-p-Ethyl,Fenoxaprop-P-ethyl,Fénoxaprop-p-Ethyl:EU_APPROVED,
HERBICIDE,Fénoxaprop-P-Ethyl,64 g/L +8 g/L +,EC,Puma Evolution,H.015-11/21,JADWA AGROTEC,BAYER,2022,ALL_SUBSTANCES_APPROVED_IN_EU,1,Fénoxaprop-P-Ethyl,Fenoxaprop-P-ethyl,Fénoxaprop-P-Ethyl:EU_APPROVED,
HERBICIDE,+Iodosulfuron-Méthyl,24 g/L,EC,,,,CROPSCIENCE,2022,ALL_SUBSTANCES_APPROVED_IN_EU,1,+Iodosulfuron-Méthyl,Iodosulfuron,+Iodosulfuron-Méthyl:EU_APPROVED,
HERBICIDE,Sodium +Méfenpyr –,24 g/L,EC,,,,,2022,CONTAINS_NOT_APPROVED_SUBSTANCE_IN_EU,1,Sodium +Méfenpyr –,FEN 560 (Fenugreek seed powder),Sodium +Méfenpyr –:EU_NOT_APPROVED,
HERBICIDE,diéthyl,24 g/L,EC,,,,,2022,NOT_FOUND_OR_NEEDS_MANUAL_REVIEW,0,diéthyl,,diéthyl:NOT_IN_EU_LIST,
HERBICIDE,Florosulame +,75 g/L + 100 g/L,EC,Derby,H.085-11/21,promochimie,DOW,2022,NOT_FOUND_OR_NEEDS_MANUAL_REVIEW,0,Florosulame +,,Florosulame +:NOT_IN_EU_LIST,
HERBICIDE,Flumetsulam,75 g/L + 100 g/L,EC,,,,AGROSCIENCES/cort,2022,CONTAINS_NOT_APPROVED_SUBSTANCE_IN_EU,1,Flumetsulam,Flumetsulam,Flumetsulam:EU_NOT_APPROVED,
HERBICIDE,Florasulam,200 g/kg+600,WG,GRANSTAR MAX,H.12-21,AGRIPROTEC,chenminova/FMC,2022,ALL_SUBSTANCES_APPROVED_IN_EU,1,Florasulam,Florasulam,Florasulam:EU_APPROVED,
HERBICIDE,+tribenuron-methyl,g/kg,WG,WG,,,,2022,ALL_SUBSTANCES_APPROVED_IN_EU,1,+tribenuron-methyl,Tribenuron (aka metometuron),+tribenuron-methyl:EU_APPROVED,
HERBICIDE,Fluazifop-P-Butyl,125 g/l,EC,FOUZILE EC,H.019-15,ETS MEZGHANI,INDUST. QUIMICA,2022,ALL_SUBSTANCES_APPROVED_IN_EU,1,Fluazifop-P-Butyl,Fluazifop-P,Fluazifop-P-Butyl:EU_APPROVED,
HERBICIDE,Fluazifop-P-Butyl,1 2 5 g / l,EC,Benfuron,H.013-16,ATLAS AGRICOLE,SHARDA,2022,ALL_SUBSTANCES_APPROVED_IN_EU,1,Fluazifop-P-Butyl,Fluazifop-P,Fluazifop-P-Butyl:EU_APPROVED,
HERBICIDE,Fluazifop-P-Butyl,1 5 0 g / l,EC,Fouir,H.013-17,EL KHADRA,SHARDA,2022,ALL_SUBSTANCES_APPROVED_IN_EU,1,Fluazifop-P-Butyl,Fluazifop-P,Fluazifop-P-Butyl:EU_APPROVED,
HERBICIDE,Fluazifop-P-Butyl,1 2 5 g / L,EC,Trivko,H.001-18,SOLAGRI,SYNGENTA,2022,ALL_SUBSTANCES_APPROVED_IN_EU,1,Fluazifop-P-Butyl,Fluazifop-P,Fluazifop-P-Butyl:EU_APPROVED,
HERBICIDE,Flucarbazone-sodium,7 0 %,W G,E v e r e s t 7 0 W G,H.017-11/21,AGRIPROTEC,ARYSTA,2022,CONTAINS_NOT_APPROVED_SUBSTANCE_IN_EU,1,Flucarbazone-sodium,Flucarbazone-sodium,Flucarbazone-sodium:EU_NOT_APPROVED,
HERBICIDE,Flucarbazone-sodium,4 1 9 g / l,S C,V u l c a n o,007-14H.,AGRIPROTEC,ARYSTA,2022,CONTAINS_NOT_APPROVED_SUBSTANCE_IN_EU,1,Flucarbazone-sodium,Flucarbazone-sodium,Flucarbazone-sodium:EU_NOT_APPROVED,
HERBICIDE,Flumetsulam,800 g/kg,WG,BROADSTRIKE,H.009-20,EL BARAKA,DOW,2022,CONTAINS_NOT_APPROVED_SUBSTANCE_IN_EU,1,Flumetsulam,Flumetsulam,Flumetsulam:EU_NOT_APPROVED,
HERBICIDE,Flumetsulam,800 g/kg,WG,WG,,AGRICOLE,AGROSCIENCE,2022,CONTAINS_NOT_APPROVED_SUBSTANCE_IN_EU,1,Flumetsulam,Flumetsulam,Flumetsulam:EU_NOT_APPROVED,
HERBICIDE,Fluroxypyr,20%,EC,keynyl herbicide EC,H.11-21,ets mezghani,industrial quimicakey,2022,ALL_SUBSTANCES_APPROVED_IN_EU,1,Fluroxypyr,Fluroxypyr,Fluroxypyr:EU_APPROVED,
HERBICIDE,Fluroxypyr (ester1-,200 g/l,EC,Fluostar 200,H.011-14,AGROSYSTEMES,GLOBACHEM,2022,ALL_SUBSTANCES_APPROVED_IN_EU,1,Fluroxypyr (ester1-,Fluroxypyr,Fluroxypyr (ester1-:EU_APPROVED,
HERBICIDE,methylheptyl),200 g/l,EC,,,,,2022,NOT_FOUND_OR_NEEDS_MANUAL_REVIEW,0,methylheptyl),,methylheptyl):NOT_IN_EU_LIST,
HERBICIDE,Fluroxypyr +Clopyralid,150 g/l+60 g/l,EC,VEGA EC,H.006-20,AGRIMED,Sharda cropchem,2022,ALL_SUBSTANCES_APPROVED_IN_EU,1,Fluroxypyr +Clopyralid,Fluroxypyr,Fluroxypyr +Clopyralid:EU_APPROVED,
HERBICIDE,Fluroxypyr +Clopyralid,5 0 g / l + 2 8 g / l,M E,K I N V A R A M E,H . 0 0 5 - 2 2,A G R I P R O T E C,B R A C L A Y,2022,ALL_SUBSTANCES_APPROVED_IN_EU,1,Fluroxypyr +Clopyralid,Fluroxypyr,Fluroxypyr +Clopyralid:EU_APPROVED,
HERBICIDE,Glufosinate d'aluminium,280 g/l,SL,LIFELINE SL,H.012-22,PROTAGRI,UPL,2022,CONTAINS_NOT_APPROVED_SUBSTANCE_IN_EU,1,Glufosinate d'aluminium,Glufosinate,Glufosinate d'aluminium:EU_NOT_APPROVED,
HERBICIDE,Glufosinate d'aluminium,1 5 %,S L,G A L A X Y,H . 1 6 - 2 2,FERTITECH,sharda cropchem,2022,CONTAINS_NOT_APPROVED_SUBSTANCE_IN_EU,1,Glufosinate d'aluminium,Glufosinate,Glufosinate d'aluminium:EU_NOT_APPROVED,
HERBICIDE,Glufosinate d'aluminium,1 5 %,S L,G l u f o s a m S L,H . 0 4 - 2 1,sharda crochem,sharda cropchem,2022,CONTAINS_NOT_APPROVED_SUBSTANCE_IN_EU,1,Glufosinate d'aluminium,Glufosinate,Glufosinate d'aluminium:EU_NOT_APPROVED,
HERBICIDE,Glyphosate,360 g/l,SL,GLYFOSTAR,H.002-19,SLDA,SHARDA,2022,ALL_SUBSTANCES_APPROVED_IN_EU,1,Glyphosate,Glyphosate,Glyphosate:EU_APPROVED,
HERBICIDE,Glyphosate,360 g/l,SL,GALLUP SUPER,H.033-22,AGRIPROTEC,Braclay chemicals,2022,ALL_SUBSTANCES_APPROVED_IN_EU,1,Glyphosate,Glyphosate,Glyphosate:EU_APPROVED,
HERBICIDE,Glyphosate,360 g/l,SL,SL,,,,2022,ALL_SUBSTANCES_APPROVED_IN_EU,1,Glyphosate,Glyphosate,Glyphosate:EU_APPROVED,
HERBICIDE,Glyphosate,360g/l,SL,Round Up Pro,H.004-15,ATLAS AGRICOLE,MONSANTO/BAYER,2022,ALL_SUBSTANCES_APPROVED_IN_EU,1,Glyphosate,Glyphosate,Glyphosate:EU_APPROVED,
HERBICIDE,Glyphosate,360 g/l,SL,DRAGON,H.003-19,FERTITECH,SHARDA,2022,ALL_SUBSTANCES_APPROVED_IN_EU,1,Glyphosate,Glyphosate,Glyphosate:EU_APPROVED,
HERBICIDE,Glyphosate,360 g/l,SL,SATELITE360 SL,H.001-19,EL KHADRA,AFRASA,2022,ALL_SUBSTANCES_APPROVED_IN_EU,1,Glyphosate,Glyphosate,Glyphosate:EU_APPROVED,
HERBICIDE,Glyphosate,360 g/l,SL,VERDIS 36 SL,H.009-17,EXCEL AGRI,Sharda Cropchem,2022,ALL_SUBSTANCES_APPROVED_IN_EU,1,Glyphosate,Glyphosate,Glyphosate:EU_APPROVED,
HERBICIDE,Glyphosate,360 g/l,SL,NOV-UP,H.003-17,AGRINOVA,Sharda Cropchem,2022,ALL_SUBSTANCES_APPROVED_IN_EU,1,Glyphosate,Glyphosate,Glyphosate:EU_APPROVED,
HERBICIDE,Glyphosate,360 g/l,SL,GLYPHO-CAP,H.010-17,NEGANOR FFT,HOCKLEY,2022,ALL_SUBSTANCES_APPROVED_IN_EU,1,Glyphosate,Glyphosate,Glyphosate:EU_APPROVED,
HERBICIDE,Glyphosate,450 g/l,SL,GLYFAST 450 SL,H.034-22,AGRIPROTEC,Braclay chemicals,2022,ALL_SUBSTANCES_APPROVED_IN_EU,1,Glyphosate,Glyphosate,Glyphosate:EU_APPROVED,
HERBICIDE,Glyphosate,490g/L,SL,GALLUP HI-,H.001-20,RAYEN,Barclay,2022,ALL_SUBSTANCES_APPROVED_IN_EU,1,Glyphosate,Glyphosate,Glyphosate:EU_APPROVED,
HERBICIDE,Glyphosate,490g/L,SL,AKTIV SL,,PHYTAGRI,chemicals(R&D) Ltd.,2022,ALL_SUBSTANCES_APPROVED_IN_EU,1,Glyphosate,Glyphosate,Glyphosate:EU_APPROVED,
HERBICIDE,Glyphosate,480 g/l,SC,Round up innov,H.003-15,ATLAS AGRICOLE,MONSANTO,2022,ALL_SUBSTANCES_APPROVED_IN_EU,1,Glyphosate,Glyphosate,Glyphosate:EU_APPROVED,
HERBICIDE,Glyphosate,70%,SG,Kalach Extra,H.007-16,BIOPROTECTION,ARYSTA,2022,ALL_SUBSTANCES_APPROVED_IN_EU,1,Glyphosate,Glyphosate,Glyphosate:EU_APPROVED,
HERBICIDE,Glyphosate,480 g/l,SL,Herbolex Max,H.008-15,SEPCM,DOW,2022,ALL_SUBSTANCES_APPROVED_IN_EU,1,Glyphosate,Glyphosate,Glyphosate:EU_APPROVED,
HERBICIDE,Glyphosate,360 g/l,SL,Kalach 360,H.022-11/21,BIOPROTECTION,UPL/ARYSTA,2022,ALL_SUBSTANCES_APPROVED_IN_EU,1,Glyphosate,Glyphosate,Glyphosate:EU_APPROVED,
HERBICIDE,Glyphosate,4 5 0 g / L,S L,R o u n d u p P l u s,H.029-11/21,ATLAS AGRICOLE,MONSANTO/BAYER,2022,ALL_SUBSTANCES_APPROVED_IN_EU,1,Glyphosate,Glyphosate,Glyphosate:EU_APPROVED,
HERBICIDE,Glyphosate,3 6 0 g / l,S L,G l y c e l,H . 0 1 9 - 1 1 / 2 1,A G R I M A T C O,e x c e l c r o p,2022,ALL_SUBSTANCES_APPROVED_IN_EU,1,Glyphosate,Glyphosate,Glyphosate:EU_APPROVED,
HERBICIDE,Glyphosate,3 6 0 g / l,S L,C i b l e,H . 0 1 8 - 1 1 / 2 1,A G R I P R O T E C,N U F A R M,2022,ALL_SUBSTANCES_APPROVED_IN_EU,1,Glyphosate,Glyphosate,Glyphosate:EU_APPROVED,
HERBICIDE,Glyphosate,3 6 0 g / l,S L,A g r i a t e c h,H . 0 2 0 - 1 1 / 2 1,A G R O S Y S T E M E S,A G R I A S A,2022,ALL_SUBSTANCES_APPROVED_IN_EU,1,Glyphosate,Glyphosate,Glyphosate:EU_APPROVED,
HERBICIDE,Glyphosate,3 6 0 g / l,S L,G l y p h o s,H . 0 0 9 - 1 3,A G R O S Y S T E M E S,C h e m i n o v a,2022,ALL_SUBSTANCES_APPROVED_IN_EU,1,Glyphosate,Glyphosate,Glyphosate:EU_APPROVED,
HERBICIDE,Glyphosate,3 6 0 g / l,S L,M a y n o z a t e,H . 0 2 5 - 1 5,A M I N C O,A G R I A S A,2022,ALL_SUBSTANCES_APPROVED_IN_EU,1,Glyphosate,Glyphosate,Glyphosate:EU_APPROVED,
HERBICIDE,Glyphosate,3 6 0 g / l,S L,G l y w e e d,H . 0 8 6 - 1 1 / 2 1,A T L A S I N D U S T R I E,C O R O M A N D E L L t d .,2022,ALL_SUBSTANCES_APPROVED_IN_EU,1,Glyphosate,Glyphosate,Glyphosate:EU_APPROVED,
HERBICIDE,Glyphosate,3 6 0 g / l,S L,K l e e n U p,H . 0 9 7 - 1 1 / 2 1,B I O P R O T E C T I O N,N U F A R M,2022,ALL_SUBSTANCES_APPROVED_IN_EU,1,Glyphosate,Glyphosate,Glyphosate:EU_APPROVED,
HERBICIDE,Glyphosate,3 6 0 g / l,S L,B l a n c a,H . 0 0 6 - 1 3,C O T U G R A I N,S h a r d a W o r l d W i d e,2022,ALL_SUBSTANCES_APPROVED_IN_EU,1,Glyphosate,Glyphosate,Glyphosate:EU_APPROVED,
HERBICIDE,Glyphosate,3 6 0 g / l,S L,G L I S O 3 6 0,H . 0 0 5 - 1 6,E L K H A D R A,S I P C A M I N G A R A,2022,ALL_SUBSTANCES_APPROVED_IN_EU,1,Glyphosate,Glyphosate,Glyphosate:EU_APPROVED,
HERBICIDE,Glyphosate,3 6 0 g / l,S L,W e e d K i l l e r,H . 0 0 6 - 1 6,E L K H A D R A,S h a r d a W o r l d W i d e,2022,ALL_SUBSTANCES_APPROVED_IN_EU,1,Glyphosate,Glyphosate,Glyphosate:EU_APPROVED,
HERBICIDE,Glyphosate,3 6 0 g / l,S L,F o r t i n,H . 0 2 4 - 1 1 / 2 1,E T S M E Z G H A N I,I N D U S T R L Q U I M I C A,2022,ALL_SUBSTANCES_APPROVED_IN_EU,1,Glyphosate,Glyphosate,Glyphosate:EU_APPROVED,
HERBICIDE,Glyphosate,3 6 0 g / l,S L,B u g g y,H . 0 7 9 - 1 1 / 2 1,P R O M O C H I M I E,S I P C A M I N G A R A,2022,ALL_SUBSTANCES_APPROVED_IN_EU,1,Glyphosate,Glyphosate,Glyphosate:EU_APPROVED,
HERBICIDE,Glyphosate,3 6 0 g / l,S L,P h a r o n,H . 0 1 7 - 1 3,I N N O V A,N U F A R M S . A,2022,ALL_SUBSTANCES_APPROVED_IN_EU,1,Glyphosate,Glyphosate,Glyphosate:EU_APPROVED,
HERBICIDE,Glyphosate,3 6 0 g / l,S L,G l y p h o m a x,H . 0 1 3 - 1 4,L I E N A G R I C O L E,S h a r d a W o r l d W i d e,2022,ALL_SUBSTANCES_APPROVED_IN_EU,1,Glyphosate,Glyphosate,Glyphosate:EU_APPROVED,
HERBICIDE,Glyphosate,3 6 0 g / l,S L,D i s s,H . 0 9 3 - 1 1 / 2 1,P R O T A G R I,U N I T E D,2022,ALL_SUBSTANCES_APPROVED_IN_EU,1,Glyphosate,Glyphosate,Glyphosate:EU_APPROVED,
HERBICIDE,Glyphosate,3 6 0 g / l,S L,G l y s t e r,H . 0 2 5 - 1 1 / 2 1,S A N A B E L A G R O,S I N O N,2022,ALL_SUBSTANCES_APPROVED_IN_EU,1,Glyphosate,Glyphosate,Glyphosate:EU_APPROVED,
HERBICIDE,Glyphosate,3 6 0 g / l,S L,N a s a 3 6 S L,H . 0 0 1 - 1 5,S O C O O P E C,Z E N I T H,2022,ALL_SUBSTANCES_APPROVED_IN_EU,1,Glyphosate,Glyphosate,Glyphosate:EU_APPROVED,
HERBICIDE,Glyphosate,3 6 0 g / l,S L,G l y p h o t e c,H . 0 2 8 - 1 1 / 2 1,S T E C,A A K O B V,2022,ALL_SUBSTANCES_APPROVED_IN_EU,1,Glyphosate,Glyphosate,Glyphosate:EU_APPROVED,
HERBICIDE,Glyphosate +,200 gL + 30 g/L,SC,Dipiril Plus,H.016-13,EL KHADRA,INDUSTRIALS,2022,ALL_SUBSTANCES_APPROVED_IN_EU,1,Glyphosate +,Glyphosate,Glyphosate +:EU_APPROVED,
HERBICIDE,Oxyfluorfène,200 gL + 30 g/L,SC,,,,AFRASA SA,2022,CONTAINS_NOT_APPROVED_SUBSTANCE_IN_EU,1,Oxyfluorfène,FEN 560 (Fenugreek seed powder),Oxyfluorfène:EU_NOT_APPROVED,
HERBICIDE,Glyphosate +,360 g/L +30 g/L,SC,Brout,H.030-11/21,SEPCM,AAKO,2022,ALL_SUBSTANCES_APPROVED_IN_EU,1,Glyphosate +,Glyphosate,Glyphosate +:EU_APPROVED,
HERBICIDE,Oxyfluorfène,360 g/L +30 g/L,SC,,,,,2022,CONTAINS_NOT_APPROVED_SUBSTANCE_IN_EU,1,Oxyfluorfène,FEN 560 (Fenugreek seed powder),Oxyfluorfène:EU_NOT_APPROVED,
HERBICIDE,Glyphosate,360g/l +5g/l,EW,Affinex,H.006-15,COTUGRAIN,FMC,2022,ALL_SUBSTANCES_APPROVED_IN_EU,1,Glyphosate,Glyphosate,Glyphosate:EU_APPROVED,
HERBICIDE,+Carfentrazone-ethyl,360g/l +5g/l,EW,,,IMPEX,,2022,ALL_SUBSTANCES_APPROVED_IN_EU,1,+Carfentrazone-ethyl,Carfentrazone-ethyl,+Carfentrazone-ethyl:EU_APPROVED,
HERBICIDE,Halauxifen-methyl,33.7 g/l,EC,TREZAK EC,H.14-21,EL BARAKA,Dow agroscience,2022,ALL_SUBSTANCES_APPROVED_IN_EU,1,Halauxifen-methyl,Halauxifen-methyl,Halauxifen-methyl:EU_APPROVED,
HERBICIDE,+aminopyralid,+27.2g/l+32.3 g/l,EC,,,AGRICOLE,,2022,ALL_SUBSTANCES_APPROVED_IN_EU,1,+aminopyralid,Aminopyralid,+aminopyralid:EU_APPROVED,
HERBICIDE,+cloquintocet –mexyl,+27.2g/l+32.3 g/l,EC,,,,,2022,NOT_FOUND_OR_NEEDS_MANUAL_REVIEW,0,+cloquintocet –mexyl,,+cloquintocet –mexyl:NOT_IN_EU_LIST,
HERBICIDE,Haloxyfop-R,104 g/L,EC,Verdict,H.012-13,ATLAS,DOW,2022,CONTAINS_NOT_APPROVED_SUBSTANCE_IN_EU,1,Haloxyfop-R,Haloxyfop,Haloxyfop-R:EU_NOT_APPROVED,
HERBICIDE,Haloxyfop-R,104 g/L,EC,Gallant Super,H.075-11/21,promochimie,DOW,2022,CONTAINS_NOT_APPROVED_SUBSTANCE_IN_EU,1,Haloxyfop-R,Haloxyfop,Haloxyfop-R:EU_NOT_APPROVED,
HERBICIDE,Imazamox + Metazachlor,25 g/l +375 g/l,SC,Nopasaran,H.011-16,COTUGRAIN,BASF,2022,ALL_SUBSTANCES_APPROVED_IN_EU,1,Imazamox + Metazachlor,Imazamox,Imazamox + Metazachlor:EU_APPROVED,
HERBICIDE,Iodosulfuron,6 g/Kg +30 g/Kg,WG,Atlantis,H.033-11/21,ATLAS AGRICOLE,BAYER,2022,ALL_SUBSTANCES_APPROVED_IN_EU,1,Iodosulfuron,Iodosulfuron,Iodosulfuron:EU_APPROVED,
HERBICIDE,+Mesosulfuron,+90 g/Kg,WG,,,,CROPSCIENCE,2022,ALL_SUBSTANCES_APPROVED_IN_EU,1,+Mesosulfuron,Mesosulfuron,+Mesosulfuron:EU_APPROVED,
HERBICIDE,+Mefenpyr,+90 g/Kg,WG,,,,,2022,CONTAINS_NOT_APPROVED_SUBSTANCE_IN_EU,1,+Mefenpyr,FEN 560 (Fenugreek seed powder),+Mefenpyr:EU_NOT_APPROVED,
HERBICIDE,Indaziflam,500 g/l,SC,Alion 500 SC,H.013-22,PROMOCHIMIE,BAYER,2022,CONTAINS_NOT_APPROVED_SUBSTANCE_IN_EU,1,Indaziflam,Indaziflam,Indaziflam:EU_NOT_APPROVED,
HERBICIDE,Lenacil,80 % (800 g/kg),WG,VENZAR,H.003-22,SEPCM,FMC,2022,ALL_SUBSTANCES_APPROVED_IN_EU,1,Lenacil,Lenacil,Lenacil:EU_APPROVED,
HERBICIDE,Linuron,400 g/L,SC,CalinFlo,H.019-13,BIOPROTECTION,ArystaLifescience,2022,CONTAINS_NOT_APPROVED_SUBSTANCE_IN_EU,1,Linuron,Linuron,Linuron:EU_NOT_APPROVED,
HERBICIDE,Linuron,450 g/L,SC,Afalon 50 L SC,H.035-11/21,SEPCM,AAKO BV,2022,CONTAINS_NOT_APPROVED_SUBSTANCE_IN_EU,1,Linuron,Linuron,Linuron:EU_NOT_APPROVED,
HERBICIDE,Mésosulfuron-,30 g/Kg+30 g/Kg,WG,Amilcar,H.036-11/21,STEC,BAYER,2022,ALL_SUBSTANCES_APPROVED_IN_EU,1,Mésosulfuron-,Mesosulfuron,Mésosulfuron-:EU_APPROVED,
HERBICIDE,Méthyl(Mesomax),+90 g/Kg,WG,,,,CROPSCIENCE,2022,CONTAINS_NOT_APPROVED_SUBSTANCE_IN_EU,1,Méthyl(Mesomax),Azinphos-methyl,Méthyl(Mesomax):EU_NOT_APPROVED,
HERBICIDE,+Iodosulfuron,+90 g/Kg,WG,,,,,2022,ALL_SUBSTANCES_APPROVED_IN_EU,1,+Iodosulfuron,Iodosulfuron,+Iodosulfuron:EU_APPROVED,
HERBICIDE,+Méfenpyrdiéthyl,+90 g/Kg,WG,,,,,2022,CONTAINS_NOT_APPROVED_SUBSTANCE_IN_EU,1,+Méfenpyrdiéthyl,FEN 560 (Fenugreek seed powder),+Méfenpyrdiéthyl:EU_NOT_APPROVED,
HERBICIDE,Mésosulfuron-,"7,5 g/L + 7,5",OD,Amilcar OD,H.037-11/21,STEC,BAYER,2022,ALL_SUBSTANCES_APPROVED_IN_EU,1,Mésosulfuron-,Mesosulfuron,Mésosulfuron-:EU_APPROVED,
HERBICIDE,Méthyl+Iodosulfuron –,"g/L+ 22,5 g/L",OD,,,,CROPSCIENCE,2022,ALL_SUBSTANCES_APPROVED_IN_EU,1,Méthyl+Iodosulfuron –,Iodosulfuron,Méthyl+Iodosulfuron –:EU_APPROVED,
HERBICIDE,Méthyl Sodium +,"g/L+ 22,5 g/L",OD,,,,,2022,NOT_FOUND_OR_NEEDS_MANUAL_REVIEW,0,Méthyl Sodium +,,Méthyl Sodium +:NOT_IN_EU_LIST,
HERBICIDE,Méfenpyrdiéthyl,"g/L+ 22,5 g/L",OD,,,,,2022,CONTAINS_NOT_APPROVED_SUBSTANCE_IN_EU,1,Méfenpyrdiéthyl,FEN 560 (Fenugreek seed powder),Méfenpyrdiéthyl:EU_NOT_APPROVED,
HERBICIDE,(SAFENER),"g/L+ 22,5 g/L",OD,,,,,2022,NOT_FOUND_OR_NEEDS_MANUAL_REVIEW,0,(SAFENER),,(SAFENER):NOT_IN_EU_LIST,
HERBICIDE,Mésosulfuron-,10 g/l +2 g/l +30,OD,Atlantis OD,H.012-15,ATLAS AGRICOLE,BAYER,2022,ALL_SUBSTANCES_APPROVED_IN_EU,1,Mésosulfuron-,Mesosulfuron,Mésosulfuron-:EU_APPROVED,
HERBICIDE,Méthyl+Iodosulfuron-,g/l,OD,,,,CROPSCIENCE,2022,ALL_SUBSTANCES_APPROVED_IN_EU,1,Méthyl+Iodosulfuron-,Iodosulfuron,Méthyl+Iodosulfuron-:EU_APPROVED,
HERBICIDE,Methyl +Méfenpyrdiéthyl,g/l,OD,,,,,2022,CONTAINS_NOT_APPROVED_SUBSTANCE_IN_EU,1,Methyl +Méfenpyrdiéthyl,FEN 560 (Fenugreek seed powder),Methyl +Méfenpyrdiéthyl:EU_NOT_APPROVED,
HERBICIDE,Mesosulfuron-méthyle,45 g/kg,WG,OLYMPUS FLEX,H.009-18,ATLAS AGRICOLE,BAYER AG,2022,ALL_SUBSTANCES_APPROVED_IN_EU,1,Mesosulfuron-méthyle,Mesosulfuron,Mesosulfuron-méthyle:EU_APPROVED,
HERBICIDE,+Propoxcarbasone-sodium,"+67,5g/kg",WG,WG,,,,2022,NOT_FOUND_OR_NEEDS_MANUAL_REVIEW,0,+Propoxcarbasone-sodium,,+Propoxcarbasone-sodium:NOT_IN_EU_LIST,
HERBICIDE,+Méfenpyr-,+90g/kg,WG,,,,,2022,CONTAINS_NOT_APPROVED_SUBSTANCE_IN_EU,1,+Méfenpyr-,FEN 560 (Fenugreek seed powder),+Méfenpyr-:EU_NOT_APPROVED,
HERBICIDE,diéthyle(phytoprotecteur),+90g/kg,WG,,,,,2022,NOT_FOUND_OR_NEEDS_MANUAL_REVIEW,0,diéthyle(phytoprotecteur),,diéthyle(phytoprotecteur):NOT_IN_EU_LIST,
HERBICIDE,Metazachlor,500 g/l,SC,RAPSAN 500 SC,H.002-18,AGROSYSTEMES,Globachem,2022,ALL_SUBSTANCES_APPROVED_IN_EU,1,Metazachlor,Metazachlor,Metazachlor:EU_APPROVED,
HERBICIDE,Metazachlor +Quinmerac,400 g/l +100g/l,SC,RAPSAN TDI SC,H.003-18,AGROSYSTEMES,Globachem,2022,ALL_SUBSTANCES_APPROVED_IN_EU,1,Metazachlor +Quinmerac,Metazachlor,Metazachlor +Quinmerac:EU_APPROVED,
HERBICIDE,Metazachlore,500 g/L,SC,TWIGA,H.022-15,BIOPROTECTION,AAKO BV,2022,ALL_SUBSTANCES_APPROVED_IN_EU,1,Metazachlore,Metazachlor,Metazachlore:EU_APPROVED,
HERBICIDE,Metribuzine,75%,WG,Maestro 75 WG,H.042-11/21,BIOPROTECTION,AAKO,2022,CONTAINS_NOT_APPROVED_SUBSTANCE_IN_EU,1,Metribuzine,Metribuzin,Metribuzine:EU_NOT_APPROVED,
HERBICIDE,Metribuzine,600 g/L,SC,Sencor 600SC,H.089-11/21,PROMOCHIMIE,BAYER,2022,CONTAINS_NOT_APPROVED_SUBSTANCE_IN_EU,1,Metribuzine,Metribuzin,Metribuzine:EU_NOT_APPROVED,
HERBICIDE,Metribuzine,70%(g/kg),WG,MAYA,H.017-22,SLDA,UPL,2022,CONTAINS_NOT_APPROVED_SUBSTANCE_IN_EU,1,Metribuzine,Metribuzin,Metribuzine:EU_NOT_APPROVED,
HERBICIDE,Metribuzine,70%(g/kg),WG,DANCOR 70,H.004-16,PROTAGRI,UPL,2022,CONTAINS_NOT_APPROVED_SUBSTANCE_IN_EU,1,Metribuzine,Metribuzin,Metribuzine:EU_NOT_APPROVED,
HERBICIDE,Metribuzine,700 g/kg,WD,MATRIX WDG,H.001-17,STIMA,SHARDA,2022,CONTAINS_NOT_APPROVED_SUBSTANCE_IN_EU,1,Metribuzine,Metribuzin,Metribuzine:EU_NOT_APPROVED,
HERBICIDE,Metribuzine,700 g/kg,WD,HERBISTAR WDG,H.20-21,Fertitech,SHARDA,2022,CONTAINS_NOT_APPROVED_SUBSTANCE_IN_EU,1,Metribuzine,Metribuzin,Metribuzine:EU_NOT_APPROVED,
HERBICIDE,Metribuzine,48%,SC,TUBERON,H.01-21,AGRIMATCO,UPL,2022,CONTAINS_NOT_APPROVED_SUBSTANCE_IN_EU,1,Metribuzine,Metribuzin,Metribuzine:EU_NOT_APPROVED,
HERBICIDE,Metribuzine,480 g/l,SC,buzzin,H.03-21,Delta agricole plus,sharda cropchem,2022,CONTAINS_NOT_APPROVED_SUBSTANCE_IN_EU,1,Metribuzine,Metribuzin,Metribuzine:EU_NOT_APPROVED,
HERBICIDE,Metribuzine,480 g/l,SC,Mitraze,H.015-22,AGRIMED,sharda cropchem,2022,CONTAINS_NOT_APPROVED_SUBSTANCE_IN_EU,1,Metribuzine,Metribuzin,Metribuzine:EU_NOT_APPROVED,
HERBICIDE,Metribuzine,700 g/kg,WP,NOVAMET WP,H.037-22,AGRINOVA,AGROW ALLIED,2022,CONTAINS_NOT_APPROVED_SUBSTANCE_IN_EU,1,Metribuzine,Metribuzin,Metribuzine:EU_NOT_APPROVED,
HERBICIDE,Metribuzine,700 g/kg,WP,POMOCORE WP,H.001-22,NEGANOR,AGROW ALLIED,2022,CONTAINS_NOT_APPROVED_SUBSTANCE_IN_EU,1,Metribuzine,Metribuzin,Metribuzine:EU_NOT_APPROVED,
HERBICIDE,Metribuzine+Clomazone,233g/l + 60 g/l,CS,CETUS,H.003-16,AGRIPROTEC,FMC,2022,CONTAINS_NOT_APPROVED_SUBSTANCE_IN_EU,1,Metribuzine+Clomazone,Metribuzin,Metribuzine+Clomazone:EU_NOT_APPROVED,
HERBICIDE,Metsulfuron Méthyl,20%,WG,Isomexx,H.043-11/21,AGRIPROTEC,NUFARM,2022,NOT_FOUND_OR_NEEDS_MANUAL_REVIEW,0,Metsulfuron Méthyl,,Metsulfuron Méthyl:NOT_IN_EU_LIST,
HERBICIDE,Metsulfuron Méthyl,20%,WG,Karal,H.003-13,BIOPROTECTION,NUFARM,2022,NOT_FOUND_OR_NEEDS_MANUAL_REVIEW,0,Metsulfuron Méthyl,,Metsulfuron Méthyl:NOT_IN_EU_LIST,
HERBICIDE,Metsulfuron Méthyl,20%,WG,Metsy WG,H.009-16,PROTAGRI,UNITED,2022,NOT_FOUND_OR_NEEDS_MANUAL_REVIEW,0,Metsulfuron Méthyl,,Metsulfuron Méthyl:NOT_IN_EU_LIST,
HERBICIDE,Metsulfuron Méthyl,20%,WG,METRON WG,H.038-22,AGRIMATCO,UNITED,2022,NOT_FOUND_OR_NEEDS_MANUAL_REVIEW,0,Metsulfuron Méthyl,,Metsulfuron Méthyl:NOT_IN_EU_LIST,
HERBICIDE,Metsulfuron-methyl +,40g/kg+500 g/kg,WG,XANADU,H.029-22,BIOPROTECTION,UPL limited,2022,ALL_SUBSTANCES_APPROVED_IN_EU,1,Metsulfuron-methyl +,Metsulfuron-methyl,Metsulfuron-methyl +:EU_APPROVED,
HERBICIDE,Bensulfuron-methyl,40g/kg+500 g/kg,WG,,,,,2022,ALL_SUBSTANCES_APPROVED_IN_EU,1,Bensulfuron-methyl,Bensulfuron,Bensulfuron-methyl:EU_APPROVED,
HERBICIDE,Metrobromuron,500g/l,SC,PROMAN,H.02-21,NEGANOR,belchim crop,2022,NOT_FOUND_OR_NEEDS_MANUAL_REVIEW,0,Metrobromuron,,Metrobromuron:NOT_IN_EU_LIST,
HERBICIDE,Oxyfluorfene,240 g/L,EC,Goal,H.081-11/21,promochimie,HANGZHOU,2022,CONTAINS_NOT_APPROVED_SUBSTANCE_IN_EU,1,Oxyfluorfene,FEN 560 (Fenugreek seed powder),Oxyfluorfene:EU_NOT_APPROVED,
HERBICIDE,Oxyfluorfene,240 g/L,E C,O X I F E N E C,H . 0 4 6 - 1 1 / 2 1,E t s M E Z G H A N I,I N D U S T . Q U I M ICA,2022,CONTAINS_NOT_APPROVED_SUBSTANCE_IN_EU,1,Oxyfluorfene,FEN 560 (Fenugreek seed powder),Oxyfluorfene:EU_NOT_APPROVED,
HERBICIDE,Oxyfluorfene,240 g/L,EC,Clenofen 240,H.005-13,SANABEL AGRO,ZHEJIANG E-TONG,2022,CONTAINS_NOT_APPROVED_SUBSTANCE_IN_EU,1,Oxyfluorfene,FEN 560 (Fenugreek seed powder),Oxyfluorfene:EU_NOT_APPROVED,
HERBICIDE,Oxyfluorfene,240 g/L,EC,Oxistar 24%,H.087-11/21,SOCOOPEC,ZHEJIANG E-TONG,2022,CONTAINS_NOT_APPROVED_SUBSTANCE_IN_EU,1,Oxyfluorfene,FEN 560 (Fenugreek seed powder),Oxyfluorfene:EU_NOT_APPROVED,
HERBICIDE,Oxyfluorfene,240 g/l,EC,FENFEN EC,H.041-22,ATLAS AGRICOLE,LAINCO,2022,CONTAINS_NOT_APPROVED_SUBSTANCE_IN_EU,1,Oxyfluorfene,FEN 560 (Fenugreek seed powder),Oxyfluorfene:EU_NOT_APPROVED,
HERBICIDE,Oxyfluorfene,240 g/l,EC,VERIN EC,H.035-22,NEGANOR,LAINCO,2022,CONTAINS_NOT_APPROVED_SUBSTANCE_IN_EU,1,Oxyfluorfene,FEN 560 (Fenugreek seed powder),Oxyfluorfene:EU_NOT_APPROVED,
HERBICIDE,Pendimethaline,400 g/L,SC,HERBOL,H.008-17,EXCEL AGRI,SHARDA,2022,ALL_SUBSTANCES_APPROVED_IN_EU,1,Pendimethaline,Pendimethalin,Pendimethaline:EU_APPROVED,
HERBICIDE,Pendimethaline,400 g/L,SC,Penda,16-010H.,DELTA AGRICOLE,SHARDA,2022,ALL_SUBSTANCES_APPROVED_IN_EU,1,Pendimethaline,Pendimethalin,Pendimethaline:EU_APPROVED,
HERBICIDE,Pendimethaline,400 g/L,EC,TERAPUR,H.002-16,Ets MEZGHANI,IndustrialQuimica Key,2022,ALL_SUBSTANCES_APPROVED_IN_EU,1,Pendimethaline,Pendimethalin,Pendimethaline:EU_APPROVED,
HERBICIDE,Pendimethaline,455 g/L,EC,Stomp Aqua,H.048-11/21,STIMA,BASF,2022,ALL_SUBSTANCES_APPROVED_IN_EU,1,Pendimethaline,Pendimethalin,Pendimethaline:EU_APPROVED,
HERBICIDE,Pendimethaline,455 g/L,EC,prowl aqua EC,H.15-21,cotugrain,BASF,2022,ALL_SUBSTANCES_APPROVED_IN_EU,1,Pendimethaline,Pendimethalin,Pendimethaline:EU_APPROVED,
HERBICIDE,Pendimethaline,333g/l+30 g/l,CS,STALLION,H.07-21,AGRIPROTEC,FMC,2022,ALL_SUBSTANCES_APPROVED_IN_EU,1,Pendimethaline,Pendimethalin,Pendimethaline:EU_APPROVED,
HERBICIDE,+Clomazon,333g/l+30 g/l,CS,,,,,2022,NOT_FOUND_OR_NEEDS_MANUAL_REVIEW,0,+Clomazon,,+Clomazon:NOT_IN_EU_LIST,
HERBICIDE,Phenmedipham +,75 g/l+15,SC,BETASANA TRIO,H.016-20,AGRIPROTEC,UPL Limited,2022,ALL_SUBSTANCES_APPROVED_IN_EU,1,Phenmedipham +,Phenmedipham,Phenmedipham +:EU_APPROVED,
HERBICIDE,Desmedopham,g/l+115 g/l,SC,,,,,2022,NOT_FOUND_OR_NEEDS_MANUAL_REVIEW,0,Desmedopham,,Desmedopham:NOT_IN_EU_LIST,
HERBICIDE,+Ethofumesate,g/l+115 g/l,SC,,,,,2022,ALL_SUBSTANCES_APPROVED_IN_EU,1,+Ethofumesate,Ethofumesate,+Ethofumesate:EU_APPROVED,
HERBICIDE,Phenmediphame +,91 g/L +71 g/L +,EC,Betanal Expert,H.049-11/21,SEPCM,BAYER,2022,ALL_SUBSTANCES_APPROVED_IN_EU,1,Phenmediphame +,Phenmedipham,Phenmediphame +:EU_APPROVED,
HERBICIDE,Desmedipham +,112 g/L,EC,274EC,,,CROPSCIENCE,2022,CONTAINS_NOT_APPROVED_SUBSTANCE_IN_EU,1,Desmedipham +,Desmedipham,Desmedipham +:EU_NOT_APPROVED,
HERBICIDE,Ethofumesate,112 g/L,EC,,,,,2022,ALL_SUBSTANCES_APPROVED_IN_EU,1,Ethofumesate,Ethofumesate,Ethofumesate:EU_APPROVED,
HERBICIDE,Pinoxaden +Florasulam,45 g/l + 5 g/l,EC,Navigator,H005-14.,BIOPROTECTION,SYNGENTA,2022,ALL_SUBSTANCES_APPROVED_IN_EU,1,Pinoxaden +Florasulam,Florasulam,Pinoxaden +Florasulam:EU_APPROVED,
HERBICIDE,+Safener (cloquintocet-,+11.25 g/l,EC,,,,,2022,CONTAINS_NOT_APPROVED_SUBSTANCE_IN_EU,1,+Safener (cloquintocet-,FEN 560 (Fenugreek seed powder),+Safener (cloquintocet-:EU_NOT_APPROVED,
HERBICIDE,mexyl),+11.25 g/l,EC,,,,,2022,NOT_FOUND_OR_NEEDS_MANUAL_REVIEW,0,mexyl),,mexyl):NOT_IN_EU_LIST,
HERBICIDE,Pinoxaden +Clodinafop-,25g/l +25g/l,EC,Traxospratic,H.014-15,BIOPROTECTION,Syngenta,2022,ALL_SUBSTANCES_APPROVED_IN_EU,1,Pinoxaden +Clodinafop-,Pinoxaden,Pinoxaden +Clodinafop-:EU_APPROVED,
HERBICIDE,propargyl+Cloquintocet-,+6.25 g/l,EC,,,,,2022,NOT_FOUND_OR_NEEDS_MANUAL_REVIEW,0,propargyl+Cloquintocet-,,propargyl+Cloquintocet-:NOT_IN_EU_LIST,
HERBICIDE,mexyl,+6.25 g/l,EC,,,,,2022,NOT_FOUND_OR_NEEDS_MANUAL_REVIEW,0,mexyl,,mexyl:NOT_IN_EU_LIST,
HERBICIDE,Pinoxaden +Clodinafop-,"30g/l +30g/l +7,5",EC,Swipe,H.013-15,BIOPROTECTON,Syngenta,2022,ALL_SUBSTANCES_APPROVED_IN_EU,1,Pinoxaden +Clodinafop-,Pinoxaden,Pinoxaden +Clodinafop-:EU_APPROVED,
HERBICIDE,propargyl+Florasulam+clo,"g/l+7,5 g/l",EC,,,,,2022,ALL_SUBSTANCES_APPROVED_IN_EU,1,propargyl+Florasulam+clo,Florasulam,propargyl+Florasulam+clo:EU_APPROVED,
HERBICIDE,quintocet-mexyl,"g/l+7,5 g/l",EC,,,,,2022,NOT_FOUND_OR_NEEDS_MANUAL_REVIEW,0,quintocet-mexyl,,quintocet-mexyl:NOT_IN_EU_LIST,
HERBICIDE,Pinoxaden +Cloquintocet-,50 g/l +12.5 g/l,EC,Axial pratic,H.015-15,BIOPROTECTION,Syngenta,2022,ALL_SUBSTANCES_APPROVED_IN_EU,1,Pinoxaden +Cloquintocet-,Pinoxaden,Pinoxaden +Cloquintocet-:EU_APPROVED,
HERBICIDE,méxyl,50 g/l +12.5 g/l,EC,,,,,2022,NOT_FOUND_OR_NEEDS_MANUAL_REVIEW,0,méxyl,,méxyl:NOT_IN_EU_LIST,
HERBICIDE,prometryn,500 g/l,SC,gesagard 500 FW,H.06-21,bioprotection,syngenta crop,2022,CONTAINS_NOT_APPROVED_SUBSTANCE_IN_EU,1,prometryn,Prometryn,prometryn:EU_NOT_APPROVED,
HERBICIDE,Propaquizafop,10%,EC,PRODIGE,H.024-22,SHARDA,SHARDA,2022,ALL_SUBSTANCES_APPROVED_IN_EU,1,Propaquizafop,Propaquizafop,Propaquizafop:EU_APPROVED,
HERBICIDE,Propyzamide,400g/l,SC,PROPYZ,H.013-18,AGRIPROTEC,BARCLAY,2022,ALL_SUBSTANCES_APPROVED_IN_EU,1,Propyzamide,Propyzamide,Propyzamide:EU_APPROVED,
HERBICIDE,Propyzamide,400g/l,SC,PROPER FLO SC,H.005-18,AGROSYSTEMES,Globachem,2022,ALL_SUBSTANCES_APPROVED_IN_EU,1,Propyzamide,Propyzamide,Propyzamide:EU_APPROVED,
HERBICIDE,Propyzamide,400g/l,SC,CADDY SC,H.016-17,RAYEN,BARCLAY,2022,ALL_SUBSTANCES_APPROVED_IN_EU,1,Propyzamide,Propyzamide,Propyzamide:EU_APPROVED,
HERBICIDE,Prosulfocarb,80%,EC,PROXER,H.09-21,sharda crochem,sharda crochem,2022,ALL_SUBSTANCES_APPROVED_IN_EU,1,Prosulfocarb,Prosulfocarb,Prosulfocarb:EU_APPROVED,
HERBICIDE,Prosulfocarb,80%,EC,ROXANE EC,H.036-22,COTUGRAIN,sharda crochem,2022,ALL_SUBSTANCES_APPROVED_IN_EU,1,Prosulfocarb,Prosulfocarb,Prosulfocarb:EU_APPROVED,
HERBICIDE,Prosulfocarb,800 g/L,EC,Roxy,H.052-11/21,AGROSYSTEMES,GLOBACHEM,2022,ALL_SUBSTANCES_APPROVED_IN_EU,1,Prosulfocarb,Prosulfocarb,Prosulfocarb:EU_APPROVED,
HERBICIDE,Prosulfocarb,800 g/L,EC,Fidox 800 EC,H.024-15,AMINCO,GLOBACHEM,2022,ALL_SUBSTANCES_APPROVED_IN_EU,1,Prosulfocarb,Prosulfocarb,Prosulfocarb:EU_APPROVED,
HERBICIDE,Prosulfocarb,800 g/L,EC,Boxer,H.053-11/21,BIOPROTECTION,SYNGENTA,2022,ALL_SUBSTANCES_APPROVED_IN_EU,1,Prosulfocarb,Prosulfocarb,Prosulfocarb:EU_APPROVED,
HERBICIDE,Prosulfocarb +S-,800 g/l +120 g/l,SC,Minarix,004-14H.,BIOPROTECTION,SYNGENTA,2022,ALL_SUBSTANCES_APPROVED_IN_EU,1,Prosulfocarb +S-,Prosulfocarb,Prosulfocarb +S-:EU_APPROVED,
HERBICIDE,metolachlor,800 g/l +120 g/l,SC,,,,,2022,CONTAINS_NOT_APPROVED_SUBSTANCE_IN_EU,1,metolachlor,Metolachlor,metolachlor:EU_NOT_APPROVED,
HERBICIDE,Pyroxsulam,"46,6 g/L",OD,PRIORITY,H.016-18,ATLAS AGRICOLE,DOW,2022,ALL_SUBSTANCES_APPROVED_IN_EU,1,Pyroxsulam,Pyroxsulam,Pyroxsulam:EU_APPROVED,
HERBICIDE,Pyroxsulam,"46,6 g/L",OD,Pallas 45 OD,H.054-11/21,SEPCM,DOW,2022,ALL_SUBSTANCES_APPROVED_IN_EU,1,Pyroxsulam,Pyroxsulam,Pyroxsulam:EU_APPROVED,
HERBICIDE,Pyroxasulfone,85 %,WG,YAMATO 85,H.027-22,AGRIMATCO,Kumai chemical,2022,CONTAINS_NOT_APPROVED_SUBSTANCE_IN_EU,1,Pyroxasulfone,Pyroxasulfone,Pyroxasulfone:EU_NOT_APPROVED,
HERBICIDE,Pyroxasulfone,85 %,WG,WG,,,industry,2022,CONTAINS_NOT_APPROVED_SUBSTANCE_IN_EU,1,Pyroxasulfone,Pyroxasulfone,Pyroxasulfone:EU_NOT_APPROVED,
HERBICIDE,Pyroxsulam +Florasulam,"70,8 g/kg",WG,Broadway,H.014-18,agriprotec,DOW,2022,ALL_SUBSTANCES_APPROVED_IN_EU,1,Pyroxsulam +Florasulam,Florasulam,Pyroxsulam +Florasulam:EU_APPROVED,
HERBICIDE,+Cloquintocetmexyl,"+14,2g/kg +",WG,,,,AGROSCIENCES,2022,NOT_FOUND_OR_NEEDS_MANUAL_REVIEW,0,+Cloquintocetmexyl,,+Cloquintocetmexyl:NOT_IN_EU_LIST,
HERBICIDE,Pyroxsulam +Florasulam,"70,8 g/kg",WG,Floramix,006-14H.,SEPCM,DOW,2022,ALL_SUBSTANCES_APPROVED_IN_EU,1,Pyroxsulam +Florasulam,Florasulam,Pyroxsulam +Florasulam:EU_APPROVED,
HERBICIDE,Pyraflufen-ethyl,"26,5 g/l",EC,VOLCAN EC,H.014-22,ATLAS AGRICOLE,SPICAM INAGRA SA,2022,ALL_SUBSTANCES_APPROVED_IN_EU,1,Pyraflufen-ethyl,Pyraflufen-ethyl,Pyraflufen-ethyl:EU_APPROVED,
HERBICIDE,Quizalofop –p-ethyl,100 g/l,EC,JAGUAR 100 EC,H.020-22,EL KHADRA,JIANGSU,2022,CONTAINS_NOT_APPROVED_SUBSTANCE_IN_EU,1,Quizalofop –p-ethyl,Quizalofop,Quizalofop –p-ethyl:EU_NOT_APPROVED,
HERBICIDE,Quizalofop –p-ethyl,100 g/l,EC,SYMBA EC,H.006-18,AGRIPLUS,JIANGSU,2022,CONTAINS_NOT_APPROVED_SUBSTANCE_IN_EU,1,Quizalofop –p-ethyl,Quizalofop,Quizalofop –p-ethyl:EU_NOT_APPROVED,
HERBICIDE,Quizalofop p-tefuryl,40 g/l,EC,Pantera 40,H.021-15,AGRIMATCO,CHEMTURA,2022,CONTAINS_NOT_APPROVED_SUBSTANCE_IN_EU,1,Quizalofop p-tefuryl,"2,4,5-T",Quizalofop p-tefuryl:EU_NOT_APPROVED,
HERBICIDE,Quizalofop p-tefuryl,50 g/l,EC,KUISTAR,H.018-18,AGRIMED,SHARDA,2022,CONTAINS_NOT_APPROVED_SUBSTANCE_IN_EU,1,Quizalofop p-tefuryl,"2,4,5-T",Quizalofop p-tefuryl:EU_NOT_APPROVED,
HERBICIDE,Quizalofop p-tefuryl,50 g/l,EC,QUICK EC,H.015-17,DELTA AGRICOLE,SHARDA,2022,CONTAINS_NOT_APPROVED_SUBSTANCE_IN_EU,1,Quizalofop p-tefuryl,"2,4,5-T",Quizalofop p-tefuryl:EU_NOT_APPROVED,
HERBICIDE,Saflufenacil,700g/kg,WG,Heat,H.005-15,AGRIPROTEC,BASF,2022,CONTAINS_NOT_APPROVED_SUBSTANCE_IN_EU,1,Saflufenacil,Saflufenacil,Saflufenacil:EU_NOT_APPROVED,
HERBICIDE,Simazine,500 g/L,SC,SIMAKEY,H.091-11/21,Ets MEZGHANI,INDUSTRIAL,2022,CONTAINS_NOT_APPROVED_SUBSTANCE_IN_EU,1,Simazine,Simazine,Simazine:EU_NOT_APPROVED,
HERBICIDE,S-metolachlor,960 g/l,EC,Dual gold 960 EC,H.020-15,AGRIPROTEC,SYNGENTA,2022,CONTAINS_NOT_APPROVED_SUBSTANCE_IN_EU,1,S-metolachlor,S-Metolachlor,S-metolachlor:EU_NOT_APPROVED,
HERBICIDE,S-metolachlor,960 g/l,EC,TENDER 960 EC,H.019-18,SOLAGRI,SYNGENTA,2022,CONTAINS_NOT_APPROVED_SUBSTANCE_IN_EU,1,S-metolachlor,S-Metolachlor,S-metolachlor:EU_NOT_APPROVED,
HERBICIDE,Tepraloxydim,50g/L,EC,Aramo 50 EC,H.018-13,COTUGRAIN,BASF,2022,CONTAINS_NOT_APPROVED_SUBSTANCE_IN_EU,1,Tepraloxydim,Tepraloxydim,Tepraloxydim:EU_NOT_APPROVED,
HERBICIDE,Terbuthylazine,750g/kg,WG,TERBYNE 75 WG,H.017-20,EL KHADRA,SIPCAM INAGRA,2022,ALL_SUBSTANCES_APPROVED_IN_EU,1,Terbuthylazine,Terbuthylazine,Terbuthylazine:EU_APPROVED,
HERBICIDE,Terbuthylazine,750g/kg,WG,Terbuzine 75 WG,H.007-15,promochimie,SIPCAM INAGRA,2022,ALL_SUBSTANCES_APPROVED_IN_EU,1,Terbuthylazine,Terbuthylazine,Terbuthylazine:EU_APPROVED,
HERBICIDE,Triflusulfuron methyl,500 g/kg,WG,SAFARI 50 WG,H.002-22,SEPCM,FMC,2022,CONTAINS_NOT_APPROVED_SUBSTANCE_IN_EU,1,Triflusulfuron methyl,Triflusulfuron (formerly Triflusulfuron-methyl),Triflusulfuron methyl:EU_NOT_APPROVED,
HERBICIDE,Thifensulfuron-methyl,40 % + 15 %,WG,Gipsy,003-14H.,SANABEL AGRO,ROTAM,2022,ALL_SUBSTANCES_APPROVED_IN_EU,1,Thifensulfuron-methyl,Thifensulfuron-methyl,Thifensulfuron-methyl:EU_APPROVED,
HERBICIDE,+Tribuneron-methyl,40 % + 15 %,WG,,,,AGROCHEMICAL,2022,NOT_FOUND_OR_NEEDS_MANUAL_REVIEW,0,+Tribuneron-methyl,,+Tribuneron-methyl:NOT_IN_EU_LIST,
HERBICIDE,Triallate,450 g/l,CS,AVADEX FACTOR,H.025-22,ATLAS AGRICOLE,GOWAN CROP,2022,NOT_FOUND_OR_NEEDS_MANUAL_REVIEW,0,Triallate,,Triallate:NOT_IN_EU_LIST,
HERBICIDE,Triallate,450 g/l,CS,CS,,,PROTECTION,2022,NOT_FOUND_OR_NEEDS_MANUAL_REVIEW,0,Triallate,,Triallate:NOT_IN_EU_LIST,
HERBICIDE,Triasulfuron + Dicamba,4 1 g / K g + 6 5 9,W G,Z o o m,H.056-11/21,BIOPROTECTION,SYNGENTA/IPT-,2022,ALL_SUBSTANCES_APPROVED_IN_EU,1,Triasulfuron + Dicamba,Dicamba,Triasulfuron + Dicamba:EU_APPROVED,
HERBICIDE,Tribenuron methyl +,56.3 %+ 18.7 %,WG,BOMBA WG,H.011-18,EL KHADRA,JSC(AVGUST),2022,ALL_SUBSTANCES_APPROVED_IN_EU,1,Tribenuron methyl +,Tribenuron (aka metometuron),Tribenuron methyl +:EU_APPROVED,
HERBICIDE,Florasulam,56.3 %+ 18.7 %,WG,,,,,2022,ALL_SUBSTANCES_APPROVED_IN_EU,1,Florasulam,Florasulam,Florasulam:EU_APPROVED,
HERBICIDE,Tribenuron-Methyl,75%,WG,TOSCANA,H.010-18,AGRIPROTEC,PROPLAN,2022,ALL_SUBSTANCES_APPROVED_IN_EU,1,Tribenuron-Methyl,Tribenuron (aka metometuron),Tribenuron-Methyl:EU_APPROVED,
HERBICIDE,Tribenuron-Methyl,75%,WG,SKYLLA WDG,H.012-18,AGRONOMIC,ROTAM,2022,ALL_SUBSTANCES_APPROVED_IN_EU,1,Tribenuron-Methyl,Tribenuron (aka metometuron),Tribenuron-Methyl:EU_APPROVED,
HERBICIDE,Tribenuron-Methyl,75%,WG,Nuance,002-14H.,AGROSYSTEMES,CHEMINOVA,2022,ALL_SUBSTANCES_APPROVED_IN_EU,1,Tribenuron-Methyl,Tribenuron (aka metometuron),Tribenuron-Methyl:EU_APPROVED,
HERBICIDE,Tribenuron-Methyl,75%,WG,Volteo 75 WG,16-008H.,EL KHADRA,AFRASA,2022,ALL_SUBSTANCES_APPROVED_IN_EU,1,Tribenuron-Methyl,Tribenuron (aka metometuron),Tribenuron-Methyl:EU_APPROVED,
HERBICIDE,Tribenuron-Methyl,75%,WG,TRISTAR WG,H.020-18,SANABEL AGRO,Sharda Cropchem,2022,ALL_SUBSTANCES_APPROVED_IN_EU,1,Tribenuron-Methyl,Tribenuron (aka metometuron),Tribenuron-Methyl:EU_APPROVED,
HERBICIDE,Tribenuron-Methyl,75%,WG,Granstar,H.057-11/21,SEPCM,DU PONT,2022,ALL_SUBSTANCES_APPROVED_IN_EU,1,Tribenuron-Methyl,Tribenuron (aka metometuron),Tribenuron-Methyl:EU_APPROVED,
HERBICIDE,Tribenuron-Methyl,75%,WG,Corida 75 WG,H.088-11/21,SOCOOPEC,AGRIA,2022,ALL_SUBSTANCES_APPROVED_IN_EU,1,Tribenuron-Methyl,Tribenuron (aka metometuron),Tribenuron-Methyl:EU_APPROVED,
HERBICIDE,Tribenuron-Methyl,75%,WG,TRIBUNEO 75 G,H.015-20,SSCC,AGRIA,2022,ALL_SUBSTANCES_APPROVED_IN_EU,1,Tribenuron-Methyl,Tribenuron (aka metometuron),Tribenuron-Methyl:EU_APPROVED,
HERBICIDE,Trebuniron-methyl +,250g/l+104g/kg,SG,FLAME DUO SG,H.006-22,SOLAGRI,ALBAUGH,2022,NOT_FOUND_OR_NEEDS_MANUAL_REVIEW,0,Trebuniron-methyl +,,Trebuniron-methyl +:NOT_IN_EU_LIST,
HERBICIDE,Florasulame,250g/l+104g/kg,SG,,,,,2022,ALL_SUBSTANCES_APPROVED_IN_EU,1,Florasulame,Florasulam,Florasulame:EU_APPROVED,
HERBICIDE,Trifluraline,4 8 0 g / L,E C,H e r b a l i n e,H.058-11/21,SEPCM,AAKO,2022,CONTAINS_NOT_APPROVED_SUBSTANCE_IN_EU,1,Trifluraline,Trifluralin,Trifluraline:EU_NOT_APPROVED,
HERBICIDE,Trifluraline,4 8 0 g / L,E C,R A L I N E 4 8 0 E C,H.021-22,EL KHADRA,JIANGSU,2022,CONTAINS_NOT_APPROVED_SUBSTANCE_IN_EU,1,Trifluraline,Trifluralin,Trifluraline:EU_NOT_APPROVED,
HERBICIDE,Trifluraline,4 8 0 g / L,E C,H E R B A S T A R E C,H.011-20,AGRIPLUS,JIANGSU,2022,CONTAINS_NOT_APPROVED_SUBSTANCE_IN_EU,1,Trifluraline,Trifluralin,Trifluraline:EU_NOT_APPROVED,
HERBICIDE,Trifluraline,4 8 0 g / L,E C,F l u r a l,H.092-11/21,Ets MEZGHANI,INDUSTRIAL Q.,2022,CONTAINS_NOT_APPROVED_SUBSTANCE_IN_EU,1,Trifluraline,Trifluralin,Trifluraline:EU_NOT_APPROVED,
HERBICIDE,Trifluraline,4 8 0 g / L,E C,R i d a l i n e,H.082-11/21,SEPCM,DOW,2022,CONTAINS_NOT_APPROVED_SUBSTANCE_IN_EU,1,Trifluraline,Trifluralin,Trifluraline:EU_NOT_APPROVED,
HERBICIDE,Trifluraline,4 8 0 g / L,E C,T r i f l e x,H.006-17,STEC,AAKO,2022,CONTAINS_NOT_APPROVED_SUBSTANCE_IN_EU,1,Trifluraline,Trifluralin,Trifluraline:EU_NOT_APPROVED,
HERBICIDE,ACIBENZOLAR-S-,50%,WG,BION 50 WG,D.001-14,AGRIPROTEC,SYNGENTA,2022,CONTAINS_NOT_APPROVED_SUBSTANCE_IN_EU,1,ACIBENZOLAR-S-,Acibenzolar-S-methyl (benzothiadiazole),ACIBENZOLAR-S-:EU_NOT_APPROVED,
HERBICIDE,METHYL,50%,WG,,,,,2022,CONTAINS_NOT_APPROVED_SUBSTANCE_IN_EU,1,METHYL,Azinphos-methyl,METHYL:EU_NOT_APPROVED,
HERBICIDE,Chlormequat-chlorure,750 g/l,SL,Stabilan750,D.034-11/21,AGRIPROTEC,NUFARM,2022,ALL_SUBSTANCES_APPROVED_IN_EU,1,Chlormequat-chlorure,Chlormequat,Chlormequat-chlorure:EU_APPROVED,
HERBICIDE,Prohexadione-Calcium,10%,WG,Regalis,D.002-14,AGRIPROTEC,BASF,2022,ALL_SUBSTANCES_APPROVED_IN_EU,1,Prohexadione-Calcium,Prohexadione,Prohexadione-Calcium:EU_APPROVED,
HERBICIDE,Metaldehyde,3%,GR,ALDEM 3% GR,D.002-17,EXCEL AGRI,SHARDA,2022,ALL_SUBSTANCES_APPROVED_IN_EU,1,Metaldehyde,Metaldehyde,Metaldehyde:EU_APPROVED,
HERBICIDE,Acide gibberellique,10%,TB,Gibb 3,D.001-11/21,AGROSYSTEMES,GLOBACHEM,2022,NOT_FOUND_OR_NEEDS_MANUAL_REVIEW,0,Acide gibberellique,,Acide gibberellique:NOT_IN_EU_LIST,
HERBICIDE,Acide gibberellique,10%,TB,Aminogibb,D.008-15,AMINCO,GLOBACHEM,2022,NOT_FOUND_OR_NEEDS_MANUAL_REVIEW,0,Acide gibberellique,,Acide gibberellique:NOT_IN_EU_LIST,
HERBICIDE,Sodium lauryl ether sulfate,276.5 g/l,SL,Biopower SL,D.005-17,ATLAS,BAYER AG,2022,NOT_FOUND_OR_NEEDS_MANUAL_REVIEW,0,Sodium lauryl ether sulfate,,Sodium lauryl ether sulfate:NOT_IN_EU_LIST,
HERBICIDE,(SLES),276.5 g/l,SL,,,AGRICOLE,,2022,NOT_FOUND_OR_NEEDS_MANUAL_REVIEW,0,(SLES),,(SLES):NOT_IN_EU_LIST,
HERBICIDE,Acide gibberellique,40%,SG,b 40 SG,D.004-13,BIOPROTECTION,VALENTBioscience,2022,NOT_FOUND_OR_NEEDS_MANUAL_REVIEW,0,Acide gibberellique,,Acide gibberellique:NOT_IN_EU_LIST,
HERBICIDE,Acide gibberellique,20%,ST,Fitogib,D.03-21,BIOPROTECTION,NUFARM,2022,NOT_FOUND_OR_NEEDS_MANUAL_REVIEW,0,Acide gibberellique,,Acide gibberellique:NOT_IN_EU_LIST,
HERBICIDE,Acide gibberellique,20%,ST,GIB GRO,D.005-16,BIOPROTECTION,NUFARM,2022,NOT_FOUND_OR_NEEDS_MANUAL_REVIEW,0,Acide gibberellique,,Acide gibberellique:NOT_IN_EU_LIST,
HERBICIDE,Chlormequat-chlorure,750 g/l,SL,Cekwat 750,D.001-13,BIOPROTECTION,NUFARM,2022,ALL_SUBSTANCES_APPROVED_IN_EU,1,Chlormequat-chlorure,Chlormequat,Chlormequat-chlorure:EU_APPROVED,
HERBICIDE,Cyanamide d’hydrogène,520 g/L,SL,Dormex,D.018-11/21,BIOPROTECTION,DEGUSSA AG/,2022,CONTAINS_NOT_APPROVED_SUBSTANCE_IN_EU,1,Cyanamide d’hydrogène,Cyanamide (H & Ca cyanamide),Cyanamide d’hydrogène:EU_NOT_APPROVED,
HERBICIDE,Hydrolysat de,59 g/L+130,SC,Ceratrap (en,D.033-11/21,BIOPROTECTION,BIOEBERICA S.A,2022,NOT_FOUND_OR_NEEDS_MANUAL_REVIEW,0,Hydrolysat de,,Hydrolysat de:NOT_IN_EU_LIST,
HERBICIDE,Protéines+Borax,g/L,SC,bouteilles ou/et en,,,,2022,NOT_FOUND_OR_NEEDS_MANUAL_REVIEW,0,Protéines+Borax,,Protéines+Borax:NOT_IN_EU_LIST,
HERBICIDE,Protéines+Borax,g/L,SC,pièges jaunes),,,,2022,NOT_FOUND_OR_NEEDS_MANUAL_REVIEW,0,Protéines+Borax,,Protéines+Borax:NOT_IN_EU_LIST,
HERBICIDE,Proteines hydrolysées,360 g/L,SL,BIOBAIT,D.002-16,BIOPROTECTION,BIOIBIRICA,2022,NOT_FOUND_OR_NEEDS_MANUAL_REVIEW,0,Proteines hydrolysées,,Proteines hydrolysées:NOT_IN_EU_LIST,
HERBICIDE,Methaldehyde,5%,GR,LIMASTOP,D.002-19,COTUGRAIN,SHARDA,2022,NOT_FOUND_OR_NEEDS_MANUAL_REVIEW,0,Methaldehyde,,Methaldehyde:NOT_IN_EU_LIST,
HERBICIDE,Metaldehyde,3%,GR,METAX,D.003-16,DELTA,SHARDA,2022,ALL_SUBSTANCES_APPROVED_IN_EU,1,Metaldehyde,Metaldehyde,Metaldehyde:EU_APPROVED,
HERBICIDE,Acide gibbérellique,0.5%+1%,EC,FENGIB MAX EC,D.002-20,promochimie,SIPCAM INAGRA,2022,NOT_FOUND_OR_NEEDS_MANUAL_REVIEW,0,Acide gibbérellique,,Acide gibbérellique:NOT_IN_EU_LIST,
HERBICIDE,+phenothiol,0.5%+1%,EC,,,,S.A,2022,NOT_FOUND_OR_NEEDS_MANUAL_REVIEW,0,+phenothiol,,+phenothiol:NOT_IN_EU_LIST,
HERBICIDE,Capsaicine +Ally,0.42 % +3.7,SI,Dazitol,D.004-15,EL KHADRA,CHAMPION,2022,NOT_FOUND_OR_NEEDS_MANUAL_REVIEW,0,Capsaicine +Ally,,Capsaicine +Ally:NOT_IN_EU_LIST,
HERBICIDE,Isothiocyanate,%,SI,,,,MILLENIUM,2022,CONTAINS_NOT_APPROVED_SUBSTANCE_IN_EU,1,Isothiocyanate,Methyl isothiocyanate,Isothiocyanate:EU_NOT_APPROVED,
HERBICIDE,Métaldéhyde,5%,GB,LIMAGRAM,D.001-20,EL KHADRA,SIPCAM INAGRA,2022,ALL_SUBSTANCES_APPROVED_IN_EU,1,Métaldéhyde,Metaldehyde,Métaldéhyde:EU_APPROVED,
HERBICIDE,Hydrolysat de Protéines,550 g/L,SL,CeraBait,D.035-11/21,EL MOUSSEM,EVIE,2022,NOT_FOUND_OR_NEEDS_MANUAL_REVIEW,0,Hydrolysat de Protéines,,Hydrolysat de Protéines:NOT_IN_EU_LIST,
HERBICIDE,Dichloroprop-p,25 g/L,EC,clementgros,D.04-21,SANABEL AGRO,NUFARM,2022,NOT_FOUND_OR_NEEDS_MANUAL_REVIEW,0,Dichloroprop-p,,Dichloroprop-p:NOT_IN_EU_LIST,
HERBICIDE,Acetate d’ammonium +,75%+8.2%+,-,MERCERATITE,D.006-16,Ets MEZGHANI,Key,2022,NOT_FOUND_OR_NEEDS_MANUAL_REVIEW,0,Acetate d’ammonium +,,Acetate d’ammonium +:NOT_IN_EU_LIST,
HERBICIDE,"Trimethylamine HCl +1,4-",0.29%+20%(,-,KEY,,,,2022,NOT_FOUND_OR_NEEDS_MANUAL_REVIEW,1,Trimethylamine HCl +1 | 4-,"(Z,E)-7,11-Hexadecadien-1-yl acetate (SCLP Acetates)",Trimethylamine HCl +1:NOT_IN_EU_LIST | 4-:EU_APPROVED,
HERBICIDE,diaminobutane (Putrescine),w/w),-,,,,,2022,NOT_FOUND_OR_NEEDS_MANUAL_REVIEW,0,diaminobutane (Putrescine),,diaminobutane (Putrescine):NOT_IN_EU_LIST,
HERBICIDE,+DDVP,w/w),-,,,,,2022,NOT_FOUND_OR_NEEDS_MANUAL_REVIEW,0,+DDVP,,+DDVP:NOT_IN_EU_LIST,
HERBICIDE,Acide gibberellique,9%,ST,Giberkey,D.001-15,ETS MEZGHANNI,Industrial Quimica,2022,NOT_FOUND_OR_NEEDS_MANUAL_REVIEW,0,Acide gibberellique,,Acide gibberellique:NOT_IN_EU_LIST,
HERBICIDE,Métaldéhyde,5%,GB,Metakey,D.006-11/21,ETS.MEZGHANI,INDUS,2022,ALL_SUBSTANCES_APPROVED_IN_EU,1,Métaldéhyde,Metaldehyde,Métaldéhyde:EU_APPROVED,
HERBICIDE,Polyoxyethylene amine,270 g/l,SL,PHYDEAL SL,D.003-17,FERTIPLANT,SDP/France,2022,ALL_SUBSTANCES_APPROVED_IN_EU,1,Polyoxyethylene amine,Ethylene,Polyoxyethylene amine:EU_APPROVED,
HERBICIDE,Acide gibbérellique +phenothiol,0.5%+1%,EC,FENGIB EC,D.001-19,INNOVA,SIPCAM INAGRA S.A,2022,NOT_FOUND_OR_NEEDS_MANUAL_REVIEW,0,Acide gibbérellique +phenothiol,,Acide gibbérellique +phenothiol:NOT_IN_EU_LIST,
HERBICIDE,Formate d’Ethyl + CO2,166.7 g/kg +,GA,Vapormate,D.001-14,Linde Gas Tunisie,Linde Group,2022,NOT_FOUND_OR_NEEDS_MANUAL_REVIEW,0,Formate d’Ethyl + CO2,,Formate d’Ethyl + CO2:NOT_IN_EU_LIST,
HERBICIDE,Deltametrine+Acetate,10 mg/,-,Magnet Med,D.004-16,NUTRIPLANT,KOPPERT,2022,NOT_FOUND_OR_NEEDS_MANUAL_REVIEW,0,Deltametrine+Acetate,,Deltametrine+Acetate:NOT_IN_EU_LIST,
HERBICIDE,d’ammonium+Trimethylam,unité+(29.8,-,,,,,2022,NOT_FOUND_OR_NEEDS_MANUAL_REVIEW,0,d’ammonium+Trimethylam,,d’ammonium+Trimethylam:NOT_IN_EU_LIST,
HERBICIDE,"ine HCl+1,4diaminobutane",%) 6.45 g,-,,,,,2022,NOT_FOUND_OR_NEEDS_MANUAL_REVIEW,0,ine HCl+1 | 4diaminobutane,,ine HCl+1:NOT_IN_EU_LIST | 4diaminobutane:NOT_IN_EU_LIST,
HERBICIDE,(=Putrescine),+(12.4,-,,,,,2022,NOT_FOUND_OR_NEEDS_MANUAL_REVIEW,0,(=Putrescine),,(=Putrescine):NOT_IN_EU_LIST,
HERBICIDE,"(E,Z,Z)-",0.5 mg /unité,-,PHERODIS Tuta,D.007-16,NUTRIPLANT,KOPPERT,2022,CONTAINS_NOT_APPROVED_SUBSTANCE_IN_EU,2,(E | Z | Z)-,Diflufenican | Mancozeb,(E:EU_APPROVED | Z:EU_NOT_APPROVED | Z)-:NOT_IN_EU_LIST,
HERBICIDE,"3,8,11Tetradecatrien 1-y",0.5 mg /unité,-,absoluta,,,,2022,NOT_FOUND_OR_NEEDS_MANUAL_REVIEW,0,11Tetradecatrien 1-y,,11Tetradecatrien 1-y:NOT_IN_EU_LIST,
HERBICIDE,"acetate (E,Z)-",0.5 mg /unité,-,,,,,2022,NOT_FOUND_OR_NEEDS_MANUAL_REVIEW,0,acetate (E | Z)-,,acetate (E:NOT_IN_EU_LIST | Z)-:NOT_IN_EU_LIST,
HERBICIDE,"3,8Tetradecatrien1- y",0.5 mg /unité,-,,,,,2022,NOT_FOUND_OR_NEEDS_MANUAL_REVIEW,0,8Tetradecatrien1- y,,8Tetradecatrien1- y:NOT_IN_EU_LIST,
HERBICIDE,acetate,0.5 mg /unité,-,,,,,2022,ALL_SUBSTANCES_APPROVED_IN_EU,1,acetate,"(Z,E)-7,11-Hexadecadien-1-yl acetate (SCLP Acetates)",acetate:EU_APPROVED,
HERBICIDE,Phéromones de la pyrale,0.5 mg /unité,-,ISCA LURE,D.003-20,NUTRIPLANT,ISCA,2022,NOT_FOUND_OR_NEEDS_MANUAL_REVIEW,0,Phéromones de la pyrale,,Phéromones de la pyrale:NOT_IN_EU_LIST,
HERBICIDE,des dattes(Ectomyelois,0.5 mg /unité,-,CAROB MOTH,,,TECHNOLOGIES,2022,NOT_FOUND_OR_NEEDS_MANUAL_REVIEW,0,des dattes(Ectomyelois,,des dattes(Ectomyelois:NOT_IN_EU_LIST,
HERBICIDE,"Ceratoniae):(Z,E)-7,9,11-",0.5 mg /unité,-,,,,,2022,CONTAINS_NOT_APPROVED_SUBSTANCE_IN_EU,2,Ceratoniae):(Z | E)-7 | 11-,"(E,Z)-9-dodecen-1-yl acetate; (E,Z)-9-Dodecen-1-ol; (Z)-11-Tetradecen-1-yl acetate | (Z,E)-7,11-Hexadecadien-1-yl acetate (SCLP Acetates)",Ceratoniae):(Z:NOT_IN_EU_LIST | E)-7:EU_NOT_APPROVED | 11-:EU_APPROVED,
HERBICIDE,Dodecatrienyl,0.5 mg /unité,-,,,,,2022,NOT_FOUND_OR_NEEDS_MANUAL_REVIEW,0,Dodecatrienyl,,Dodecatrienyl:NOT_IN_EU_LIST,
HERBICIDE,formate(90.80%,0.5 mg /unité,-,,,,,2022,NOT_FOUND_OR_NEEDS_MANUAL_REVIEW,0,formate(90. PERCENT,,formate(90. PERCENT:NOT_IN_EU_LIST,
HERBICIDE,pure) :1.594 g/kg,0.5 mg /unité,-,,,,,2022,CONTAINS_NOT_APPROVED_SUBSTANCE_IN_EU,1,pure) :1.594 g | kg,Quintozene containing > 1 g/kg HCB or > 10 g/kg pentachlorobenzene,pure) :1.594 g:NOT_IN_EU_LIST | kg:EU_NOT_APPROVED,
HERBICIDE,Phéromones appliquée pour,0.5 mg /unité,-,SPLAT-EC-O;sous,D.004-20,NUTRIPLANT,ISCA,2022,NOT_FOUND_OR_NEEDS_MANUAL_REVIEW,0,Phéromones appliquée pour,,Phéromones appliquée pour:NOT_IN_EU_LIST,
HERBICIDE,la confision sexuelle de la,0.5 mg /unité,-,réserve de bien,,,TECHNOLOGIES,2022,NOT_FOUND_OR_NEEDS_MANUAL_REVIEW,0,la confision sexuelle de la,,la confision sexuelle de la:NOT_IN_EU_LIST,
HERBICIDE,pyrale des,0.5 mg /unité,-,préciser la dose par,,,,2022,NOT_FOUND_OR_NEEDS_MANUAL_REVIEW,0,pyrale des,,pyrale des:NOT_IN_EU_LIST,
HERBICIDE,dattes(Ectomyelois,0.5 mg /unité,-,pied (arbre),,,,2022,NOT_FOUND_OR_NEEDS_MANUAL_REVIEW,0,dattes(Ectomyelois,,dattes(Ectomyelois:NOT_IN_EU_LIST,
HERBICIDE,"Ceratoniae);(Z,E)-7,9,11-",0.5 mg /unité,-,,,,,2022,CONTAINS_NOT_APPROVED_SUBSTANCE_IN_EU,3,Ceratoniae) | (Z | E)-7 | 11-,"Mancozeb | (E,Z)-9-dodecen-1-yl acetate; (E,Z)-9-Dodecen-1-ol; (Z)-11-Tetradecen-1-yl acetate | (Z,E)-7,11-Hexadecadien-1-yl acetate (SCLP Acetates)",Ceratoniae):NOT_IN_EU_LIST | (Z:EU_NOT_APPROVED | E)-7:EU_NOT_APPROVED | 11-:EU_APPROVED,
HERBICIDE,formate(90.80% pure) :2,0.5 mg /unité,-,,,,,2022,CONTAINS_NOT_APPROVED_SUBSTANCE_IN_EU,1,formate(90.%pure) :2,Ethyl formate,formate(90.%pure) :2:EU_NOT_APPROVED,
HERBICIDE,%(22.026 g/kg,0.5 mg /unité,-,,,,,2022,CONTAINS_NOT_APPROVED_SUBSTANCE_IN_EU,2,%(22.026 g | kg,Beauveria bassiana strains ATCC 74040 and GHA | Quintozene containing > 1 g/kg HCB or > 10 g/kg pentachlorobenzene,%(22.026 g:EU_APPROVED | kg:EU_NOT_APPROVED,
HERBICIDE,Trichoderma harzianum T-,1.0 x 109,WG,Trianum –P,D.F.005-15,NUTRIPLANT,KOPPERT,2022,MANUAL_REVIEW,1,Trichoderma harzianum T-,Trichoderma harzianum T78,Trichoderma harzianum T-:FOUND_UNKNOWN_STATUS,
HERBICIDE,22,CFU/g,WG,,,,BIOLOGICAL,2022,NO_SUBSTANCE,0,,,,
HERBICIDE,Acétate,33%(p/p),WG,Pherosan Ceratitis,D.004-17,NUTRIPLANT,SANSAN,2022,ALL_SUBSTANCES_APPROVED_IN_EU,1,Acétate,"(Z,E)-7,11-Hexadecadien-1-yl acetate (SCLP Acetates)",Acétate:EU_APPROVED,
HERBICIDE,d’ammonium +Trimethyla,+8%(p/p) +,WG,,,,PRODESING/,2022,NOT_FOUND_OR_NEEDS_MANUAL_REVIEW,0,d’ammonium +Trimethyla,,d’ammonium +Trimethyla:NOT_IN_EU_LIST,
HERBICIDE,mine hydrochloride +,0.04g/piége,WG,,,,,2022,NOT_FOUND_OR_NEEDS_MANUAL_REVIEW,0,mine hydrochloride +,,mine hydrochloride +:NOT_IN_EU_LIST,
HERBICIDE,KILLDISC insecticide à,0.04g/piége,WG,,,,,2022,NOT_FOUND_OR_NEEDS_MANUAL_REVIEW,0,KILLDISC insecticide à,,KILLDISC insecticide à:NOT_IN_EU_LIST,
HERBICIDE,base d'Esfenvalerate,0.04g/piége,WG,,,,,2022,CONTAINS_NOT_APPROVED_SUBSTANCE_IN_EU,1,base d'Esfenvalerate,Fenvalerate,base d'Esfenvalerate:EU_NOT_APPROVED,
HERBICIDE,Acide gibberellique,10%,TB,Protagibb,D.029-11/21,PROTAGRI,United Phosphorus,2022,NOT_FOUND_OR_NEEDS_MANUAL_REVIEW,0,Acide gibberellique,,Acide gibberellique:NOT_IN_EU_LIST,
HERBICIDE,Chloroprophame,1%,PP,NEO STOP,D.028-11/21,PROTAGRI,AGRIPHAR,2022,CONTAINS_NOT_APPROVED_SUBSTANCE_IN_EU,1,Chloroprophame,Propham,Chloroprophame:EU_NOT_APPROVED,
HERBICIDE,Chloroprophame,500 g/L,HN,Neostop 500 HN,D.016-11/21,PROTAGRI,AGRIPHAR,2022,CONTAINS_NOT_APPROVED_SUBSTANCE_IN_EU,1,Chloroprophame,Propham,Chloroprophame:EU_NOT_APPROVED,
HERBICIDE,Métaldéhyde,5%,GB,Metapro,D.030-11/21,PROTAGRI,United Phosphorus,2022,ALL_SUBSTANCES_APPROVED_IN_EU,1,Métaldéhyde,Metaldehyde,Métaldéhyde:EU_APPROVED,
HERBICIDE,Métaldéhyde,5%,GB,GHLALA,D.003-19,SANABEL AGRO,UPL,2022,ALL_SUBSTANCES_APPROVED_IN_EU,1,Métaldéhyde,Metaldehyde,Métaldéhyde:EU_APPROVED,
HERBICIDE,Acide Beta indolbutirique,4 g/l,SL,Exuberone,D.005-11/21,SEPCM,,2022,NOT_FOUND_OR_NEEDS_MANUAL_REVIEW,0,Acide Beta indolbutirique,,Acide Beta indolbutirique:NOT_IN_EU_LIST,
HERBICIDE,Acide chloro 4,"0,75g/L+2,5",SL,Procarpil,D.013-11/21,SEPCM,CMPA,2022,NOT_FOUND_OR_NEEDS_MANUAL_REVIEW,0,Acide chloro 4,,Acide chloro 4:NOT_IN_EU_LIST,
HERBICIDE,phénoxyacétique +Naphoxy,g/L,SL,,,,,2022,NOT_FOUND_OR_NEEDS_MANUAL_REVIEW,0,phénoxyacétique +Naphoxy,,phénoxyacétique +Naphoxy:NOT_IN_EU_LIST,
HERBICIDE,2acétamide,g/L,SL,,,,,2022,ALL_SUBSTANCES_APPROVED_IN_EU,1,2acétamide,1-Naphthylacetamide (1-NAD),2acétamide:EU_APPROVED,
HERBICIDE,Acide gibberellique,40%,SG,Berelex 40 SG,D.003-15,SEPCM,CHEMICAL Agro,2022,NOT_FOUND_OR_NEEDS_MANUAL_REVIEW,0,Acide gibberellique,,Acide gibberellique:NOT_IN_EU_LIST,
HERBICIDE,Alkylphenolexy-Ethylène,200 g/L,SC,Etaldyne 95,D.014-11/21,SEPCM,CMPA/Espagne,2022,ALL_SUBSTANCES_APPROVED_IN_EU,1,Alkylphenolexy-Ethylène,Ethylene,Alkylphenolexy-Ethylène:EU_APPROVED,
HERBICIDE,Métaldéhyde,5%,GB,Antilimace granule,D.025-11/21,SEPCM,CEQUISA S.A,2022,ALL_SUBSTANCES_APPROVED_IN_EU,1,Métaldéhyde,Metaldehyde,Métaldéhyde:EU_APPROVED,
HERBICIDE,Methaldehyde,5%,GR,ESCARGOCHE,D.001-16,SOCOOPEC,SHARDA,2022,NOT_FOUND_OR_NEEDS_MANUAL_REVIEW,0,Methaldehyde,,Methaldehyde:NOT_IN_EU_LIST,
HERBICIDE,Huile de colza,95%,EO,codacide EO,D.01-21,AGRIMATCO,Mirocide Ltd,2022,NOT_FOUND_OR_NEEDS_MANUAL_REVIEW,0,Huile de colza,,Huile de colza:NOT_IN_EU_LIST,
HERBICIDE,Huile non ionique,92%,EC,GARAL EC,D.005-20,SOLAGRI,Syngenta,2022,NOT_FOUND_OR_NEEDS_MANUAL_REVIEW,0,Huile non ionique,,Huile non ionique:NOT_IN_EU_LIST,
HERBICIDE,Métaldéhyde,5%,GB,Super meta,D.007-11/21,STEC,CEQUISA/PHOSPH,2022,ALL_SUBSTANCES_APPROVED_IN_EU,1,Métaldéhyde,Metaldehyde,Métaldéhyde:EU_APPROVED,
HERBICIDE,Aurebasidium pillulan(2,250g/kg,GB,Blossom protect,D.006-15,STIMA,BIO FERM,2022,NOT_FOUND_OR_NEEDS_MANUAL_REVIEW,0,Aurebasidium pillulan(2,,Aurebasidium pillulan(2:NOT_IN_EU_LIST,
HERBICIDE,souches) :DSM 14940,+250g/kg,GB,,,,,2022,NOT_FOUND_OR_NEEDS_MANUAL_REVIEW,0,souches) :DSM 14940,,souches) :DSM 14940:NOT_IN_EU_LIST,
HERBICIDE,+DSM 14941,+250g/kg,GB,,,,,2022,NOT_FOUND_OR_NEEDS_MANUAL_REVIEW,0,+DSM 14941,,+DSM 14941:NOT_IN_EU_LIST,
HERBICIDE,Dérivvés d'acides gras,286 g/l+430,EC,ACTILANDE TM EC,D.02-21,SEPCM,Action PIN,2022,NOT_FOUND_OR_NEEDS_MANUAL_REVIEW,0,Dérivvés d'acides gras,,Dérivvés d'acides gras:NOT_IN_EU_LIST,
HERBICIDE,végétaux +,g/l,EC,,,,,2022,NOT_FOUND_OR_NEEDS_MANUAL_REVIEW,0,végétaux +,,végétaux +:NOT_IN_EU_LIST,
HERBICIDE,Huile de pin,g/l,EC,,,,,2022,NOT_FOUND_OR_NEEDS_MANUAL_REVIEW,0,Huile de pin,,Huile de pin:NOT_IN_EU_LIST,
RATICIDE,Ethoprophos,1 0 %,G R,M o c a p,N . 0 03-11/21,SEPCM,AMVAC Chemical,2022,CONTAINS_NOT_APPROVED_SUBSTANCE_IN_EU,1,Ethoprophos,Ethoprophos,Ethoprophos:EU_NOT_APPROVED,
RATICIDE,Abamectine,20g/l,SC,TERVIGO 020 SC,IN.001-19,BIOPROTECTION,Syngenta Crop,2022,ALL_SUBSTANCES_APPROVED_IN_EU,1,Abamectine,Abamectin (aka avermectin),Abamectine:EU_APPROVED,
RATICIDE,Fluopyram,400 g/l,SC,VELUM PRIME 400,IN.002-19,ATLAS AGRICOLE,BAYER AG,2022,ALL_SUBSTANCES_APPROVED_IN_EU,1,Fluopyram,Fluopyram,Fluopyram:EU_APPROVED,
RATICIDE,Fluopyram,400 g/l,SC,SC,,,,2022,ALL_SUBSTANCES_APPROVED_IN_EU,1,Fluopyram,Fluopyram,Fluopyram:EU_APPROVED,
RATICIDE,Metam potassium,6 9 0 g / L,S L,Tamifume,N.004-11/21,AGRO-SYSTEMES,TAMINCO/eastman,2022,ALL_SUBSTANCES_APPROVED_IN_EU,1,Metam potassium,Metam (incl. -potassium and -sodium),Metam potassium:EU_APPROVED,
RATICIDE,Métam sodium,5 1 0 g / L,S L,F u m ical,IN.098-11/21,BIOPROTECTION,UPL/ARYSTA,2022,ALL_SUBSTANCES_APPROVED_IN_EU,1,Métam sodium,Metam (incl. -potassium and -sodium),Métam sodium:EU_APPROVED,
RATICIDE,Oxamyl,10%,GR,Vydate GR,N.001-16,AGRIMATCO,DUPONT,2022,CONTAINS_NOT_APPROVED_SUBSTANCE_IN_EU,1,Oxamyl,Oxamyl,Oxamyl:EU_NOT_APPROVED,
RATICIDE,Phenamiphos,1 0 %,G R,N e macur 10 G,IN.104-11/21,PROMOCHIMIE,AMVAC Chemical,2022,NOT_FOUND_OR_NEEDS_MANUAL_REVIEW,0,Phenamiphos,,Phenamiphos:NOT_IN_EU_LIST,
RATICIDE,Garlic extract,1000 g/l,NEM guard SC,N.001-22,STIMA,Ecospray limited,UK,2022,ALL_SUBSTANCES_APPROVED_IN_EU,1,Garlic extract,Garlic extract,Garlic extract:EU_APPROVED,
RATICIDE,Brodifacoum,"0,005%",RB,Broditop,R.002-11/21,,ZAPI SPA,2022,CONTAINS_NOT_APPROVED_SUBSTANCE_IN_EU,1,Brodifacoum,Brodifacoum,Brodifacoum:EU_NOT_APPROVED,
RATICIDE,Brodifacoum,"0,005%",RB,Broditop wax block,R.006-11/21,,ZAPI SPA,2022,CONTAINS_NOT_APPROVED_SUBSTANCE_IN_EU,1,Brodifacoum,Brodifacoum,Brodifacoum:EU_NOT_APPROVED,
RATICIDE,Brodifacoum,"0,005%",RB,Klérat,R.001-11/21,,SYNGENTA,2022,CONTAINS_NOT_APPROVED_SUBSTANCE_IN_EU,1,Brodifacoum,Brodifacoum,Brodifacoum:EU_NOT_APPROVED,
RATICIDE,Brodifacoum,"0,005%",RB,Raticide detia,R.005-11/21,,DETIA,2022,CONTAINS_NOT_APPROVED_SUBSTANCE_IN_EU,1,Brodifacoum,Brodifacoum,Brodifacoum:EU_NOT_APPROVED,
RATICIDE,Difenacoum,0.005 %,RB,SOREXA PELLETS,D.001-17,,BASF,2022,CONTAINS_NOT_APPROVED_SUBSTANCE_IN_EU,1,Difenacoum,Difenacoum,Difenacoum:EU_NOT_APPROVED,
INECTICIDE,Diméthoate,4 0 0 g / L,E C,,,,,2023,CONTAINS_NOT_APPROVED_SUBSTANCE_IN_EU,1,Diméthoate,Dimethoate,Diméthoate:EU_NOT_APPROVED,
INECTICIDE,Imidaclopride,200 g/L,S L / O D,,,,,2023,CONTAINS_NOT_APPROVED_SUBSTANCE_IN_EU,1,Imidaclopride,Imidacloprid,Imidaclopride:EU_NOT_APPROVED,
INECTICIDE,Malathion,9 5 %,ULV,,,,,2023,ALL_SUBSTANCES_APPROVED_IN_EU,1,Malathion,Malathion,Malathion:EU_APPROVED,
INECTICIDE,Imidacloprid+Tebuconazole,210 g/l+12 g/l,FS,GIZMO SUPER FS,F.018-18,AGRIPROTEC,NUFARM,2023,ALL_SUBSTANCES_APPROVED_IN_EU,1,Imidacloprid+Tebuconazole,Tebuconazole,Imidacloprid+Tebuconazole:EU_APPROVED,
INECTICIDE,Thiamethoxam,350 g/L,FS,ADAGE 350FS,I.013-18,SOLAGRI,SYNGENTA,2023,CONTAINS_NOT_APPROVED_SUBSTANCE_IN_EU,1,Thiamethoxam,Thiamethoxam,Thiamethoxam:EU_NOT_APPROVED,
INECTICIDE,Thiametoxam,350 g/L,FS,Cruiser 350 FS,I.124-11/21,BIOPROTECTION,SYNGENTA,2023,NOT_FOUND_OR_NEEDS_MANUAL_REVIEW,0,Thiametoxam,,Thiametoxam:NOT_IN_EU_LIST,
FONGICIDE,Difenoconazole + Fludioxonil +Thiamethoxam,25g/l + 25 g/l + 262.5 g/l,FS,CelestTop 312.5,126-11/21 F.,BIOPROTECTION,SYNGENTA,2023,ALL_SUBSTANCES_APPROVED_IN_EU,1,Difenoconazole + Fludioxonil +Thiamethoxam,Fludioxonil,Difenoconazole + Fludioxonil +Thiamethoxam:EU_APPROVED,
FONGICIDE,Difenoconazole + Metalaxyl –M + Thiamethoxam,20 g/kg+200 g/kg+200g/kg,WS,APRON STAR WS,FI.028-22,COTUGRAIN,SYNGENTA,2023,ALL_SUBSTANCES_APPROVED_IN_EU,1,Difenoconazole + Metalaxyl –M + Thiamethoxam,Metalaxyl,Difenoconazole + Metalaxyl –M + Thiamethoxam:EU_APPROVED,
FONGICIDE,Mancozèbe,80%,WP,,,,,2023,CONTAINS_NOT_APPROVED_SUBSTANCE_IN_EU,1,Mancozèbe,Mancozeb,Mancozèbe:EU_NOT_APPROVED,
FONGICIDE,Azoxystrobine +Chlorothalonil,80 g/L +400 g/L,SC,Priori Opti,F.003-11/21,,,2023,ALL_SUBSTANCES_APPROVED_IN_EU,1,Azoxystrobine +Chlorothalonil,Azoxystrobin,Azoxystrobine +Chlorothalonil:EU_APPROVED,
FONGICIDE,Chlorothalonil,720 g/l,SC,Morfus 720 SC,F.014-14,SANABEL AGRO,ROTAM AGROCHEMIC AL(rivale),2023,CONTAINS_NOT_APPROVED_SUBSTANCE_IN_EU,1,Chlorothalonil,Chlorothalonil,Chlorothalonil:EU_NOT_APPROVED,
FONGICIDE,Chlorothalonil,500g/l,SC,AVOCA,F.004-20,RAYEN AGRICOLE,Barclay chemicals(R&D) Ltd.,2023,CONTAINS_NOT_APPROVED_SUBSTANCE_IN_EU,1,Chlorothalonil,Chlorothalonil,Chlorothalonil:EU_NOT_APPROVED,
FONGICIDE,Chlorothalonil,7 2 0 g / L,SC,Banko 720 SC,F.013-11/21,BIOPROTECTION,UPL/ARYSTA LIFESCIENCE,2023,CONTAINS_NOT_APPROVED_SUBSTANCE_IN_EU,1,Chlorothalonil,Chlorothalonil,Chlorothalonil:EU_NOT_APPROVED,
FONGICIDE,Chlorothalonil,7 2 0 g / L,SC,Faudel,F.014-11/21,SEPCM,AAKO,2023,CONTAINS_NOT_APPROVED_SUBSTANCE_IN_EU,1,Chlorothalonil,Chlorothalonil,Chlorothalonil:EU_NOT_APPROVED,
FONGICIDE,Chlorothalonil,7 2 0 g / L,SC,TERRAVO,F.010-20,SOLAGRI,SYNGENTA,2023,CONTAINS_NOT_APPROVED_SUBSTANCE_IN_EU,1,Chlorothalonil,Chlorothalonil,Chlorothalonil:EU_NOT_APPROVED,
FONGICIDE,Chlorothalonil +Metalaxyl –M,"500 g/L +37,5 g/L",SC,ARIS GOLD,F.028-18,COTUGRAIN IMPEX,SYNGENTA,2023,ALL_SUBSTANCES_APPROVED_IN_EU,1,Chlorothalonil +Metalaxyl –M,Metalaxyl,Chlorothalonil +Metalaxyl –M:EU_APPROVED,
FONGICIDE,Chlorothalonil +Tebuconazole,250 g/l+125 g/l,SC,Tiger,F.017-11/21,EL MOUSSEM AGRICOLE,PARIJAT INDUSTRIES,2023,ALL_SUBSTANCES_APPROVED_IN_EU,1,Chlorothalonil +Tebuconazole,Tebuconazole,Chlorothalonil +Tebuconazole:EU_APPROVED,
FONGICIDE,Chlorothalonil +Tebuconazole,250 g/l+125 g/l,SC,CAMARO COMBI,F.072-22,RAYEN PHYTAGRI,PARIJAT INDUSTRIES,2023,ALL_SUBSTANCES_APPROVED_IN_EU,1,Chlorothalonil +Tebuconazole,Tebuconazole,Chlorothalonil +Tebuconazole:EU_APPROVED,
FONGICIDE,Chlorothalonil +Tebuconazole,250 g/l+125 g/l,SC,SC,,,,2023,ALL_SUBSTANCES_APPROVED_IN_EU,1,Chlorothalonil +Tebuconazole,Tebuconazole,Chlorothalonil +Tebuconazole:EU_APPROVED,
FONGICIDE,Chlorothalonil +Tebuconazole,250 g/l+90 g/l,SC,Timpani,F.017-15,EL MOUSSEM AGRICOLE,NUFARM,2023,ALL_SUBSTANCES_APPROVED_IN_EU,1,Chlorothalonil +Tebuconazole,Tebuconazole,Chlorothalonil +Tebuconazole:EU_APPROVED,
FONGICIDE,Chlorothalonil +Tebuconazole,250 g/l+90 g/l,SC,SUPER PLAZMA SC,F.55-21,AGRIPROTEC,NUFARM,2023,ALL_SUBSTANCES_APPROVED_IN_EU,1,Chlorothalonil +Tebuconazole,Tebuconazole,Chlorothalonil +Tebuconazole:EU_APPROVED,
FONGICIDE,Chlorothalonil l +Dimethomophe,500g/ +100g/l,SC,AVANTAGE CT,F.002-17,SANABEL Agro,ROTAM AGROCHEMIC,2023,CONTAINS_NOT_APPROVED_SUBSTANCE_IN_EU,1,Chlorothalonil l +Dimethomophe,Chlorothalonil,Chlorothalonil l +Dimethomophe:EU_NOT_APPROVED,
FONGICIDE,Chlorothaonil,500 g/l,SC,CLORTOSIP 500 SC,F.011-20,ATLAS AGRICOLE,SIPCAM INAGRA,2023,NOT_FOUND_OR_NEEDS_MANUAL_REVIEW,0,Chlorothaonil,,Chlorothaonil:NOT_IN_EU_LIST,
FONGICIDE,Chlorothaonil,500 g/l,SC,PUGIL LA,F.001-17,INNOVA,SIPCAM INAGRA,2023,NOT_FOUND_OR_NEEDS_MANUAL_REVIEW,0,Chlorothaonil,,Chlorothaonil:NOT_IN_EU_LIST,
FONGICIDE,Chlorothaonil,72%,SC,CHARISMA,F.063-22,FERTITECH,Sharda Cropchen,2023,NOT_FOUND_OR_NEEDS_MANUAL_REVIEW,0,Chlorothaonil,,Chlorothaonil:NOT_IN_EU_LIST,
FONGICIDE,Chlorothaonil,72%,SC,Clotril SC,21-15.F,SHARDA CROPCHEM TUNISIE,Sharda Cropchen,2023,NOT_FOUND_OR_NEEDS_MANUAL_REVIEW,0,Chlorothaonil,,Chlorothaonil:NOT_IN_EU_LIST,
FONGICIDE,Chlorothaonil,75%,SC,CHLORAMAX,F.003-16,SANABEL AGRO,SINON CORPORATION,2023,NOT_FOUND_OR_NEEDS_MANUAL_REVIEW,0,Chlorothaonil,,Chlorothaonil:NOT_IN_EU_LIST,
FONGICIDE,Cymoxanil +chlorothalonil,50 g/l+375g/l,SC,PUGIL CX,F.047-22,EL KHADRA,SIPCAM INAGRA,2023,ALL_SUBSTANCES_APPROVED_IN_EU,1,Cymoxanil +chlorothalonil,Cymoxanil,Cymoxanil +chlorothalonil:EU_APPROVED,
FONGICIDE,Mandipropamide +Chlorothalonil,40 g/L +400 g/L,SC,Carial Opti,F.068-11/21,BIOPROTECTION,SYNGENTA,2023,ALL_SUBSTANCES_APPROVED_IN_EU,1,Mandipropamide +Chlorothalonil,Mandipropamid,Mandipropamide +Chlorothalonil:EU_APPROVED,
FONGICIDE,Tébuconazole +Chlorothalonil,60g/l +166g/l,SC,LEMBAR,F.003-17,EL KHADRA,SIPCAM INAGRA,2023,ALL_SUBSTANCES_APPROVED_IN_EU,1,Tébuconazole +Chlorothalonil,Tebuconazole,Tébuconazole +Chlorothalonil:EU_APPROVED,
FONGICIDE,Tébuconazole +Chlorothalonil,125 g/l+375 g/l,SC,CIGAL PLUS SC,F.008-18,SANABEL AGRO,RotamAgrochemi calCo.Ltd,2023,ALL_SUBSTANCES_APPROVED_IN_EU,1,Tébuconazole +Chlorothalonil,Tebuconazole,Tébuconazole +Chlorothalonil:EU_APPROVED,
INECTICIDE,Abamectine,18 g/L,EC,Numectin,I.A.009-16,AGRIPROTEC,NUFARM,2023,ALL_SUBSTANCES_APPROVED_IN_EU,1,Abamectine,Abamectin (aka avermectin),Abamectine:EU_APPROVED,
INECTICIDE,Abamectine,84 g/L,SC,Agrimec Gold 084 SC,I.A.129- 11/21,BIOPROTECTION,SYNGENTA,2023,ALL_SUBSTANCES_APPROVED_IN_EU,1,Abamectine,Abamectin (aka avermectin),Abamectine:EU_APPROVED,
INECTICIDE,Abamectine,20g/l,SC,TERVIGO 020 SC,IN.001-19,BIOPROTECTION,Syngenta Crop Protection AG,2023,ALL_SUBSTANCES_APPROVED_IN_EU,1,Abamectine,Abamectin (aka avermectin),Abamectine:EU_APPROVED,
INECTICIDE,Abamectine,18g/l,EC,VALMEC EC,I.004-19,EL KHADRA,INDUSTRIAS AFRASA S.A,2023,ALL_SUBSTANCES_APPROVED_IN_EU,1,Abamectine,Abamectin (aka avermectin),Abamectine:EU_APPROVED,
INECTICIDE,Abamectine,18 g/l,EC,ROMECTIN EC,I.02-21,AGRONOMIC LAND,"ROTAM CHEMISTRY CO.,Ltd",2023,ALL_SUBSTANCES_APPROVED_IN_EU,1,Abamectine,Abamectin (aka avermectin),Abamectine:EU_APPROVED,
INECTICIDE,Abamectine,1 8 g / l,E C,V e r t i m e c,I A . 0 03-11/21,BIOPROTECTION,SYNGENTA,2023,ALL_SUBSTANCES_APPROVED_IN_EU,1,Abamectine,Abamectin (aka avermectin),Abamectine:EU_APPROVED,
INECTICIDE,Abamectine,1 8 g / L,E W,D i v a 1 . 8 E W,I . A . 002-15,EL MOUSSEM AGRICOLE,CHEMINOVA,2023,ALL_SUBSTANCES_APPROVED_IN_EU,1,Abamectine,Abamectin (aka avermectin),Abamectine:EU_APPROVED,
INECTICIDE,Abamectine,1 8 g / l,E C,A C T R O S E 1 8 E C,I . 0 1 5-18,Ets MEZGHANI,ASTRACHEM,2023,ALL_SUBSTANCES_APPROVED_IN_EU,1,Abamectine,Abamectin (aka avermectin),Abamectine:EU_APPROVED,
INECTICIDE,Abamectine,1 8 g / l,E C,T I N A E C,I A . 0 05-11/21,ETS MEZGHANI,INDUSTRIAL QUIMICA KEY,2023,ALL_SUBSTANCES_APPROVED_IN_EU,1,Abamectine,Abamectin (aka avermectin),Abamectine:EU_APPROVED,
INECTICIDE,Abamectine,1 8 g / l,E C,M E C T I N E P R O,I . 0 0 6-17,JADWA AGROTEC,AAKO BV,2023,ALL_SUBSTANCES_APPROVED_IN_EU,1,Abamectine,Abamectin (aka avermectin),Abamectine:EU_APPROVED,
INECTICIDE,Abamectine,1 8 g / l,E C,P o t e n z a 1 . 8,I A . 0 07-11/21,SANABEL AGRO,SINON CORPORATION,2023,ALL_SUBSTANCES_APPROVED_IN_EU,1,Abamectine,Abamectin (aka avermectin),Abamectine:EU_APPROVED,
INECTICIDE,Abamectine,1 8 g / l,E C,A a k o m e c t i n e,I A . 0 09-11/21,STEC,AAKO BV,2023,ALL_SUBSTANCES_APPROVED_IN_EU,1,Abamectine,Abamectin (aka avermectin),Abamectine:EU_APPROVED,
INECTICIDE,Abamectine,1 8 g / l,E C,T r a n s a c t 1 8 E C,I . A . 161- 11/21,TASMID,ASTRACHEM,2023,ALL_SUBSTANCES_APPROVED_IN_EU,1,Abamectine,Abamectin (aka avermectin),Abamectine:EU_APPROVED,
INECTICIDE,Acetameprid,70%,SP,ACETADE FORT,I.009-17,SANABEL Agro,SHARDA CROPCHEM,2023,ALL_SUBSTANCES_APPROVED_IN_EU,1,Acetameprid,Acetamiprid,Acetameprid:EU_APPROVED,
INECTICIDE,Acetameprid,70%,SP,Polysect,I.004-16,SOCOOPEC,SHARDA,2023,ALL_SUBSTANCES_APPROVED_IN_EU,1,Acetameprid,Acetamiprid,Acetameprid:EU_APPROVED,
INECTICIDE,Acetamiprid + pyriproxyfen,186 g/l+124 g/l,DC,CANVION310 DC,I.032-22,COTUGRAIN,Syngenta Crop Protection,2023,ALL_SUBSTANCES_APPROVED_IN_EU,1,Acetamiprid + pyriproxyfen,Pyriproxyfen,Acetamiprid + pyriproxyfen:EU_APPROVED,
INECTICIDE,Acetamipride,200 g/L,SL,Escort 20 SL,I.010-11/21,BIOPROTECTION,UPL/(NIPPON SODA)ARYSTA LIFESCIENCE,2023,ALL_SUBSTANCES_APPROVED_IN_EU,1,Acetamipride,Acetamiprid,Acetamipride:EU_APPROVED,
INECTICIDE,Acetamipride,200 g/L,SL,Mospilan 20 SL,I.011-11/21,SEPCM,(NIPPON SODA) ARYSTA LIFESCIENCE /UPL,2023,ALL_SUBSTANCES_APPROVED_IN_EU,1,Acetamipride,Acetamiprid,Acetamipride:EU_APPROVED,
INECTICIDE,Acetamipride,200 g/l,SL,DEPOT SL,I.037-22,PROTAGRI,MODERN INSECTICIDES LIMITED,2023,ALL_SUBSTANCES_APPROVED_IN_EU,1,Acetamipride,Acetamiprid,Acetamipride:EU_APPROVED,
INECTICIDE,Acrinathrine,75 g/L,EW,Orytis,I.135-11/21,ATLAS AGRICOLE,CHEMINOVA,2023,CONTAINS_NOT_APPROVED_SUBSTANCE_IN_EU,1,Acrinathrine,Acrinathrin,Acrinathrine:EU_NOT_APPROVED,
INECTICIDE,Acrinathrine,75 g/L,EW,"Rufast 7,5 EW",A.013-11/21,EL MOUSSEM AGRICOLE,CHEMINOVA,2023,CONTAINS_NOT_APPROVED_SUBSTANCE_IN_EU,1,Acrinathrine,Acrinathrin,Acrinathrine:EU_NOT_APPROVED,
INECTICIDE,Acrinathrine +Abamectine,22.5 g/l+12.6 g/l,EW,TRIPSOL EW,I.010-19,AGROSYSTEME,Cheminova/fmc,2023,ALL_SUBSTANCES_APPROVED_IN_EU,1,Acrinathrine +Abamectine,Abamectin (aka avermectin),Acrinathrine +Abamectine:EU_APPROVED,
INECTICIDE,Alphaméthrine,1 0 0 g / L,E C,Bonbard,I.176-11/21,COTUGRAIN IMPEX,BASF,2023,NOT_FOUND_OR_NEEDS_MANUAL_REVIEW,0,Alphaméthrine,,Alphaméthrine:NOT_IN_EU_LIST,
INECTICIDE,"Azadirachtine (0,03 %) + huile de neem","0 ,3 g/L+90,5%",EC,Nimbicidine,I.160-11/21,TASMID,T. STANES &Co.Ltd.,2023,NOT_FOUND_OR_NEEDS_MANUAL_REVIEW,1,Azadirachtine (0 | PERCENT ) + huile de neem,Azadirachtin (Margosa extract),Azadirachtine (0:EU_APPROVED | PERCENT ) + huile de neem:NOT_IN_EU_LIST,
INECTICIDE,Azadirachtine 32 g/L,32 g/L,EC,OIKOS MAX,I.004-20,EL KHADRA,SIPCAM INAGRA,2023,ALL_SUBSTANCES_APPROVED_IN_EU,2,Azadirachtine 32 g | L,Azadirachtin (Margosa extract) | Diflufenican,Azadirachtine 32 g:EU_APPROVED | L:EU_APPROVED,
INECTICIDE,Bacillus thuringiensis,16x106I.U/g,SC,BELTHIRUL 16SC,I.09-21,AGRIPROTEC,PROBLETE,2023,ALL_SUBSTANCES_APPROVED_IN_EU,1,Bacillus thuringiensis,Bacillus thuringiensis subsp. Kurstaki strain EG2348,Bacillus thuringiensis:EU_APPROVED,
INECTICIDE,Bacillus thuringiensis,32000UI/mg,WG,Delfin WG,I.131-11/21,AGROSYSTEMES,CERTIS,2023,ALL_SUBSTANCES_APPROVED_IN_EU,1,Bacillus thuringiensis,Bacillus thuringiensis subsp. Kurstaki strain EG2348,Bacillus thuringiensis:EU_APPROVED,
INECTICIDE,"Bacillus thuringiensis (spKurstaki),souche ABTS-351",32000UI/mg,WG,BACTOSPINE DF,I.017-19,SEPCM,VALENT BIOSCIENCE CORPORATION/s umitomo chemical,2023,NOT_FOUND_OR_NEEDS_MANUAL_REVIEW,1,Bacillus thuringiensis (spKurstaki) | souche ABTS-351,Bacillus thuringiensis subsp. Kurstaki strain EG2348,Bacillus thuringiensis (spKurstaki):EU_APPROVED | souche ABTS-351:NOT_IN_EU_LIST,
INECTICIDE,"Bacillus thuringiensis (spKurstaki),souche ABTS-351",16000UI/mg,WP,touta stop WP,I.025-11/21,ets mezghani,industrial quimica key,2023,NOT_FOUND_OR_NEEDS_MANUAL_REVIEW,1,Bacillus thuringiensis (spKurstaki) | souche ABTS-351,Bacillus thuringiensis subsp. Kurstaki strain EG2348,Bacillus thuringiensis (spKurstaki):EU_APPROVED | souche ABTS-351:NOT_IN_EU_LIST,
INECTICIDE,Bacillus thuringiensis subsp- kurstakisouche EG-2348,375 g/kg,WP,LEPINOX PLUS WP,I.019-22,COTUGRAIN,CBC (EUROPE)/BIOG ARD,2023,NOT_FOUND_OR_NEEDS_MANUAL_REVIEW,0,Bacillus thuringiensis subsp- kurstakisouche EG-2348,,Bacillus thuringiensis subsp- kurstakisouche EG-2348:NOT_IN_EU_LIST,
INECTICIDE,Beauveria bassiana strain ATCC,0.0185,SC,Naturalis SC,I.038-22,COTUGRAIN,CBC europe,2023,ALL_SUBSTANCES_APPROVED_IN_EU,1,Beauveria bassiana strain ATCC,Beauveria bassiana strain ATCC 74040,Beauveria bassiana strain ATCC:EU_APPROVED,
INECTICIDE,74040,%W/W),SC,,,,,2023,NO_SUBSTANCE,0,,,,
INECTICIDE,Beauveria bassiana strain R444,2x109 spores,WP,Bb-Protec WP,I.08-21,ALOHA Agriculture,,2023,MANUAL_REVIEW,1,Beauveria bassiana strain R444,Beauveria bassiana strain R444,Beauveria bassiana strain R444:FOUND_UNKNOWN_STATUS,
INECTICIDE,Bifenazate,240 g/l,SC,COMITE 240 SC,I.024-22,BIOPROTECTION,CHEMTURA/AR YSTA,2023,ALL_SUBSTANCES_APPROVED_IN_EU,1,Bifenazate,Bifenazate,Bifenazate:EU_APPROVED,
INECTICIDE,Bifenazate,240 g/l,SC,FLORAMITE 240 SC,I.008-16,AGRIMATCO,CHEMTURA/AR YSTA,2023,ALL_SUBSTANCES_APPROVED_IN_EU,1,Bifenazate,Bifenazate,Bifenazate:EU_APPROVED,
INECTICIDE,Bifenazate,50%,WG,BANTER WG,I.003-19,AGRIPROTEC,UPL limited,2023,ALL_SUBSTANCES_APPROVED_IN_EU,1,Bifenazate,Bifenazate,Bifenazate:EU_APPROVED,
INECTICIDE,Bifenazate,"494,8 g/L",SC,Acramite 480 SC,IA.030-11/21,SEPCM,CHEMTURA /UPL,2023,ALL_SUBSTANCES_APPROVED_IN_EU,1,Bifenazate,Bifenazate,Bifenazate:EU_APPROVED,
INECTICIDE,Borax,10 g/L,SL,Prev-am,I.A.F.031- 11/21,EL MOUSSEM,ORO AGRI,2023,NOT_FOUND_OR_NEEDS_MANUAL_REVIEW,0,Borax,,Borax:NOT_IN_EU_LIST,
INECTICIDE,Borax,10 g/L,SL,Orotun,I.A.F.017-16,RAYEN PHYTAGRI,ORO AGRI,2023,NOT_FOUND_OR_NEEDS_MANUAL_REVIEW,0,Borax,,Borax:NOT_IN_EU_LIST,
INECTICIDE,Chlorantraniliprole,20%,SC,Virago,I.041-22,SHARDA CROPCHEM Tunisia,SHARDA CROPCHEM limited,2023,ALL_SUBSTANCES_APPROVED_IN_EU,1,Chlorantraniliprole,Chlorantraniliprole,Chlorantraniliprole:EU_APPROVED,
INECTICIDE,Chlorantraniliprole,200 g/L,SC,Coragen 20 SC,I.033-11/21,SEPCM,DU PONT/FMC,2023,ALL_SUBSTANCES_APPROVED_IN_EU,1,Chlorantraniliprole,Chlorantraniliprole,Chlorantraniliprole:EU_APPROVED,
INECTICIDE,Chlorantraniliprole,350 g/kg,WG,ALTACOR 35 WG,I.015-22,AGRIPROTEC,FMC,2023,ALL_SUBSTANCES_APPROVED_IN_EU,1,Chlorantraniliprole,Chlorantraniliprole,Chlorantraniliprole:EU_APPROVED,
INECTICIDE,Chlorantraniliprole,200g/l,SC,COREGIS SC,I.025-22,PROMOCHIMIE,DU PONT/FMC,2023,ALL_SUBSTANCES_APPROVED_IN_EU,1,Chlorantraniliprole,Chlorantraniliprole,Chlorantraniliprole:EU_APPROVED,
INECTICIDE,Chlorantraniliprole + Abamectine,4 5 g / L + 1 8 g/L,SC,VoliamTargo 063 SC,I.034-11/21,BIOPROTECTION,SYNGENTA,2023,ALL_SUBSTANCES_APPROVED_IN_EU,1,Chlorantraniliprole + Abamectine,Chlorantraniliprole,Chlorantraniliprole + Abamectine:EU_APPROVED,
INECTICIDE,Chlorantraniliprole +LambdaCyhalothrine,100 g/L+50 g/L,SC,BESIEGE 150 ZC,I.009-18,COTUGRAIN IMPEX,SYNGENTA,2023,ALL_SUBSTANCES_APPROVED_IN_EU,1,Chlorantraniliprole +LambdaCyhalothrine,Chlorantraniliprole,Chlorantraniliprole +LambdaCyhalothrine:EU_APPROVED,
INECTICIDE,Chlorpyriphos,5%,GR,DELFOS 5G,I.038-11/21,ETS MEZGHANI,INDUSTRIAL QUIMICA KEY,2023,CONTAINS_NOT_APPROVED_SUBSTANCE_IN_EU,1,Chlorpyriphos,Chlorpyrifos,Chlorpyriphos:EU_NOT_APPROVED,
INECTICIDE,Chlorpyrifos+Gamma –cyhalothrin,300 g/l+10 g/l,EC,BOLTON EC,I.009-19,AGRIPROTEC,CHEMINOVA /FMC,2023,CONTAINS_NOT_APPROVED_SUBSTANCE_IN_EU,1,Chlorpyrifos+Gamma –cyhalothrin,Chlorpyrifos,Chlorpyrifos+Gamma –cyhalothrin:EU_NOT_APPROVED,
INECTICIDE,Chlorpyriphos ethyl,480 g/l,EC,PYRIBAN EC,I.31-22,SSCC,Gharda chemicals,2023,CONTAINS_NOT_APPROVED_SUBSTANCE_IN_EU,1,Chlorpyriphos ethyl,Chlorpyrifos,Chlorpyriphos ethyl:EU_NOT_APPROVED,
INECTICIDE,Chlorpyriphosethyl,480g/l,EC,CASTEL 48 EC,I.007-17,EXCEL AGRI,SHARDA,2023,NOT_FOUND_OR_NEEDS_MANUAL_REVIEW,0,Chlorpyriphosethyl,,Chlorpyriphosethyl:NOT_IN_EU_LIST,
INECTICIDE,ChlorpyriphosEthyl,480 g/L,EC,Lorvek 480 EC,I.006-14,ATLAS AGRICOLE,DOW AGROSCIENCES,2023,NOT_FOUND_OR_NEEDS_MANUAL_REVIEW,0,ChlorpyriphosEthyl,,ChlorpyriphosEthyl:NOT_IN_EU_LIST,
INECTICIDE,ChlorpyriphosEthyl,480 g/L,EC,Robust 480 EC,I.159-11/21,ATLAS INDUSTRIE,COROMANDEL,2023,NOT_FOUND_OR_NEEDS_MANUAL_REVIEW,0,ChlorpyriphosEthyl,,ChlorpyriphosEthyl:NOT_IN_EU_LIST,
INECTICIDE,ChlorpyriphosEthyl,480 g/L,EC,Pyrical 480 EC,I.039-11/21,BIOPROTECTION,UPL/(NIPPON SODA)ARYSTA LIFESCIENCE,2023,NOT_FOUND_OR_NEEDS_MANUAL_REVIEW,0,ChlorpyriphosEthyl,,ChlorpyriphosEthyl:NOT_IN_EU_LIST,
INECTICIDE,Chlorpyriphosethyl,480g/l,EC,BONSOL,I.014-19,COTUGRAIN,SHARDA,2023,NOT_FOUND_OR_NEEDS_MANUAL_REVIEW,0,Chlorpyriphosethyl,,Chlorpyriphosethyl:NOT_IN_EU_LIST,
INECTICIDE,ChlorpyriphosEthyl,480 g/L,EC,Super Chlorpy,I.163-11/21,EL MOUSSEM,GHARDA CHEMICALS/arist eas,2023,NOT_FOUND_OR_NEEDS_MANUAL_REVIEW,0,ChlorpyriphosEthyl,,ChlorpyriphosEthyl:NOT_IN_EU_LIST,
INECTICIDE,ChlorpyriphosEthyl,480 g/L,EC,LORGARD,I.018-22,ATLAS AGRICOLE,GHARDA CHEMICALS/arist eas,2023,NOT_FOUND_OR_NEEDS_MANUAL_REVIEW,0,ChlorpyriphosEthyl,,ChlorpyriphosEthyl:NOT_IN_EU_LIST,
INECTICIDE,ChlorpyriphosEthyl,480 g/L,EC,Delfos,I.040-11/21,ETS MEZGHANI,INDUSTRIAL QUIMICA KEY,2023,NOT_FOUND_OR_NEEDS_MANUAL_REVIEW,0,ChlorpyriphosEthyl,,ChlorpyriphosEthyl:NOT_IN_EU_LIST,
INECTICIDE,Chlorpyriphosethyl,480g/l,EC,PYRIFOS,I.016-19,FERTITECH,SHARDA,2023,NOT_FOUND_OR_NEEDS_MANUAL_REVIEW,0,Chlorpyriphosethyl,,Chlorpyriphosethyl:NOT_IN_EU_LIST,
INECTICIDE,Chlorpyriphosethyl,480g/l,EC,Charter,I.007-16,SANABEL AGRO,SINON CORPORATION,2023,NOT_FOUND_OR_NEEDS_MANUAL_REVIEW,0,Chlorpyriphosethyl,,Chlorpyriphosethyl:NOT_IN_EU_LIST,
INECTICIDE,ChlorpyriphosEthyl,480 g/L,EC,Akocid 480 EC,I.12-21,STEC,AAKO,2023,NOT_FOUND_OR_NEEDS_MANUAL_REVIEW,0,ChlorpyriphosEthyl,,ChlorpyriphosEthyl:NOT_IN_EU_LIST,
INECTICIDE,ChlorpyriphosEthyl,480 g/L,EC,Akofos 480 EC,I.172-11/21,SEPCM,AAKO,2023,NOT_FOUND_OR_NEEDS_MANUAL_REVIEW,0,ChlorpyriphosEthyl,,ChlorpyriphosEthyl:NOT_IN_EU_LIST,
INECTICIDE,Chlorpyriphosethyl,480g/l,EC,Starphos,I.003-16,SOCOOPEC,SHARDA,2023,NOT_FOUND_OR_NEEDS_MANUAL_REVIEW,0,Chlorpyriphosethyl,,Chlorpyriphosethyl:NOT_IN_EU_LIST,
INECTICIDE,ChlorpyriphosEthyl,480 g/L,EC,Duracid,I.042-11/21,STEC,DOW AGROSCIENCES,2023,NOT_FOUND_OR_NEEDS_MANUAL_REVIEW,0,ChlorpyriphosEthyl,,ChlorpyriphosEthyl:NOT_IN_EU_LIST,
INECTICIDE,Chlorpyriphos-Méthyl,400 g/L,EC,EXAQ EC,I.008-17,ATLAS AGRICOLE,DOW AGROSCIENCES,2023,CONTAINS_NOT_APPROVED_SUBSTANCE_IN_EU,1,Chlorpyriphos-Méthyl,Chlorpyrifos-methyl,Chlorpyriphos-Méthyl:EU_NOT_APPROVED,
INECTICIDE,Chromafénozide,50 g/L,SC,Matric,I.044-11/21,BIOPROTECTION,UPL/ARYSTA LIFESCIENCE,2023,CONTAINS_NOT_APPROVED_SUBSTANCE_IN_EU,1,Chromafénozide,Chromafenozide,Chromafénozide:EU_NOT_APPROVED,
INECTICIDE,Clofentezine,500 g/L,SC,Apollo 50,A.045-11/21,STEC,AAKO BV,2023,CONTAINS_NOT_APPROVED_SUBSTANCE_IN_EU,1,Clofentezine,Clofentezine,Clofentezine:EU_NOT_APPROVED,
INECTICIDE,Cyantraniliprole,100 g/L,OD,Benevia,I.014-16,AGRIMATCO,DU PONT,2023,ALL_SUBSTANCES_APPROVED_IN_EU,1,Cyantraniliprole,Cyantraniliprole,Cyantraniliprole:EU_APPROVED,
INECTICIDE,Cyantraniliprole,100 g/L,OD,Preza OD,I.11-21,Agriprotec,DU PONT/FMC,2023,ALL_SUBSTANCES_APPROVED_IN_EU,1,Cyantraniliprole,Cyantraniliprole,Cyantraniliprole:EU_APPROVED,
INECTICIDE,Cyantraniliprole +Acibenzolar-S-methyl,"100 g/l+12,5 g/L",SC,PLESIVA ALPHA SC,I.011-22,BIOPROTECTION,SYNGENTA,2023,ALL_SUBSTANCES_APPROVED_IN_EU,1,Cyantraniliprole +Acibenzolar-S-methyl,Cyantraniliprole,Cyantraniliprole +Acibenzolar-S-methyl:EU_APPROVED,
INECTICIDE,Cyantraniliprole +Abamectine,60 g/l+18g/l,SC,MINECTO PRO SC,I.006-22,BIOPROTECTION,SYNGENTA,2023,ALL_SUBSTANCES_APPROVED_IN_EU,1,Cyantraniliprole +Abamectine,Abamectin (aka avermectin),Cyantraniliprole +Abamectine:EU_APPROVED,
INECTICIDE,Cyflumetofen,100g/l,DC,DANIRANGER 10DC,I.001-22,AGRIMATCO,OAT AgrioCO.Ltd,2023,ALL_SUBSTANCES_APPROVED_IN_EU,1,Cyflumetofen,Cyflumetofen,Cyflumetofen:EU_APPROVED,
INECTICIDE,Cyflumetofen,193.5 g/1,SC,VELAR 20 SC,I.03-21,cotugrain,OAT agrio(fab)/Japo(LI DA PLANT RESEARCH/Four nisseur),2023,ALL_SUBSTANCES_APPROVED_IN_EU,1,Cyflumetofen,Cyflumetofen,Cyflumetofen:EU_APPROVED,
INECTICIDE,Cypermethrine,250 g/L,EC,SYNCHRO,I.004-15,EL KHADRA,SHARDA WORLDWIDE,2023,ALL_SUBSTANCES_APPROVED_IN_EU,1,Cypermethrine,Cypermethrin,Cypermethrine:EU_APPROVED,
INECTICIDE,Cypermethrine,250 g/L,EC,CYPERNOVA,I.004-17,AGRINOVA,SHARDA WORLDWIDE,2023,ALL_SUBSTANCES_APPROVED_IN_EU,1,Cypermethrine,Cypermethrin,Cypermethrine:EU_APPROVED,
INECTICIDE,Cypermethrine,500 g/l,EC,CYPGOLD 500 EC,I.029-22,EL MOUSSEM,ARYSTA LIFESCIENCE,2023,ALL_SUBSTANCES_APPROVED_IN_EU,1,Cypermethrine,Cypermethrin,Cypermethrine:EU_APPROVED,
INECTICIDE,Cypermethrine,100 g/l,EC,CYRUX,I.003-17,PROTAGRI,UPL,2023,ALL_SUBSTANCES_APPROVED_IN_EU,1,Cypermethrine,Cypermethrin,Cypermethrine:EU_APPROVED,
INECTICIDE,Cypermethrine,0.86 %,MG,Belem 0.8 MG,002-16 I.,SEPCM,,2023,ALL_SUBSTANCES_APPROVED_IN_EU,1,Cypermethrine,Cypermethrin,Cypermethrine:EU_APPROVED,
INECTICIDE,Cyperméthrine,100 g/L,EC,Selene,I.048-11/21,ETS. MEZGHANI,INDUSTRIAL QUIMICA KEY,2023,ALL_SUBSTANCES_APPROVED_IN_EU,1,Cyperméthrine,Cypermethrin,Cyperméthrine:EU_APPROVED,
INECTICIDE,Cyperméthrine,100 g/L,EC,Sherpa,I.146-11/21,JADWA AGROTEC,CMPA,2023,ALL_SUBSTANCES_APPROVED_IN_EU,1,Cyperméthrine,Cypermethrin,Cyperméthrine:EU_APPROVED,
INECTICIDE,Cyperméthrine,2 5 0 g / L,E C,C y p e r cal 250 EC,I.046-11/21,BIOPROTECTION,UPL/ARYSTA LIFESCIENCE,2023,ALL_SUBSTANCES_APPROVED_IN_EU,1,Cyperméthrine,Cypermethrin,Cyperméthrine:EU_APPROVED,
INECTICIDE,Deltamethrine,25 g/l,EC,D66,I.003-15,ETS MEZGHANNI,INDUSTRIAL QUIMICA KEY,2023,ALL_SUBSTANCES_APPROVED_IN_EU,1,Deltamethrine,Deltamethrin,Deltamethrine:EU_APPROVED,
INECTICIDE,Deltamethrine,25 g/l,EC,Dextra 25 EC,16-016I.,RAYEN PHYTAGRI,TAGROS CHEMICALS,2023,ALL_SUBSTANCES_APPROVED_IN_EU,1,Deltamethrine,Deltamethrin,Deltamethrine:EU_APPROVED,
INECTICIDE,Deltamethrine,25 g/l,EC,Delmitox,16-011I.,SANABEL AGRO,,2023,ALL_SUBSTANCES_APPROVED_IN_EU,1,Deltamethrine,Deltamethrin,Deltamethrine:EU_APPROVED,
INECTICIDE,Deltamethrine,15 g/l,EC,Atrium,16-012I.,SANABEL AGRO,,2023,ALL_SUBSTANCES_APPROVED_IN_EU,1,Deltamethrine,Deltamethrin,Deltamethrine:EU_APPROVED,
INECTICIDE,Deltamethrine,25 g/l,EC,Sergent,I.006-15,SOCOOPEC,,2023,ALL_SUBSTANCES_APPROVED_IN_EU,1,Deltamethrine,Deltamethrin,Deltamethrine:EU_APPROVED,
INECTICIDE,Deltamethrine,25 g/l,EC,SCATTO EC,I.013-19,STIMA,ISAGRO SPA/GOWAN,2023,ALL_SUBSTANCES_APPROVED_IN_EU,1,Deltamethrine,Deltamethrin,Deltamethrine:EU_APPROVED,
INECTICIDE,Deltaméthrine,100 g/L,EC,Decis Expert,I.056-11/21,ATLAS AGRICOLE,BAYER CROPSCIENCE,2023,ALL_SUBSTANCES_APPROVED_IN_EU,1,Deltaméthrine,Deltamethrin,Deltaméthrine:EU_APPROVED,
INECTICIDE,Deltaméthrine,2 5 g / L,E C,Deltacal,I.053-11/21,BIOPROTECTION,UPL/ARYSTA LIFESCIENCE,2023,ALL_SUBSTANCES_APPROVED_IN_EU,1,Deltaméthrine,Deltamethrin,Deltaméthrine:EU_APPROVED,
INECTICIDE,Deltaméthrine,2 5 g / L,E C,Decis EC 25,I.054-11/21,EL MOUSSEM AGRICOLE,BAYER CROPSCIENCE,2023,ALL_SUBSTANCES_APPROVED_IN_EU,1,Deltaméthrine,Deltamethrin,Deltaméthrine:EU_APPROVED,
INECTICIDE,Deltaméthrine,2 5 g / L,E C,Fruithrine,I.166-11/21,PROTAGRI,United Phosphorus Ltd,2023,ALL_SUBSTANCES_APPROVED_IN_EU,1,Deltaméthrine,Deltamethrin,Deltaméthrine:EU_APPROVED,
INECTICIDE,Deltaméthrine,2 5 g / L,E C,Delta,I.055-11/21,STEC,BAYER CROPSCIENCE,2023,ALL_SUBSTANCES_APPROVED_IN_EU,1,Deltaméthrine,Deltamethrin,Deltaméthrine:EU_APPROVED,
INECTICIDE,Diafenthiuron,500 g/L,SC,Pegasus 500 SC,I.057-11/21,BIOPROTECTION,SYNGENTA,2023,CONTAINS_NOT_APPROVED_SUBSTANCE_IN_EU,1,Diafenthiuron,Diafenthiuron,Diafenthiuron:EU_NOT_APPROVED,
INECTICIDE,Dinotefuran,20%,SG,STARKLE 20SG,I.30-22,AGRIMATCO,"Mitsui Chemicals Agro,Inc",2023,CONTAINS_NOT_APPROVED_SUBSTANCE_IN_EU,1,Dinotefuran,Dinotefuran,Dinotefuran:EU_NOT_APPROVED,
INECTICIDE,Emamectin benzoate,50 g/L,EC,Proact 50 EC,I.128-11/21,TASMID,ASTRACHEM,2023,ALL_SUBSTANCES_APPROVED_IN_EU,1,Emamectin benzoate,Emamectin,Emamectin benzoate:EU_APPROVED,
INECTICIDE,Emamectin benzoate,50 g/L,EC,PROFAST EC,I.046-22,PLANETE VERTE,ASTRACHEM,2023,ALL_SUBSTANCES_APPROVED_IN_EU,1,Emamectin benzoate,Emamectin,Emamectin benzoate:EU_APPROVED,
INECTICIDE,Emamectin benzoate,5%,SG,Proclaim 05 SG,I.063-11/21,BIOPROTECTION,SYNGENTA,2023,ALL_SUBSTANCES_APPROVED_IN_EU,1,Emamectin benzoate,Emamectin,Emamectin benzoate:EU_APPROVED,
INECTICIDE,Emamectin benzoate,5%,SG,JEMSTAR,I.049-22,FERTIPLANT,Krishi rasayam,2023,ALL_SUBSTANCES_APPROVED_IN_EU,1,Emamectin benzoate,Emamectin,Emamectin benzoate:EU_APPROVED,
INECTICIDE,Etofenprox,30%,EC,TREBON EC,I.012-19,ATLAS AGRICOLE,SIPCAM INAGRA S.S,2023,ALL_SUBSTANCES_APPROVED_IN_EU,1,Etofenprox,Etofenprox,Etofenprox:EU_APPROVED,
INECTICIDE,Etoxazole,110g/l,SC,Borneo 10 SC,I.A.017-17,BIOPROTECTION,SUMITOMO,2023,ALL_SUBSTANCES_APPROVED_IN_EU,1,Etoxazole,Etoxazole,Etoxazole:EU_APPROVED,
INECTICIDE,"(E,Z,Z)-3,8 ,11-Tetradecadien -1-yl acetate( 53.8 mg/diffuseur) (E,Z)-3,8 –Tetradecad ien -1-yl acetate(6.2 mg/diffuseur)",60 mg /dispensers,VP,SHIN –ETSU MD T,I.014-22,COTUGRAIN,Shin ETSU chemical/ CBC (EUROPE),2023,CONTAINS_NOT_APPROVED_SUBSTANCE_IN_EU,3,(E | Z | Z)-3 | 11-Tetradecadien -1-yl acetate( 53.8 mg | diffuseur) (E | Z)-3 | 8 –Tetradecad ien -1-yl acetate(6.2 mg | diffuseur),"Diflufenican | Mancozeb | 2,4,5-T",(E:EU_APPROVED | Z:EU_NOT_APPROVED | Z)-3:NOT_IN_EU_LIST | 11-Tetradecadien -1-yl acetate( 53.8 mg:EU_NOT_APPROVED | diffuseur) (E:NOT_IN_EU_LIST | Z)-3:NOT_IN_EU_LIST | 8 –Tetradecad ien -1-yl acetate(6.2 mg:NOT_IN_EU_LIST | diffuseur):NOT_IN_EU_LIST,
INECTICIDE,Fenazaquin,200 g/L,SC,MAGISTER,A.I.003-20,SEPCM,GOWAN Espagne,2023,ALL_SUBSTANCES_APPROVED_IN_EU,1,Fenazaquin,Fenazaquin,Fenazaquin:EU_APPROVED,
INECTICIDE,Fenpyroximate,"5 1 , 2 g / L",S C,FLASH EVO,I.012-18,EL KHADRA,,2023,ALL_SUBSTANCES_APPROVED_IN_EU,1,Fenpyroximate,Fenpyroximate,Fenpyroximate:EU_APPROVED,
INECTICIDE,Fenpyroximate,5 0 g / L,S C,Mitacid,I.010-15,INNOVA,,2023,ALL_SUBSTANCES_APPROVED_IN_EU,1,Fenpyroximate,Fenpyroximate,Fenpyroximate:EU_APPROVED,
INECTICIDE,Flonicamid,500 g/kg,WG,TEPPEKI WG,I.10-21,AGRIPROTEC,ISK Biosciences Europe N.V(fabricant)/upl( fournisseur),2023,ALL_SUBSTANCES_APPROVED_IN_EU,1,Flonicamid,Flonicamid (IKI-220),Flonicamid:EU_APPROVED,
INECTICIDE,Flubendiamide,480 g/l,SC,FAME 480 SC,I.020-22,ATLAS AGRICOLE,BAYER,2023,CONTAINS_NOT_APPROVED_SUBSTANCE_IN_EU,1,Flubendiamide,Flubendiamide,Flubendiamide:EU_NOT_APPROVED,
INECTICIDE,Flubendiamide,20%,WG,Takumi 20 WG,I.070-11/21,EL MOUSSEM AGRICOLE,,2023,CONTAINS_NOT_APPROVED_SUBSTANCE_IN_EU,1,Flubendiamide,Flubendiamide,Flubendiamide:EU_NOT_APPROVED,
INECTICIDE,Flufénoxuron,1 0 0 g /L,EC,Qatar,I.071-11/21,AGROSYSTEMES,GLOBACHEM,2023,CONTAINS_NOT_APPROVED_SUBSTANCE_IN_EU,1,Flufénoxuron,Flufenoxuron,Flufénoxuron:EU_NOT_APPROVED,
INECTICIDE,Fluopyram,400 g/l,SC,VELUM PRIME 400 SC,IN.002-19,ATLAS AGRICOLE,BAYER AG,2023,ALL_SUBSTANCES_APPROVED_IN_EU,1,Fluopyram,Fluopyram,Fluopyram:EU_APPROVED,
INECTICIDE,Flupyradifurone,200g/l,SL,SIVANTO PRIME 200 SL,I. 016-17,ATLAS AGRICOLE,Bayer A.G,2023,ALL_SUBSTANCES_APPROVED_IN_EU,1,Flupyradifurone,Flupyradifurone,Flupyradifurone:EU_APPROVED,
INECTICIDE,Gamma-cyhalothrine,60 g/l,CS,Vantex,16-018I.,AGROSYSTEMES,FMC,2023,CONTAINS_NOT_APPROVED_SUBSTANCE_IN_EU,1,Gamma-cyhalothrine,Gamma-cyhalothrin,Gamma-cyhalothrine:EU_NOT_APPROVED,
INECTICIDE,Helicoverpaarmigeranucleopolyhedr ovirus,7.5 1012 cfu/l,SC,BOLLDEX SC,I.010-17,ALOHA Agriculture,ANDERMATT BIOCONTROL,2023,NOT_FOUND_OR_NEEDS_MANUAL_REVIEW,0,Helicoverpaarmigeranucleopolyhedr ovirus,,Helicoverpaarmigeranucleopolyhedr ovirus:NOT_IN_EU_LIST,
INECTICIDE,Hexythiazox,10%,WP,Jalisco,IA.010-16,AGRIPROTEC,PROPLANT,2023,ALL_SUBSTANCES_APPROVED_IN_EU,1,Hexythiazox,Hexythiazox,Hexythiazox:EU_APPROVED,
INECTICIDE,Hexythiazox,10%,WP,Diablo,I.A.175- 11/21,EL KHADHRA,INDUSTRIAS AFRAZA,2023,ALL_SUBSTANCES_APPROVED_IN_EU,1,Hexythiazox,Hexythiazox,Hexythiazox:EU_APPROVED,
INECTICIDE,Hexythiazox,10%,WP,Cesar,I.A.075- 11/21,EL MOUSSEM AGRICOLE,"NIPPON SODA CO., LTD/arysta/upl",2023,ALL_SUBSTANCES_APPROVED_IN_EU,1,Hexythiazox,Hexythiazox,Hexythiazox:EU_APPROVED,
INECTICIDE,Hexythiazox,10%,WP,Exitox,I.A.177-,Ets MEZGHANI,INDUSTRIAL,2023,ALL_SUBSTANCES_APPROVED_IN_EU,1,Hexythiazox,Hexythiazox,Hexythiazox:EU_APPROVED,
INECTICIDE,Hexythiazox,10%,WP,,11/21,,QUIMICA KEY,2023,ALL_SUBSTANCES_APPROVED_IN_EU,1,Hexythiazox,Hexythiazox,Hexythiazox:EU_APPROVED,
INECTICIDE,Hexythiazox,"258,7 g/l",SC,ACRUX SC,I.005-22,AGROSYSTEMES,Ascenza Agro,2023,ALL_SUBSTANCES_APPROVED_IN_EU,1,Hexythiazox,Hexythiazox,Hexythiazox:EU_APPROVED,
INECTICIDE,Hexythiazox,258.7 g/l,SC,DIABLO MAX SC,I.004-22,EL KHADRA,AFRASA INDUSTRIAS S.A,2023,ALL_SUBSTANCES_APPROVED_IN_EU,1,Hexythiazox,Hexythiazox,Hexythiazox:EU_APPROVED,
INECTICIDE,Hexythiazox +Abamectine,50 g/L+18g/l,SC,ROCINANTE,I.04-21,AGRIPROTEC,PROPLAN PLANT PROTECTION COMPANY,2023,ALL_SUBSTANCES_APPROVED_IN_EU,1,Hexythiazox +Abamectine,Abamectin (aka avermectin),Hexythiazox +Abamectine:EU_APPROVED,
INECTICIDE,Huile de paraffine,800 g/l,EC,OVIPRON TOP,I.003-22,BIOPROTECTION,UPL,2023,NOT_FOUND_OR_NEEDS_MANUAL_REVIEW,0,Huile de paraffine,,Huile de paraffine:NOT_IN_EU_LIST,
INECTICIDE,Huile de paraffinique,79 %,EC,LAINCOIL EC,I.033-22,FERTITECH,LAINCO,2023,NOT_FOUND_OR_NEEDS_MANUAL_REVIEW,0,Huile de paraffinique,,Huile de paraffinique:NOT_IN_EU_LIST,
INECTICIDE,Huile de paraffinique,79 %,EC,OLEO CAP EC,I.047-22,NEGANOR,LAINCO,2023,NOT_FOUND_OR_NEEDS_MANUAL_REVIEW,0,Huile de paraffinique,,Huile de paraffinique:NOT_IN_EU_LIST,
INECTICIDE,Huile de paraffinique,830g/l,EC,AGROIL BLEU EC,I.034-22,PROMOCHIMIE,SIPCAM INAGRA,2023,NOT_FOUND_OR_NEEDS_MANUAL_REVIEW,0,Huile de paraffinique,,Huile de paraffinique:NOT_IN_EU_LIST,
INECTICIDE,Huile minérale,8 5 0 g / L,E C,SunOIL,I.008-13/23,AGRIMATCO,PETRONAS LUBRICANTS BELGIUM NV,2023,NOT_FOUND_OR_NEEDS_MANUAL_REVIEW,0,Huile minérale,,Huile minérale:NOT_IN_EU_LIST,
INECTICIDE,Huile minérale,8 1 7 g / L,E C,Oviphyt,I.127-11/21,ATLAS INDUSTRIE,COMPTOIR COMMERCIAL DES LUBRIFIANTS/S ANGOSSE,2023,NOT_FOUND_OR_NEEDS_MANUAL_REVIEW,0,Huile minérale,,Huile minérale:NOT_IN_EU_LIST,
INECTICIDE,Huile minérale,8 5 0 g / L,E C,Citrole,I.076-11/21,EL MOUSSEM AGRICOLE,TotalEnergies Fluides,2023,NOT_FOUND_OR_NEEDS_MANUAL_REVIEW,0,Huile minérale,,Huile minérale:NOT_IN_EU_LIST,
INECTICIDE,Huile minérale,8 3 0 g / l,E C,Insecticida KEY,I.001-14,ETS MEZGHANI,Industrial Quimica Key,2023,NOT_FOUND_OR_NEEDS_MANUAL_REVIEW,0,Huile minérale,,Huile minérale:NOT_IN_EU_LIST,
INECTICIDE,Huile minérale,8 5 0 g / L,E C,PetrOil,I005-17,SOCOOPEC,PETRONAS LUBRICANTS,2023,NOT_FOUND_OR_NEEDS_MANUAL_REVIEW,0,Huile minérale,,Huile minérale:NOT_IN_EU_LIST,
INECTICIDE,Huile minérale,8 5 0 g / L,E C,Plant oil,I.149-11/21,STE EL KHADRA,INDUSTRIAS AFRASA,2023,NOT_FOUND_OR_NEEDS_MANUAL_REVIEW,0,Huile minérale,,Huile minérale:NOT_IN_EU_LIST,
INECTICIDE,Indoxacarb,150 g/l,SC,PIXEL SC,I.043-22,FERTITECH,TOPAGRO BIOSCIENCE,2023,CONTAINS_NOT_APPROVED_SUBSTANCE_IN_EU,1,Indoxacarb,Indoxacarb,Indoxacarb:EU_NOT_APPROVED,
INECTICIDE,Indoxacarb,150 g/l,SC,CAP-VAUNT SC,I.035-22,NEGANOR,Jingbo agrochemicals technologie,2023,CONTAINS_NOT_APPROVED_SUBSTANCE_IN_EU,1,Indoxacarb,Indoxacarb,Indoxacarb:EU_NOT_APPROVED,
INECTICIDE,Indoxacarb,150 g/l,SC,INDO SUPER SC,I.039-22,Sté ELKHADRA,,2023,CONTAINS_NOT_APPROVED_SUBSTANCE_IN_EU,1,Indoxacarb,Indoxacarb,Indoxacarb:EU_NOT_APPROVED,
INECTICIDE,Indoxacarb,30%,WG,Hoprole Xtra,I.040-22,DELTA,Shandong weifang rainbow chemical0,2023,CONTAINS_NOT_APPROVED_SUBSTANCE_IN_EU,1,Indoxacarb,Indoxacarb,Indoxacarb:EU_NOT_APPROVED,
INECTICIDE,Indoxacarbe,150 g/L,SC,TALENT 150 SC,I.016-18,Ets MEZGHANI,,2023,CONTAINS_NOT_APPROVED_SUBSTANCE_IN_EU,1,Indoxacarbe,Indoxacarb,Indoxacarbe:EU_NOT_APPROVED,
INECTICIDE,Indoxacarbe,150 g/L,SC,Amiral,I.087-11/21,EL MOUSSEM AGRICOLE,PARIJAT INDUSTR./ariestas,2023,CONTAINS_NOT_APPROVED_SUBSTANCE_IN_EU,1,Indoxacarbe,Indoxacarb,Indoxacarbe:EU_NOT_APPROVED,
INECTICIDE,Indoxacarbe,150 g/L,SC,GENERAL SC,I.045-22,RAYEN PHYTAGRI,PARIJAT INDUSTR.,2023,CONTAINS_NOT_APPROVED_SUBSTANCE_IN_EU,1,Indoxacarbe,Indoxacarb,Indoxacarbe:EU_NOT_APPROVED,
INECTICIDE,Indoxacarbe,150 g/L,EC,AVATAR EC,I.023-22,ATLAS AGRICOLE,DU PONT/FMC,2023,CONTAINS_NOT_APPROVED_SUBSTANCE_IN_EU,1,Indoxacarbe,Indoxacarb,Indoxacarbe:EU_NOT_APPROVED,
INECTICIDE,Indoxacarbe,150 g/L,EC,Avaunt,I.089-11/21,SEPCM,DU PONT/FMC,2023,CONTAINS_NOT_APPROVED_SUBSTANCE_IN_EU,1,Indoxacarbe,Indoxacarb,Indoxacarbe:EU_NOT_APPROVED,
INECTICIDE,Indoxacarbe,150 g/l,SC,STARCARB,I.021-22,SSCC,,2023,CONTAINS_NOT_APPROVED_SUBSTANCE_IN_EU,1,Indoxacarbe,Indoxacarb,Indoxacarbe:EU_NOT_APPROVED,
INECTICIDE,Indoxacarbe,150 g/L,SC,Vaulent,I.086-11/21,TASMID,ASTRACHEM,2023,CONTAINS_NOT_APPROVED_SUBSTANCE_IN_EU,1,Indoxacarbe,Indoxacarb,Indoxacarbe:EU_NOT_APPROVED,
INECTICIDE,Lambada cyhalothrine,5%,EG,Kempo EG,I. 14-21,BIOPROTECTION,NUFARM,2023,CONTAINS_NOT_APPROVED_SUBSTANCE_IN_EU,1,Lambada cyhalothrine,Cyhalothrin,Lambada cyhalothrine:EU_NOT_APPROVED,
INECTICIDE,Lambada cyhalothrine,5%,EG,KAISO 5%,I. 014.-17,EL MOUSSEM,NUFARM,2023,CONTAINS_NOT_APPROVED_SUBSTANCE_IN_EU,1,Lambada cyhalothrine,Cyhalothrin,Lambada cyhalothrine:EU_NOT_APPROVED,
INECTICIDE,Lambda cyhalothrin,"2,50%",WDG,JUDO,I. 013-17,STIMA,Sharda,2023,CONTAINS_NOT_APPROVED_SUBSTANCE_IN_EU,1,Lambda cyhalothrin,Cyhalothrin,Lambda cyhalothrin:EU_NOT_APPROVED,
INECTICIDE,Lambda cyhalothrin,"2,50%",WDG,power WDG,I. 15-21,fertitech,Sharda,2023,CONTAINS_NOT_APPROVED_SUBSTANCE_IN_EU,1,Lambda cyhalothrin,Cyhalothrin,Lambda cyhalothrin:EU_NOT_APPROVED,
INECTICIDE,Lambda-cyhalothrin,25 g/l,EC,KEYLAM EC,I.003-18,EtsMezghanni,Industrial quimica Key,2023,ALL_SUBSTANCES_APPROVED_IN_EU,1,Lambda-cyhalothrin,lambda-Cyhalothrin,Lambda-cyhalothrin:EU_APPROVED,
INECTICIDE,Lambda-cyhalothrine,0.4 %,GR,POINTER GEO GR,I.07-21,AGRIPROTEC,SIPCAM INAGRA,2023,ALL_SUBSTANCES_APPROVED_IN_EU,1,Lambda-cyhalothrine,lambda-Cyhalothrin,Lambda-cyhalothrine:EU_APPROVED,
INECTICIDE,Lambda-cyhalothrine,0.4 %,GR,TRIKA EXPERT GR,I.06-21,PROMOCHIMIE,SIPCAM INAGRA,2023,ALL_SUBSTANCES_APPROVED_IN_EU,1,Lambda-cyhalothrine,lambda-Cyhalothrin,Lambda-cyhalothrine:EU_APPROVED,
INECTICIDE,Lambda-cyhalothrine,10g/l,CS,LAMBDATROL,I.007-18,AGRIPROTEC,SIPCAM INAGRA,2023,ALL_SUBSTANCES_APPROVED_IN_EU,1,Lambda-cyhalothrine,lambda-Cyhalothrin,Lambda-cyhalothrine:EU_APPROVED,
INECTICIDE,Lambda-cyhalothrine,100g/l,CS,POINTER100 CS,I.002-17,promochimie,SIPCAM INAGRA,2023,ALL_SUBSTANCES_APPROVED_IN_EU,1,Lambda-cyhalothrine,lambda-Cyhalothrin,Lambda-cyhalothrine:EU_APPROVED,
INECTICIDE,Lambda-cyhalothrine,25 g/l,EC,Pulsar,I.168-11/21,PROTAGRI,United Phosphous Ltd,2023,ALL_SUBSTANCES_APPROVED_IN_EU,1,Lambda-cyhalothrine,lambda-Cyhalothrin,Lambda-cyhalothrine:EU_APPROVED,
INECTICIDE,Lambda-cyhalothrine,5 0 g / L,EC,Ravane,I.091-11/21,AGROSYSTEMES,GLOBACHEM,2023,ALL_SUBSTANCES_APPROVED_IN_EU,1,Lambda-cyhalothrine,lambda-Cyhalothrin,Lambda-cyhalothrine:EU_APPROVED,
INECTICIDE,Lambda-cyhalothrine,5 0 g / L,EC,Markate,I.016-15,AMINCO,GLOBACHEM,2023,ALL_SUBSTANCES_APPROVED_IN_EU,1,Lambda-cyhalothrine,lambda-Cyhalothrin,Lambda-cyhalothrine:EU_APPROVED,
INECTICIDE,Lambda-cyhalothrine,5 0 g / L,EC,Expert,I.007-15,SANABEL AGRO,,2023,ALL_SUBSTANCES_APPROVED_IN_EU,1,Lambda-cyhalothrine,lambda-Cyhalothrin,Lambda-cyhalothrine:EU_APPROVED,
INECTICIDE,Lambda-cyhalothrine,5 0 g / L,EC,lalione EC,I.16-21,delta agicole plus,SHARDA WORLDWIDE,2023,ALL_SUBSTANCES_APPROVED_IN_EU,1,Lambda-cyhalothrine,lambda-Cyhalothrin,Lambda-cyhalothrine:EU_APPROVED,
INECTICIDE,Lambda-cyhalothrine,5 0 g / L,EC,Jackpot,16-013I.,SANABEL AGRO,ROTAM,2023,ALL_SUBSTANCES_APPROVED_IN_EU,1,Lambda-cyhalothrine,lambda-Cyhalothrin,Lambda-cyhalothrine:EU_APPROVED,
INECTICIDE,Lambda-cyhalothrine,1 0 0 g / L,C S,K ung Fu,I.005-18,SOLAGRI,SYNGENTA,2023,ALL_SUBSTANCES_APPROVED_IN_EU,1,Lambda-cyhalothrine,lambda-Cyhalothrin,Lambda-cyhalothrine:EU_APPROVED,
INECTICIDE,Metaflumizone,240 g/l,SC,VERSIMO 240 SC,I.13-21,AGRIPROTEC,BASF,2023,CONTAINS_NOT_APPROVED_SUBSTANCE_IN_EU,1,Metaflumizone,Metaflumizone,Metaflumizone:EU_NOT_APPROVED,
INECTICIDE,Métam sodium,5 1 0 g / L,S L,Fumical,IN.098-11/21,BIOPROTECTION,UPL/ARYSTA LIFESCIENCE,2023,ALL_SUBSTANCES_APPROVED_IN_EU,1,Métam sodium,Metam (incl. -potassium and -sodium),Métam sodium:EU_APPROVED,
INECTICIDE,Methoxyfenozide,240 g/l,SC,Runner,I.019-16,PROMOCHIMIE,DOW AGROSCIENCES,2023,CONTAINS_NOT_APPROVED_SUBSTANCE_IN_EU,1,Methoxyfenozide,Methoxyfenozide,Methoxyfenozide:EU_NOT_APPROVED,
INECTICIDE,Milbemectin,10 g/L,EC,Milbeknock,IA.103-11/21,AGRIPROTEC,"Mitsui Chemicals Agro,Inc",2023,ALL_SUBSTANCES_APPROVED_IN_EU,1,Milbemectin,Milbemectin,Milbemectin:EU_APPROVED,
INECTICIDE,Oxamyl,100 g/l,SL,Vydate 10 L,128-11/21 I.,AGRIPROTEC,DU PONT/corteva,2023,CONTAINS_NOT_APPROVED_SUBSTANCE_IN_EU,1,Oxamyl,Oxamyl,Oxamyl:EU_NOT_APPROVED,
INECTICIDE,Phosmet,50%,WP,Imidan 50 A,I.152-11/21,AGRIPROTEC,GOWAN/Espagne,2023,CONTAINS_NOT_APPROVED_SUBSTANCE_IN_EU,1,Phosmet,Phosmet,Phosmet:EU_NOT_APPROVED,
INECTICIDE,Phosmet,50%,WP,Foslete 50,I.011-13/23,EL KHADHRA,SIPCAM INAGRA,2023,CONTAINS_NOT_APPROVED_SUBSTANCE_IN_EU,1,Phosmet,Phosmet,Phosmet:EU_NOT_APPROVED,
INECTICIDE,Phosphure d’Al.,"77,50%",ET,Quickphlo-R,I.153-11/21,PROTAGRI,UNITED PHOSPHORUS LTD,2023,NOT_FOUND_OR_NEEDS_MANUAL_REVIEW,0,Phosphure d’Al.,,Phosphure d’Al.:NOT_IN_EU_LIST,
INECTICIDE,Phosphure d’Al. +Phosphure d’Hy.,57 % +33%,FU,Quickphos,I.154-11/21,PROTAGRI,,2023,NOT_FOUND_OR_NEEDS_MANUAL_REVIEW,0,Phosphure d’Al. +Phosphure d’Hy.,,Phosphure d’Al. +Phosphure d’Hy.:NOT_IN_EU_LIST,
INECTICIDE,Phosphure d’Al. +Phosphure d’Hy.,57 % +33%,ET,Detia Gas,I.142-11/21,STIMA,DETIA DEGUECH,2023,NOT_FOUND_OR_NEEDS_MANUAL_REVIEW,0,Phosphure d’Al. +Phosphure d’Hy.,,Phosphure d’Al. +Phosphure d’Hy.:NOT_IN_EU_LIST,
INECTICIDE,Phosphure de Magnésium +Phosphure d’Hy.,57%+33%,PL,Magnaphos,I.171-11/21,PROTAGRI,UNITED PHOSPHORUS LTD,2023,NOT_FOUND_OR_NEEDS_MANUAL_REVIEW,0,Phosphure de Magnésium +Phosphure d’Hy.,,Phosphure de Magnésium +Phosphure d’Hy.:NOT_IN_EU_LIST,
INECTICIDE,Phosphure de Magnésium +Phosphure d’Hy.,57%+33%,PL,Deguech plate,I.143-11/21,STIMA,DETIA DEGUECH,2023,NOT_FOUND_OR_NEEDS_MANUAL_REVIEW,0,Phosphure de Magnésium +Phosphure d’Hy.,,Phosphure de Magnésium +Phosphure d’Hy.:NOT_IN_EU_LIST,
INECTICIDE,Pyréthrine,40g/l,EC,ABANTO 40 EC,I.008-19,EL KHADRA,AFRASA INDUSTRIAS S.A,2023,NOT_FOUND_OR_NEEDS_MANUAL_REVIEW,0,Pyréthrine,,Pyréthrine:NOT_IN_EU_LIST,
INECTICIDE,Pyrethrins,20 g/l,EC,PIRECRIS,I.008-22,ATLAS AGRICOLE,Seipasa S.A,2023,ALL_SUBSTANCES_APPROVED_IN_EU,1,Pyrethrins,Pyrethrins,Pyrethrins:EU_APPROVED,
INECTICIDE,Pyrethrins,"18, 61 g/l",EC,Piretro Verde,I. 012-17,STIMA,COPYR S.p.A,2023,ALL_SUBSTANCES_APPROVED_IN_EU,1,Pyrethrins,Pyrethrins,Pyrethrins:EU_APPROVED,
INECTICIDE,Pyridalyl,500 g/l,EC,Sumipleo50EC,I.015-16,AGRIMATCO,SUMITOMO,2023,CONTAINS_NOT_APPROVED_SUBSTANCE_IN_EU,1,Pyridalyl,Pyridalyl,Pyridalyl:EU_NOT_APPROVED,
INECTICIDE,Pyrifluquinazon,20%,SC,RYCAR SC,I.007-22,EL KHADRA,SIPCAM INAGRAS,2023,CONTAINS_NOT_APPROVED_SUBSTANCE_IN_EU,1,Pyrifluquinazon,Pyrifluquinazon,Pyrifluquinazon:EU_NOT_APPROVED,
INECTICIDE,Pyrimicarbe,5 0 %,WG,Piri,I.110-11/21,AGROSYSTEMES,GLOBACHEM,2023,NOT_FOUND_OR_NEEDS_MANUAL_REVIEW,0,Pyrimicarbe,,Pyrimicarbe:NOT_IN_EU_LIST,
INECTICIDE,Pyrimicarbe,5 0 %,WG,Tornado,I.017-15,AMINCO,GLOBACHEM,2023,NOT_FOUND_OR_NEEDS_MANUAL_REVIEW,0,Pyrimicarbe,,Pyrimicarbe:NOT_IN_EU_LIST,
INECTICIDE,Pyriproxyfen,100 g/l,EC,MAGIC EC,I.009-22,Fertitech,HANGZHOU TOPAGRO BIOSCIENCE,2023,ALL_SUBSTANCES_APPROVED_IN_EU,1,Pyriproxyfen,Pyriproxyfen,Pyriproxyfen:EU_APPROVED,
INECTICIDE,Pyriproxyfene,100 g/l,EC,MULIGAN,I.001-18,AGRIPROTEC,PROPLAN,2023,ALL_SUBSTANCES_APPROVED_IN_EU,1,Pyriproxyfene,Pyriproxyfen,Pyriproxyfene:EU_APPROVED,
INECTICIDE,Pyriproxyfene,100 g/l,EC,PROXIMO EC,I.002-18,EL KHADRA,Indsutrias AFRASA S.A,2023,ALL_SUBSTANCES_APPROVED_IN_EU,1,Pyriproxyfene,Pyriproxyfen,Pyriproxyfene:EU_APPROVED,
INECTICIDE,Pyriproxyfene,100g/l,EC,BRAI EC,I.006-19,RAYEN PHYTAGRI,LAINCO SA,2023,ALL_SUBSTANCES_APPROVED_IN_EU,1,Pyriproxyfene,Pyriproxyfen,Pyriproxyfene:EU_APPROVED,
INECTICIDE,Pyriproxyfene,100g/l,EC,PROXYGOLD EC,I.044-22,NEGANOR,LAINCO SA,2023,ALL_SUBSTANCES_APPROVED_IN_EU,1,Pyriproxyfene,Pyriproxyfen,Pyriproxyfene:EU_APPROVED,
INECTICIDE,Spinetoram,120 g/l,SC,Radiant 120 SC,I.001-15,ATLAS AGRICOLE,DOW AGROSCIENCE,2023,CONTAINS_NOT_APPROVED_SUBSTANCE_IN_EU,1,Spinetoram,Spinetoram,Spinetoram:EU_NOT_APPROVED,
INECTICIDE,Spinosade,480 g/l,SC,SPINO 480 SC,I.017-22,EL KHADRA,"BAICO BIOTECH CO,LTD/",2023,ALL_SUBSTANCES_APPROVED_IN_EU,1,Spinosade,Spinosad,Spinosade:EU_APPROVED,
INECTICIDE,Spinosade,240 g/L,SC,LASER 240 SC,I.010-13/23,ATLAS AGRICOLE,DOW AGROSCIENCE/c orteva agriscience,2023,ALL_SUBSTANCES_APPROVED_IN_EU,1,Spinosade,Spinosad,Spinosade:EU_APPROVED,
INECTICIDE,Spinosade,"0,24 g/L",CB,Spintor,I.007-14,ATLAS AGRICOLE,,2023,ALL_SUBSTANCES_APPROVED_IN_EU,1,Spinosade,Spinosad,Spinosade:EU_APPROVED,
INECTICIDE,Spirodiclofen,24%,SC,SPIRIDOR 240 SC,I.01-21,SHARDA CROPCHEM Tunisie,SHARDA CROPCHEM,2023,CONTAINS_NOT_APPROVED_SUBSTANCE_IN_EU,1,Spirodiclofen,Spirodiclofen,Spirodiclofen:EU_NOT_APPROVED,
INECTICIDE,Spirodiclofen,24%,SC,SPIDER EXTRA SC,I.026-22,SANABEL AGRO,SHARDA CROPCHEM,2023,CONTAINS_NOT_APPROVED_SUBSTANCE_IN_EU,1,Spirodiclofen,Spirodiclofen,Spirodiclofen:EU_NOT_APPROVED,
INECTICIDE,Spirodiclofen,240 g/L,SC,Bolido 240 SC,IA.114-11/21,PROMOCHIMIE,BAYER CROPSCIENCE/G OWAN,2023,CONTAINS_NOT_APPROVED_SUBSTANCE_IN_EU,1,Spirodiclofen,Spirodiclofen,Spirodiclofen:EU_NOT_APPROVED,
INECTICIDE,Spirodiclofen,240 g/L,SC,Envidor,IA.115-11/21,STEC,BAYER CROPSCIENCE/g owan,2023,CONTAINS_NOT_APPROVED_SUBSTANCE_IN_EU,1,Spirodiclofen,Spirodiclofen,Spirodiclofen:EU_NOT_APPROVED,
INECTICIDE,Spirodiclofen,240 g/l,SC,ASKARI 240 SC,I.002-22,SEPCM,AAKO,2023,CONTAINS_NOT_APPROVED_SUBSTANCE_IN_EU,1,Spirodiclofen,Spirodiclofen,Spirodiclofen:EU_NOT_APPROVED,
INECTICIDE,Spirodiclofen,240 g/l,SC,ACAROS SC,I.012-22,STEC,Shandong Kangqiao NANJING Agrochemical,2023,CONTAINS_NOT_APPROVED_SUBSTANCE_IN_EU,1,Spirodiclofen,Spirodiclofen,Spirodiclofen:EU_NOT_APPROVED,
INECTICIDE,Spiromesifen,240 g/L,SC,Oberon 240 SC,IA.116-11/21,ATLAS AGRICOLE,BAYER CROPSCIENCE,2023,CONTAINS_NOT_APPROVED_SUBSTANCE_IN_EU,1,Spiromesifen,Spiromesifen,Spiromesifen:EU_NOT_APPROVED,
INECTICIDE,Spirotetramat,150 g/L,OD,Movento 150 OD,I.117-11/21,ATLAS AGRICOLE,BAYER CROPSCIENCE,2023,CONTAINS_NOT_APPROVED_SUBSTANCE_IN_EU,1,Spirotetramat,Spirotetramat,Spirotetramat:EU_NOT_APPROVED,
INECTICIDE,Spirotetramat,5 x 1011 corps viraux/litre,SC,LITTOVIR,I.007-19,ALOHA AGRICULTURE,,2023,CONTAINS_NOT_APPROVED_SUBSTANCE_IN_EU,1,Spirotetramat,Spirotetramat,Spirotetramat:EU_NOT_APPROVED,
INECTICIDE,Spores de lecanicillummuscarium souche 1979,48 g/kg,WG,MYCOTAL WG,I.004-18,NUTRIPLANT,,2023,NOT_FOUND_OR_NEEDS_MANUAL_REVIEW,0,Spores de lecanicillummuscarium souche 1979,,Spores de lecanicillummuscarium souche 1979:NOT_IN_EU_LIST,
INECTICIDE,Sulfoxaflor,240 g/l,SC,Closer 240 SC,I.008-15,SEPCM,DOW AGROSCIENCE/c orteva,2023,ALL_SUBSTANCES_APPROVED_IN_EU,1,Sulfoxaflor,Sulfoxaflor,Sulfoxaflor:EU_APPROVED,
INECTICIDE,Tau-fluvalinate,240 g/L,EW,Mavrik 2 F,I.173-11/21,STEC,AAKO,2023,ALL_SUBSTANCES_APPROVED_IN_EU,1,Tau-fluvalinate,tau-Fluvalinate,Tau-fluvalinate:EU_APPROVED,
FONGICIDE,Tebufenpyrad,20%,WP,MASAI,I.A.007- 13/23,AGRIPROTEC,BASF/belchim/Cer atis BELCHIM,2023,ALL_SUBSTANCES_APPROVED_IN_EU,1,Tebufenpyrad,Tebufenpyrad,Tebufenpyrad:EU_APPROVED,
FONGICIDE,Tefluthrine,"0,50%",GR,VOLTRA 0.5 G,I.005-20,COTUGRAIN,SYNGENTA,2023,ALL_SUBSTANCES_APPROVED_IN_EU,1,Tefluthrine,Tefluthrin,Tefluthrine:EU_APPROVED,
FONGICIDE,Tefluthrine,0.5%,GR,DIASTAR MAXI GR,I.05-21,RAYEN PHYTAGRI,DIACHEM,2023,ALL_SUBSTANCES_APPROVED_IN_EU,1,Tefluthrine,Tefluthrin,Tefluthrine:EU_APPROVED,
FONGICIDE,Adepidyn+ Difenoconazole,75 g/l+125 g/l,SC,Miravis duo Sc,F.11-21,BIOPROTECTION,ARYSTA LIFESCIENCES,2023,ALL_SUBSTANCES_APPROVED_IN_EU,1,Adepidyn+ Difenoconazole,Difenoconazole,Adepidyn+ Difenoconazole:EU_APPROVED,
FONGICIDE,Ametoctradin+ Dimethomorph,300 g/L + 225 g/L,SC,Orvego,F.002-14,AGRIPROTEC,BASF,2023,ALL_SUBSTANCES_APPROVED_IN_EU,1,Ametoctradin+ Dimethomorph,Ametoctradin,Ametoctradin+ Dimethomorph:EU_APPROVED,
FONGICIDE,Ametoctradine,200 g/l,SC,SNOOKER SC,F.003-19,STIMA,BASF,2023,ALL_SUBSTANCES_APPROVED_IN_EU,1,Ametoctradine,Ametoctradin,Ametoctradine:EU_APPROVED,
FONGICIDE,Amisulbrom,200g/l,SC,LEIMAY 20 SC,F.014-17,EL MOUSSEM AGRICOLE,NISSAN CHEMICAL EUROPE SAS/ARYSTA LIFESCIENCES,2023,ALL_SUBSTANCES_APPROVED_IN_EU,1,Amisulbrom,Amisulbrom,Amisulbrom:EU_APPROVED,
FONGICIDE,Aureobasidium pullulans DSM 14940 et aureobasidium pullulans DSM 14941,500g/kg(2.5*109 CFU/g)500g/kg( 2.5*109 CFU/g) ou 50%+50%,WG,BOTECTOR WG,F.22-21,STIMA,BIOFERM/SAN AGROW,2023,ALL_SUBSTANCES_APPROVED_IN_EU,2,Aureobasidium pullulans DSM 14940 | aureobasidium pullulans DSM 14941,Aureobasidium pullulans (strains DSM 14940 and DSM 14941) | Aureobasidium pullulans (strains DSM 14940 and DSM 14941),Aureobasidium pullulans DSM 14940:EU_APPROVED | aureobasidium pullulans DSM 14941:EU_APPROVED,
FONGICIDE,Azoxystrobine,25%,EC,SORBISTAR,F.040-22,SOCOOPEC,ZHEJIANG E-TONG CHEMICAL,2023,ALL_SUBSTANCES_APPROVED_IN_EU,1,Azoxystrobine,Azoxystrobin,Azoxystrobine:EU_APPROVED,
FONGICIDE,Azoxystrobine,250 g/l,SC,LEGADO 250 SC,F.014-18,EL KHADRA,AFRASA INDUSTRIAS AFRASA S.A,2023,ALL_SUBSTANCES_APPROVED_IN_EU,1,Azoxystrobine,Azoxystrobin,Azoxystrobine:EU_APPROVED,
FONGICIDE,Azoxystrobine,250 g/l,SC,Azox SC,F.039-17,Ets MEZGHANNI,"JIANGYIN SULI CHEMICAL CO.LTDi,Q,Key",2023,ALL_SUBSTANCES_APPROVED_IN_EU,1,Azoxystrobine,Azoxystrobin,Azoxystrobine:EU_APPROVED,
FONGICIDE,Azoxystrobine,50%,WG,AXYTOP 50WG,F.060-22,EXCEL AGRI,SHARDA,2023,ALL_SUBSTANCES_APPROVED_IN_EU,1,Azoxystrobine,Azoxystrobin,Azoxystrobine:EU_APPROVED,
FONGICIDE,Azoxystrobine,50%,WG,Cayen 500 WG,F.035-16,RAYEN,SHARDA,2023,ALL_SUBSTANCES_APPROVED_IN_EU,1,Azoxystrobine,Azoxystrobin,Azoxystrobine:EU_APPROVED,
FONGICIDE,Azoxystrobine,250 g/l,SC,SINSTAR SC,F.030-17,SANABEL AGRO,SINON CORPORATION,2023,ALL_SUBSTANCES_APPROVED_IN_EU,1,Azoxystrobine,Azoxystrobin,Azoxystrobine:EU_APPROVED,
FONGICIDE,Azoxystrobine,2 5 0 g / L,S C,G l o b a z t a r 2 5 0 S C,F . 0 1 7-13/23,AGROSYSTEMES,Globachem,2023,ALL_SUBSTANCES_APPROVED_IN_EU,1,Azoxystrobine,Azoxystrobin,Azoxystrobine:EU_APPROVED,
FONGICIDE,Azoxystrobine,2 5 0 g / L,S C,Z a f t r a S C,F . 0 3 4-15,AMINCO,Globachem,2023,ALL_SUBSTANCES_APPROVED_IN_EU,1,Azoxystrobine,Azoxystrobin,Azoxystrobine:EU_APPROVED,
FONGICIDE,Azoxystrobine,2 5 0 g / L,S C,a z i m u t S C,F . 4 8 -21,ATLAS AGRICOLE,NUFARM,2023,ALL_SUBSTANCES_APPROVED_IN_EU,1,Azoxystrobine,Azoxystrobin,Azoxystrobine:EU_APPROVED,
FONGICIDE,Azoxystrobine,2 5 0 g / L,S C,T a z e r 2 5 0 S C,F . 0 2 4-15,EL MOUSSEM AGRICOLE,NUFARM,2023,ALL_SUBSTANCES_APPROVED_IN_EU,1,Azoxystrobine,Azoxystrobin,Azoxystrobine:EU_APPROVED,
FONGICIDE,Azoxystrobine,2 5 0 g / L,S C,A f f i x 2 5 0 S C,F . 0 3 0-16,PROTAGRI,UPL,2023,ALL_SUBSTANCES_APPROVED_IN_EU,1,Azoxystrobine,Azoxystrobin,Azoxystrobine:EU_APPROVED,
FONGICIDE,Azoxystrobine,2 5 0 g / L,S C,A r o x y 2 5 0 S C,F . 0 7 4-22,AGRIMATCO,UPL,2023,ALL_SUBSTANCES_APPROVED_IN_EU,1,Azoxystrobine,Azoxystrobin,Azoxystrobine:EU_APPROVED,
FONGICIDE,Azoxystrobine,2 5 0 g / L,S C,H Y D O 2 5 0 S C,F . 3 4 -21,STEC,nanjing agrochemical/JIANGYIN SULI CHEMICAL,2023,ALL_SUBSTANCES_APPROVED_IN_EU,1,Azoxystrobine,Azoxystrobin,Azoxystrobine:EU_APPROVED,
FONGICIDE,Azoxystrobine +Cyproconazole,200g/l + 80 g/l,SC,COUGAR SC,F.016-18,PROTAGRI,UPL LIMITED,2023,ALL_SUBSTANCES_APPROVED_IN_EU,1,Azoxystrobine +Cyproconazole,Azoxystrobin,Azoxystrobine +Cyproconazole:EU_APPROVED,
FONGICIDE,Azoxystrobine +Cyproconazole,200g/l + 80 g/l,SC,DOUBLE FORCE,F. 029-17,SANABEL AGRO,SHARDA,2023,ALL_SUBSTANCES_APPROVED_IN_EU,1,Azoxystrobine +Cyproconazole,Azoxystrobin,Azoxystrobine +Cyproconazole:EU_APPROVED,
FONGICIDE,Azoxystrobine +Difenoconazole,200 g/l+125 g/l,SC,ALLIANCE TOP SC,F.011-22,AGRI PLUS,NANJING AGROCHEMICAL,2023,ALL_SUBSTANCES_APPROVED_IN_EU,1,Azoxystrobine +Difenoconazole,Difenoconazole,Azoxystrobine +Difenoconazole:EU_APPROVED,
FONGICIDE,Azoxystrobine +Difenoconazole,200 g/l+125 g/l,SC,AMISCORE SC,F.014-22,PROTAGRI,NANJING AGROCHEMICAL,2023,ALL_SUBSTANCES_APPROVED_IN_EU,1,Azoxystrobine +Difenoconazole,Difenoconazole,Azoxystrobine +Difenoconazole:EU_APPROVED,
FONGICIDE,Azoxystrobine +Difeconazole,125 g/l+125 g/l,SC,PRIORI GOLD 250 SC,F.40-21,SOLAGRI,SYNGENTA Crop Protection,2023,ALL_SUBSTANCES_APPROVED_IN_EU,1,Azoxystrobine +Difeconazole,Azoxystrobin,Azoxystrobine +Difeconazole:EU_APPROVED,
FONGICIDE,Azoxystrobine,200 g/l+125 g/l,SC,Black panther SC,F.009-22,FERTITECH,HANGZHOU TOPAGRO BIOSCIENCE,2023,ALL_SUBSTANCES_APPROVED_IN_EU,1,Azoxystrobine,Azoxystrobin,Azoxystrobine:EU_APPROVED,
FONGICIDE,+difenoconazole,200 g/l+125 g/l,SC,,,,,2023,ALL_SUBSTANCES_APPROVED_IN_EU,1,+difenoconazole,Difenoconazole,+difenoconazole:EU_APPROVED,
FONGICIDE,Azoxystrobin + Flutriafol,25%+12.5%,SC,CURAX EXTRA SC,F.009-20,SHARDA CROPCHEM TUNISIE,SHARDA CROPCHEM,2023,ALL_SUBSTANCES_APPROVED_IN_EU,1,Azoxystrobin + Flutriafol,Azoxystrobin,Azoxystrobin + Flutriafol:EU_APPROVED,
FONGICIDE,Azoxystrobin + Flutriafol,25%+12.5%,SC,CURATEX EXTRA SC,F.63-21,FERTITECH,SHARDA CROPCHEM,2023,ALL_SUBSTANCES_APPROVED_IN_EU,1,Azoxystrobin + Flutriafol,Azoxystrobin,Azoxystrobin + Flutriafol:EU_APPROVED,
FONGICIDE,Azoxystrobine +flutriafol,125 g/l+125 g/l,SC,Impact max SC,F.037-22,AGRIPROTEC,Cheminova/FMC,2023,ALL_SUBSTANCES_APPROVED_IN_EU,1,Azoxystrobine +flutriafol,Azoxystrobin,Azoxystrobine +flutriafol:EU_APPROVED,
FONGICIDE,Azoxystrobine + Tebuconazole,200g/l + 200 g/l,SC,START-UP,F.038-15,BIOPROTECTION,AAKO,2023,ALL_SUBSTANCES_APPROVED_IN_EU,1,Azoxystrobine + Tebuconazole,Azoxystrobin,Azoxystrobine + Tebuconazole:EU_APPROVED,
FONGICIDE,Azoxystrobine + Tebuconazole,80 g/l + 160g/l,SC,Altitud Gold 240SC,F.025-16,SANABEL AGRO,ROTAM,2023,ALL_SUBSTANCES_APPROVED_IN_EU,1,Azoxystrobine + Tebuconazole,Azoxystrobin,Azoxystrobine + Tebuconazole:EU_APPROVED,
FONGICIDE,Azoxystrobine,200 g/L +125 g/L,SC,AZ-TOP SC,F.003-20,SLDA,Sharda cropchem limited,2023,ALL_SUBSTANCES_APPROVED_IN_EU,1,Azoxystrobine,Azoxystrobin,Azoxystrobine:EU_APPROVED,
FONGICIDE,+Difenoconazole,200 g/L +125 g/L,SC,,,,,2023,ALL_SUBSTANCES_APPROVED_IN_EU,1,+Difenoconazole,Difenoconazole,+Difenoconazole:EU_APPROVED,
FONGICIDE,Azoxystrobine +Difenoconazole,200 g/L +125 g/L,SC,Ortiva TOP,F.004-18,SLOGRI,SYNGENTA,2023,ALL_SUBSTANCES_APPROVED_IN_EU,1,Azoxystrobine +Difenoconazole,Difenoconazole,Azoxystrobine +Difenoconazole:EU_APPROVED,
FONGICIDE,Azoxystrobine +Mefenoxam(metalaxyl-M),322 g/l + 124 g/l,SE,UNIFORM 446,F.132-11/21,BIOPROTECTION,SYNGENTA,2023,ALL_SUBSTANCES_APPROVED_IN_EU,1,Azoxystrobine +Mefenoxam(metalaxyl-M),Azoxystrobin,Azoxystrobine +Mefenoxam(metalaxyl-M):EU_APPROVED,
FONGICIDE,Bacillus amyloliquefaciens QST713SCmin,1.0 x109 cfu/g de bacillus subtilis QST 713,SC,SERENADE PRIME,F.13-21,EL MOUSSEM,Bayer AG,2023,NOT_FOUND_OR_NEEDS_MANUAL_REVIEW,0,Bacillus amyloliquefaciens QST713SCmin,,Bacillus amyloliquefaciens QST713SCmin:NOT_IN_EU_LIST,
FONGICIDE,Bacillus subtilis de souche Y 1336,1x109 CFU/g,WP,BIOBAC,F.131-11/21,BIOPROTECTION,BION TECH INC/ AAKO,2023,NOT_FOUND_OR_NEEDS_MANUAL_REVIEW,0,Bacillus subtilis de souche Y 1336,,Bacillus subtilis de souche Y 1336:NOT_IN_EU_LIST,
FONGICIDE,Bacillus amyloliquefaciens souche FZB24:,130 g/kg,WP,Taegro,F.006-22,COTUGRAIN,Novozymesbiologicalsinc/ syngenta,2023,NOT_FOUND_OR_NEEDS_MANUAL_REVIEW,0,Bacillus amyloliquefaciens souche FZB24:,,Bacillus amyloliquefaciens souche FZB24::NOT_IN_EU_LIST,
FONGICIDE,Bacillus subtilis strain IAB/BS03,1x108ufc/g,SL,Fungisei SL,F.008-22,ATLAS AGRICOLE,SEIPASA S A/,2023,MANUAL_REVIEW,2,Bacillus subtilis strain IAB | BS03,Bacillus subtilis strain IAB/BS03 | Bacteriophages against Clavibacter michiganensis subsp. michiganensis (BACMM),Bacillus subtilis strain IAB:EU_APPROVED | BS03:FOUND_UNKNOWN_STATUS,
FONGICIDE,Borax,1 0 g / L,S L,O r o t u n,I . A .F.017-16,RAYEN PHYTAGRI,ORO AGRI,2023,NOT_FOUND_OR_NEEDS_MANUAL_REVIEW,0,Borax,,Borax:NOT_IN_EU_LIST,
FONGICIDE,Boscalid,5 0 %,W G,Cantus WG,F.005-11/21,STIMA,BASF,2023,ALL_SUBSTANCES_APPROVED_IN_EU,1,Boscalid,Boscalid (formerly nicobifen),Boscalid:EU_APPROVED,
FONGICIDE,Boscalid,5 0 %,W G,MASTOR WG,F.47-21,rayen phytagri,BASF,2023,ALL_SUBSTANCES_APPROVED_IN_EU,1,Boscalid,Boscalid (formerly nicobifen),Boscalid:EU_APPROVED,
FONGICIDE,Boscalid +Krésoxym-Methyl,200 g/L +100 g/L,SC,hexagon SC,F.45-21,cotugrain,BASF,2023,ALL_SUBSTANCES_APPROVED_IN_EU,1,Boscalid +Krésoxym-Methyl,Boscalid (formerly nicobifen),Boscalid +Krésoxym-Methyl:EU_APPROVED,
FONGICIDE,Boscalid +Krésoxym-Methyl,200 g/L +100 g/L,SC,Collis 300SC,F.007-11/21,STIMA,BASF,2023,ALL_SUBSTANCES_APPROVED_IN_EU,1,Boscalid +Krésoxym-Methyl,Boscalid (formerly nicobifen),Boscalid +Krésoxym-Methyl:EU_APPROVED,
FONGICIDE,Boscalid +Pyraclostrobin,"25,2 % +12,8%",WG,Pristine WG,F.006-11/21,AGRIPROTEC,BASF,2023,ALL_SUBSTANCES_APPROVED_IN_EU,1,Boscalid +Pyraclostrobin,Boscalid (formerly nicobifen),Boscalid +Pyraclostrobin:EU_APPROVED,
FONGICIDE,Boscalid +Pyraclostrobin,267 g/kg +67 g/kg,WG,Signum WG,015-14F.,COTUGRAIN IMPEX,BASF,2023,ALL_SUBSTANCES_APPROVED_IN_EU,1,Boscalid +Pyraclostrobin,Boscalid (formerly nicobifen),Boscalid +Pyraclostrobin:EU_APPROVED,
FONGICIDE,Bromuconazole,100g/l,SC,Vectra 10 SC,F.037-15,STEC,SUMITOMO,2023,ALL_SUBSTANCES_APPROVED_IN_EU,1,Bromuconazole,Bromuconazole,Bromuconazole:EU_APPROVED,
FONGICIDE,Bupirimate,2 5 0 g / L,E C,Nimrod,F.008-11/21,SEPCM,AAKO BV,2023,ALL_SUBSTANCES_APPROVED_IN_EU,1,Bupirimate,Bupirimate,Bupirimate:EU_APPROVED,
FONGICIDE,Captane,80%,WG,CAPITOL 80 WG,F.023-17,AGRIMATCO,SHARDA,2023,ALL_SUBSTANCES_APPROVED_IN_EU,1,Captane,Captan,Captane:EU_APPROVED,
FONGICIDE,Captane,80%,WG,Malvin80 WG,F.135-11/21,BIOPROTECTION,UPL/ARYSTA LIFESCIENCE,2023,ALL_SUBSTANCES_APPROVED_IN_EU,1,Captane,Captan,Captane:EU_APPROVED,
FONGICIDE,Captane,500 g/kg,WP,PROTHANE,F.020-16,DELTA AGRICOLE PLUS,SHARDA,2023,ALL_SUBSTANCES_APPROVED_IN_EU,1,Captane,Captan,Captane:EU_APPROVED,
FONGICIDE,Captane,80%,WG,MITANE,F.016-16,SOCOOPEC,SHARDA,2023,ALL_SUBSTANCES_APPROVED_IN_EU,1,Captane,Captan,Captane:EU_APPROVED,
FONGICIDE,Captane,480 g/l,EC,CAPLANT EC,F.008-19,FERTIPLANT,Sharda Cropchem Limited,2023,ALL_SUBSTANCES_APPROVED_IN_EU,1,Captane,Captan,Captane:EU_APPROVED,
FONGICIDE,captane,480 g/l,EC,KAPI-TOP 48 EC,F.67-21,Agrinova,SHARDA CROPCHEM,2023,ALL_SUBSTANCES_APPROVED_IN_EU,1,captane,Captan,captane:EU_APPROVED,
FONGICIDE,Captane,8 3 %,W P,FILDER,F.058-22,EL MOUSSEM,ARYSTA LIFESCIENCE/UPL,2023,ALL_SUBSTANCES_APPROVED_IN_EU,1,Captane,Captan,Captane:EU_APPROVED,
FONGICIDE,Captane,8 3 %,W P,Captan 83 WP,F.009-11/21,AGRIPROTEC,ARYSTA LIFESCIENCE/UPL,2023,ALL_SUBSTANCES_APPROVED_IN_EU,1,Captane,Captan,Captane:EU_APPROVED,
FONGICIDE,Captane,8 3 %,W P,Akotan 830 WP,F.010-11/21,SEPCM,AAKO,2023,ALL_SUBSTANCES_APPROVED_IN_EU,1,Captane,Captan,Captane:EU_APPROVED,
FONGICIDE,CINNAMOMUM ZEYLANICUM :Extrait de Cannelle (Cinnam aldehyde),22.03%,EC,Cynam EC,F.004-22,COTUGRAIN,LIDA,2023,NOT_FOUND_OR_NEEDS_MANUAL_REVIEW,0,CINNAMOMUM ZEYLANICUM :Extrait de Cannelle (Cinnam aldehyde),,CINNAMOMUM ZEYLANICUM :Extrait de Cannelle (Cinnam aldehyde):NOT_IN_EU_LIST,
FONGICIDE,Chinozole,500 g/L,SL,Beltanol-L,F.011-11/21,AGRIPROTEC,PROBELTE,2023,NOT_FOUND_OR_NEEDS_MANUAL_REVIEW,0,Chinozole,,Chinozole:NOT_IN_EU_LIST,
FONGICIDE,Chinozole,500 g/L,SL,V-NOL,F.025-18,AGROSYSTEMES,PROBELTE,2023,NOT_FOUND_OR_NEEDS_MANUAL_REVIEW,0,Chinozole,,Chinozole:NOT_IN_EU_LIST,
FONGICIDE,Cuivre,360 g/L,SC,Hydro Flo,F.209-11/21,BIOPROTECTION,NUFARM,2023,NOT_FOUND_OR_NEEDS_MANUAL_REVIEW,0,Cuivre,,Cuivre:NOT_IN_EU_LIST,
FONGICIDE,Cuivre,600 g/l,SC,Siscop 60 SC,F.041-17,SEPCM,AAKO BV,2023,NOT_FOUND_OR_NEEDS_MANUAL_REVIEW,0,Cuivre,,Cuivre:NOT_IN_EU_LIST,
FONGICIDE,Cuivre Métal,35%,WG,AIRONE,F.004-17,AGRIMATCO,ISAGRO/distribute par,2023,NOT_FOUND_OR_NEEDS_MANUAL_REVIEW,0,Cuivre Métal,,Cuivre Métal:NOT_IN_EU_LIST,
FONGICIDE,Cuivre Métal,20%,WP,Comac,F.214-11/21,AGRIPROTEC,NUFARM,2023,NOT_FOUND_OR_NEEDS_MANUAL_REVIEW,0,Cuivre Métal,,Cuivre Métal:NOT_IN_EU_LIST,
FONGICIDE,Cuivre Métal,50%,WP,OSSICLOR 50 PB MANICA,F.015-17,ATLAS AGRICOLE,MANICA Spa,2023,NOT_FOUND_OR_NEEDS_MANUAL_REVIEW,0,Cuivre Métal,,Cuivre Métal:NOT_IN_EU_LIST,
FONGICIDE,Cuivre Métal,20%,WP,Super Bordeaux,F.003-13/23,BIOPROTECTION,NUFARM,2023,NOT_FOUND_OR_NEEDS_MANUAL_REVIEW,0,Cuivre Métal,,Cuivre Métal:NOT_IN_EU_LIST,
FONGICIDE,Cuivre Métal,75%,WG,COBRE NORDOX,F.047-17,COTUGRAIN,NORDOX INDUSTRIER A(fabricant)/S;Commercial quimecamasso(four),2023,NOT_FOUND_OR_NEEDS_MANUAL_REVIEW,0,Cuivre Métal,,Cuivre Métal:NOT_IN_EU_LIST,
FONGICIDE,Cuivre Métal,20%,WP,POLTIGLIA 20 PB,F.035-17,ATLAS AGRICOLE,MANICA S.P.A,2023,NOT_FOUND_OR_NEEDS_MANUAL_REVIEW,0,Cuivre Métal,,Cuivre Métal:NOT_IN_EU_LIST,
FONGICIDE,Cuivre Métal,20%,WG,Cuperval WG,F.005-13/23,SANABEL AGRO,I.Q.V. DELVALLES,2023,NOT_FOUND_OR_NEEDS_MANUAL_REVIEW,0,Cuivre Métal,,Cuivre Métal:NOT_IN_EU_LIST,
FONGICIDE,Cuivre Métal,20%,WG,Bouillie Bordelaise,F.203-11/21,SEPCM,Cerexagri/UPL Ltd,2023,NOT_FOUND_OR_NEEDS_MANUAL_REVIEW,0,Cuivre Métal,,Cuivre Métal:NOT_IN_EU_LIST,
FONGICIDE,Cuivre Métal,20%,WG,Bordo valles WG,F.154-11/21,SOCOOPEC,I.Q.V. DELVALLES,2023,NOT_FOUND_OR_NEEDS_MANUAL_REVIEW,0,Cuivre Métal,,Cuivre Métal:NOT_IN_EU_LIST,
FONGICIDE,Cuivre Métal,3 5 %,W G,K ocide 2000,F.019-11/21,AGRIPROTEC,MITSUI & Co Ltd/kocide LLC/cosaco LLC(japon),2023,NOT_FOUND_OR_NEEDS_MANUAL_REVIEW,0,Cuivre Métal,,Cuivre Métal:NOT_IN_EU_LIST,
FONGICIDE,Cuivre Métal,5 0 %,W P,C O P S I P,F . 0 1 9 - 1 8,A G R I P R O T E C,SIPCAM INAGRA,2023,NOT_FOUND_OR_NEEDS_MANUAL_REVIEW,0,Cuivre Métal,,Cuivre Métal:NOT_IN_EU_LIST,
FONGICIDE,Cuivre Métal,5 0 %,W P,I n a c o p P M,F . 0 0 3 - 1 4,A T L A S A G R I COLE,SIPCAM INAGRA,2023,NOT_FOUND_OR_NEEDS_MANUAL_REVIEW,0,Cuivre Métal,,Cuivre Métal:NOT_IN_EU_LIST,
FONGICIDE,Cuivre Métal,5 0 %,W P,C o p e z i n e 5 0,F . 0 2 3 - 1 6,E L K H A D R A,SIPCAM QUIMAGRO,2023,NOT_FOUND_OR_NEEDS_MANUAL_REVIEW,0,Cuivre Métal,,Cuivre Métal:NOT_IN_EU_LIST,
FONGICIDE,Cuivre Métal,5 0 %,W P,C o b r e Key,F . 0 1 8 - 1 1 / 2 1,E T S M E Z G H A N I,I N D U S T R I . QUIMICAKEY,2023,NOT_FOUND_OR_NEEDS_MANUAL_REVIEW,0,Cuivre Métal,,Cuivre Métal:NOT_IN_EU_LIST,
FONGICIDE,Cuivre Métal,5 0 %,W P,C u p r e n e,F . 1 6 7 - 1 1 / 2 1,p r o m o c h i m i e,SIPCAM QUIMAGRO,2023,NOT_FOUND_OR_NEEDS_MANUAL_REVIEW,0,Cuivre Métal,,Cuivre Métal:NOT_IN_EU_LIST,
FONGICIDE,Cuivre Métal,5 0 %,W P,R o x o n 5 0,F . 0 0 8 - 1 3 / 2 3,S A N A B E L A G RO,I.Q.V. – Espagne,2023,NOT_FOUND_OR_NEEDS_MANUAL_REVIEW,0,Cuivre Métal,,Cuivre Métal:NOT_IN_EU_LIST,
FONGICIDE,Cuivre Métal,5 0 %,W P,C u p r o c u i v r e,F . 1 5 1 - 1 1 / 2 1,S E P C M,I.Q.V. – Espagne,2023,NOT_FOUND_OR_NEEDS_MANUAL_REVIEW,0,Cuivre Métal,,Cuivre Métal:NOT_IN_EU_LIST,
FONGICIDE,Cuivre Métal,5 0 %,W P,C u r e n o x,F . 1 5 2 - 1 1 / 2 1,S O C O O P E C,I.Q.V. – Espagne,2023,NOT_FOUND_OR_NEEDS_MANUAL_REVIEW,0,Cuivre Métal,,Cuivre Métal:NOT_IN_EU_LIST,
FONGICIDE,Cuivre Métal,5 0 %,W P,H i d r o c o b r e 5 0 valles,F . 1 5 3 - 1 1 / 2 1,S O C O O P E C,IQV DEL VALLES,2023,NOT_FOUND_OR_NEEDS_MANUAL_REVIEW,0,Cuivre Métal,,Cuivre Métal:NOT_IN_EU_LIST,
FONGICIDE,Cuivre Métal,5 0 %,W P,C u i v o x,F . 1 5 0 - 1 1 / 2 1,S T E C,I.Q.V. – Espagne,2023,NOT_FOUND_OR_NEEDS_MANUAL_REVIEW,0,Cuivre Métal,,Cuivre Métal:NOT_IN_EU_LIST,
FONGICIDE,Cuivre métal(xyde de cuivre),40%,WG,HYDRO 40 WG,F.001-19,SANABEL AGRO,IndustriasQuimicas Del Vallés (IQV),2023,NOT_FOUND_OR_NEEDS_MANUAL_REVIEW,0,Cuivre métal(xyde de cuivre),,Cuivre métal(xyde de cuivre):NOT_IN_EU_LIST,
FONGICIDE,Cuivre(Oxychlorure de cuivre ),57%,WP,OXYCUIVRE 50,F.066-22,AGRIMED DISTRIBUTION,Shyham chemical /FITOGAL,2023,NOT_FOUND_OR_NEEDS_MANUAL_REVIEW,0,Cuivre(Oxychlorure de cuivre ),,Cuivre(Oxychlorure de cuivre ):NOT_IN_EU_LIST,
FONGICIDE,Cuivre(oxychlorure de cuivre ),57%,WP,COOPOX WP,F.02-21,AMINCO,Shyham chemical,2023,NOT_FOUND_OR_NEEDS_MANUAL_REVIEW,0,Cuivre(oxychlorure de cuivre ),,Cuivre(oxychlorure de cuivre ):NOT_IN_EU_LIST,
FONGICIDE,Cuivre(oxychlorure de cuivre 605 g/kg),350g/kg,WG,RAMCU 35 WG,F.002-19,STIMA,Manica S.P.A,2023,CONTAINS_NOT_APPROVED_SUBSTANCE_IN_EU,1,Cuivre(oxychlorure de cuivre 605 g | kg),Quintozene containing > 1 g/kg HCB or > 10 g/kg pentachlorobenzene,Cuivre(oxychlorure de cuivre 605 g:NOT_IN_EU_LIST | kg):EU_NOT_APPROVED,
FONGICIDE,Cuivre +cymoxanil,200 g/l+40 g/l,WG,Cuprofix C WG,F.019-22,EL MOUSSEM,UPL,2023,ALL_SUBSTANCES_APPROVED_IN_EU,1,Cuivre +cymoxanil,Cymoxanil,Cuivre +cymoxanil:EU_APPROVED,
FONGICIDE,Cuivre+ Métalaxyl,40% + 8%,WP,Armetil cuivre,F.159-11/21,SOCOOPEC,IQV DEL VALLES,2023,ALL_SUBSTANCES_APPROVED_IN_EU,1,Cuivre+ Métalaxyl,Metalaxyl,Cuivre+ Métalaxyl:EU_APPROVED,
FONGICIDE,Cuivre +Metalaxyl,40% + 8%,WP,Mevaxil Cuivre WP,F.043-22,NEGANOR,IQV DEL VALLES,2023,ALL_SUBSTANCES_APPROVED_IN_EU,1,Cuivre +Metalaxyl,Metalaxyl,Cuivre +Metalaxyl:EU_APPROVED,
FONGICIDE,Cyazofamid,160g/l,SC,RANMAN TOP SC,F.05-21,AGRIPROTEC,ISK Biosciences Europe N.V,2023,ALL_SUBSTANCES_APPROVED_IN_EU,1,Cyazofamid,Cyazofamid,Cyazofamid:EU_APPROVED,
FONGICIDE,Cyflufenamid,50g/l,EW,CONFIRM 5 EW,F.25-21,EL MOUSSEM,NIPPON SODA/ Nisso Chemical Europe GmbH,2023,ALL_SUBSTANCES_APPROVED_IN_EU,1,Cyflufenamid,Cyflufenamid,Cyflufenamid:EU_APPROVED,
FONGICIDE,cymoxanil,450 g/kg,GR,Cymbal 45,F.09-21,NEGANOR,BELCHIM CROP PROTECTION,2023,ALL_SUBSTANCES_APPROVED_IN_EU,1,cymoxanil,Cymoxanil,cymoxanil:EU_APPROVED,
FONGICIDE,Cymoxanil + Métirame de,"4,8 % +64%",WG,BATO,F.61-21,AGRIMATCO,BASF,2023,CONTAINS_NOT_APPROVED_SUBSTANCE_IN_EU,1,Cymoxanil + Métirame de,Metiram,Cymoxanil + Métirame de:EU_NOT_APPROVED,
FONGICIDE,Zinc,"4,8 % +64%",WG,,,,,2023,ALL_SUBSTANCES_APPROVED_IN_EU,1,Zinc,Zinc phosphide,Zinc:EU_APPROVED,
FONGICIDE,Cymoxanil + Métirame de,"4,8 % +64%",WG,Aviso DF,F.023-11/21,STIMA,BASF,2023,CONTAINS_NOT_APPROVED_SUBSTANCE_IN_EU,1,Cymoxanil + Métirame de,Metiram,Cymoxanil + Métirame de:EU_NOT_APPROVED,
FONGICIDE,Cymoxanil +Famoxad one,"3 0 % + 2 2 , 5 %",W G,E q u a t i o n P r o,F . 0 2 0 - 1 1 / 2 1,S E P C M,D U P O N T ( T a i w a n ) AGRISCIENCE,2023,ALL_SUBSTANCES_APPROVED_IN_EU,1,Cymoxanil +Famoxad one,Cymoxanil,Cymoxanil +Famoxad one:EU_APPROVED,
FONGICIDE,Cymoxanil+ Zoxamid,33%+33%,WG,REBOOT WG,F.013-22,AGRIMATCO,GOWAN CROP PROTECTION LIMITED,2023,ALL_SUBSTANCES_APPROVED_IN_EU,1,Cymoxanil+ Zoxamid,Cymoxanil,Cymoxanil+ Zoxamid:EU_APPROVED,
FONGICIDE,Cyproconazole,10%,WG,Atemi 10 WG,F.002-15,AGRIPROTEC,SYNGENTA CROP,2023,CONTAINS_NOT_APPROVED_SUBSTANCE_IN_EU,1,Cyproconazole,Cyproconazole,Cyproconazole:EU_NOT_APPROVED,
FONGICIDE,Cyproconazole,10%,WG,Xpert WG,F.013-16,EL KHADRA,Sharda,2023,CONTAINS_NOT_APPROVED_SUBSTANCE_IN_EU,1,Cyproconazole,Cyproconazole,Cyproconazole:EU_NOT_APPROVED,
FONGICIDE,Cyproconazole +Azoxystrobin,80 g/L +200 g/L,SC,Priori Xtra,F.003-18,SOLAGRI,SYNGENTA,2023,ALL_SUBSTANCES_APPROVED_IN_EU,1,Cyproconazole +Azoxystrobin,Azoxystrobin,Cyproconazole +Azoxystrobin:EU_APPROVED,
FONGICIDE,Cyproconazole + chlorothalonil,4% + 37.5 %,SC,CHAMPION,F.019-17,SOCOOPEC,SHARDA CROPCHEM,2023,CONTAINS_NOT_APPROVED_SUBSTANCE_IN_EU,1,Cyproconazole + chlorothalonil,Cyproconazole,Cyproconazole + chlorothalonil:EU_NOT_APPROVED,
FONGICIDE,Cyproconazole +chlorothalonil,4%+37.5 %,SC,CYCLONE,F.015-19,SANABEL AGRO,SHARDA CROPCHEM,2023,CONTAINS_NOT_APPROVED_SUBSTANCE_IN_EU,1,Cyproconazole +chlorothalonil,Cyproconazole,Cyproconazole +chlorothalonil:EU_NOT_APPROVED,
FONGICIDE,Cyprodinil,50%,WG,arnatin WG,F.68-21,SOLAGRI,SYNGENTA,2023,ALL_SUBSTANCES_APPROVED_IN_EU,1,Cyprodinil,Cyprodinil,Cyprodinil:EU_APPROVED,
FONGICIDE,Diethofencarb,250 g/l,SC,FRUGICO SC,F.019-16,AGROSYTEME,GLOBACHEM,2023,CONTAINS_NOT_APPROVED_SUBSTANCE_IN_EU,1,Diethofencarb,Diethofencarb,Diethofencarb:EU_NOT_APPROVED,
FONGICIDE,Difenoconazole,250 g/L,EC,Difcor,F.027-11/21,AGROSYSTEMES,GLOBACHEM,2023,ALL_SUBSTANCES_APPROVED_IN_EU,1,Difenoconazole,Difenoconazole,Difenoconazole:EU_APPROVED,
FONGICIDE,Difenoconazole,30 g/L,FS,Difender 30 FS,006-14F.,AGROSYSTEMES,GLOBACHEM,2023,ALL_SUBSTANCES_APPROVED_IN_EU,1,Difenoconazole,Difenoconazole,Difenoconazole:EU_APPROVED,
FONGICIDE,Difenoconazole,250 g/L,EC,Protector,F.032-15,AMINCO,GLOBACHEM,2023,ALL_SUBSTANCES_APPROVED_IN_EU,1,Difenoconazole,Difenoconazole,Difenoconazole:EU_APPROVED,
FONGICIDE,Difenoconazole,250 g/L,EC,Score 250 EC,F.028-11/21,BIOPROTECTION,SYNGENTA,2023,ALL_SUBSTANCES_APPROVED_IN_EU,1,Difenoconazole,Difenoconazole,Difenoconazole:EU_APPROVED,
FONGICIDE,Difenoconazole,30 g/L,FS,Spectro 30 FS,F.029-11/21,BIOPROTECTION,SYNGENTA,2023,ALL_SUBSTANCES_APPROVED_IN_EU,1,Difenoconazole,Difenoconazole,Difenoconazole:EU_APPROVED,
FONGICIDE,Difenoconazole,250 g/L,EC,CURYGEN EC,F.015-20,EL KHADRA,JSC AUGUST INC,2023,ALL_SUBSTANCES_APPROVED_IN_EU,1,Difenoconazole,Difenoconazole,Difenoconazole:EU_APPROVED,
FONGICIDE,Difenoconazole,250 g/L,EC,PROZOLE 250 EC,F.022-18,Ets MEZGHANI,ASTRACHEM,2023,ALL_SUBSTANCES_APPROVED_IN_EU,1,Difenoconazole,Difenoconazole,Difenoconazole:EU_APPROVED,
FONGICIDE,Difenoconazole,250 g/L,EC,RAYOK,F.046-17,HALAB TUNISIE,JSC AUGUST INC,2023,ALL_SUBSTANCES_APPROVED_IN_EU,1,Difenoconazole,Difenoconazole,Difenoconazole:EU_APPROVED,
FONGICIDE,Difenoconazole,250 g/L,EC,Festival 250 EC,F.006-15,SANABEL AGRO,Sharda World Wide,2023,ALL_SUBSTANCES_APPROVED_IN_EU,1,Difenoconazole,Difenoconazole,Difenoconazole:EU_APPROVED,
FONGICIDE,Difenoconazole,30 g/l,FS,SITARA FS,F.001-20,SANABEL AGRO,SHARDA CROPCHEM,2023,ALL_SUBSTANCES_APPROVED_IN_EU,1,Difenoconazole,Difenoconazole,Difenoconazole:EU_APPROVED,
FONGICIDE,Difenoconazole,250 g/L,EC,Divisole,F.194-11/21,TASMID,ASTRACHEM,2023,ALL_SUBSTANCES_APPROVED_IN_EU,1,Difenoconazole,Difenoconazole,Difenoconazole:EU_APPROVED,
FONGICIDE,Difenoconazole +Cyflufenamid,60g/l+30g/l,DC,DYNALI DC,F.002-22,SOLAGRI,SYNGENTA,2023,ALL_SUBSTANCES_APPROVED_IN_EU,1,Difenoconazole +Cyflufenamid,Difenoconazole,Difenoconazole +Cyflufenamid:EU_APPROVED,
FONGICIDE,Difenoconazole + Fludioxonil,25 g/l +25 g/l,FS,DIFEND EXTRA FS,F.017-18,AGROSYSTEMES,Globachem,2023,ALL_SUBSTANCES_APPROVED_IN_EU,1,Difenoconazole + Fludioxonil,Fludioxonil,Difenoconazole + Fludioxonil:EU_APPROVED,
FONGICIDE,Difenoconazole + Fludioxonil,25 g/L + 25 g/L,FS,Celest Extra 50 FS,F.030-11/21,BIOPROTECTION,SYNGENTA,2023,ALL_SUBSTANCES_APPROVED_IN_EU,1,Difenoconazole + Fludioxonil,Fludioxonil,Difenoconazole + Fludioxonil:EU_APPROVED,
FONGICIDE,Difenoconazole + Fludioxonil +Sedexane,25 g/l + 25 g/l + 50 g/l,FS,Vibrance Gold,F.013-15,BIOPROTECTION,SYNGENTA,2023,ALL_SUBSTANCES_APPROVED_IN_EU,1,Difenoconazole + Fludioxonil +Sedexane,Fludioxonil,Difenoconazole + Fludioxonil +Sedexane:EU_APPROVED,
FONGICIDE,Difenoconazole + Fludioxonil +Sedexane,125g/L +15g/L,DC,,F.026-17,AGRIPROTEC,SYNGENTA,2023,ALL_SUBSTANCES_APPROVED_IN_EU,1,Difenoconazole + Fludioxonil +Sedexane,Fludioxonil,Difenoconazole + Fludioxonil +Sedexane:EU_APPROVED,
FONGICIDE,Difenoconazole +Cyflufenamid,125g/L +15g/L,DC,MELCAR TOP 140 DC,F.027-18,COTUGRAIN IMPEX,SYNGENTA,2023,ALL_SUBSTANCES_APPROVED_IN_EU,1,Difenoconazole +Cyflufenamid,Difenoconazole,Difenoconazole +Cyflufenamid:EU_APPROVED,
FONGICIDE,Difenoconazole +Métalaxyl-M,92 g/l + 23 g/l,FS,SpectroExtreme 115 FS,008-14F.,BIOPROTECTION,SYNGENTA,2023,ALL_SUBSTANCES_APPROVED_IN_EU,1,Difenoconazole +Métalaxyl-M,Metalaxyl,Difenoconazole +Métalaxyl-M:EU_APPROVED,
FONGICIDE,Difenoconazole +Métalaxyl-M,92 g/l + 23 g/l,FS,DIVIDEND EXTREME 115 FS,F.006-18,SOLAGRI,SYNGENTA,2023,ALL_SUBSTANCES_APPROVED_IN_EU,1,Difenoconazole +Métalaxyl-M,Metalaxyl,Difenoconazole +Métalaxyl-M:EU_APPROVED,
FONGICIDE,Diméthomorphe +Fluazinam,200 g/l +200 g/l,SC,FOLY STAR 400 SC,F.007-16,SEPCM,AAKO,2023,CONTAINS_NOT_APPROVED_SUBSTANCE_IN_EU,1,Diméthomorphe +Fluazinam,Dimethomorph,Diméthomorphe +Fluazinam:EU_NOT_APPROVED,
FONGICIDE,Dimetomorphe +Folpel,11.3% +60%,WG,,F.036-17,BIOPROTECTION,AAKO,2023,NOT_FOUND_OR_NEEDS_MANUAL_REVIEW,0,Dimetomorphe +Folpel,,Dimetomorphe +Folpel:NOT_IN_EU_LIST,
FONGICIDE,Dimetomorphe +Folpel,11.3% +60%,WG,DENIM,F.007-17,RAYEN,Sharda cropchem,2023,NOT_FOUND_OR_NEEDS_MANUAL_REVIEW,0,Dimetomorphe +Folpel,,Dimetomorphe +Folpel:NOT_IN_EU_LIST,
FONGICIDE,Dimetomorphe +Folpel,11.3% +60%,WG,FLOPY DUO,F.65-21,AGRINOVA,Sharda cropchem,2023,NOT_FOUND_OR_NEEDS_MANUAL_REVIEW,0,Dimetomorphe +Folpel,,Dimetomorphe +Folpel:NOT_IN_EU_LIST,
FONGICIDE,Dinocap Meptyl + Myclobutanil,105 g/L + 45 g/L,EC,AGRIKAR STAR,F.029-18,ATLAS AGRICOLE,DOW AGROSCIENCES,2023,CONTAINS_NOT_APPROVED_SUBSTANCE_IN_EU,1,Dinocap Meptyl + Myclobutanil,Myclobutanil,Dinocap Meptyl + Myclobutanil:EU_NOT_APPROVED,
FONGICIDE,Dithianon,500 g/l,SC,DELAN 500 SC,F.050-22,BIOPROTECTION,BASF,2023,ALL_SUBSTANCES_APPROVED_IN_EU,1,Dithianon,Dithianon,Dithianon:EU_APPROVED,
FONGICIDE,Dithianon,70%,WG,ASTRONE,F.056-22,SANABEL AGRO,SHARDA CROPCHEM,2023,ALL_SUBSTANCES_APPROVED_IN_EU,1,Dithianon,Dithianon,Dithianon:EU_APPROVED,
FONGICIDE,Dithianon,12 % + 4%,WG,shanon,F.32-21,SHARDA CROPCHEM TUNISIE,sharda cropchem,2023,ALL_SUBSTANCES_APPROVED_IN_EU,1,Dithianon,Dithianon,Dithianon:EU_APPROVED,
FONGICIDE,Dithianon +Pyrachlostrobin,70%,WDG,MACCANI,F.014-16,COTUGRAIN,BASF,2023,ALL_SUBSTANCES_APPROVED_IN_EU,1,Dithianon +Pyrachlostrobin,Dithianon,Dithianon +Pyrachlostrobin:EU_APPROVED,
FONGICIDE,Dodine,400 g/L,SC,Syllit 400 SC,F.172-11/21,PROTAGRI,ARYSTA Life Science Benelux / Belgique/UPL,2023,ALL_SUBSTANCES_APPROVED_IN_EU,1,Dodine,Dodine,Dodine:EU_APPROVED,
FONGICIDE,Dodine,400 g/L,SC,Efluzin 400 SC,F.010-15,SEPCM,ARYSTA Life Science Benelux / Belgique/ARYSTA,2023,ALL_SUBSTANCES_APPROVED_IN_EU,1,Dodine,Dodine,Dodine:EU_APPROVED,
FONGICIDE,Famoxadone +cymoxanil,"22,5%+30%",WG,VENUS WG,F.045-22,STIMA,"Shengnong Pesticide, Co. Ltd/hangzhou Topagro Bioscience",2023,CONTAINS_NOT_APPROVED_SUBSTANCE_IN_EU,1,Famoxadone +cymoxanil,Famoxadone,Famoxadone +cymoxanil:EU_NOT_APPROVED,
FONGICIDE,Fenhexamide,"53,70%",WG,Teldor,F.040-11/21,PROMOCHIMIE,BAYER CROPSCIENCE,2023,ALL_SUBSTANCES_APPROVED_IN_EU,1,Fenhexamide,Fenhexamid,Fenhexamide:EU_APPROVED,
FONGICIDE,Fenpyrazamine,50%,WG,PROLECTUS 50WG,F.040-17,SEPCM,SUMITOMO CHEMICAL AGRO Europe,2023,CONTAINS_NOT_APPROVED_SUBSTANCE_IN_EU,1,Fenpyrazamine,Fenpyrazamine,Fenpyrazamine:EU_NOT_APPROVED,
FONGICIDE,Fluazinam,5 00 g/l,SC,Nando,F.045-11/21,BIOPROTECTION,NUFARM,2023,ALL_SUBSTANCES_APPROVED_IN_EU,1,Fluazinam,Fluazinam,Fluazinam:EU_APPROVED,
FONGICIDE,Fluazinam,5 00 g/l,SC,VERTIGO,F.208-11/21,Sanabel agro,NUFARM,2023,ALL_SUBSTANCES_APPROVED_IN_EU,1,Fluazinam,Fluazinam,Fluazinam:EU_APPROVED,
FONGICIDE,Fluazinam +Azoxystrobine,375 g/l+150 g/l,SC,VENDETTA SC,F.055-22,STEC,FMC,2023,ALL_SUBSTANCES_APPROVED_IN_EU,1,Fluazinam +Azoxystrobine,Azoxystrobin,Fluazinam +Azoxystrobine:EU_APPROVED,
FONGICIDE,Fludioxinil,230 g/l,SC,SCHOLAR 230 SC,F.052-22,BIOPROTECTION,SYNGENTA,2023,NOT_FOUND_OR_NEEDS_MANUAL_REVIEW,0,Fludioxinil,,Fludioxinil:NOT_IN_EU_LIST,
FONGICIDE,Fludioxonil,1 0 0 g / L,F S,Maxim 100 FS,F.042-11/21,BIOPROTECTION,SYNGENTA,2023,ALL_SUBSTANCES_APPROVED_IN_EU,1,Fludioxonil,Fludioxonil,Fludioxonil:EU_APPROVED,
FONGICIDE,Fludioxonil +Cyprodinil,"25% +37,5%",WG,"switch 62,5 WG",F.043-11/21,BIOPROTECTION,SYNGENTA,2023,ALL_SUBSTANCES_APPROVED_IN_EU,1,Fludioxonil +Cyprodinil,Fludioxonil,Fludioxonil +Cyprodinil:EU_APPROVED,
FONGICIDE,Fludioxonil +Cyprodinil,"25% +37,5%",WG,Chorus Double,F.044-11/21,BIOPROTECTION,SYNGENTA,2023,ALL_SUBSTANCES_APPROVED_IN_EU,1,Fludioxonil +Cyprodinil,Fludioxonil,Fludioxonil +Cyprodinil:EU_APPROVED,
FONGICIDE,Fluopyram + Tebuconazole,200 g/L + 200 g/l,SC,Luna Experience 400 SC,F.023-13/23,SEPCM,BAYER CROPSCIENCE,2023,ALL_SUBSTANCES_APPROVED_IN_EU,1,Fluopyram + Tebuconazole,Tebuconazole,Fluopyram + Tebuconazole:EU_APPROVED,
FONGICIDE,Fluopyram + Trifloxystrobine,250 g/L + 250 g/L,SC,Luna sensation,F.019-13/23,ATLAS AGRICOLE,BAYER CROPSCIENCE,2023,ALL_SUBSTANCES_APPROVED_IN_EU,1,Fluopyram + Trifloxystrobine,Trifloxystrobin,Fluopyram + Trifloxystrobine:EU_APPROVED,
FONGICIDE,Fluoxastrobine,480g/l,SC,EVITO 480 SC,F010-17,EL MOUSSEM AGRICOLE,ARYSTA LIFESCIENCE,2023,ALL_SUBSTANCES_APPROVED_IN_EU,1,Fluoxastrobine,Fluoxastrobin,Fluoxastrobine:EU_APPROVED,
FONGICIDE,Fluoxastrobine + Tebuconazole,200 g/l + 277 g/l de,SC,Evito T,F.033-16,EL MOUSSEM AGRICOLE,ARYSTA LIFESCIENCE,2023,ALL_SUBSTANCES_APPROVED_IN_EU,1,Fluoxastrobine + Tebuconazole,Tebuconazole,Fluoxastrobine + Tebuconazole:EU_APPROVED,
FONGICIDE,Flutriafol,1 25 g/L,SC,Impact S,F.047-11/21,AGRIPROTEC,CHEMINOVA/FMC,2023,CONTAINS_NOT_APPROVED_SUBSTANCE_IN_EU,1,Flutriafol,Flutriafol,Flutriafol:EU_NOT_APPROVED,
FONGICIDE,Flutriafol,1 25 g/L,SC,Radikal SC,F.73-21,,SHARDA,2023,CONTAINS_NOT_APPROVED_SUBSTANCE_IN_EU,1,Flutriafol,Flutriafol,Flutriafol:EU_NOT_APPROVED,
FONGICIDE,Flutriafol,1 25 g/L,SC,Flutri 125 SC,F.032-16,RAYEN PHYTAGRI,SHARDA,2023,CONTAINS_NOT_APPROVED_SUBSTANCE_IN_EU,1,Flutriafol,Flutriafol,Flutriafol:EU_NOT_APPROVED,
FONGICIDE,Flutriafol +Thiabendazole,25 g/L +25 g/L,FLO (FS),Vincit F,F.048-11/21,AGRIPROTEC,CHEMINOVA/FMC,2023,ALL_SUBSTANCES_APPROVED_IN_EU,1,Flutriafol +Thiabendazole,Thiabendazole,Flutriafol +Thiabendazole:EU_APPROVED,
FONGICIDE,Flutriafol + Tébuconazole,75 g/l + 225 g/l,SC,Pointer Duo,F.028-16,AGROSYSTEMES,CHEMINOVA/FMC,2023,ALL_SUBSTANCES_APPROVED_IN_EU,1,Flutriafol + Tébuconazole,Tebuconazole,Flutriafol + Tébuconazole:EU_APPROVED,
FONGICIDE,Fluxapyroxad + Pyraclostrobine,75 g/l+150 g/l,SE,PRIAXOR SE,18-010F.,COTUGRAIN IMPEX,BASF,2023,ALL_SUBSTANCES_APPROVED_IN_EU,1,Fluxapyroxad + Pyraclostrobine,Pyraclostrobin,Fluxapyroxad + Pyraclostrobine:EU_APPROVED,
FONGICIDE,Fluoxastrobine + Propamocarb hydrochloride,75 g/l+400 g/l,SC,EVITO P,F.044-22,EL MOUSSEM,ARYSTA LIFESCIENCE/ UPL,2023,ALL_SUBSTANCES_APPROVED_IN_EU,1,Fluoxastrobine + Propamocarb hydrochloride,Propamocarb,Fluoxastrobine + Propamocarb hydrochloride:EU_APPROVED,
FONGICIDE,Folpel,80%,WP,Solfol,F.034-17,ATLAS AGRICOLE,BELCHIM CROP,2023,NOT_FOUND_OR_NEEDS_MANUAL_REVIEW,0,Folpel,,Folpel:NOT_IN_EU_LIST,
FONGICIDE,Folpet+ Foséthyl-Al,25%+50%,WG,Mikal Flash,F.049-11/21,SEPCM,BAYER CROPSCIENCE,2023,ALL_SUBSTANCES_APPROVED_IN_EU,1,Folpet+ Foséthyl-Al,Folpet,Folpet+ Foséthyl-Al:EU_APPROVED,
FONGICIDE,Fosethyl al + Folpel + Iprovalicarbe,50 % +25 % + 4%,WG,CASSIOPEE WG,F.044-17,PROMOCHIMIE,BAYER AG,2023,ALL_SUBSTANCES_APPROVED_IN_EU,1,Fosethyl al + Folpel + Iprovalicarbe,Iprovalicarb,Fosethyl al + Folpel + Iprovalicarbe:EU_APPROVED,
FONGICIDE,Foséthyl-Al,80%,WP,Filal,F.175-11/21,EL KHADRA,AFRASA,2023,NOT_FOUND_OR_NEEDS_MANUAL_REVIEW,0,Foséthyl-Al,,Foséthyl-Al:NOT_IN_EU_LIST,
FONGICIDE,Foséthyl-Al,80%,WP,Alial,F.050-11/21,AGRIPROTEC,PROPLAN,2023,NOT_FOUND_OR_NEEDS_MANUAL_REVIEW,0,Foséthyl-Al,,Foséthyl-Al:NOT_IN_EU_LIST,
FONGICIDE,Foséthyl-Al,80%,WG,Aliette express,F.051-11/21,SEPCM,BAYER CROPSCIENCE,2023,NOT_FOUND_OR_NEEDS_MANUAL_REVIEW,0,Foséthyl-Al,,Foséthyl-Al:NOT_IN_EU_LIST,
FONGICIDE,Fosetyl aluminium,80%,WP,CLEANER WP,F.017-22,FERTITECH,HANGZHOU TOPAGRO BIOSCIENCE,2023,ALL_SUBSTANCES_APPROVED_IN_EU,1,Fosetyl aluminium,Fosetyl,Fosetyl aluminium:EU_APPROVED,
FONGICIDE,Fosethyl-Al +Cymoxanil + Folpel,50 % +4 % + 25%,WP,BELKAP EXTRA,F.026.18,AGROSYSTEMES,PROBELTE,2023,ALL_SUBSTANCES_APPROVED_IN_EU,1,Fosethyl-Al +Cymoxanil + Folpel,Cymoxanil,Fosethyl-Al +Cymoxanil + Folpel:EU_APPROVED,
FONGICIDE,Fosethyl-Al +Cymoxanil + Folpel,50% +4% + 25%,WG,Anteor flash,F.019-14,ATLAS AGRICOLE,BAYER AG,2023,ALL_SUBSTANCES_APPROVED_IN_EU,1,Fosethyl-Al +Cymoxanil + Folpel,Cymoxanil,Fosethyl-Al +Cymoxanil + Folpel:EU_APPROVED,
FONGICIDE,Fosethyl-Al +Cymoxanil +Folpet,50 % +4 % +25%,WP,Fosbel extra,F.052.11,AGRIPROTEC,PROBELTE,2023,ALL_SUBSTANCES_APPROVED_IN_EU,1,Fosethyl-Al +Cymoxanil +Folpet,Folpet,Fosethyl-Al +Cymoxanil +Folpet:EU_APPROVED,
FONGICIDE,Fosethyl-Al +Cymoxanil +Folpet,50 % +4 % +25%,WP,Magma Triple,F.137-11/21,EL KHADRA,AFRASA,2023,ALL_SUBSTANCES_APPROVED_IN_EU,1,Fosethyl-Al +Cymoxanil +Folpet,Folpet,Fosethyl-Al +Cymoxanil +Folpet:EU_APPROVED,
FONGICIDE,Fosethyl-Al +Cymoxanil +Folpet,50 % +4 % +25%,WP,Katanga Triple WP,F.04-21,NEGANOR,PROPLAN,2023,ALL_SUBSTANCES_APPROVED_IN_EU,1,Fosethyl-Al +Cymoxanil +Folpet,Folpet,Fosethyl-Al +Cymoxanil +Folpet:EU_APPROVED,
FONGICIDE,Fosethyl-Al +Fluopicolide,"66,7 % +4,4%",WG,Profiler,F.053-11/21,ATLAS AGRICOLE,BAYER AG,2023,ALL_SUBSTANCES_APPROVED_IN_EU,1,Fosethyl-Al +Fluopicolide,Fluopicolide,Fosethyl-Al +Fluopicolide:EU_APPROVED,
FONGICIDE,Foséthyl –Al,80%,WG,FILAL PLUS WG,F.051-22,EL KHADRA,AFRASA,2023,NOT_FOUND_OR_NEEDS_MANUAL_REVIEW,0,Foséthyl –Al,,Foséthyl –Al:NOT_IN_EU_LIST,
FONGICIDE,Fosetyl –al,80%,WP,ALU-VITE WP,F.74-21,TASMID,LIMIN CHEMICAL CO.LTD,2023,ALL_SUBSTANCES_APPROVED_IN_EU,1,Fosetyl –al,Fosetyl,Fosetyl –al:EU_APPROVED,
FONGICIDE,Fosetyl –al,80%,WG,ALLUM WG,F.009-16,EL MOUSSEM AGRICOLE,NUFARM,2023,ALL_SUBSTANCES_APPROVED_IN_EU,1,Fosetyl –al,Fosetyl,Fosetyl –al:EU_APPROVED,
FONGICIDE,Fosetyl –al,80%,WG,lotus,F.49-21,SANABEL AGRO,NUFARM,2023,ALL_SUBSTANCES_APPROVED_IN_EU,1,Fosetyl –al,Fosetyl,Fosetyl –al:EU_APPROVED,
FONGICIDE,Fosetyl-Al,80%,WP,KEYFOL 80 WP,F.004-19,Ets MEZGHANI,LIMIN CHEMICAL CO.LTD,2023,ALL_SUBSTANCES_APPROVED_IN_EU,1,Fosetyl-Al,Fosetyl,Fosetyl-Al:EU_APPROVED,
FONGICIDE,Fosethyl-al +sulfate de cuivre tribasique,200 g/kg+150 g/kg,WG,Optix R WG,F.021-22,BIOPROTECTION,UPL,2023,NOT_FOUND_OR_NEEDS_MANUAL_REVIEW,0,Fosethyl-al +sulfate de cuivre tribasique,,Fosethyl-al +sulfate de cuivre tribasique:NOT_IN_EU_LIST,
FONGICIDE,Huile essentielle de thym (thymol),81.87 g/l,EW,NOPATH EW,F.006-19,NUTRIPLANT,KOPPERT BIOLOGICAL SYSTEM,2023,NOT_FOUND_OR_NEEDS_MANUAL_REVIEW,0,Huile essentielle de thym (thymol),,Huile essentielle de thym (thymol):NOT_IN_EU_LIST,
FONGICIDE,Huile essentielle d'orange douce,60 g/l,ME,LIMOCIDE ULTRA ME,F.01-21,RAYEN PHYTAGRI,VIVAGRO,2023,NOT_FOUND_OR_NEEDS_MANUAL_REVIEW,0,Huile essentielle d'orange douce,,Huile essentielle d'orange douce:NOT_IN_EU_LIST,
FONGICIDE,Hydroxyde de cuivre,77% soit 50% sous forme de cuivre métal,WP,Copper Progress,F.169-11/21,AGROSYSTEMES,SPEISS URANIA/COSACO GmbH,2023,NOT_FOUND_OR_NEEDS_MANUAL_REVIEW,0,Hydroxyde de cuivre,,Hydroxyde de cuivre:NOT_IN_EU_LIST,
FONGICIDE,Hydroxyde de cuivre,77% soit 50% sous forme de cuivre métal,WP,Patrol 50 WP,F.028-15,AMINCO,SPEISS URANIA/COSACO GmbH,2023,NOT_FOUND_OR_NEEDS_MANUAL_REVIEW,0,Hydroxyde de cuivre,,Hydroxyde de cuivre:NOT_IN_EU_LIST,
FONGICIDE,Hydroxyde de cuivre,250 g/kg,WG,BLUE SHIELD 25 WG,F.016-22,SOLAGRI,Albaugh.LLC,2023,NOT_FOUND_OR_NEEDS_MANUAL_REVIEW,0,Hydroxyde de cuivre,,Hydroxyde de cuivre:NOT_IN_EU_LIST,
FONGICIDE,Hydroxyde de Cuivre (400 g/l de cuivre métal),645 g/l,SC,Heliocuivre,F.211-11/21,BIOPROTECTION,Action Pin/AAKO,2023,NOT_FOUND_OR_NEEDS_MANUAL_REVIEW,0,Hydroxyde de Cuivre (400 g | l de cuivre métal),,Hydroxyde de Cuivre (400 g:NOT_IN_EU_LIST | l de cuivre métal):NOT_IN_EU_LIST,
FONGICIDE,Hydroxyde de cuivre,40% Cu,WG,Hidrocure WG,F.049-22,FERTITECH,ALINTRA,2023,NOT_FOUND_OR_NEEDS_MANUAL_REVIEW,0,Hydroxyde de cuivre,,Hydroxyde de cuivre:NOT_IN_EU_LIST,
FONGICIDE,Hydroxyde de cuivre +Métalaxyl,"237,7 g/l+45 g/l",SC,CYCLO-R- LIQUIDE,21-16.F,EL KHADRA,INDUSTRIAS AFRASA,2023,ALL_SUBSTANCES_APPROVED_IN_EU,1,Hydroxyde de cuivre +Métalaxyl,Metalaxyl,Hydroxyde de cuivre +Métalaxyl:EU_APPROVED,
FONGICIDE,Hymexazole,300 g/L,SL,Tachigaren,F.056-11/21,AGRIPROTEC,"Mitsui Chemicals Agro,Inc",2023,ALL_SUBSTANCES_APPROVED_IN_EU,1,Hymexazole,Hymexazol,Hymexazole:EU_APPROVED,
FONGICIDE,Iprovalicarbe +Oxychlorure de cuivre,"8,4 % +40,6%",WG,Positron 49,F.058-11/21,ATLAS AGRICOLE,BAYER CROPSCIENCE,2023,ALL_SUBSTANCES_APPROVED_IN_EU,1,Iprovalicarbe +Oxychlorure de cuivre,Iprovalicarb,Iprovalicarbe +Oxychlorure de cuivre:EU_APPROVED,
FONGICIDE,Isofetamid,400 g/l,SC,Kenja SC,F.20-21,Agriprotec,ISK Biosciences Europe N.V(fabricant)/upl(fourniss eur),2023,ALL_SUBSTANCES_APPROVED_IN_EU,1,Isofetamid,Isofetamid,Isofetamid:EU_APPROVED,
FONGICIDE,Krésoxim-méthyl,50%,WG,QUIMERA WG,F.001-22,EL KHADRA,AFRASA/JEBAGRO(distr ibuteur),2023,ALL_SUBSTANCES_APPROVED_IN_EU,1,Krésoxim-méthyl,Kresoxim-methyl,Krésoxim-méthyl:EU_APPROVED,
FONGICIDE,Krésoxim-méthyl,50%,WG,ALLIAGE DF,F.60-21,AGRIMATCO,BASF,2023,ALL_SUBSTANCES_APPROVED_IN_EU,1,Krésoxim-méthyl,Kresoxim-methyl,Krésoxim-méthyl:EU_APPROVED,
FONGICIDE,Krésoxim-méthyl,350g/l,SC,Kresoxystar 350SC,F.030-22,Ets Mezghani,ANHUI HUAXING,2023,ALL_SUBSTANCES_APPROVED_IN_EU,1,Krésoxim-méthyl,Kresoxim-methyl,Krésoxim-méthyl:EU_APPROVED,
FONGICIDE,Krésoxim-méthyl,50%,WG,Stroby DF,F.059-11/21,STIMA,BASF,2023,ALL_SUBSTANCES_APPROVED_IN_EU,1,Krésoxim-méthyl,Kresoxim-methyl,Krésoxim-méthyl:EU_APPROVED,
FONGICIDE,Pyriofenone,300 g/l,SC,KUSABI SC,F.23-21,AGRIPROTEC,ISK Biosciences Europe N.V/UPL,2023,ALL_SUBSTANCES_APPROVED_IN_EU,1,Pyriofenone,Pyriofenone,Pyriofenone:EU_APPROVED,
FONGICIDE,Laminarin,45g/l,SL,VACCIPLANT,F.28-21,EL MOUSSEM,GOEMAR SAS,2023,ALL_SUBSTANCES_APPROVED_IN_EU,1,Laminarin,Laminarin,Laminarin:EU_APPROVED,
FONGICIDE,Mandipropamide,250 g/L,SC,amphore SC,F.69-21,SOLAGRI,SYNGENTA,2023,ALL_SUBSTANCES_APPROVED_IN_EU,1,Mandipropamide,Mandipropamid,Mandipropamide:EU_APPROVED,
FONGICIDE,Mandipropamide +Difenoconazole,250 g/l + 250 g/l,SC,CARIAL TOP,F.006-16,BIOPROTECTION,SYNGENTA,2023,ALL_SUBSTANCES_APPROVED_IN_EU,1,Mandipropamide +Difenoconazole,Mandipropamid,Mandipropamide +Difenoconazole:EU_APPROVED,
FONGICIDE,Mandipropamid+ Oxathiapiprolin,250g/l +30 g/l,SC,ORONDIS ULTRA280 SC,F.77-21,Cotugrain,Syngenta Crop Protection,2023,ALL_SUBSTANCES_APPROVED_IN_EU,1,Mandipropamid+ Oxathiapiprolin,Mandipropamid,Mandipropamid+ Oxathiapiprolin:EU_APPROVED,
FONGICIDE,Manipropamide +zoxamid,250 g/kg+240 g/kg,WG,Ampexio WG,F.022-22,BIOPROTECTION,SYNGENTA,2023,NOT_FOUND_OR_NEEDS_MANUAL_REVIEW,0,Manipropamide +zoxamid,,Manipropamide +zoxamid:NOT_IN_EU_LIST,
FONGICIDE,Méfenoxam + Folpel,5% + 40 %,WG,Ridomil Gold,F.072-11/21,BIOPROTECTION,SYNGENTA,2023,CONTAINS_NOT_APPROVED_SUBSTANCE_IN_EU,1,Méfenoxam + Folpel,FEN 560 (Fenugreek seed powder),Méfenoxam + Folpel:EU_NOT_APPROVED,
FONGICIDE,Méfenoxam + Folpel,5% + 40 %,WG,Combi WG,,,,2023,CONTAINS_NOT_APPROVED_SUBSTANCE_IN_EU,1,Méfenoxam + Folpel,FEN 560 (Fenugreek seed powder),Méfenoxam + Folpel:EU_NOT_APPROVED,
FONGICIDE,Mefentrifluconazole,10%,EC,REVYSTAR EC,F.035-22,AGRIMATCO,BASF,2023,ALL_SUBSTANCES_APPROVED_IN_EU,1,Mefentrifluconazole,Mefentrifluconazole,Mefentrifluconazole:EU_APPROVED,
FONGICIDE,Mefentrifluconazole +Fluxapyroxade,100 g/l+50g/l,EC,VERYDOR,F.032-22,COTUGRAIN,BASF,2023,ALL_SUBSTANCES_APPROVED_IN_EU,1,Mefentrifluconazole +Fluxapyroxade,Fluxapyroxad,Mefentrifluconazole +Fluxapyroxade:EU_APPROVED,
FONGICIDE,Mefentrifluconazole 66.7%+Fluxapyroxade %,"66,7% +66,7%",EC,REVYTREX EC,F.031-22,BIOPROTECTION,BASF,2023,ALL_SUBSTANCES_APPROVED_IN_EU,1,Mefentrifluconazole 66.%+Fluxapyroxade %,Fluxapyroxad,Mefentrifluconazole 66.%+Fluxapyroxade %:EU_APPROVED,
FONGICIDE,Mefentrifluconazole + Pyraclostrobin,10%+10%,EC,REVYCARE EC,F.036-22,AGRIPROTEC,BASF,2023,ALL_SUBSTANCES_APPROVED_IN_EU,1,Mefentrifluconazole + Pyraclostrobin,Pyraclostrobin,Mefentrifluconazole + Pyraclostrobin:EU_APPROVED,
FONGICIDE,Meptyldinocap,350 g/L,EC,Karathane 350 EC,F.077-11/21,SEPCM,DOW,2023,CONTAINS_NOT_APPROVED_SUBSTANCE_IN_EU,1,Meptyldinocap,Meptyldinocap,Meptyldinocap:EU_NOT_APPROVED,
FONGICIDE,Metalaxyl,25%,WP,milor 25 WP,F.30-21,SANABEL AGRO,IQV,2023,ALL_SUBSTANCES_APPROVED_IN_EU,1,Metalaxyl,Metalaxyl,Metalaxyl:EU_APPROVED,
FONGICIDE,Metalaxyl,317 g/l,FS,RAMPART FS,F.42-21,AGRIPROTEC,UPL LIMITED,2023,ALL_SUBSTANCES_APPROVED_IN_EU,1,Metalaxyl,Metalaxyl,Metalaxyl:EU_APPROVED,
FONGICIDE,Metalaxyl +Folpet,10%+40%,WP,ARMETIL COMBI,F.015-22,SOCOOPEC,IQV,2023,ALL_SUBSTANCES_APPROVED_IN_EU,1,Metalaxyl +Folpet,Folpet,Metalaxyl +Folpet:EU_APPROVED,
FONGICIDE,Metalaxyl-M 37.51g/l+fludioxinil 25.04g/l+ sedaxane 49.98 g/l,"37,5%+25,04%+ 49,98g/l",FS,VIBRANCE MAXX FS,F.029-22,BIOPROTECTION,SYNGENTA,2023,NOT_FOUND_OR_NEEDS_MANUAL_REVIEW,3,Metalaxyl-M 37.51g | l+fludioxinil 25.04g | l+ sedaxane 49.98 g | l,Metalaxyl | Sedaxane | Diflufenican,Metalaxyl-M 37.51g:EU_APPROVED | l+fludioxinil 25.04g:NOT_IN_EU_LIST | l+ sedaxane 49.98 g:EU_APPROVED | l:EU_APPROVED,
FONGICIDE,Metirame de zinc,80%,WP,Polyram DF,F.078-11/21,STIMA,BASF,2023,CONTAINS_NOT_APPROVED_SUBSTANCE_IN_EU,1,Metirame de zinc,Metiram,Metirame de zinc:EU_NOT_APPROVED,
FONGICIDE,Metirame de zinc,80%,WP,LUTIRAM WP,F.53-21,AGRIPROTEC,BASF,2023,CONTAINS_NOT_APPROVED_SUBSTANCE_IN_EU,1,Metirame de zinc,Metiram,Metirame de zinc:EU_NOT_APPROVED,
FONGICIDE,Metrafenone,500g/L,SC,Vivando,F.015-13/23,AGRIPROTEC,BASF / SBM FORMULATION,2023,ALL_SUBSTANCES_APPROVED_IN_EU,1,Metrafenone,Metrafenone,Metrafenone:EU_APPROVED,
FONGICIDE,Myclobutanil,240 g/L,EC,MYCLAS,F.014-19,SANABEL AGRO,SHARDA CROPCHEM Ltd,2023,CONTAINS_NOT_APPROVED_SUBSTANCE_IN_EU,1,Myclobutanil,Myclobutanil,Myclobutanil:EU_NOT_APPROVED,
FONGICIDE,Myclobutanil,200 g/l,EW,TOPOGAN,F.011-19,SANABEL AGRO,SHARDA Cropchem,2023,CONTAINS_NOT_APPROVED_SUBSTANCE_IN_EU,1,Myclobutanil,Myclobutanil,Myclobutanil:EU_NOT_APPROVED,
FONGICIDE,Myclobutanil,240 g/L,EC,MYCLONE 24 EC,F.002-18,RayenPhytagri,Sharda Cropchem,2023,CONTAINS_NOT_APPROVED_SUBSTANCE_IN_EU,1,Myclobutanil,Myclobutanil,Myclobutanil:EU_NOT_APPROVED,
FONGICIDE,myclobutanil,240 g/l,EC,PROMY,F.64-21,AGRINOVA,Sharda Cropchem,2023,CONTAINS_NOT_APPROVED_SUBSTANCE_IN_EU,1,myclobutanil,Myclobutanil,myclobutanil:EU_NOT_APPROVED,
FONGICIDE,Myclobutanil,240 g/L,EC,Systhane 240 EC,F.081-11/21,SEPCM,DOW AGROSCIENCES/corteva,2023,CONTAINS_NOT_APPROVED_SUBSTANCE_IN_EU,1,Myclobutanil,Myclobutanil,Myclobutanil:EU_NOT_APPROVED,
FONGICIDE,Myclobutanil,240 g/L,EC,DAYZER,F.043-17,SOCOOPEC,SHARDA,2023,CONTAINS_NOT_APPROVED_SUBSTANCE_IN_EU,1,Myclobutanil,Myclobutanil,Myclobutanil:EU_NOT_APPROVED,
FONGICIDE,Myclobutanil,125 g/l,EC,MYCLO EC,F.41-21,NEGANOR,indofil industries limited,2023,CONTAINS_NOT_APPROVED_SUBSTANCE_IN_EU,1,Myclobutanil,Myclobutanil,Myclobutanil:EU_NOT_APPROVED,
FONGICIDE,Oxathiapiprolin +famoxadone,30 g/l+300 g/l,SE,Zorvec encantia SE,F.048-22,EL BARAKA,CORTEVA,2023,CONTAINS_NOT_APPROVED_SUBSTANCE_IN_EU,1,Oxathiapiprolin +famoxadone,Famoxadone,Oxathiapiprolin +famoxadone:EU_NOT_APPROVED,
FONGICIDE,Oxathiapiprolin +zoxamide,40 g/l+300 g/l,SE,ZorvecVinabel SE,F.020-22,ATLAS AGRICOLE,CORTEVA,2023,ALL_SUBSTANCES_APPROVED_IN_EU,1,Oxathiapiprolin +zoxamide,Zoxamide,Oxathiapiprolin +zoxamide:EU_APPROVED,
FONGICIDE,Oxychlorure de cuivre,678.6 g/l (équivalent à 380 g/l cuivre métal),SC,Valtonex flow SC,F.018-22,NEGANOR,IQV,2023,NOT_FOUND_OR_NEEDS_MANUAL_REVIEW,0,Oxychlorure de cuivre,,Oxychlorure de cuivre:NOT_IN_EU_LIST,
FONGICIDE,Oxychlorure de Cuivre,85 % (50 % de cuivre metal),WP,Agrocuivre,F.168-11/21,AGROSYSTEMES,SPEISS URANIA/COSACO GmbH,2023,NOT_FOUND_OR_NEEDS_MANUAL_REVIEW,0,Oxychlorure de Cuivre,,Oxychlorure de Cuivre:NOT_IN_EU_LIST,
FONGICIDE,Oxychlorure de Cuivre,85 % (50 % de cuivre metal),WP,Cuprumax 50 WP,F.027-15,AMINCO,SPEISS URANIA/COSACO GmbH,2023,NOT_FOUND_OR_NEEDS_MANUAL_REVIEW,0,Oxychlorure de Cuivre,,Oxychlorure de Cuivre:NOT_IN_EU_LIST,
FONGICIDE,Oxychlorure de cuivre +cymoxanil,25%+4%,WG,Curame 25 WG,F.023-22,ATLAS AGRICOLE,Manica SPA,2023,ALL_SUBSTANCES_APPROVED_IN_EU,1,Oxychlorure de cuivre +cymoxanil,Cymoxanil,Oxychlorure de cuivre +cymoxanil:EU_APPROVED,
FONGICIDE,Penconazole,1 0 0 g / L,E C,T o p e n c o 1 0 0 E C,F . 0 8 2 - 1 1 / 2 1,A G R O S Y STEMES,GLOBACHEM,2023,ALL_SUBSTANCES_APPROVED_IN_EU,1,Penconazole,Penconazole,Penconazole:EU_APPROVED,
FONGICIDE,Penconazole,1 0 0 g / L,E C,B u c k l e R,F . 0 3 3 - 1 5,A M I N C O,GLOBACHEM,2023,ALL_SUBSTANCES_APPROVED_IN_EU,1,Penconazole,Penconazole,Penconazole:EU_APPROVED,
FONGICIDE,Penconazole,1 0 0 g / L,E C,T o p a z e 1 0 0,F . 0 8 3 - 1 1 / 2 1,B I O P R O TECTION,SYNGENTA,2023,ALL_SUBSTANCES_APPROVED_IN_EU,1,Penconazole,Penconazole,Penconazole:EU_APPROVED,
FONGICIDE,Pencycuron,2 5 0 g / L,E C,Monceren,F.085-11/21,PROMOCHIMIE,,2023,CONTAINS_NOT_APPROVED_SUBSTANCE_IN_EU,1,Pencycuron,Pencycuron,Pencycuron:EU_NOT_APPROVED,
FONGICIDE,Penthiopyrad,205 g/l,SC,KABUTO,F.026-22,EL MOUSSEM,"Mitsui Chemicals crop&life solutions,Inc(fab)/ Summit Agro International Ltd(fournisseur)",2023,CONTAINS_NOT_APPROVED_SUBSTANCE_IN_EU,1,Penthiopyrad,Penthiopyrad,Penthiopyrad:EU_NOT_APPROVED,
FONGICIDE,Prochloraze +Triticonazole,60 g/l +20 g/l,FS,REAL SUPER,F.025-17,AGRIPROTEC,BASF,2023,ALL_SUBSTANCES_APPROVED_IN_EU,1,Prochloraze +Triticonazole,Triticonazole,Prochloraze +Triticonazole:EU_APPROVED,
FONGICIDE,Prochloraze +Triticonazole,60 g/l +20 g/l,FS,Kinto Duo,007-14F.,STIMA,BASF,2023,ALL_SUBSTANCES_APPROVED_IN_EU,1,Prochloraze +Triticonazole,Triticonazole,Prochloraze +Triticonazole:EU_APPROVED,
FONGICIDE,Propamocarbe,722 g/L,SL,PROMORE 722 SL,F.021-18,Ets MEZGHANI,ASTRACHEM,2023,ALL_SUBSTANCES_APPROVED_IN_EU,1,Propamocarbe,Propamocarb,Propamocarbe:EU_APPROVED,
FONGICIDE,Propamocarbe,722 g/L,SL,Promess,F.012-15,JADWA AGROTEC,ARYSTA Life Science Benelux / Belgique/arystalifescience,2023,ALL_SUBSTANCES_APPROVED_IN_EU,1,Propamocarbe,Propamocarb,Propamocarbe:EU_APPROVED,
FONGICIDE,Propamocarbe,722 g/L,SL,Proplant,F.199-11/21,PROTAGRI,ARYSTA Life Science Benelux / Belgique,2023,ALL_SUBSTANCES_APPROVED_IN_EU,1,Propamocarbe,Propamocarb,Propamocarbe:EU_APPROVED,
FONGICIDE,Promocarb,722g/l,SL,omix 607 SL,F.17-21,NEGANOR,Agria,2023,NOT_FOUND_OR_NEEDS_MANUAL_REVIEW,0,Promocarb,,Promocarb:NOT_IN_EU_LIST,
FONGICIDE,Promocarb +Cymoxanil,400 g/l+50g/l,SC,proxanil 450 SC,F.06-21,BIOPROTECTION,arysta lifescience,2023,ALL_SUBSTANCES_APPROVED_IN_EU,1,Promocarb +Cymoxanil,Cymoxanil,Promocarb +Cymoxanil:EU_APPROVED,
FONGICIDE,Promocarb +Cymoxanil,400 g/l+50g/l,SC,Rival duo 450 SC,F.07-21,AGRONOMIC Land,Agria,2023,ALL_SUBSTANCES_APPROVED_IN_EU,1,Promocarb +Cymoxanil,Cymoxanil,Promocarb +Cymoxanil:EU_APPROVED,
FONGICIDE,Promocarb +Cymoxanil,400 g/l+50g/l,SC,OMIX DUO 450 SC,F.071-22,NEGANOR,Agria,2023,ALL_SUBSTANCES_APPROVED_IN_EU,1,Promocarb +Cymoxanil,Cymoxanil,Promocarb +Cymoxanil:EU_APPROVED,
FONGICIDE,Propamocarbe + Fluopicolide,"625 g/l + 62,5 g/l",SC,Volare,F.091-11/21,EL MOUSSEM AGRICOLE,BAYER AG,2023,ALL_SUBSTANCES_APPROVED_IN_EU,1,Propamocarbe + Fluopicolide,Propamocarb,Propamocarbe + Fluopicolide:EU_APPROVED,
FONGICIDE,Propamocarbe +Fosethyl-Al,350 g/L +310 g/L,SL,Filex Energy,F.089-11/21,ATLAS AGRICOLE,BAYER CROPSCIENCE,2023,ALL_SUBSTANCES_APPROVED_IN_EU,1,Propamocarbe +Fosethyl-Al,Propamocarb,Propamocarbe +Fosethyl-Al:EU_APPROVED,
FONGICIDE,Propamocarbe +Fosethyl-Al,350 g/L +310 g/L,SL,Previcur Energy,F.023-14,EL MOUSSEM AGRICOLE,BAYER CROPSCIENCE,2023,ALL_SUBSTANCES_APPROVED_IN_EU,1,Propamocarbe +Fosethyl-Al,Propamocarb,Propamocarbe +Fosethyl-Al:EU_APPROVED,
FONGICIDE,Proquinazid,200 g/l,EC,Talendo,F.101-11/21,SEPCM,DU PONT,2023,ALL_SUBSTANCES_APPROVED_IN_EU,1,Proquinazid,Proquinazid,Proquinazid:EU_APPROVED,
FONGICIDE,Prothioconazole,25%,EC,PROTEZOLE EC,F.057-22,SANABEL AGRO,SHARDA CROPCHEM,2023,ALL_SUBSTANCES_APPROVED_IN_EU,1,Prothioconazole,Prothioconazole,Prothioconazole:EU_APPROVED,
FONGICIDE,Prothioconazole,25%,EC,Mirage EC,F.35-21,SHARDA,SHARDA CROPCHEM,2023,ALL_SUBSTANCES_APPROVED_IN_EU,1,Prothioconazole,Prothioconazole,Prothioconazole:EU_APPROVED,
FONGICIDE,Prothioconazole +benzovindiflupyr(SOLATEN OL),150 g/l+75 g/l,EC,CERATAVO ERA,F.034-22,BIOPROTECTION,SYNGENTA,2023,ALL_SUBSTANCES_APPROVED_IN_EU,1,Prothioconazole +benzovindiflupyr(SOLATEN OL),Benzovindiflupyr,Prothioconazole +benzovindiflupyr(SOLATEN OL):EU_APPROVED,
FONGICIDE,Prothioconazole + Trifloxystrobine,175 g/L+ 88 g/L,SC,Madison 263 SC,F020-13/23,SEPCM,BAYER CROPSCIENCE,2023,ALL_SUBSTANCES_APPROVED_IN_EU,1,Prothioconazole + Trifloxystrobine,Trifloxystrobin,Prothioconazole + Trifloxystrobine:EU_APPROVED,
FONGICIDE,Prothioconazole +Tebuconazole,"12,5% +12,5%",EC,PROTECT PLUS EC,F.061-22,EXCEL AGRI,SHARDA CROPCHEM,2023,ALL_SUBSTANCES_APPROVED_IN_EU,1,Prothioconazole +Tebuconazole,Tebuconazole,Prothioconazole +Tebuconazole:EU_APPROVED,
FONGICIDE,Prothioconazole +Tebuconazole,"12,5% +12,5%",EC,Perfecto EC,F.36-21,SHARDA CROPCHEM tunisie,Sharda Cropchem,2023,ALL_SUBSTANCES_APPROVED_IN_EU,1,Prothioconazole +Tebuconazole,Tebuconazole,Prothioconazole +Tebuconazole:EU_APPROVED,
FONGICIDE,Prothioconazole +Tebuconazole,160 g/L +80 g/L,EC,Kestrel 240 SC,F.016-15,JADWA AGROTEC,BAYER CROPSCIENCE,2023,ALL_SUBSTANCES_APPROVED_IN_EU,1,Prothioconazole +Tebuconazole,Tebuconazole,Prothioconazole +Tebuconazole:EU_APPROVED,
FONGICIDE,Prothioconazole +Tebuconazole,125 g/L +125 g/L,EC,Prosaro 250 EC,F.098-11/21,PROMOCHIMIE,BAYER CROPSCIENCE,2023,ALL_SUBSTANCES_APPROVED_IN_EU,1,Prothioconazole +Tebuconazole,Tebuconazole,Prothioconazole +Tebuconazole:EU_APPROVED,
FONGICIDE,Prothioconazole +Tebuconazole + Spiroxamine,100 g/L + 100 g/L + 250 g/L,EC,Cello,F.021-17,AGRONOMIC Land,BAYER CROPSCIENCE,2023,ALL_SUBSTANCES_APPROVED_IN_EU,1,Prothioconazole +Tebuconazole + Spiroxamine,Tebuconazole,Prothioconazole +Tebuconazole + Spiroxamine:EU_APPROVED,
FONGICIDE,Prothioconazole +Tebuconazole+Bixafen,100 g/l+100 g/l+75 g/l,EC,SKYWAY XPRO EC,F.012-18,PROMOCHIMIE,BAYER AG,2023,ALL_SUBSTANCES_APPROVED_IN_EU,1,Prothioconazole +Tebuconazole+Bixafen,Tebuconazole,Prothioconazole +Tebuconazole+Bixafen:EU_APPROVED,
FONGICIDE,Pyraclostrobine Metconazole,130 g/l +80 g/l,EC,OPTIMO DUO EC,013-18F.,AGRIPROTEC,BASF,2023,ALL_SUBSTANCES_APPROVED_IN_EU,1,Pyraclostrobine Metconazole,Pyraclostrobin,Pyraclostrobine Metconazole:EU_APPROVED,
FONGICIDE,Pyraclostrobin + Boscalid,"6,7%+26,7%",WDG,MIRACLE WDG,F.038-22,SHARDA CROPCHEM Tunisie,SHARDA CROPCHEM LIMITED,2023,ALL_SUBSTANCES_APPROVED_IN_EU,1,Pyraclostrobin + Boscalid,Boscalid (formerly nicobifen),Pyraclostrobin + Boscalid:EU_APPROVED,
FONGICIDE,Pyraclostrobin + Boscalid,"6,7%+26,7%",WDG,ORACLE 33 WG WDG,F.076-22,SLDA,SHARDA CROPCHEM LIMITED,2023,ALL_SUBSTANCES_APPROVED_IN_EU,1,Pyraclostrobin + Boscalid,Boscalid (formerly nicobifen),Pyraclostrobin + Boscalid:EU_APPROVED,
FONGICIDE,Pyraclostrobine + Dimotomorphe,40 g/l + 72 g/l,EC,Cabrio Duo,F.001-14,AGRIPROTEC,BASF,2023,ALL_SUBSTANCES_APPROVED_IN_EU,1,Pyraclostrobine + Dimotomorphe,Pyraclostrobin,Pyraclostrobine + Dimotomorphe:EU_APPROVED,
FONGICIDE,Pyraclostrobin +Fenpropimorph,100g/l+375 g/l,EC,COMET PLUS EC,F.38-21,Agriprotec,BASF,2023,ALL_SUBSTANCES_APPROVED_IN_EU,1,Pyraclostrobin +Fenpropimorph,Pyraclostrobin,Pyraclostrobin +Fenpropimorph:EU_APPROVED,
FONGICIDE,Pyraclostrobin +fluxapyroxad,333 g/l+167 g/l,SC,ORKESTRA SC,F.033-22,BIOPROTECTION,BASF,2023,ALL_SUBSTANCES_APPROVED_IN_EU,1,Pyraclostrobin +fluxapyroxad,Pyraclostrobin,Pyraclostrobin +fluxapyroxad:EU_APPROVED,
FONGICIDE,Pyraclostrobin +boscalid,"12,8%+25,2%",SC,Crystal SC,F.027-22,FERTITECH,HANGZHOU TOPAGRO BIOSCIENCE,2023,ALL_SUBSTANCES_APPROVED_IN_EU,1,Pyraclostrobin +boscalid,Boscalid (formerly nicobifen),Pyraclostrobin +boscalid:EU_APPROVED,
FONGICIDE,Pyriméthanil,3 0 0 g / L,S C,Scala 300 SC,F.102-11/21,ATLAS AGRICOLE,BAYER CROPSCIENCE,2023,ALL_SUBSTANCES_APPROVED_IN_EU,1,Pyriméthanil,Pyrimethanil,Pyriméthanil:EU_APPROVED,
FONGICIDE,Pyriméthanil,3 0 0 g / L,S C,Mythos300 SC,F.103-11/21,EL MOUSSEM AGRICOLE,BAYER CROPSCIENCE,2023,ALL_SUBSTANCES_APPROVED_IN_EU,1,Pyriméthanil,Pyrimethanil,Pyriméthanil:EU_APPROVED,
FONGICIDE,Pyriméthanil,4 0 %,S C,PYRAMIDE,F.062-22,FERTITECH,SHARDA CROPCHEM,2023,ALL_SUBSTANCES_APPROVED_IN_EU,1,Pyriméthanil,Pyrimethanil,Pyriméthanil:EU_APPROVED,
FONGICIDE,Pyriméthanil,4 0 %,S C,pyrma SC,F.12-21,SHARDA CROPCHEM tunisie,SHARDA CROPCHEM,2023,ALL_SUBSTANCES_APPROVED_IN_EU,1,Pyriméthanil,Pyrimethanil,Pyriméthanil:EU_APPROVED,
FONGICIDE,Pyriméthanil,400 g/l,SC,PYRUS 400 SC,F.025-22,STEC,UPL,2023,ALL_SUBSTANCES_APPROVED_IN_EU,1,Pyriméthanil,Pyrimethanil,Pyriméthanil:EU_APPROVED,
FONGICIDE,Pythium oligandrum,1*106oospores(1 0-25% w/w) de polyversum,WP,POLYVERSUM,F.038-17,FERTIPLANT,BIOPREPARATY,2023,ALL_SUBSTANCES_APPROVED_IN_EU,1,Pythium oligandrum,Pythium oligandrum strain B301,Pythium oligandrum:EU_APPROVED,
FONGICIDE,Reynoutria,20%,SC,REYSANA SC,016-14F.,BIOPROTECTION,Syngenta/ Marrone Bio,2023,MANUAL_REVIEW,1,Reynoutria,Reynoutria sachalinensis extract,Reynoutria:FOUND_UNKNOWN_STATUS,
FONGICIDE,sachalinensis(Extrait de la,20%,SC,,,,Innovation/ ELEPHANT,2023,NOT_FOUND_OR_NEEDS_MANUAL_REVIEW,0,sachalinensis(Extrait de la,,sachalinensis(Extrait de la:NOT_IN_EU_LIST,
FONGICIDE,plante Renouée de Sakhaline),20%,SC,,,,VERT EUROPE SA,2023,NOT_FOUND_OR_NEEDS_MANUAL_REVIEW,0,plante Renouée de Sakhaline),,plante Renouée de Sakhaline):NOT_IN_EU_LIST,
FONGICIDE,Sedaxane+Fludioxonil,25 g/l+25 g/l,FS,VIBRANCE DUO FS,F.002-20,BIOPROTECTION,SYNGENTA AGRO AG,2023,ALL_SUBSTANCES_APPROVED_IN_EU,1,Sedaxane+Fludioxonil,Fludioxonil,Sedaxane+Fludioxonil:EU_APPROVED,
FONGICIDE,Soufre,80%,WG,Sulpex,F.028-13/23,AGRIMATCO,Agrostulln GmbH/frarimpex(D),2023,NOT_FOUND_OR_NEEDS_MANUAL_REVIEW,0,Soufre,,Soufre:NOT_IN_EU_LIST,
FONGICIDE,Soufre,80%,DF,COSAMIL-DF,F.26-21,SOCOOPEC,Sulphur Mills Limited,2023,NOT_FOUND_OR_NEEDS_MANUAL_REVIEW,0,Soufre,,Soufre:NOT_IN_EU_LIST,
FONGICIDE,Soufre,80%,WG,COSAVET-DF,F.010-19,AGRIPROTEC,Sulphur Mills Limited,2023,NOT_FOUND_OR_NEEDS_MANUAL_REVIEW,0,Soufre,,Soufre:NOT_IN_EU_LIST,
FONGICIDE,Soufre,80%,WG,Agrosoufre,F.163-11/21,AGROSYSTEMES,Agrostulln GmbH,2023,NOT_FOUND_OR_NEEDS_MANUAL_REVIEW,0,Soufre,,Soufre:NOT_IN_EU_LIST,
FONGICIDE,Soufre,98%,DP,Cabridust,F.107-11/21,AGROSYSTEMES,The national company for agrochemicals(AGROCHE M),2023,NOT_FOUND_OR_NEEDS_MANUAL_REVIEW,0,Soufre,,Soufre:NOT_IN_EU_LIST,
FONGICIDE,Soufre,80%,WG,Soufrustulln,F.031-15,AMINCO,Agrostulln GmbH,2023,NOT_FOUND_OR_NEEDS_MANUAL_REVIEW,0,Soufre,,Soufre:NOT_IN_EU_LIST,
FONGICIDE,Soufre,80%,WP,TIOSOL 80,F.004-14,ATLAS AGRICOLE,SIPCAM,2023,NOT_FOUND_OR_NEEDS_MANUAL_REVIEW,0,Soufre,,Soufre:NOT_IN_EU_LIST,
FONGICIDE,Soufre,80%,WP,Mistral,11-212F.,BIOPROTECTION,ESSECO sarl/AAKO,2023,NOT_FOUND_OR_NEEDS_MANUAL_REVIEW,0,Soufre,,Soufre:NOT_IN_EU_LIST,
FONGICIDE,Soufre,80%,WG,THIOMAX JET,F.005-20,COTUGRAIN,SYNGENTA,2023,NOT_FOUND_OR_NEEDS_MANUAL_REVIEW,0,Soufre,,Soufre:NOT_IN_EU_LIST,
FONGICIDE,Soufre,98%,DP,AzufreMicronizad o,F.025-13/23,EL KHADRA,AFEPASA S.A,2023,NOT_FOUND_OR_NEEDS_MANUAL_REVIEW,0,Soufre,,Soufre:NOT_IN_EU_LIST,
FONGICIDE,Soufre,80%,WG,Azumo,F.026-13/23,EL KHADRA,AFEPASA S.A,2023,NOT_FOUND_OR_NEEDS_MANUAL_REVIEW,0,Soufre,,Soufre:NOT_IN_EU_LIST,
FONGICIDE,Soufre,80%,WP,KEY Azufre,F.012-16,Ets MEZGHANI,,2023,NOT_FOUND_OR_NEEDS_MANUAL_REVIEW,0,Soufre,,Soufre:NOT_IN_EU_LIST,
FONGICIDE,Soufre,98%,DP,STV (Soufre Trituré Ventilé),F.027-13/23,ETS MEZGHANNI,Sté CHERIFIENNE d’ENGRAIS,2023,NOT_FOUND_OR_NEEDS_MANUAL_REVIEW,0,Soufre,,Soufre:NOT_IN_EU_LIST,
FONGICIDE,Soufre,80%,WG,soufravit,F.008-16,tasmid,AGROSTULLN/,2023,NOT_FOUND_OR_NEEDS_MANUAL_REVIEW,0,Soufre,,Soufre:NOT_IN_EU_LIST,
FONGICIDE,Soufre,80%,WP,Microsol,F.183-11/21,promochimie,SIPCAM QUIMAGRO,2023,NOT_FOUND_OR_NEEDS_MANUAL_REVIEW,0,Soufre,,Soufre:NOT_IN_EU_LIST,
FONGICIDE,Soufre,80%,WG,Insuf,F.200-11/21,PROTAGRI,UNITED PHOSPHORUS,2023,NOT_FOUND_OR_NEEDS_MANUAL_REVIEW,0,Soufre,,Soufre:NOT_IN_EU_LIST,
FONGICIDE,Soufre,80%,WG,KIPRIDE WG,F.024-17,SANABEL Agro,AFEPASA S.A,2023,NOT_FOUND_OR_NEEDS_MANUAL_REVIEW,0,Soufre,,Soufre:NOT_IN_EU_LIST,
FONGICIDE,Soufre,80%,WG,MICROCROPS,F.008-15,SEPCM,AFEPASA S.A,2023,NOT_FOUND_OR_NEEDS_MANUAL_REVIEW,0,Soufre,,Soufre:NOT_IN_EU_LIST,
FONGICIDE,Soufre,80%,WG,WG,,,,2023,NOT_FOUND_OR_NEEDS_MANUAL_REVIEW,0,Soufre,,Soufre:NOT_IN_EU_LIST,
FONGICIDE,Soufre,98%,DP,NOVAZUFRE DP,F.007-15,SEPCM,AFEPASA S.A,2023,NOT_FOUND_OR_NEEDS_MANUAL_REVIEW,0,Soufre,,Soufre:NOT_IN_EU_LIST,
FONGICIDE,Soufre,80%,WG,MicrothiolSpecial,F.184-11/21,STEC,UPL/CEREXAGRI,2023,NOT_FOUND_OR_NEEDS_MANUAL_REVIEW,0,Soufre,,Soufre:NOT_IN_EU_LIST,
FONGICIDE,Soufre,80%,WG,Kumulus DF,F.106-11/21,STIMA,BASF,2023,NOT_FOUND_OR_NEEDS_MANUAL_REVIEW,0,Soufre,,Soufre:NOT_IN_EU_LIST,
FONGICIDE,Soufre,80%,WG,SULFOSTAR DF,F.54-21,AGRIPROTEC,BASF,2023,NOT_FOUND_OR_NEEDS_MANUAL_REVIEW,0,Soufre,,Soufre:NOT_IN_EU_LIST,
FONGICIDE,Soufre,700 g/L,SC,Heliosoufre S,F.213-11/21,BIOPROTECTION,Action Pin/AAKO,2023,NOT_FOUND_OR_NEEDS_MANUAL_REVIEW,0,Soufre,,Soufre:NOT_IN_EU_LIST,
FONGICIDE,Soufre,800 g/l,SC,SULFOMAX,F.009-19,EL KHARDA,AFEPASA,2023,NOT_FOUND_OR_NEEDS_MANUAL_REVIEW,0,Soufre,,Soufre:NOT_IN_EU_LIST,
FONGICIDE,Soufre,80%,WDG,Micro-cap,F.007-22,NEGANOR,AGROW ALLIED,2023,NOT_FOUND_OR_NEEDS_MANUAL_REVIEW,0,Soufre,,Soufre:NOT_IN_EU_LIST,
FONGICIDE,Soufre,80%,WDG,SULFINOVA 80WDG,F.075-22,AGRINOVA,AGROW ALLIED,2023,NOT_FOUND_OR_NEEDS_MANUAL_REVIEW,0,Soufre,,Soufre:NOT_IN_EU_LIST,
FONGICIDE,Soufre,825 g/l,SC,Thiopron SC,F.005-22,BIOPROTECTION,UPL,2023,NOT_FOUND_OR_NEEDS_MANUAL_REVIEW,0,Soufre,,Soufre:NOT_IN_EU_LIST,
FONGICIDE,Spiroxamine,300 g/l,CS,PROSPER 300 CS,F.27-21,Atlas agricole,BAYER CROPSCIENCE,2023,ALL_SUBSTANCES_APPROVED_IN_EU,1,Spiroxamine,Spiroxamine,Spiroxamine:EU_APPROVED,
FONGICIDE,Spiroxamine +difeconazole,400 g/l+50 g/l,EC,SPIROX D EC,F.24-21,BIOPROTECTION,arysta lifescience,2023,ALL_SUBSTANCES_APPROVED_IN_EU,1,Spiroxamine +difeconazole,Spiroxamine,Spiroxamine +difeconazole:EU_APPROVED,
FONGICIDE,Spiroxamine,500 g/L,EC,Prosper 500 EC,F.108-11/21,ATLAS AGRICOLE,BAYER CROPSCIENCE,2023,ALL_SUBSTANCES_APPROVED_IN_EU,1,Spiroxamine,Spiroxamine,Spiroxamine:EU_APPROVED,
FONGICIDE,Sulfate de cuivre tribasique,345 g/l (soit 190 g/l cuivre metal),SC,TRIBASE -FLOW SC,F.71-21,Atlas Agricole,NUFARM,2023,NOT_FOUND_OR_NEEDS_MANUAL_REVIEW,0,Sulfate de cuivre tribasique,,Sulfate de cuivre tribasique:NOT_IN_EU_LIST,
FONGICIDE,Sulfate de cuivre tribasique,345 g/l (soit 190 g/l cuivre metal),SC,Cuproxat,018-14F.,EL MOUSSEM AGRICOLE,NUFARM,2023,NOT_FOUND_OR_NEEDS_MANUAL_REVIEW,0,Sulfate de cuivre tribasique,,Sulfate de cuivre tribasique:NOT_IN_EU_LIST,
FONGICIDE,Sulfate de cuivre tribasique,40%,WG,Novicure,F.033-17,PROTAGRI,UPL,2023,NOT_FOUND_OR_NEEDS_MANUAL_REVIEW,0,Sulfate de cuivre tribasique,,Sulfate de cuivre tribasique:NOT_IN_EU_LIST,
FONGICIDE,Sulfate de cuivre tribasique +,190 g/l +35 g/l,SC,Moltovin,F.037-17,BIOPROTECTION,NUFARM,2023,NOT_FOUND_OR_NEEDS_MANUAL_REVIEW,0,Sulfate de cuivre tribasique +,,Sulfate de cuivre tribasique +:NOT_IN_EU_LIST,
FONGICIDE,Cymoxanil,190 g/l +35 g/l,SC,,,,,2023,ALL_SUBSTANCES_APPROVED_IN_EU,1,Cymoxanil,Cymoxanil,Cymoxanil:EU_APPROVED,
FONGICIDE,Sulfate de cuivre tribasique +,266.6 g/l +40,SC,Amaline Flow,F.027-17,EL MOUSSEM,NUFARM,2023,NOT_FOUND_OR_NEEDS_MANUAL_REVIEW,0,Sulfate de cuivre tribasique +,,Sulfate de cuivre tribasique +:NOT_IN_EU_LIST,
FONGICIDE,Zoxamide,g/l,SC,,,AGRICOLE,,2023,ALL_SUBSTANCES_APPROVED_IN_EU,1,Zoxamide,Zoxamide,Zoxamide:EU_APPROVED,
FONGICIDE,Sulfate de cuivre tribasique +,266.6 g/l +40,SC,ventaro,F.75-21,STEC,NUFARM,2023,NOT_FOUND_OR_NEEDS_MANUAL_REVIEW,0,Sulfate de cuivre tribasique +,,Sulfate de cuivre tribasique +:NOT_IN_EU_LIST,
FONGICIDE,Zoxamide,g/l,SC,,,,,2023,ALL_SUBSTANCES_APPROVED_IN_EU,1,Zoxamide,Zoxamide,Zoxamide:EU_APPROVED,
FONGICIDE,Sulphate de cuivre tribasique,360g/l,SC,CU MAX,F.013-17,RAYEN PHYTAGRI,DIACHEM S.P.A,2023,NOT_FOUND_OR_NEEDS_MANUAL_REVIEW,0,Sulphate de cuivre tribasique,,Sulphate de cuivre tribasique:NOT_IN_EU_LIST,
FONGICIDE,Sulfate tetracuivrique tricalcique,20% CU,WG,Bordocure WG,F.024-22,FERTITECH,ALINTRA,2023,NOT_FOUND_OR_NEEDS_MANUAL_REVIEW,0,Sulfate tetracuivrique tricalcique,,Sulfate tetracuivrique tricalcique:NOT_IN_EU_LIST,
FONGICIDE,Tebuconazole,250 g/L,EC,SONG EC,F.032-17,ATLAS AGRICOLE,SIPCAM INAGRA,2023,ALL_SUBSTANCES_APPROVED_IN_EU,1,Tebuconazole,Tebuconazole,Tebuconazole:EU_APPROVED,
FONGICIDE,Tebuconazole,250 g/L,SC,KEYZOL SC,F.014-20,EL KHADRA,AVGUST CROP CORPORATION,2023,ALL_SUBSTANCES_APPROVED_IN_EU,1,Tebuconazole,Tebuconazole,Tebuconazole:EU_APPROVED,
FONGICIDE,Tebuconazole,60 g/L,FS,Mycoseeds FS 60,,EL KHADRA,Sharda World wide,2023,ALL_SUBSTANCES_APPROVED_IN_EU,1,Tebuconazole,Tebuconazole,Tebuconazole:EU_APPROVED,
FONGICIDE,Tebuconazole,60 g/L,FS,TEBUSHA 6 FS,F.022-17,AGRINOVA,Sharda World wide,2023,ALL_SUBSTANCES_APPROVED_IN_EU,1,Tebuconazole,Tebuconazole,Tebuconazole:EU_APPROVED,
FONGICIDE,Tebuconazole,250 g/L,SC,COLOSSALSous réserve de changement de DC,F.045-17,HALAB TUNISIE,AVGUST CROP CORPORATION,2023,ALL_SUBSTANCES_APPROVED_IN_EU,1,Tebuconazole,Tebuconazole,Tebuconazole:EU_APPROVED,
FONGICIDE,Tebuconazole,60 g/L,FS,Timer FS 060,F.109-11/21,STEC,BAYER CROPSCIENCE,2023,ALL_SUBSTANCES_APPROVED_IN_EU,1,Tebuconazole,Tebuconazole,Tebuconazole:EU_APPROVED,
FONGICIDE,Tébuconazole,430 g/l,SC,SPEEDY SC,F.065-22,EL KHADRA,NINGBO SUNJOY AGROSCIENCE INDUSTRY/Cropidea,2023,ALL_SUBSTANCES_APPROVED_IN_EU,1,Tébuconazole,Tebuconazole,Tébuconazole:EU_APPROVED,
FONGICIDE,Tébuconazole,430 g/l,SC,METROSTAR SC,F.009-18,AGRIPLUS,NINGBO SUNJOY AGROSCIENCE INDUSTRY,2023,ALL_SUBSTANCES_APPROVED_IN_EU,1,Tébuconazole,Tebuconazole,Tébuconazole:EU_APPROVED,
FONGICIDE,Tébuconazole,250 g/L,EW,Corail,F.113-11/21,PROMOCHIMIE,BAYER CROPSCIENCE,2023,ALL_SUBSTANCES_APPROVED_IN_EU,1,Tébuconazole,Tebuconazole,Tébuconazole:EU_APPROVED,
FONGICIDE,Tébuconazole,430 g/l,SC,Camaro430SC,F.026-16,RAYEN,SHARDA,2023,ALL_SUBSTANCES_APPROVED_IN_EU,1,Tébuconazole,Tebuconazole,Tébuconazole:EU_APPROVED,
FONGICIDE,Tébuconazole,430 g/l,SC,TEBUNOVA SC,F.66-21,AGRINOVA,SHARDA,2023,ALL_SUBSTANCES_APPROVED_IN_EU,1,Tébuconazole,Tebuconazole,Tébuconazole:EU_APPROVED,
FONGICIDE,Tébuconazole,430 g/l,SC,Matiz,F.004-13/23,SANABEL AGRO,ROTAM AGROCHEMICAL(rival),2023,ALL_SUBSTANCES_APPROVED_IN_EU,1,Tébuconazole,Tebuconazole,Tébuconazole:EU_APPROVED,
FONGICIDE,Tébuconazole,250 g/L,EW,AZUROS,F.018-19,SLDA,SHARDA CROPCHEM Ltd,2023,ALL_SUBSTANCES_APPROVED_IN_EU,1,Tébuconazole,Tebuconazole,Tébuconazole:EU_APPROVED,
FONGICIDE,Tébuconazole,2 5 0 g / L,E W,Tebucur,F.110-11/21,AGROSYSTEMES,GLOBACHEM,2023,ALL_SUBSTANCES_APPROVED_IN_EU,1,Tébuconazole,Tebuconazole,Tébuconazole:EU_APPROVED,
FONGICIDE,Tébuconazole,2 5 0 g / L,E W,Teson,F.036-15,AMINCO,GLOBACHEM,2023,ALL_SUBSTANCES_APPROVED_IN_EU,1,Tébuconazole,Tebuconazole,Tébuconazole:EU_APPROVED,
FONGICIDE,Tébuconazole,2 5 0 g / L,E W,Konan EW,F.014-13/23,ETS MEZGHANI,INDUSTRIAL QUIMICA KEY,2023,ALL_SUBSTANCES_APPROVED_IN_EU,1,Tébuconazole,Tebuconazole,Tébuconazole:EU_APPROVED,
FONGICIDE,Tébuconazole,2 5 0 g / L,E W,Horizon 250 EW,F.111-11/21,PROMOCHIMIE,BAYER CROPSCIENCE,2023,ALL_SUBSTANCES_APPROVED_IN_EU,1,Tébuconazole,Tebuconazole,Tébuconazole:EU_APPROVED,
FONGICIDE,Tébuconazole,2 5 0 g / L,E W,TEBUZOL 25 EW,F.043-21,Agriprotec,UPL LIMITED,2023,ALL_SUBSTANCES_APPROVED_IN_EU,1,Tébuconazole,Tebuconazole,Tébuconazole:EU_APPROVED,
FONGICIDE,Tebuconazole+Prochloraz,200 g/l + 300 g/l,EC,Mystic Pro,F.128-11/21,AGRIPROTEC,NUFARM SAS,2023,ALL_SUBSTANCES_APPROVED_IN_EU,1,Tebuconazole+Prochloraz,Tebuconazole,Tebuconazole+Prochloraz:EU_APPROVED,
FONGICIDE,Tebuconazole+Prochloraz,200 g/l + 300 g/l,EC,Winner,F.206-11/21,BIOPROTECTION,NUFARM SAS,2023,ALL_SUBSTANCES_APPROVED_IN_EU,1,Tebuconazole+Prochloraz,Tebuconazole,Tebuconazole+Prochloraz:EU_APPROVED,
FONGICIDE,Tébuconazole +Trifloxystrobine,200 g/L+ 100 g/L,SC,Nativo 300 SC,F.115-11/21,STEC,BAYER CROPSCIENCE,2023,ALL_SUBSTANCES_APPROVED_IN_EU,1,Tébuconazole +Trifloxystrobine,Trifloxystrobin,Tébuconazole +Trifloxystrobine:EU_APPROVED,
FONGICIDE,Thiabendazole,50 % SC,SC,BENAZOLE,F.059-22,EXCEL AGRI,SHARDA CROPCHEM,2023,ALL_SUBSTANCES_APPROVED_IN_EU,1,Thiabendazole,Thiabendazole,Thiabendazole:EU_APPROVED,
FONGICIDE,Thiabendazole,50 % SC,SC,TENAZOLE,F.31-21,SHARDA CROPCHEM Tunisie,SHARDA CROPCHEM,2023,ALL_SUBSTANCES_APPROVED_IN_EU,1,Thiabendazole,Thiabendazole,Thiabendazole:EU_APPROVED,
FONGICIDE,Trifloxystrobin,50%,WG,Zato 50 WG,F.123-11/21,ATLAS AGRICOLE,BAYER CROPSCIENCE,2023,ALL_SUBSTANCES_APPROVED_IN_EU,1,Trifloxystrobin,Trifloxystrobin,Trifloxystrobin:EU_APPROVED,
FONGICIDE,Trifloxystrobin,50%,WG,Flint,F.124-11/21,PROMOCHIMIE,BAYER CROPSCIENCE,2023,ALL_SUBSTANCES_APPROVED_IN_EU,1,Trifloxystrobin,Trifloxystrobin,Trifloxystrobin:EU_APPROVED,
FONGICIDE,Trichoderma Asperellum ICC012: +Trichoderma Gamsii ICC080:,999 g/kg conidies (5 x109 CFU/g)+ 999 g/ conidies (5 x109 CFU/g),WP,REMEDIER WP,F.007-19,STIMA,ISAGRO SPA/GOWAN,2023,NOT_FOUND_OR_NEEDS_MANUAL_REVIEW,0,Trichoderma Asperellum ICC012: +Trichoderma Gamsii ICC080:,,Trichoderma Asperellum ICC012: +Trichoderma Gamsii ICC080::NOT_IN_EU_LIST,
FONGICIDE,Trichoderma asperellum strain),T34 /120g/kg (12.0%w/w),WP,T34 BIOCONTROL,F.19-21,STIMA,"BiocontrolTechnologies,S. L/",2023,ALL_SUBSTANCES_APPROVED_IN_EU,1,Trichoderma asperellum strain),Trichoderma asperellum (formerly T. harzianum) strain ICC012,Trichoderma asperellum strain):EU_APPROVED,
FONGICIDE,Trichoderma atroviride 77B,2x109cfu/g,WP,T-77 WP,F.29-21,Aloha agriculture,Plant Health Products (phy)/Sud d'afriquePlant Health Products (phy),2023,MANUAL_REVIEW,1,Trichoderma atroviride 77B,Trichoderma atroviride 77B,Trichoderma atroviride 77B:FOUND_UNKNOWN_STATUS,
FONGICIDE,Zirame,76%,WG,Thionicautodispers,F.136-11/21,AGROSYSTEMES,TAMINCO/EASTMAN,2023,ALL_SUBSTANCES_APPROVED_IN_EU,1,Zirame,Ziram,Zirame:EU_APPROVED,
FONGICIDE,Zirame,76%,WG,ible,,,,2023,ALL_SUBSTANCES_APPROVED_IN_EU,1,Zirame,Ziram,Zirame:EU_APPROVED,
FONGICIDE,Zoxamide + Dimethomorphe,180 g/l+180 g/l,SC,Presidium SC,F.053-22,STEC,Gowan,2023,ALL_SUBSTANCES_APPROVED_IN_EU,1,Zoxamide + Dimethomorphe,Zoxamide,Zoxamide + Dimethomorphe:EU_APPROVED,
HERBICIDE,Aclonifen,600 g/l,SC,Challenge 600SC,H.001-14,EL MOUSSEM AGRICOLE,Bayer AG,2023,ALL_SUBSTANCES_APPROVED_IN_EU,1,Aclonifen,Aclonifen,Aclonifen:EU_APPROVED,
HERBICIDE,Aclonifen,60%,SC,ACTION 60 SC,H.026-22,SHARDA CROPCHEM TUNISIA,SHARDA CROPCHEM limited/,2023,ALL_SUBSTANCES_APPROVED_IN_EU,1,Aclonifen,Aclonifen,Aclonifen:EU_APPROVED,
HERBICIDE,Aminopyralydes + Florasulam +2.4 D EHE,10g/l +5g/l +180g/l,SE,Nikos forte,H.010-15,ATLAS AGRICOLE,DOW AGROSCIENCE S/CORTEVA,2023,ALL_SUBSTANCES_APPROVED_IN_EU,1,Aminopyralydes + Florasulam +2.4 D EHE,Florasulam,Aminopyralydes + Florasulam +2.4 D EHE:EU_APPROVED,
HERBICIDE,Aminopyralydes + Florasulam +2.4 D EHE,100 g/l + 25 g/l + 250g/l,OD,Sekator OD,H.002-17,AGRONOMIC Land,,2023,ALL_SUBSTANCES_APPROVED_IN_EU,1,Aminopyralydes + Florasulam +2.4 D EHE,Florasulam,Aminopyralydes + Florasulam +2.4 D EHE:EU_APPROVED,
HERBICIDE,Aminopyralydes + Florasulam,350 g/Kg +150 g/Kg,WG,Lancelot NEO 450 WG,H.001-11/21,SEPCM,,2023,ALL_SUBSTANCES_APPROVED_IN_EU,1,Aminopyralydes + Florasulam,Florasulam,Aminopyralydes + Florasulam:EU_APPROVED,
HERBICIDE,Arylex active(halauxifen- methyl) + pyroxsulam +cloquintocet acide,66.67% g/kg en équivalent acide+250 g/kg+354 g/kg,WG,TARZEK + UPTAKE SL (Ecosurf EH-9 Surfactant 73 %(p/p)),H.003-20,ATLAS AGRICOLE,Dow Agrosciences,2023,ALL_SUBSTANCES_APPROVED_IN_EU,1,Arylex active(halauxifen- methyl) + pyroxsulam +cloquintocet acide,Pyroxsulam,Arylex active(halauxifen- methyl) + pyroxsulam +cloquintocet acide:EU_APPROVED,
HERBICIDE,Arylex TM + Forasulam + Cloquintocet acide +SURFER(Adjuvant),100g/kg+100g/kg+ 70.8 g/kg,WG,CLASSICO WG,H.10-21,SEPCM,Dow Agrosciences,2023,CONTAINS_NOT_APPROVED_SUBSTANCE_IN_EU,1,Arylex TM + Forasulam + Cloquintocet acide +SURFER(Adjuvant),Asulam,Arylex TM + Forasulam + Cloquintocet acide +SURFER(Adjuvant):EU_NOT_APPROVED,
HERBICIDE,Bentazone,480g/l,SL,BENTA SL,H.019-22,EL KHADRA,NANJING,2023,ALL_SUBSTANCES_APPROVED_IN_EU,1,Bentazone,Bentazone,Bentazone:EU_APPROVED,
HERBICIDE,Bentazone,480g/l,SL,BASASTAR SL,H.010-20,AGRIPLUS,NANJING,2023,ALL_SUBSTANCES_APPROVED_IN_EU,1,Bentazone,Bentazone,Bentazone:EU_APPROVED,
HERBICIDE,Bentazone,480g/l,SL,BENTAKEY SL,H.007-20,ETS MEZGHANI,SHANDONG,2023,ALL_SUBSTANCES_APPROVED_IN_EU,1,Bentazone,Bentazone,Bentazone:EU_APPROVED,
HERBICIDE,Bentazone,4 8 0 g / L,S L,S h a r b e n t a,H.004-13/23,SANABEL AGRO,SHARDA,2023,ALL_SUBSTANCES_APPROVED_IN_EU,1,Bentazone,Bentazone,Bentazone:EU_APPROVED,
HERBICIDE,Bentazone,4 8 0 g / L,S L,T R O Y 4 8 0 S L,H.007-18,AGRIPROTEC,UPL LIMITED,2023,ALL_SUBSTANCES_APPROVED_IN_EU,1,Bentazone,Bentazone,Bentazone:EU_APPROVED,
HERBICIDE,Bentazone,4 8 0 g / L,S L,B a s a g r a n,H.003-11/21,STIMA,BASF,2023,ALL_SUBSTANCES_APPROVED_IN_EU,1,Bentazone,Bentazone,Bentazone:EU_APPROVED,
HERBICIDE,Bentazone,480 g/l,SL,BENTAPROTEKT SL,H.007-22,LIEN AGRICOLE,ANHUI,2023,ALL_SUBSTANCES_APPROVED_IN_EU,1,Bentazone,Bentazone,Bentazone:EU_APPROVED,
HERBICIDE,Bentazone,4 8 0 g / L,S L,f i g h t e r,H.16-21,cotugrain,BASF,2023,ALL_SUBSTANCES_APPROVED_IN_EU,1,Bentazone,Bentazone,Bentazone:EU_APPROVED,
HERBICIDE,Bentazone +Imazamox,480 g/l+22.4 g/l,SL,CORUM SL,H.05-21,AGRIPROTEC,BASF,2023,ALL_SUBSTANCES_APPROVED_IN_EU,1,Bentazone +Imazamox,Bentazone,Bentazone +Imazamox:EU_APPROVED,
HERBICIDE,Chlortoluron,500 g/L,SC,DESPERADO,H.08-21,AGRIPROTEC,Nufarm,2023,NOT_FOUND_OR_NEEDS_MANUAL_REVIEW,0,Chlortoluron,,Chlortoluron:NOT_IN_EU_LIST,
HERBICIDE,Chlortoluron,5 0 0 g / L,SC,Tolurex 50,H.006-11/21,SEPCM,AAKO,2023,NOT_FOUND_OR_NEEDS_MANUAL_REVIEW,0,Chlortoluron,,Chlortoluron:NOT_IN_EU_LIST,
HERBICIDE,Chlortoluron + Isoxabene,500 g/L + 18.7 g/L,SC,FLEXIDOR,H.015-18,ATLAS AGRICOLE,Dow,2023,ALL_SUBSTANCES_APPROVED_IN_EU,1,Chlortoluron + Isoxabene,Isoxaben,Chlortoluron + Isoxabene:EU_APPROVED,
HERBICIDE,Chlortoluron + Isoxabene,500 g/L + 18.7 g/L,SC,Aubaine,H.014-13/23,SEPCM,Dow,2023,ALL_SUBSTANCES_APPROVED_IN_EU,1,Chlortoluron + Isoxabene,Isoxaben,Chlortoluron + Isoxabene:EU_APPROVED,
HERBICIDE,Chlorotoluron +pendimeyhalin+ diflufenican,250g/l+300g/l+ 40g/l,SC,UMBRA 590 SC,H.030-22,BIOPROTECTION,SYNGENTA,2023,ALL_SUBSTANCES_APPROVED_IN_EU,1,Chlorotoluron +pendimeyhalin+ diflufenican,Diflufenican,Chlorotoluron +pendimeyhalin+ diflufenican:EU_APPROVED,
HERBICIDE,Clethodim,240 g/l,SC,ICASSO 240 SC,H.013-20,SANABEL AGRO,Rotam Agrochemical/riv al,2023,ALL_SUBSTANCES_APPROVED_IN_EU,1,Clethodim,Clethodim,Clethodim:EU_APPROVED,
HERBICIDE,Clethodim,240 g/l,EC,CLETOPROTEKT,H.031-22,LIEN AGRICOLE,,2023,ALL_SUBSTANCES_APPROVED_IN_EU,1,Clethodim,Clethodim,Clethodim:EU_APPROVED,
HERBICIDE,Cléthodime,1 2 0 g / L,EC,Select Super,H.004-11/21,BIOPRO TECTION,U P L / A R Y S T A LIFESCIENCE,2023,ALL_SUBSTANCES_APPROVED_IN_EU,1,Cléthodime,Clethodim,Cléthodime:EU_APPROVED,
HERBICIDE,Clethodim,240 g/l,EC,CLODIM FORTE 240 EC,H.004-22,SOLAGRI,SYNGENTA,2023,ALL_SUBSTANCES_APPROVED_IN_EU,1,Clethodim,Clethodim,Clethodim:EU_APPROVED,
HERBICIDE,Cléthodime,1 2 0 g / L,EC,Akodim 120 EC,H.005-11/21,SEPCM,AAKO,2023,ALL_SUBSTANCES_APPROVED_IN_EU,1,Cléthodime,Clethodim,Cléthodime:EU_APPROVED,
HERBICIDE,Clethodim,12%,EC,FYTODIM EC,H.032-22,FERTITECH,TOPAGRO BIOSCIENCE,2023,ALL_SUBSTANCES_APPROVED_IN_EU,1,Clethodim,Clethodim,Clethodim:EU_APPROVED,
HERBICIDE,Clodinafop-propagyl +Cloquintocet-mexyl,100g/l +25 g/l,EC,BUGUIS EC,H.008-18,AGRIPROTEC,PROPLAN,2023,ALL_SUBSTANCES_APPROVED_IN_EU,1,Clodinafop-propagyl +Cloquintocet-mexyl,Clodinafop,Clodinafop-propagyl +Cloquintocet-mexyl:EU_APPROVED,
HERBICIDE,Clodinafop-propargil,8 0 g / L,E C,,H . 0 0 7 - 1 1 / 2 1,B I O P R O T E C T I O N,S Y N G E N T A,2023,ALL_SUBSTANCES_APPROVED_IN_EU,1,Clodinafop-propargil,Clodinafop,Clodinafop-propargil:EU_APPROVED,
HERBICIDE,Clodinafop-propargil,8 0 g / L,E C,80,,,,2023,ALL_SUBSTANCES_APPROVED_IN_EU,1,Clodinafop-propargil,Clodinafop,Clodinafop-propargil:EU_APPROVED,
HERBICIDE,Clodinafop-propargil,240 g/L +60 g/L,EC,RUBAH,H.026-15,AGRIPLUS,PARIJAT,2023,ALL_SUBSTANCES_APPROVED_IN_EU,1,Clodinafop-propargil,Clodinafop,Clodinafop-propargil:EU_APPROVED,
HERBICIDE,Clodinafop-propargil +Cloquintocet-2-Mexyl,100 g/L +25 g/L,EC,Topik 100,H.008-11/21,BIOPROTECTION,SYNGENTA,2023,ALL_SUBSTANCES_APPROVED_IN_EU,1,Clodinafop-propargil +Cloquintocet-2-Mexyl,Clodinafop,Clodinafop-propargil +Cloquintocet-2-Mexyl:EU_APPROVED,
HERBICIDE,Clodinafop-propargyl + Cloquintocet-mexyl,95 g/l+25 g/l,EC,CICLOPE EC,H.002-20,EL KHADRA,INDRUSTRIAS AFRASA,2023,ALL_SUBSTANCES_APPROVED_IN_EU,1,Clodinafop-propargyl + Cloquintocet-mexyl,Clodinafop,Clodinafop-propargyl + Cloquintocet-mexyl:EU_APPROVED,
HERBICIDE,Clopyralid,100 g/L,EC,VERSATILL,H.014-20,ATLAS AGRICOLE,DOW AGROSCIENCE /corteva,2023,ALL_SUBSTANCES_APPROVED_IN_EU,1,Clopyralid,Clopyralid,Clopyralid:EU_APPROVED,
HERBICIDE,Clopyralid,100g/l,SL,GLOPYR 100 SL,H.004-18,AGROSYSTEMES,Globachem,2023,ALL_SUBSTANCES_APPROVED_IN_EU,1,Clopyralid,Clopyralid,Clopyralid:EU_APPROVED,
HERBICIDE,Clopyralid,300g/l,SL,clopryd 30 SL,H.005-20,SLDA,Sharda cropchem,2023,ALL_SUBSTANCES_APPROVED_IN_EU,1,Clopyralid,Clopyralid,Clopyralid:EU_APPROVED,
HERBICIDE,Cycloxidime,100 g/L,EC,Focus Ultra,H.009-11/21,STIMA,BASF,2023,NOT_FOUND_OR_NEEDS_MANUAL_REVIEW,0,Cycloxidime,,Cycloxidime:NOT_IN_EU_LIST,
HERBICIDE,Cycloxidime,100 g/L,EC,stratos ultra EC,H.17-21,agriprotec,BASF,2023,NOT_FOUND_OR_NEEDS_MANUAL_REVIEW,0,Cycloxidime,,Cycloxidime:NOT_IN_EU_LIST,
HERBICIDE,Dicamba-Sel Dimethylamine (DMA),480g/l,EC,procamba,H.13-21,SSCC,gharda chemical,2023,ALL_SUBSTANCES_APPROVED_IN_EU,1,Dicamba-Sel Dimethylamine (DMA),Dicamba,Dicamba-Sel Dimethylamine (DMA):EU_APPROVED,
HERBICIDE,Dicamba +Prosulfuron,500 g/kg+50 g/kg,WG,CASPER 55 WG,H.004-20,SOLAGRI,Syngenta,2023,ALL_SUBSTANCES_APPROVED_IN_EU,1,Dicamba +Prosulfuron,Prosulfuron,Dicamba +Prosulfuron:EU_APPROVED,
HERBICIDE,Diflufenican,50%,WG,OSSETIA WG,H.008-20,SANABEL AGRO,RotamAgrochem ical,2023,ALL_SUBSTANCES_APPROVED_IN_EU,1,Diflufenican,Diflufenican,Diflufenican:EU_APPROVED,
HERBICIDE,Diflufenican+flufenacet,200 g/l + 400g/l,SC,FLOUKAN SC,H.008-22,SANABEL AGRO,sharda cropchem,2023,ALL_SUBSTANCES_APPROVED_IN_EU,1,Diflufenican+flufenacet,Diflufenican,Diflufenican+flufenacet:EU_APPROVED,
HERBICIDE,Diflufenican+flufenacet,500 g/l,SC,Diflanil,H.010-14,AGROSYSTEMES,GLOBACHEM,2023,ALL_SUBSTANCES_APPROVED_IN_EU,1,Diflufenican+flufenacet,Diflufenican,Diflufenican+flufenacet:EU_APPROVED,
HERBICIDE,Diflufenican + Flufenacet + Flurtamone,60 g/l + 240 g/l + 120 g/l,SC,Vigon 420 SC,H.012-16,PROMOCHIMIE,BAYER CROPSCIENCE,2023,ALL_SUBSTANCES_APPROVED_IN_EU,1,Diflufenican + Flufenacet + Flurtamone,Diflufenican,Diflufenican + Flufenacet + Flurtamone:EU_APPROVED,
HERBICIDE,Diflufenican + Metsulfuron-méthyl,60 % +6%,WG,Alliance,H.002-13/23,BIOPROTECTION,NUFARM S.A,2023,ALL_SUBSTANCES_APPROVED_IN_EU,1,Diflufenican + Metsulfuron-méthyl,Diflufenican,Diflufenican + Metsulfuron-méthyl:EU_APPROVED,
HERBICIDE,Diflufenican + Metsulfuron-méthyl,60 % +6%,WG,polymer WG,H.19-21,AGRIPROTEC,NUFARM S.A,2023,ALL_SUBSTANCES_APPROVED_IN_EU,1,Diflufenican + Metsulfuron-méthyl,Diflufenican,Diflufenican + Metsulfuron-méthyl:EU_APPROVED,
HERBICIDE,Diflufenican +flufenacet,200 g/l+400 g/l,SC,SC,H.009-22,BIOPROTECTION,UPL,2023,ALL_SUBSTANCES_APPROVED_IN_EU,1,Diflufenican +flufenacet,Diflufenican,Diflufenican +flufenacet:EU_APPROVED,
HERBICIDE,Dimethenamid- P+Metazachlor +Quinmerac,100g/l+300g/l+100 g/l,SE,BUTISAN AVANT SE,H.012-20,COTUGRAIN,BASF,2023,ALL_SUBSTANCES_APPROVED_IN_EU,1,Dimethenamid- P+Metazachlor +Quinmerac,Metazachlor,Dimethenamid- P+Metazachlor +Quinmerac:EU_APPROVED,
HERBICIDE,Ethamet Sulfuron Methyl,750 g/kg,WG,MUSTER 75 WG,H.023-22,SSCC,FMC,2023,NOT_FOUND_OR_NEEDS_MANUAL_REVIEW,0,Ethamet Sulfuron Methyl,,Ethamet Sulfuron Methyl:NOT_IN_EU_LIST,
HERBICIDE,Fénoxaprop-p-Ethyl,69g/l,EW,Foxtrot,H.027-15,AGROSYSTEME,FMC,2023,ALL_SUBSTANCES_APPROVED_IN_EU,1,Fénoxaprop-p-Ethyl,Fenoxaprop-P-ethyl,Fénoxaprop-p-Ethyl:EU_APPROVED,
HERBICIDE,Fénoxaprop-p-Ethyl,64 g/L +8 g/L + 24 g/L,EC,Puma Evolution,H.015-11/21,JADWA AGROTEC,BAYER CROPSCIENCE,2023,ALL_SUBSTANCES_APPROVED_IN_EU,1,Fénoxaprop-p-Ethyl,Fenoxaprop-P-ethyl,Fénoxaprop-p-Ethyl:EU_APPROVED,
HERBICIDE,Florosulame + Flumetsulam,75 g/L + 100 g/L,EC,Derby,H.085-11/21,promochimie,DOW AGROSCIENCE S/corteva,2023,CONTAINS_NOT_APPROVED_SUBSTANCE_IN_EU,1,Florosulame + Flumetsulam,Flumetsulam,Florosulame + Flumetsulam:EU_NOT_APPROVED,
HERBICIDE,Florasulam +tribenuron-methyl,200 g/kg+600 g/kg,WG,GRANSTAR MAX WG,H.12-21,AGRIPROTEC,chenminova/FM C,2023,ALL_SUBSTANCES_APPROVED_IN_EU,1,Florasulam +tribenuron-methyl,Tribenuron (aka metometuron),Florasulam +tribenuron-methyl:EU_APPROVED,
HERBICIDE,Fluazifop-P-Butyl,125 g/l,EC,FOUZILE EC,H.019-15,ETS MEZGHANI,INDUST. QUIMICA KEY,2023,ALL_SUBSTANCES_APPROVED_IN_EU,1,Fluazifop-P-Butyl,Fluazifop-P,Fluazifop-P-Butyl:EU_APPROVED,
HERBICIDE,Fluazifop-P-Butyl,1 2 5 g / l,EC,Benfuron,H.013-16,ATLAS AGRICOLE,SHARDA,2023,ALL_SUBSTANCES_APPROVED_IN_EU,1,Fluazifop-P-Butyl,Fluazifop-P,Fluazifop-P-Butyl:EU_APPROVED,
HERBICIDE,Fluazifop-P-Butyl,1 5 0 g / l,EC,Fouir,H.013-17,EL KHADRA,SHARDA,2023,ALL_SUBSTANCES_APPROVED_IN_EU,1,Fluazifop-P-Butyl,Fluazifop-P,Fluazifop-P-Butyl:EU_APPROVED,
HERBICIDE,Fluazifop-P-Butyl,1 2 5 g / L,EC,Trivko,H.001-18,SOLAGRI,SYNGENTA,2023,ALL_SUBSTANCES_APPROVED_IN_EU,1,Fluazifop-P-Butyl,Fluazifop-P,Fluazifop-P-Butyl:EU_APPROVED,
HERBICIDE,Flucarbazone-sodium,7 0 %,W G,E v e r e s t 7 0 WG,H.017-11/21,AGRIPROTEC,ARYSTA LIFESCIENCE,2023,CONTAINS_NOT_APPROVED_SUBSTANCE_IN_EU,1,Flucarbazone-sodium,Flucarbazone-sodium,Flucarbazone-sodium:EU_NOT_APPROVED,
HERBICIDE,Flucarbazone-sodium,4 1 9 g / l,S C,V u l c a n o,007-14H.,AGRIPROTEC,ARYSTA LIFESCIENCE,2023,CONTAINS_NOT_APPROVED_SUBSTANCE_IN_EU,1,Flucarbazone-sodium,Flucarbazone-sodium,Flucarbazone-sodium:EU_NOT_APPROVED,
HERBICIDE,Flumetsulam,800 g/kg,WG,BROADSTRIKE WG,H.009-20,EL BARAKA AGRICOLE,DOW AGROSCIENCE,2023,CONTAINS_NOT_APPROVED_SUBSTANCE_IN_EU,1,Flumetsulam,Flumetsulam,Flumetsulam:EU_NOT_APPROVED,
HERBICIDE,Fluroxypyr,20%,EC,keynyl herbicide EC,H.11-21,ets mezghani,,2023,ALL_SUBSTANCES_APPROVED_IN_EU,1,Fluroxypyr,Fluroxypyr,Fluroxypyr:EU_APPROVED,
HERBICIDE,Fluroxypyr (ester1-,200 g/l,EC,Flurostar 200,H.011-14,AGROSYSTEMES,GLOBACHEM,2023,ALL_SUBSTANCES_APPROVED_IN_EU,1,Fluroxypyr (ester1-,Fluroxypyr,Fluroxypyr (ester1-:EU_APPROVED,
HERBICIDE,methylheptyl),200 g/l,EC,,,,,2023,NOT_FOUND_OR_NEEDS_MANUAL_REVIEW,0,methylheptyl),,methylheptyl):NOT_IN_EU_LIST,
HERBICIDE,Fluroxypyr +Clopyralid,150 g/l+60 g/l,EC,VEGA EC,H.006-20,AGRIMED DISTRIBUTION,Sharda cropchem,2023,ALL_SUBSTANCES_APPROVED_IN_EU,1,Fluroxypyr +Clopyralid,Fluroxypyr,Fluroxypyr +Clopyralid:EU_APPROVED,
HERBICIDE,Fluroxypyr +Clopyralid,5 0 g / l + 2 8 g / l,M E,K I N V A R A M E,H . 0 0 5 - 2 2,A G R I P R O T E C,B R A C L A Y,2023,ALL_SUBSTANCES_APPROVED_IN_EU,1,Fluroxypyr +Clopyralid,Fluroxypyr,Fluroxypyr +Clopyralid:EU_APPROVED,
HERBICIDE,Glyphosate,360 g/l,SL,GLYFOSTAR,H.002-19,SLDA,SHARDA CROPCHEM Ltd,2023,ALL_SUBSTANCES_APPROVED_IN_EU,1,Glyphosate,Glyphosate,Glyphosate:EU_APPROVED,
HERBICIDE,Glyphosate,360 g/l,SL,GALLUP SUPER SL,H.033-22,AGRIPROTEC,Braclay chemicals,2023,ALL_SUBSTANCES_APPROVED_IN_EU,1,Glyphosate,Glyphosate,Glyphosate:EU_APPROVED,
HERBICIDE,Glyphosate,360g/l,SL,Round Up Pro,H.004-15,ATLAS AGRICOLE,,2023,ALL_SUBSTANCES_APPROVED_IN_EU,1,Glyphosate,Glyphosate,Glyphosate:EU_APPROVED,
HERBICIDE,Glyphosate,360 g/l,SL,DRAGON,H.003-19,FERTITECH,SHARDA CROPCHEM Lt,2023,ALL_SUBSTANCES_APPROVED_IN_EU,1,Glyphosate,Glyphosate,Glyphosate:EU_APPROVED,
HERBICIDE,Glyphosate,360 g/l,SL,SATELITE360 SL,H.001-19,EL KHADRA,AFRASA INDUSTRIAS AFRASA S.A,2023,ALL_SUBSTANCES_APPROVED_IN_EU,1,Glyphosate,Glyphosate,Glyphosate:EU_APPROVED,
HERBICIDE,Glyphosate,360 g/l,SL,VERDIS 36 SL,H.009-17,EXCEL AGRI,,2023,ALL_SUBSTANCES_APPROVED_IN_EU,1,Glyphosate,Glyphosate,Glyphosate:EU_APPROVED,
HERBICIDE,Glyphosate,360 g/l,SL,NOV-UP,H.003-17,AGRINOVA,Sharda Cropchem Limited,2023,ALL_SUBSTANCES_APPROVED_IN_EU,1,Glyphosate,Glyphosate,Glyphosate:EU_APPROVED,
HERBICIDE,Glyphosate,360 g/l,SL,GLYPHO-CAP,H.010-17,NEGANOR FFT,HOCKLEY INTERNATION AL LIMITED,2023,ALL_SUBSTANCES_APPROVED_IN_EU,1,Glyphosate,Glyphosate,Glyphosate:EU_APPROVED,
HERBICIDE,Glyphosate,450 g/l,SL,GLYFAST 450 SL,H.034-22,AGRIPROTEC,Braclay chemicals,2023,ALL_SUBSTANCES_APPROVED_IN_EU,1,Glyphosate,Glyphosate,Glyphosate:EU_APPROVED,
HERBICIDE,Glyphosate,490g/L,SL,GALLUP HI-AKTIV SL,H.001-20,RAYEN PHYTAGRI,Barclay chemicals(R&D) Ltd.,2023,ALL_SUBSTANCES_APPROVED_IN_EU,1,Glyphosate,Glyphosate,Glyphosate:EU_APPROVED,
HERBICIDE,Glyphosate,480 g/l,SC,Round up innov,H.003-15,ATLAS AGRICOLE,MONSANTO,2023,ALL_SUBSTANCES_APPROVED_IN_EU,1,Glyphosate,Glyphosate,Glyphosate:EU_APPROVED,
HERBICIDE,Glyphosate,70%,SG,Kalach Extra,H.007-16,BIOPROTECTION,ARYSTA LIFESCIENCE,2023,ALL_SUBSTANCES_APPROVED_IN_EU,1,Glyphosate,Glyphosate,Glyphosate:EU_APPROVED,
HERBICIDE,Glyphosate,480 g/l,SL,Herbolex Max,H.008-15,SEPCM,,2023,ALL_SUBSTANCES_APPROVED_IN_EU,1,Glyphosate,Glyphosate,Glyphosate:EU_APPROVED,
HERBICIDE,Glyphosate,360 g/l,SL,Kalach 360,H.022-11/21,BIOPROTECTION,UPL/ARYSTA LIFESCIENCE,2023,ALL_SUBSTANCES_APPROVED_IN_EU,1,Glyphosate,Glyphosate,Glyphosate:EU_APPROVED,
HERBICIDE,Glyphosate,4 5 0 g / L,S L,R o u n d u p P lu s,H.029-11/21,ATLAS AGRICOLE,,2023,ALL_SUBSTANCES_APPROVED_IN_EU,1,Glyphosate,Glyphosate,Glyphosate:EU_APPROVED,
HERBICIDE,Glyphosate,3 6 0 g / l,S L,G l y c e l,H . 0 1 9 - 1 1 / 2 1,A G R I M A T C O,,2023,ALL_SUBSTANCES_APPROVED_IN_EU,1,Glyphosate,Glyphosate,Glyphosate:EU_APPROVED,
HERBICIDE,Glyphosate,3 6 0 g / l,S L,C i b l e,H . 0 1 8 - 1 1 / 2 1,A G R I P R O T E C,N U F A R M,2023,ALL_SUBSTANCES_APPROVED_IN_EU,1,Glyphosate,Glyphosate,Glyphosate:EU_APPROVED,
HERBICIDE,Glyphosate,3 6 0 g / l,S L,A g r i a t e c h,H . 0 2 0 - 1 1 / 2 1,A G R O S Y S T E M E S,A G R I A S A,2023,ALL_SUBSTANCES_APPROVED_IN_EU,1,Glyphosate,Glyphosate,Glyphosate:EU_APPROVED,
HERBICIDE,Glyphosate,3 6 0 g / l,S L,M a y n o z a t e,H . 0 2 5 - 1 5,A M I N C O,A G R I A S A,2023,ALL_SUBSTANCES_APPROVED_IN_EU,1,Glyphosate,Glyphosate,Glyphosate:EU_APPROVED,
HERBICIDE,Glyphosate,3 6 0 g / l,S L,G l y w e e d,H . 0 8 6 - 1 1 / 2 1,A T L A S I N D U S T R I E,C O R O M A NDEL Ltd.,2023,ALL_SUBSTANCES_APPROVED_IN_EU,1,Glyphosate,Glyphosate,Glyphosate:EU_APPROVED,
HERBICIDE,Glyphosate,3 6 0 g / l,S L,K l e e n U p,H . 0 9 7 - 1 1 / 2 1,B I O P R O T E C T I O N,N U F A R M,2023,ALL_SUBSTANCES_APPROVED_IN_EU,1,Glyphosate,Glyphosate,Glyphosate:EU_APPROVED,
HERBICIDE,Glyphosate,3 6 0 g / l,S L,B l a n c a,H . 0 0 6 - 1 3 / 2 3,C O T U G R A I N IMPEX,S h a r d a W o rld Wide,2023,ALL_SUBSTANCES_APPROVED_IN_EU,1,Glyphosate,Glyphosate,Glyphosate:EU_APPROVED,
HERBICIDE,Glyphosate,3 6 0 g / l,S L,G L I S O 3 6 0,H . 0 0 5 - 1 6,E L K H A D R A,S I P C A M INGARA,2023,ALL_SUBSTANCES_APPROVED_IN_EU,1,Glyphosate,Glyphosate,Glyphosate:EU_APPROVED,
HERBICIDE,Glyphosate,3 6 0 g / l,S L,W e e d K i l l e r,H . 0 0 6 - 1 6,E L K H A D R A,S h a r d a W o rld Wide,2023,ALL_SUBSTANCES_APPROVED_IN_EU,1,Glyphosate,Glyphosate,Glyphosate:EU_APPROVED,
HERBICIDE,Glyphosate,3 6 0 g / l,S L,F o r t i n,H . 0 2 4 - 1 1 / 2 1,E T S M E Z G H A N I,I N D U S T R LQUI MICAKEY,2023,ALL_SUBSTANCES_APPROVED_IN_EU,1,Glyphosate,Glyphosate,Glyphosate:EU_APPROVED,
HERBICIDE,Glyphosate,3 6 0 g / l,S L,B u g g y,H . 0 7 9 - 1 1 / 2 1,P R O M O C H I M I E,S I P C A M INGARA,2023,ALL_SUBSTANCES_APPROVED_IN_EU,1,Glyphosate,Glyphosate,Glyphosate:EU_APPROVED,
HERBICIDE,Glyphosate,3 6 0 g / l,S L,G l y p h o m a x,H . 0 1 3 - 1 4,L I E N A G R I C O L E,S h a r d a W o rld Wide,2023,ALL_SUBSTANCES_APPROVED_IN_EU,1,Glyphosate,Glyphosate,Glyphosate:EU_APPROVED,
HERBICIDE,Glyphosate,3 6 0 g / l,S L,D i s s,H . 0 9 3 - 1 1 / 2 1,P R O T A G R I,U N I T E D PHOSPHORUS,2023,ALL_SUBSTANCES_APPROVED_IN_EU,1,Glyphosate,Glyphosate,Glyphosate:EU_APPROVED,
HERBICIDE,Glyphosate,3 6 0 g / l,S L,G l y s t e r,H . 0 2 5 - 1 1 / 2 1,S A N A B E L A G R O,S I N O N,2023,ALL_SUBSTANCES_APPROVED_IN_EU,1,Glyphosate,Glyphosate,Glyphosate:EU_APPROVED,
HERBICIDE,Glyphosate,3 6 0 g / l,S L,N a s a 3 6 S L,H . 0 0 1 - 1 5,S O C O O P E C,Z E N I T H,2023,ALL_SUBSTANCES_APPROVED_IN_EU,1,Glyphosate,Glyphosate,Glyphosate:EU_APPROVED,
HERBICIDE,Glyphosate,3 6 0 g / l,S L,G l y p h o t e c,H . 0 2 8 - 1 1 / 2 1,S T E C,A A K O B V,2023,ALL_SUBSTANCES_APPROVED_IN_EU,1,Glyphosate,Glyphosate,Glyphosate:EU_APPROVED,
HERBICIDE,Glyphosate + Oxyfluorfène,200 gL + 30 g/L,SC,Dipiril Plus,H.016-13/23,EL KHADRA,INDUSTRIALS,2023,ALL_SUBSTANCES_APPROVED_IN_EU,1,Glyphosate + Oxyfluorfène,Glyphosate,Glyphosate + Oxyfluorfène:EU_APPROVED,
HERBICIDE,Glyphosate + Oxyfluorfène,360 g/L +30 g/L,SC,Brout,H.030-11/21,SEPCM,AAKO,2023,ALL_SUBSTANCES_APPROVED_IN_EU,1,Glyphosate + Oxyfluorfène,Glyphosate,Glyphosate + Oxyfluorfène:EU_APPROVED,
HERBICIDE,Glyphosate +Carfentrazone-ethyl,360g/l +5g/l,EW,Affinex,H.006-15,COTUGRAIN IMPEX,FMC,2023,ALL_SUBSTANCES_APPROVED_IN_EU,1,Glyphosate +Carfentrazone-ethyl,Glyphosate,Glyphosate +Carfentrazone-ethyl:EU_APPROVED,
HERBICIDE,Halauxifen-methyl +aminopyralid +cloquintocet –mexyl,33.7 g/l +27.2g/l+32.3 g/l,EC,TREZAK EC,H.14-21,EL BARAKA AGRICOLE,Dow agroscience,2023,ALL_SUBSTANCES_APPROVED_IN_EU,1,Halauxifen-methyl +aminopyralid +cloquintocet –mexyl,Aminopyralid,Halauxifen-methyl +aminopyralid +cloquintocet –mexyl:EU_APPROVED,
HERBICIDE,Imazamox + Metazachlor,25 g/l +375 g/l,SC,Nopasaran,H.011-16,COTUGRAIN,BASF,2023,ALL_SUBSTANCES_APPROVED_IN_EU,1,Imazamox + Metazachlor,Imazamox,Imazamox + Metazachlor:EU_APPROVED,
HERBICIDE,Iodosulfuron +Mesosulfuron +Mefenpyr,6 g/Kg +30 g/Kg +90 g/Kg,WG,Atlantis,H.033-11/21,ATLAS AGRICOLE,BAYER CROPSCIENCE,2023,ALL_SUBSTANCES_APPROVED_IN_EU,1,Iodosulfuron +Mesosulfuron +Mefenpyr,Iodosulfuron,Iodosulfuron +Mesosulfuron +Mefenpyr:EU_APPROVED,
HERBICIDE,Indaziflam,500 g/l,SC,Alion 500 SC,H.013-22,PROMOCHIMIE,BAYER,2023,CONTAINS_NOT_APPROVED_SUBSTANCE_IN_EU,1,Indaziflam,Indaziflam,Indaziflam:EU_NOT_APPROVED,
HERBICIDE,Lenacil,80 % (800 g/kg),WG,VENZAR,H.003-22,SEPCM,FMC,2023,ALL_SUBSTANCES_APPROVED_IN_EU,1,Lenacil,Lenacil,Lenacil:EU_APPROVED,
HERBICIDE,Lenacil,30 g/Kg+30 g/Kg +90 g/Kg,WG,Amilcar,H.036-11/21,STEC,BAYER CROPSCIENCE,2023,ALL_SUBSTANCES_APPROVED_IN_EU,1,Lenacil,Lenacil,Lenacil:EU_APPROVED,
HERBICIDE,Lenacil,"7,5 g/L + 7,5 g/L+ 22,5 g/L",OD,Amilcar OD,H.037-11/21,STEC,BAYER CROPSCIENCE,2023,ALL_SUBSTANCES_APPROVED_IN_EU,1,Lenacil,Lenacil,Lenacil:EU_APPROVED,
HERBICIDE,Mésosulfuron- Méthyl+Iodosulfuron- Methyl +Méfenpyrdiéthyl,10 g/l +2 g/l +30 g/l,OD,Atlantis OD,H.012-15,ATLAS AGRICOLE,BAYER CROPSCIENCE,2023,ALL_SUBSTANCES_APPROVED_IN_EU,1,Mésosulfuron- Méthyl+Iodosulfuron- Methyl +Méfenpyrdiéthyl,Iodosulfuron,Mésosulfuron- Méthyl+Iodosulfuron- Methyl +Méfenpyrdiéthyl:EU_APPROVED,
HERBICIDE,Mésosulfuron- Méthyl+Iodosulfuron- Methyl +Méfenpyrdiéthyl,"45 g/kg +67,5g/kg +90g/kg",WG,OLYMPUS FLEX WG,H.009-18,ATLAS AGRICOLE,BAYER AG,2023,ALL_SUBSTANCES_APPROVED_IN_EU,1,Mésosulfuron- Méthyl+Iodosulfuron- Methyl +Méfenpyrdiéthyl,Iodosulfuron,Mésosulfuron- Méthyl+Iodosulfuron- Methyl +Méfenpyrdiéthyl:EU_APPROVED,
HERBICIDE,Metazachlor,500 g/l,SC,RAPSAN 500 SC,H.002-18,AGROSYSTEMES,Globachem,2023,ALL_SUBSTANCES_APPROVED_IN_EU,1,Metazachlor,Metazachlor,Metazachlor:EU_APPROVED,
HERBICIDE,Metazachlor +Quinmerac,400 g/l +100g/l,SC,RAPSAN TDI SC,H.003-18,AGROSYSTEMES,Globachem,2023,ALL_SUBSTANCES_APPROVED_IN_EU,1,Metazachlor +Quinmerac,Metazachlor,Metazachlor +Quinmerac:EU_APPROVED,
HERBICIDE,Metazachlore,500 g/L,SC,TWIGA,H.022-15,BIOPROTECTION,AAKO BV,2023,ALL_SUBSTANCES_APPROVED_IN_EU,1,Metazachlore,Metazachlor,Metazachlore:EU_APPROVED,
HERBICIDE,Metribuzine,75%,WG,Maestro 75 WG,H.042-11/21,BIOPROTECTION,AAKO,2023,CONTAINS_NOT_APPROVED_SUBSTANCE_IN_EU,1,Metribuzine,Metribuzin,Metribuzine:EU_NOT_APPROVED,
HERBICIDE,Metribuzine,600 g/L,SC,Sencor 600SC,H.089-11/21,PROMOCHIMIE,BAYER,2023,CONTAINS_NOT_APPROVED_SUBSTANCE_IN_EU,1,Metribuzine,Metribuzin,Metribuzine:EU_NOT_APPROVED,
HERBICIDE,Metribuzine,70%(g/kg),WG,MAYA,H.017-22,SLDA,UPL,2023,CONTAINS_NOT_APPROVED_SUBSTANCE_IN_EU,1,Metribuzine,Metribuzin,Metribuzine:EU_NOT_APPROVED,
HERBICIDE,Metribuzine,70%(g/kg),WG,DANCOR 70,H.004-16,PROTAGRI,UPL,2023,CONTAINS_NOT_APPROVED_SUBSTANCE_IN_EU,1,Metribuzine,Metribuzin,Metribuzine:EU_NOT_APPROVED,
HERBICIDE,Metribuzine,700 g/kg,WDG,MATRIX WDG,H.001-17,STIMA,SHARDA CROPCHEM,2023,CONTAINS_NOT_APPROVED_SUBSTANCE_IN_EU,1,Metribuzine,Metribuzin,Metribuzine:EU_NOT_APPROVED,
HERBICIDE,Metribuzine,700 g/kg,WDG,HERBISTAR WDG,H.20-21,Fertitech,SHARDA CROPCHEM,2023,CONTAINS_NOT_APPROVED_SUBSTANCE_IN_EU,1,Metribuzine,Metribuzin,Metribuzine:EU_NOT_APPROVED,
HERBICIDE,Metribuzine,48%,SC,TUBERON,H.01-21,AGRIMATCO,UPL,2023,CONTAINS_NOT_APPROVED_SUBSTANCE_IN_EU,1,Metribuzine,Metribuzin,Metribuzine:EU_NOT_APPROVED,
HERBICIDE,Metribuzine,480 g/l,SC,buzzin,H.03-21,Delta agricole plus,sharda cropchem limited,2023,CONTAINS_NOT_APPROVED_SUBSTANCE_IN_EU,1,Metribuzine,Metribuzin,Metribuzine:EU_NOT_APPROVED,
HERBICIDE,Metribuzine,480 g/l,SC,Mitraze,H.015-22,AGRIMED DISTRIBUTION,sharda cropchem limited,2023,CONTAINS_NOT_APPROVED_SUBSTANCE_IN_EU,1,Metribuzine,Metribuzin,Metribuzine:EU_NOT_APPROVED,
HERBICIDE,Metribuzine,700 g/kg,WP,NOVAMET WP,H.037-22,AGRINOVA,AGROW ALLIED,2023,CONTAINS_NOT_APPROVED_SUBSTANCE_IN_EU,1,Metribuzine,Metribuzin,Metribuzine:EU_NOT_APPROVED,
HERBICIDE,Metribuzine,700 g/kg,WP,POMOCORE WP,H.001-22,NEGANOR,AGROW ALLIED,2023,CONTAINS_NOT_APPROVED_SUBSTANCE_IN_EU,1,Metribuzine,Metribuzin,Metribuzine:EU_NOT_APPROVED,
HERBICIDE,Metribuzine+Clomazone,233g/l + 60 g/l,CS,CETUS,H.003-16,AGRIPROTEC,FMC,2023,CONTAINS_NOT_APPROVED_SUBSTANCE_IN_EU,1,Metribuzine+Clomazone,Metribuzin,Metribuzine+Clomazone:EU_NOT_APPROVED,
HERBICIDE,Metsulfuron Méthyl,20%,WG,Isomexx,H.043-11/21,AGRIPROTEC,NUFARM,2023,NOT_FOUND_OR_NEEDS_MANUAL_REVIEW,0,Metsulfuron Méthyl,,Metsulfuron Méthyl:NOT_IN_EU_LIST,
HERBICIDE,Metsulfuron Méthyl,20%,WG,Karal,H.003-13/23,BIOPROTECTION,NUFARM,2023,NOT_FOUND_OR_NEEDS_MANUAL_REVIEW,0,Metsulfuron Méthyl,,Metsulfuron Méthyl:NOT_IN_EU_LIST,
HERBICIDE,Metsulfuron Méthyl,20%,WG,Metsy WG,H.009-16,PROTAGRI,UNITED PHOSPHORUS,2023,NOT_FOUND_OR_NEEDS_MANUAL_REVIEW,0,Metsulfuron Méthyl,,Metsulfuron Méthyl:NOT_IN_EU_LIST,
HERBICIDE,Metsulfuron Méthyl,20%,WG,METRON WG,H.038-22,AGRIMATCO,UNITED PHOSPHORUS,2023,NOT_FOUND_OR_NEEDS_MANUAL_REVIEW,0,Metsulfuron Méthyl,,Metsulfuron Méthyl:NOT_IN_EU_LIST,
HERBICIDE,Metsulfuron-methyl + Bensulfuron-methyl,40g/kg+500 g/kg,WG,XANADU,H.029-22,BIOPROTECTION,UPL limited,2023,ALL_SUBSTANCES_APPROVED_IN_EU,1,Metsulfuron-methyl + Bensulfuron-methyl,Bensulfuron,Metsulfuron-methyl + Bensulfuron-methyl:EU_APPROVED,
HERBICIDE,Metrobromuron,500g/l,SC,PROMAN,H.02-21,NEGANOR,belchim crop protection,2023,NOT_FOUND_OR_NEEDS_MANUAL_REVIEW,0,Metrobromuron,,Metrobromuron:NOT_IN_EU_LIST,
HERBICIDE,Oxyfluorfene,240 g/L,EC,Goal,H.081-11/21,promochimie,HANGZHOU NUTRICHEM/s,2023,CONTAINS_NOT_APPROVED_SUBSTANCE_IN_EU,1,Oxyfluorfene,FEN 560 (Fenugreek seed powder),Oxyfluorfene:EU_NOT_APPROVED,
HERBICIDE,Oxyfluorfene,240 g/L,E C,O X I F E N E C,H . 0 4 6 - 1 1 / 2 1,E t s M E Z G H A N I,INDUST.,2023,CONTAINS_NOT_APPROVED_SUBSTANCE_IN_EU,1,Oxyfluorfene,FEN 560 (Fenugreek seed powder),Oxyfluorfene:EU_NOT_APPROVED,
HERBICIDE,Oxyfluorfene,240 g/L,EC,Clenofen 240,H.005-13/23,SANABEL AGRO,ZHEJIANG E-,2023,CONTAINS_NOT_APPROVED_SUBSTANCE_IN_EU,1,Oxyfluorfene,FEN 560 (Fenugreek seed powder),Oxyfluorfene:EU_NOT_APPROVED,
HERBICIDE,Oxyfluorfene,240 g/L,EC,Oxistar 24%,H.087-11/21,SOCOOPEC,ZHEJIANG E-,2023,CONTAINS_NOT_APPROVED_SUBSTANCE_IN_EU,1,Oxyfluorfene,FEN 560 (Fenugreek seed powder),Oxyfluorfene:EU_NOT_APPROVED,
HERBICIDE,Oxyfluorfene,240 g/l,EC,FENFEN EC,H.041-22,ATLAS AGRICOLE,LAINCO,2023,CONTAINS_NOT_APPROVED_SUBSTANCE_IN_EU,1,Oxyfluorfene,FEN 560 (Fenugreek seed powder),Oxyfluorfene:EU_NOT_APPROVED,
HERBICIDE,Oxyfluorfene,240 g/l,EC,VERIN EC,H.035-22,NEGANOR,LAINCO,2023,CONTAINS_NOT_APPROVED_SUBSTANCE_IN_EU,1,Oxyfluorfene,FEN 560 (Fenugreek seed powder),Oxyfluorfene:EU_NOT_APPROVED,
HERBICIDE,Pendimethaline,400 g/L,SC,HERBOL,H.008-17,EXCEL AGRI,SHARDA,2023,ALL_SUBSTANCES_APPROVED_IN_EU,1,Pendimethaline,Pendimethalin,Pendimethaline:EU_APPROVED,
HERBICIDE,Pendimethaline,400 g/L,SC,Penda,16-010H.,DELTA AGRICOLE,SHARDA,2023,ALL_SUBSTANCES_APPROVED_IN_EU,1,Pendimethaline,Pendimethalin,Pendimethaline:EU_APPROVED,
HERBICIDE,Pendimethaline,400 g/L,EC,TERAPUR,H.002-16,Ets MEZGHANI,IndustrialQuimic a Key,2023,ALL_SUBSTANCES_APPROVED_IN_EU,1,Pendimethaline,Pendimethalin,Pendimethaline:EU_APPROVED,
HERBICIDE,Pendimethaline,455 g/L,EC,Stomp Aqua,H.048-11/21,STIMA,BASF,2023,ALL_SUBSTANCES_APPROVED_IN_EU,1,Pendimethaline,Pendimethalin,Pendimethaline:EU_APPROVED,
HERBICIDE,Pendimethaline,455 g/L,EC,prowl aqua EC,H.15-21,cotugrain,BASF,2023,ALL_SUBSTANCES_APPROVED_IN_EU,1,Pendimethaline,Pendimethalin,Pendimethaline:EU_APPROVED,
HERBICIDE,Pendimethaline +Clomazon,333g/l+30 g/l,CS,STALLION,H.07-21,AGRIPROTEC,FMC,2023,ALL_SUBSTANCES_APPROVED_IN_EU,1,Pendimethaline +Clomazon,Pendimethalin,Pendimethaline +Clomazon:EU_APPROVED,
HERBICIDE,Phenmedipham + Desmedipham +Ethofumesate,75 g/l+15 g/l+115 g/l,SC,BETASANA TRIO,H.016-20,AGRIPROTEC,UPL Limited,2023,CONTAINS_NOT_APPROVED_SUBSTANCE_IN_EU,1,Phenmedipham + Desmedipham +Ethofumesate,Desmedipham,Phenmedipham + Desmedipham +Ethofumesate:EU_NOT_APPROVED,
HERBICIDE,Phenmediphame + Desmedipham + Ethofumesate,91 g/L +71 g/L + 112 g/L,EC,Betanal Expert 274EC,H.049-11/21,SEPCM,BAYER CROPSCIENCE,2023,CONTAINS_NOT_APPROVED_SUBSTANCE_IN_EU,1,Phenmediphame + Desmedipham + Ethofumesate,Desmedipham,Phenmediphame + Desmedipham + Ethofumesate:EU_NOT_APPROVED,
HERBICIDE,Pinoxaden +Florasulam +Safener (cloquintocet- mexyl),45 g/l + 5 g/l +11.25 g/l,EC,Navigator,H005-14.,BIOPROTECTION,SYNGENTA,2023,ALL_SUBSTANCES_APPROVED_IN_EU,1,Pinoxaden +Florasulam +Safener (cloquintocet- mexyl),Florasulam,Pinoxaden +Florasulam +Safener (cloquintocet- mexyl):EU_APPROVED,
HERBICIDE,Pinoxaden +Florasulam +Safener (cloquintocet- mexyl),25g/l +25g/l +6.25 g/l,EC,Traxospratic,H.014-15,BIOPROTECTION,Syngenta,2023,ALL_SUBSTANCES_APPROVED_IN_EU,1,Pinoxaden +Florasulam +Safener (cloquintocet- mexyl),Florasulam,Pinoxaden +Florasulam +Safener (cloquintocet- mexyl):EU_APPROVED,
HERBICIDE,Pinoxaden +Clodinafop- propargyl+Florasulam+clo quintocet-mexyl,"30g/l +30g/l +7,5 g/l+7,5 g/l",EC,Swipe,H.013-15,BIOPROTECTON,Syngenta,2023,ALL_SUBSTANCES_APPROVED_IN_EU,1,Pinoxaden +Clodinafop- propargyl+Florasulam+clo quintocet-mexyl,Florasulam,Pinoxaden +Clodinafop- propargyl+Florasulam+clo quintocet-mexyl:EU_APPROVED,
HERBICIDE,Pinoxaden +Cloquintocet- méxyl,50 g/l +12.5 g/l,EC,Axial pratic,H.015-15,BIOPROTECTION,Syngenta,2023,ALL_SUBSTANCES_APPROVED_IN_EU,1,Pinoxaden +Cloquintocet- méxyl,Pinoxaden,Pinoxaden +Cloquintocet- méxyl:EU_APPROVED,
HERBICIDE,prometryn,500 g/l,SC,gesagard 500 FW,H.06-21,bioprotection,syngenta crop protection,2023,CONTAINS_NOT_APPROVED_SUBSTANCE_IN_EU,1,prometryn,Prometryn,prometryn:EU_NOT_APPROVED,
HERBICIDE,Propaquizafop,10%,EC,PRODIGE,H.024-22,SHARDA CROPCHEM TUNISIA,SHARDA CROPCHEM limited,2023,ALL_SUBSTANCES_APPROVED_IN_EU,1,Propaquizafop,Propaquizafop,Propaquizafop:EU_APPROVED,
HERBICIDE,Propyzamide,400g/l,SC,PROPYZ,H.013-18,AGRIPROTEC,BARCLAY,2023,ALL_SUBSTANCES_APPROVED_IN_EU,1,Propyzamide,Propyzamide,Propyzamide:EU_APPROVED,
HERBICIDE,Propyzamide,400g/l,SC,PROPER FLO SC,H.005-18,AGROSYSTEMES,Globachem,2023,ALL_SUBSTANCES_APPROVED_IN_EU,1,Propyzamide,Propyzamide,Propyzamide:EU_APPROVED,
HERBICIDE,Propyzamide,400g/l,SC,CADDY SC,H.016-17,RAYEN PHYTAGRI,BARCLAY CHEMICALS Ltd,2023,ALL_SUBSTANCES_APPROVED_IN_EU,1,Propyzamide,Propyzamide,Propyzamide:EU_APPROVED,
HERBICIDE,Prosulfocarb,80%,EC,PROXER,H.09-21,sharda crochem tunisie,sharda crochem,2023,ALL_SUBSTANCES_APPROVED_IN_EU,1,Prosulfocarb,Prosulfocarb,Prosulfocarb:EU_APPROVED,
HERBICIDE,Prosulfocarb,80%,EC,ROXANE EC,H.036-22,COTUGRAIN,sharda crochem,2023,ALL_SUBSTANCES_APPROVED_IN_EU,1,Prosulfocarb,Prosulfocarb,Prosulfocarb:EU_APPROVED,
HERBICIDE,Prosulfocarb,800 g/L,EC,Roxy,H.052-11/21,AGROSYSTEMES,GLOBACHEM,2023,ALL_SUBSTANCES_APPROVED_IN_EU,1,Prosulfocarb,Prosulfocarb,Prosulfocarb:EU_APPROVED,
HERBICIDE,Prosulfocarb,800 g/L,EC,Fidox 800 EC,H.024-15,AMINCO,GLOBACHEM,2023,ALL_SUBSTANCES_APPROVED_IN_EU,1,Prosulfocarb,Prosulfocarb,Prosulfocarb:EU_APPROVED,
HERBICIDE,Prosulfocarb,800 g/L,EC,Boxer,H.053-11/21,BIOPROTECTION,SYNGENTA,2023,ALL_SUBSTANCES_APPROVED_IN_EU,1,Prosulfocarb,Prosulfocarb,Prosulfocarb:EU_APPROVED,
HERBICIDE,Prosulfocarb +S-,800 g/l +120 g/l,SC,Minarix,004-14H.,BIOPROTECTION,SYNGENTA,2023,ALL_SUBSTANCES_APPROVED_IN_EU,1,Prosulfocarb +S-,Prosulfocarb,Prosulfocarb +S-:EU_APPROVED,
HERBICIDE,metolachlor,800 g/l +120 g/l,SC,,,,,2023,CONTAINS_NOT_APPROVED_SUBSTANCE_IN_EU,1,metolachlor,Metolachlor,metolachlor:EU_NOT_APPROVED,
HERBICIDE,Pyroxsulam,"46,6 g/L",OD,PRIORITY,H.016-18,ATLAS AGRICOLE,DOW AGROSCIENCE S/corteva,2023,ALL_SUBSTANCES_APPROVED_IN_EU,1,Pyroxsulam,Pyroxsulam,Pyroxsulam:EU_APPROVED,
HERBICIDE,Pyroxsulam,"46,6 g/L",OD,Pallas 45 OD,H.054-11/21,SEPCM,,2023,ALL_SUBSTANCES_APPROVED_IN_EU,1,Pyroxsulam,Pyroxsulam,Pyroxsulam:EU_APPROVED,
HERBICIDE,Pyroxasulfone,85 %,WG,YAMATO 85 WG,H.027-22,AGRIMATCO,Kumai chemical industry,2023,CONTAINS_NOT_APPROVED_SUBSTANCE_IN_EU,1,Pyroxasulfone,Pyroxasulfone,Pyroxasulfone:EU_NOT_APPROVED,
HERBICIDE,Pyroxsulam +Florasulam +Cloquintocetmexyl,"70,8 g/kg +14,2g/kg + 70,8g/hg",WG,Broadway,H.014-18,agriprotec,DOW AGROSCIENCE S/CORTEVA,2023,ALL_SUBSTANCES_APPROVED_IN_EU,1,Pyroxsulam +Florasulam +Cloquintocetmexyl,Florasulam,Pyroxsulam +Florasulam +Cloquintocetmexyl:EU_APPROVED,
HERBICIDE,Pyroxsulam +Florasulam +Cloquintocetmexyl,"70,8 g/kg +14,2g/kg + 70,8g/hg",WG,Floramix,006-14H.,SEPCM,DOW AGROSCIENCE S,2023,ALL_SUBSTANCES_APPROVED_IN_EU,1,Pyroxsulam +Florasulam +Cloquintocetmexyl,Florasulam,Pyroxsulam +Florasulam +Cloquintocetmexyl:EU_APPROVED,
HERBICIDE,Pyraflufen-ethyl,"26,5 g/l",EC,VOLCAN EC,H.014-22,ATLAS AGRICOLE,SPICAM INAGRA SA,2023,ALL_SUBSTANCES_APPROVED_IN_EU,1,Pyraflufen-ethyl,Pyraflufen-ethyl,Pyraflufen-ethyl:EU_APPROVED,
HERBICIDE,Saflufenacil,700g/kg,WG,Heat,H.005-15,AGRIPROTEC,BASF,2023,CONTAINS_NOT_APPROVED_SUBSTANCE_IN_EU,1,Saflufenacil,Saflufenacil,Saflufenacil:EU_NOT_APPROVED,
HERBICIDE,Simazine,500 g/L,SC,SIMAKEY,H.091-11/21,Ets MEZGHANI,INDUSTRIAL,2023,CONTAINS_NOT_APPROVED_SUBSTANCE_IN_EU,1,Simazine,Simazine,Simazine:EU_NOT_APPROVED,
HERBICIDE,S-metolachlor,960 g/l,EC,Dual gold 960 EC,H.020-15,AGRIPROTEC,SYNGENTA,2023,CONTAINS_NOT_APPROVED_SUBSTANCE_IN_EU,1,S-metolachlor,S-Metolachlor,S-metolachlor:EU_NOT_APPROVED,
HERBICIDE,S-metolachlor,960 g/l,EC,TENDER 960 EC,H.019-18,SOLAGRI,SYNGENTA,2023,CONTAINS_NOT_APPROVED_SUBSTANCE_IN_EU,1,S-metolachlor,S-Metolachlor,S-metolachlor:EU_NOT_APPROVED,
HERBICIDE,Terbuthylazine,750g/kg,WG,TERBYNE 75 WG,H.017-20,EL KHADRA,SIPCAM INAGRA,2023,ALL_SUBSTANCES_APPROVED_IN_EU,1,Terbuthylazine,Terbuthylazine,Terbuthylazine:EU_APPROVED,
HERBICIDE,Terbuthylazine,750g/kg,WG,Terbuzine 75 WG,H.007-15,promochimie,SIPCAM INAGRA,2023,ALL_SUBSTANCES_APPROVED_IN_EU,1,Terbuthylazine,Terbuthylazine,Terbuthylazine:EU_APPROVED,
HERBICIDE,Triflusulfuron methyl,500 g/kg,WG,SAFARI 50 WG,H.002-22,SEPCM,FMC,2023,CONTAINS_NOT_APPROVED_SUBSTANCE_IN_EU,1,Triflusulfuron methyl,Triflusulfuron (formerly Triflusulfuron-methyl),Triflusulfuron methyl:EU_NOT_APPROVED,
HERBICIDE,Thifensulfuron-methyl +Tribuneron-methyl,40 % + 15 %,WG,Gipsy,003-14H.,SANABEL AGRO,ROTAM AGROCHEMIC AL,2023,ALL_SUBSTANCES_APPROVED_IN_EU,1,Thifensulfuron-methyl +Tribuneron-methyl,Thifensulfuron-methyl,Thifensulfuron-methyl +Tribuneron-methyl:EU_APPROVED,
HERBICIDE,Triallate,450 g/l,CS,AVADEX FACTOR CS,H.025-22,ATLAS AGRICOLE,GOWAN CROP PROTECTION LIMITED,2023,NOT_FOUND_OR_NEEDS_MANUAL_REVIEW,0,Triallate,,Triallate:NOT_IN_EU_LIST,
HERBICIDE,Tribenuron methyl +,56.3 %+ 18.7 %,WG,BOMBA WG,H.011-18,EL KHADRA,JSC(AVGUST),2023,ALL_SUBSTANCES_APPROVED_IN_EU,1,Tribenuron methyl +,Tribenuron (aka metometuron),Tribenuron methyl +:EU_APPROVED,
HERBICIDE,Florasulam,56.3 %+ 18.7 %,WG,,,,,2023,ALL_SUBSTANCES_APPROVED_IN_EU,1,Florasulam,Florasulam,Florasulam:EU_APPROVED,
HERBICIDE,Tribenuron-Methyl,75%,WG,TOSCANA,H.010-18,AGRIPROTEC,PROPLAN,2023,ALL_SUBSTANCES_APPROVED_IN_EU,1,Tribenuron-Methyl,Tribenuron (aka metometuron),Tribenuron-Methyl:EU_APPROVED,
HERBICIDE,Tribenuron-Methyl,75%,WG,SKYLLA WDG,H.012-18,AGRONOMIC LAND,ROTAM,2023,ALL_SUBSTANCES_APPROVED_IN_EU,1,Tribenuron-Methyl,Tribenuron (aka metometuron),Tribenuron-Methyl:EU_APPROVED,
HERBICIDE,Tribenuron-Methyl,75%,WG,Nuance,002-14H.,AGROSYSTEMES,CHEMINOVA,2023,ALL_SUBSTANCES_APPROVED_IN_EU,1,Tribenuron-Methyl,Tribenuron (aka metometuron),Tribenuron-Methyl:EU_APPROVED,
HERBICIDE,Tribenuron-Methyl,75%,WG,Volteo 75 WG,16-008H.,EL KHADRA,AFRASA,2023,ALL_SUBSTANCES_APPROVED_IN_EU,1,Tribenuron-Methyl,Tribenuron (aka metometuron),Tribenuron-Methyl:EU_APPROVED,
HERBICIDE,Tribenuron-Methyl,75%,WG,TRISTAR WG,H.020-18,SANABEL AGRO,Sharda Cropchem,2023,ALL_SUBSTANCES_APPROVED_IN_EU,1,Tribenuron-Methyl,Tribenuron (aka metometuron),Tribenuron-Methyl:EU_APPROVED,
HERBICIDE,Tribenuron-Methyl,75%,WG,Granstar,H.057-11/21,SEPCM,DU PONT,2023,ALL_SUBSTANCES_APPROVED_IN_EU,1,Tribenuron-Methyl,Tribenuron (aka metometuron),Tribenuron-Methyl:EU_APPROVED,
HERBICIDE,Tribenuron-Methyl,75%,WG,Corida 75 WG,H.088-11/21,SOCOOPEC,AGRIA,2023,ALL_SUBSTANCES_APPROVED_IN_EU,1,Tribenuron-Methyl,Tribenuron (aka metometuron),Tribenuron-Methyl:EU_APPROVED,
HERBICIDE,Tribenuron-Methyl,75%,WG,TRIBUNEO 75 G,H.015-20,SSCC,AGRIA,2023,ALL_SUBSTANCES_APPROVED_IN_EU,1,Tribenuron-Methyl,Tribenuron (aka metometuron),Tribenuron-Methyl:EU_APPROVED,
HERBICIDE,Trebuniron-methyl + Florasulame,250g/l+104g/kg,SG,FLAME DUO SG,H.006-22,SOLAGRI,ALBAUGH,2023,ALL_SUBSTANCES_APPROVED_IN_EU,1,Trebuniron-methyl + Florasulame,Florasulam,Trebuniron-methyl + Florasulame:EU_APPROVED,
HERBICIDE,Trifluraline,4 8 0 g / L,E C,H e r b a l i n e,H.058-11/21,SEPCM,AAKO,2023,CONTAINS_NOT_APPROVED_SUBSTANCE_IN_EU,1,Trifluraline,Trifluralin,Trifluraline:EU_NOT_APPROVED,
HERBICIDE,Trifluraline,4 8 0 g / L,E C,R A L I N E 4 80 EC,H.021-22,EL KHADRA,,2023,CONTAINS_NOT_APPROVED_SUBSTANCE_IN_EU,1,Trifluraline,Trifluralin,Trifluraline:EU_NOT_APPROVED,
HERBICIDE,Trifluraline,4 8 0 g / L,E C,H E R B A S T AR EC,H.011-20,AGRIPLUS,,2023,CONTAINS_NOT_APPROVED_SUBSTANCE_IN_EU,1,Trifluraline,Trifluralin,Trifluraline:EU_NOT_APPROVED,
HERBICIDE,Trifluraline,4 8 0 g / L,E C,F l u r a l,H.092-11/21,Ets MEZGHANI,INDUSTRIAL Q. KEY,2023,CONTAINS_NOT_APPROVED_SUBSTANCE_IN_EU,1,Trifluraline,Trifluralin,Trifluraline:EU_NOT_APPROVED,
HERBICIDE,Trifluraline,4 8 0 g / L,E C,R i d a l i n e,H.082-11/21,SEPCM,,2023,CONTAINS_NOT_APPROVED_SUBSTANCE_IN_EU,1,Trifluraline,Trifluralin,Trifluraline:EU_NOT_APPROVED,
HERBICIDE,Trifluraline,4 8 0 g / L,E C,T r i f l e x,H.006-17,STEC,AAKO,2023,CONTAINS_NOT_APPROVED_SUBSTANCE_IN_EU,1,Trifluraline,Trifluralin,Trifluraline:EU_NOT_APPROVED,
HERBICIDE,"2,4- D + MCPA",345 g/l +345 g/l,SL,Weedone Plus,H.001-13/23,BIOPROTECTION,NUFARM,2023,ALL_SUBSTANCES_APPROVED_IN_EU,1,4- D + MCPA,MCPA,4- D + MCPA:EU_APPROVED,
HERBICIDE,"2,4- D + MCPA",345 g/l +345 g/l,SL,DAMEX FORTE SUPER,H.21-21,SOCOOPEC,NUFARM,2023,ALL_SUBSTANCES_APPROVED_IN_EU,1,4- D + MCPA,MCPA,4- D + MCPA:EU_APPROVED,
HERBICIDE,"2,4 –D EHE","9 0 4 , 5 g / L",E C,c e r t r o l D S E C,H.18-21,agriprotec,A H MARKS / NUFARM,2023,NOT_FOUND_OR_NEEDS_MANUAL_REVIEW,0,4 –D EHE,,4 –D EHE:NOT_IN_EU_LIST,
HERBICIDE,"2,4 D –Ester butylglycol",600 g/L,EC,Weedone,H.060-11/21,BIOPROTECTION,NUFARM,2023,NOT_FOUND_OR_NEEDS_MANUAL_REVIEW,0,4 D –Ester butylglycol,,4 D –Ester butylglycol:NOT_IN_EU_LIST,
HERBICIDE,"2,4 D –Ester butylglycol",600 g/L,EC,Desormone lourd,H.078-11/21,SEPCM,NUFARM,2023,NOT_FOUND_OR_NEEDS_MANUAL_REVIEW,0,4 D –Ester butylglycol,,4 D –Ester butylglycol:NOT_IN_EU_LIST,
HERBICIDE,"2,4-D Acide +Florasulam","300 g/L +6,25 g/L",SE,Nikos 306 SE,H.011-13/23,ATLAS AGRICOLE,DOW,2023,ALL_SUBSTANCES_APPROVED_IN_EU,1,4-D Acide +Florasulam,"2,4-D",4-D Acide +Florasulam:EU_APPROVED,
HERBICIDE,"2,4-D Sel d’amine",720 g/L,SL,Dicopur 720 SL,H.008-13/23,AGRIPROTEC,NUFARM,2023,ALL_SUBSTANCES_APPROVED_IN_EU,1,4-D Sel d’amine,"2,4-D",4-D Sel d’amine:EU_APPROVED,
HERBICIDE,"2,4-D Sel d’amine",720 g/L,SL,Sanaphen D 720 SL,H.013-13/23,ATLAS AGRICOLE,DOW,2023,ALL_SUBSTANCES_APPROVED_IN_EU,1,4-D Sel d’amine,"2,4-D",4-D Sel d’amine:EU_APPROVED,
HERBICIDE,"2,4-D Sel d’amine",720 g/L,SL,Chardol 720 SL,H.012-14,BIOPROTECTION,NUFARM,2023,ALL_SUBSTANCES_APPROVED_IN_EU,1,4-D Sel d’amine,"2,4-D",4-D Sel d’amine:EU_APPROVED,
HERBICIDE,"2,4-D Sel d’amine",720g/l,SL,Topol,H.009-15,EL KHADRA,SHARDA,2023,ALL_SUBSTANCES_APPROVED_IN_EU,1,4-D Sel d’amine,"2,4-D",4-D Sel d’amine:EU_APPROVED,
HERBICIDE,"2,4-D Sel d’amine",720g/l,SL,SHARMINA 720 SL,H.005-17,AGRINOVA,SHARDA,2023,ALL_SUBSTANCES_APPROVED_IN_EU,1,4-D Sel d’amine,"2,4-D",4-D Sel d’amine:EU_APPROVED,
HERBICIDE,"2,4-D Sel d’amine",720g/l,SL,Stopweeds,H.011-15,SANABEL AGRO,SHARDA,2023,ALL_SUBSTANCES_APPROVED_IN_EU,1,4-D Sel d’amine,"2,4-D",4-D Sel d’amine:EU_APPROVED,
HERBICIDE,"2,4-D Sel de Dimethylamine",860g/l,SL,Amanora,H.014-17,AGRIMATCO,UPL,2023,ALL_SUBSTANCES_APPROVED_IN_EU,1,4-D Sel de Dimethylamine,"2,4-D",4-D Sel de Dimethylamine:EU_APPROVED,
HERBICIDE,"2,4-D Sel de Dimethylamine",860g/l,SL,DIAMEX SL,H.037-22,COTUGRAIN,UPL,2023,ALL_SUBSTANCES_APPROVED_IN_EU,1,4-D Sel de Dimethylamine,"2,4-D",4-D Sel de Dimethylamine:EU_APPROVED,
HERBICIDE,"2,4-D Sel de Dimethylamine",720g/l,SL,BLITZ 720 SL,H.022-22,EL KHADRA,JIANGSU,2023,ALL_SUBSTANCES_APPROVED_IN_EU,1,4-D Sel de Dimethylamine,"2,4-D",4-D Sel de Dimethylamine:EU_APPROVED,
HERBICIDE,"2,4-D Sel de Dimethylamine",720g/l,SL,BOZAR,H.012-17,AGRIPLUS,JIANGSU,2023,ALL_SUBSTANCES_APPROVED_IN_EU,1,4-D Sel de Dimethylamine,"2,4-D",4-D Sel de Dimethylamine:EU_APPROVED,
HERBICIDE,"Dicamba +2,4 – D",120 g/L +344 g/L,SL,Dialen Super,H.011-11/21,BIOPROTECTION,SYNGENTA,2023,CONTAINS_NOT_APPROVED_SUBSTANCE_IN_EU,2,Dicamba +2 | 4 – D,Dicamba | Dimoxystrobin,Dicamba +2:EU_APPROVED | 4 – D:EU_NOT_APPROVED,
HERBICIDE,2.4-D +Glyphosate,160 g/l+240 g/l,SL,KYLEO,H.011-22,EL MOUSSEM AGRICOLE,NUFARM,2023,ALL_SUBSTANCES_APPROVED_IN_EU,1,2.4-D +Glyphosate,"2,4-D",2.4-D +Glyphosate:EU_APPROVED,
HERBICIDE,2.4-D +Glyphosate,160 g/l+240 g/l,SL,NUFOSATESL,H.040-22,AGRIPROTEC,NUFARM,2023,ALL_SUBSTANCES_APPROVED_IN_EU,1,2.4-D +Glyphosate,"2,4-D",2.4-D +Glyphosate:EU_APPROVED,
HERBICIDE,2.4-D-ethylhexyl + Florasulam,453g/l+6g/l,SE,BOOSTER SE,H.028-22,FERTITECH,TOPAGRO BIOSCIENCE,2023,ALL_SUBSTANCES_APPROVED_IN_EU,1,2.4-D-ethylhexyl + Florasulam,"2,4-D",2.4-D-ethylhexyl + Florasulam:EU_APPROVED,
HERBICIDE,"(E,Z,Z)-3,8,11Tetradecatrien 1-y acetate (E,Z)-",0.5 mg /unité,PHERODIS Tuta absoluta,PHERODIS Tuta,D.007-16,NUTRIPLANT,KOPPERT,2023,CONTAINS_NOT_APPROVED_SUBSTANCE_IN_EU,2,(E | Z | Z)-3 | 11Tetradecatrien 1-y acetate (E | Z)-,Diflufenican | Mancozeb,(E:EU_APPROVED | Z:EU_NOT_APPROVED | Z)-3:NOT_IN_EU_LIST | 11Tetradecatrien 1-y acetate (E:NOT_IN_EU_LIST | Z)-:NOT_IN_EU_LIST,
HERBICIDE,"3,8Tetradecatrien1- y acetate",0.5 mg /unité,PHERODIS Tuta absoluta,absoluta,,,,2023,NOT_FOUND_OR_NEEDS_MANUAL_REVIEW,0,8Tetradecatrien1- y acetate,,8Tetradecatrien1- y acetate:NOT_IN_EU_LIST,
HERBICIDE,"3,8Tetradecatrien1- y acetate",0.5 mg /unité,Ferrolure +(pheromone),,D.002-22,BIOPROTECTION,Chemitica international,2023,NOT_FOUND_OR_NEEDS_MANUAL_REVIEW,0,8Tetradecatrien1- y acetate,,8Tetradecatrien1- y acetate:NOT_IN_EU_LIST,
HERBICIDE,Acétate d’ammonium +Trimethylamine hydrochloride + KILLDISC insecticide à base d'Esfenvalerate,33%(p/p) +8%(p/p) + 0.04g/piége,Ferrolure +(pheromone),Pherosan Ceratitis,D.004-17,NUTRIPLANT,SANSAN PRODESING/,2023,CONTAINS_NOT_APPROVED_SUBSTANCE_IN_EU,1,Acétate d’ammonium +Trimethylamine hydrochloride + KILLDISC insecticide à base d'Esfenvalerate,Fenvalerate,Acétate d’ammonium +Trimethylamine hydrochloride + KILLDISC insecticide à base d'Esfenvalerate:EU_NOT_APPROVED,
HERBICIDE,"Acetate d’ammonium + Trimethylamine HCl +1,4- diaminobutane (Putrescine) +DDVP",75%+8.2%+0 .29%+20%(w /w),-,MERCERATITE KEY,D.006-16,Ets MEZGHANI,Key,2023,NOT_FOUND_OR_NEEDS_MANUAL_REVIEW,0,Acetate d’ammonium + Trimethylamine HCl +1 | 4- diaminobutane (Putrescine) +DDVP,,Acetate d’ammonium + Trimethylamine HCl +1:NOT_IN_EU_LIST | 4- diaminobutane (Putrescine) +DDVP:NOT_IN_EU_LIST,
HERBICIDE,ACIBENZOLAR-S-METHYL,50%,WG,BION 50 WG,D.001-14,AGRIPROTEC,SYNGENTA,2023,CONTAINS_NOT_APPROVED_SUBSTANCE_IN_EU,1,ACIBENZOLAR-S-METHYL,Acibenzolar-S-methyl (benzothiadiazole),ACIBENZOLAR-S-METHYL:EU_NOT_APPROVED,
HERBICIDE,Acide Beta indolbutirique,4 g/l,SL,Exuberone,D.005-11/21,SEPCM,,2023,NOT_FOUND_OR_NEEDS_MANUAL_REVIEW,0,Acide Beta indolbutirique,,Acide Beta indolbutirique:NOT_IN_EU_LIST,
HERBICIDE,Acide chloro 4 phénoxyacétique +Naphoxy 2acétamide,"0,75g/L+2,5 g/L",SL,Procarpil,D.013-11/21,SEPCM,CMPA,2023,NOT_FOUND_OR_NEEDS_MANUAL_REVIEW,0,Acide chloro 4 phénoxyacétique +Naphoxy 2acétamide,,Acide chloro 4 phénoxyacétique +Naphoxy 2acétamide:NOT_IN_EU_LIST,
HERBICIDE,Acide gibberellique,10%,TB,Gibb 3,D.001-11/21,AGROSYSTEMES,GLOBACHEM,2023,NOT_FOUND_OR_NEEDS_MANUAL_REVIEW,0,Acide gibberellique,,Acide gibberellique:NOT_IN_EU_LIST,
HERBICIDE,Acide gibberellique,10%,TB,Aminogibb,D.008-15,AMINCO,GLOBACHEM,2023,NOT_FOUND_OR_NEEDS_MANUAL_REVIEW,0,Acide gibberellique,,Acide gibberellique:NOT_IN_EU_LIST,
HERBICIDE,Acide gibberellique,40%,SG,progibb 40 SG,D.004-13/23,BIOPROTECTION,VALENTBioscience / SUMITOMO,2023,NOT_FOUND_OR_NEEDS_MANUAL_REVIEW,0,Acide gibberellique,,Acide gibberellique:NOT_IN_EU_LIST,
HERBICIDE,Acide gibberellique,20%,ST,Fitogib,D.03-21,BIOPROTECTION,NUFARM,2023,NOT_FOUND_OR_NEEDS_MANUAL_REVIEW,0,Acide gibberellique,,Acide gibberellique:NOT_IN_EU_LIST,
HERBICIDE,Acide gibberellique,20%,ST,GIB GRO,D.005-16,BIOPROTECTION,NUFARM,2023,NOT_FOUND_OR_NEEDS_MANUAL_REVIEW,0,Acide gibberellique,,Acide gibberellique:NOT_IN_EU_LIST,
HERBICIDE,Acide gibberellique,9%,ST,Giberkey,D.001-15,ETS MEZGHANNI,Industrial Quimica Key,2023,NOT_FOUND_OR_NEEDS_MANUAL_REVIEW,0,Acide gibberellique,,Acide gibberellique:NOT_IN_EU_LIST,
HERBICIDE,Acide gibberellique,10%,TB,Protagibb,D.029-11/21,PROTAGRI,United Phosphorus,2023,NOT_FOUND_OR_NEEDS_MANUAL_REVIEW,0,Acide gibberellique,,Acide gibberellique:NOT_IN_EU_LIST,
HERBICIDE,Acide gibberellique,40%,SG,Berelex 40 SG,D.003-15,SEPCM,CHEMICAL Agro Europe,2023,NOT_FOUND_OR_NEEDS_MANUAL_REVIEW,0,Acide gibberellique,,Acide gibberellique:NOT_IN_EU_LIST,
HERBICIDE,Acide gibbérellique +phenothiol,0.5%+1%,EC,FENGIB MAX EC,D.002-20,promochimie,SIPCAM INAGRA S.A,2023,NOT_FOUND_OR_NEEDS_MANUAL_REVIEW,0,Acide gibbérellique +phenothiol,,Acide gibbérellique +phenothiol:NOT_IN_EU_LIST,
HERBICIDE,Acide gibbérellique +phenothiol,0.5%+1%,EC,FENGIB EC,D.001-19,INNOVA,SIPCAM INAGRA S.A,2023,NOT_FOUND_OR_NEEDS_MANUAL_REVIEW,0,Acide gibbérellique +phenothiol,,Acide gibbérellique +phenothiol:NOT_IN_EU_LIST,
HERBICIDE,Alkylphenolexy-Ethylène,200 g/L,SC,Etaldyne 95,D.014-11/21,SEPCM,CMPA/Espagne,2023,ALL_SUBSTANCES_APPROVED_IN_EU,1,Alkylphenolexy-Ethylène,Ethylene,Alkylphenolexy-Ethylène:EU_APPROVED,
HERBICIDE,Aurebasidium pillulan(2 souches) :DSM 14940 +DSM 14941,250g/kg +250g/kg,SC,Blossom protect,D.006-15,STIMA,BIO FERM,2023,NOT_FOUND_OR_NEEDS_MANUAL_REVIEW,0,Aurebasidium pillulan(2 souches) :DSM 14940 +DSM 14941,,Aurebasidium pillulan(2 souches) :DSM 14940 +DSM 14941:NOT_IN_EU_LIST,
HERBICIDE,Capsaicine +Ally Isothiocyanate,0.42 % +3.7 %,SI,Dazitol,D.004-15,EL KHADRA,CHAMPION MILLENIUM CHEMICALS,2023,NOT_FOUND_OR_NEEDS_MANUAL_REVIEW,0,Capsaicine +Ally Isothiocyanate,,Capsaicine +Ally Isothiocyanate:NOT_IN_EU_LIST,
HERBICIDE,Chlormequat-chlorure,750 g/l,SL,Stabilan750,D.034-11/21,AGRIPROTEC,NUFARM,2023,ALL_SUBSTANCES_APPROVED_IN_EU,1,Chlormequat-chlorure,Chlormequat,Chlormequat-chlorure:EU_APPROVED,
HERBICIDE,Chlormequat-chlorure,750 g/l,SL,Cekwat 750,D.001-13/23,BIOPROTECTION,NUFARM,2023,ALL_SUBSTANCES_APPROVED_IN_EU,1,Chlormequat-chlorure,Chlormequat,Chlormequat-chlorure:EU_APPROVED,
HERBICIDE,Chlorprophame,1%,PP,NEO STOP,D.028-11/21,PROTAGRI,AGRIPHAR,2023,CONTAINS_NOT_APPROVED_SUBSTANCE_IN_EU,1,Chlorprophame,Chlorpropham,Chlorprophame:EU_NOT_APPROVED,
HERBICIDE,Chlorprophame,500 g/L,HN,Neostop 500 HN,D.016-11/21,PROTAGRI,AGRIPHAR,2023,CONTAINS_NOT_APPROVED_SUBSTANCE_IN_EU,1,Chlorprophame,Chlorpropham,Chlorprophame:EU_NOT_APPROVED,
HERBICIDE,Cyanamide d’hydrogène,520 g/L,SL,Dormex,D.018-11/21,BIOPROTECTION,DEGUSSA AG/,2023,CONTAINS_NOT_APPROVED_SUBSTANCE_IN_EU,1,Cyanamide d’hydrogène,Cyanamide (H & Ca cyanamide),Cyanamide d’hydrogène:EU_NOT_APPROVED,
HERBICIDE,"Deltametrine+Acetate d’ammonium+Trimethylamine HCl+1,4diaminobutane (=Putrescine)",10 mg/,-,Magnet Med,D.004-16,NUTRIPLANT,Agrumes :Cératites: 50 pièges/ha. Pêcher de saison : Ceratite : Piégeage de masse en lutte intégrée : 70 pièges/ha,2023,NOT_FOUND_OR_NEEDS_MANUAL_REVIEW,0,Deltametrine+Acetate d’ammonium+Trimethylamine HCl+1 | 4diaminobutane (=Putrescine),,Deltametrine+Acetate d’ammonium+Trimethylamine HCl+1:NOT_IN_EU_LIST | 4diaminobutane (=Putrescine):NOT_IN_EU_LIST,
HERBICIDE,Dérivvés d'acides gras végétaux +Huile de pin,286 g/l+430,EC,ACTILANDE TM EC,D.02-21,SEPCM,,2023,NOT_FOUND_OR_NEEDS_MANUAL_REVIEW,0,Dérivvés d'acides gras végétaux +Huile de pin,,Dérivvés d'acides gras végétaux +Huile de pin:NOT_IN_EU_LIST,
HERBICIDE,Dichloroprop-p,286 g/l+430,EC,clementgros,D.04-21,SANABEL AGRO,,2023,NOT_FOUND_OR_NEEDS_MANUAL_REVIEW,0,Dichloroprop-p,,Dichloroprop-p:NOT_IN_EU_LIST,
HERBICIDE,Formate d’Ethyl + CO2,286 g/l+430,GA,Vapormate,D.001-14,Linde Gas Tunisie,,2023,NOT_FOUND_OR_NEEDS_MANUAL_REVIEW,0,Formate d’Ethyl + CO2,,Formate d’Ethyl + CO2:NOT_IN_EU_LIST,
HERBICIDE,Huile de colza,286 g/l+430,EO,codacide EO,D.01-21,AGRIMATCO,Courgette :Adjuvant : 1 l/ha Par pulvérisation(comm09/02/21),2023,NOT_FOUND_OR_NEEDS_MANUAL_REVIEW,0,Huile de colza,,Huile de colza:NOT_IN_EU_LIST,
HERBICIDE,Huile non ionique,286 g/l+430,EC,GARAL EC,D.005-20,SOLAGRI,Mouillant : 50cc/hl(comm13/02/2020),2023,NOT_FOUND_OR_NEEDS_MANUAL_REVIEW,0,Huile non ionique,,Huile non ionique:NOT_IN_EU_LIST,
HERBICIDE,Hydrolysat de Protéines,286 g/l+430,SL,CeraBait,D.035-11/21,EL MOUSSEM,,2023,NOT_FOUND_OR_NEEDS_MANUAL_REVIEW,0,Hydrolysat de Protéines,,Hydrolysat de Protéines:NOT_IN_EU_LIST,
HERBICIDE,Hydrolysat de Protéines+Borax,59 g/L+13/0,SC,Ceratrap (en,D.033-11/21,BIOPROTECTION,,2023,NOT_FOUND_OR_NEEDS_MANUAL_REVIEW,0,Hydrolysat de Protéines+Borax,,Hydrolysat de Protéines+Borax:NOT_IN_EU_LIST,
HERBICIDE,Hydrolysat de Protéines+Borax,g/L,SC,bouteilles ou/et en,,,,2023,NOT_FOUND_OR_NEEDS_MANUAL_REVIEW,0,Hydrolysat de Protéines+Borax,,Hydrolysat de Protéines+Borax:NOT_IN_EU_LIST,
HERBICIDE,Hydrolysat de Protéines+Borax,g/L,SC,pièges jaunes),,,,2023,NOT_FOUND_OR_NEEDS_MANUAL_REVIEW,0,Hydrolysat de Protéines+Borax,,Hydrolysat de Protéines+Borax:NOT_IN_EU_LIST,
HERBICIDE,Keromone 42.5 ml acetate d'ethyle,g/L,SC,Weevil magnet(keromone),D.003-22,BIOPROTECTION,Chemtica international,2023,NOT_FOUND_OR_NEEDS_MANUAL_REVIEW,0,Keromone 42.5 ml acetate d'ethyle,,Keromone 42.5 ml acetate d'ethyle:NOT_IN_EU_LIST,
HERBICIDE,Metaldehyde,3%,GR,ALDEM 3% GR,D.002-17,EXCEL AGRI,SHARDA,2023,ALL_SUBSTANCES_APPROVED_IN_EU,1,Metaldehyde,Metaldehyde,Metaldehyde:EU_APPROVED,
HERBICIDE,Metaldehyde,3%,GR,METAX,D.003-16,DELTA AGRICOLE PLUS,SHARDA,2023,ALL_SUBSTANCES_APPROVED_IN_EU,1,Metaldehyde,Metaldehyde,Metaldehyde:EU_APPROVED,
HERBICIDE,Metaldehyde,5%,GB,LIMAGRAM,D.001-20,EL KHADRA,SIPCAM INAGRA,2023,ALL_SUBSTANCES_APPROVED_IN_EU,1,Metaldehyde,Metaldehyde,Metaldehyde:EU_APPROVED,
HERBICIDE,Metaldehyde,5%,GB,Metakey,D.006-11/21,ETS.MEZGHANI,INDUS,2023,ALL_SUBSTANCES_APPROVED_IN_EU,1,Metaldehyde,Metaldehyde,Metaldehyde:EU_APPROVED,
HERBICIDE,Metaldehyde,5%,GB,Metapro,D.030-11/21,PROTAGRI,United Phosphorus,2023,ALL_SUBSTANCES_APPROVED_IN_EU,1,Metaldehyde,Metaldehyde,Metaldehyde:EU_APPROVED,
HERBICIDE,Metaldehyde,5%,GB,GHLALA,D.003-19,SANABEL AGRO,UPL,2023,ALL_SUBSTANCES_APPROVED_IN_EU,1,Metaldehyde,Metaldehyde,Metaldehyde:EU_APPROVED,
HERBICIDE,Metaldehyde,5%,GB,Antilimace granule,D.025-11/21,SEPCM,CEQUISA S.A/UPL,2023,ALL_SUBSTANCES_APPROVED_IN_EU,1,Metaldehyde,Metaldehyde,Metaldehyde:EU_APPROVED,
HERBICIDE,Metaldehyde,5%,GB,Super meta,D.007-11/21,STEC,CEQUISA/PHOSPH,2023,ALL_SUBSTANCES_APPROVED_IN_EU,1,Metaldehyde,Metaldehyde,Metaldehyde:EU_APPROVED,
HERBICIDE,Methaldehyde,5%,GR,LIMASTOP,D.002-19,COTUGRAIN,SHARDA,2023,NOT_FOUND_OR_NEEDS_MANUAL_REVIEW,0,Methaldehyde,,Methaldehyde:NOT_IN_EU_LIST,
HERBICIDE,Methaldehyde,5%,GR,ESCARGOCHE,D.001-16,SOCOOPEC,SHARDA,2023,NOT_FOUND_OR_NEEDS_MANUAL_REVIEW,0,Methaldehyde,,Methaldehyde:NOT_IN_EU_LIST,
HERBICIDE,"Phéromones appliquée pour la confision sexuelle de la pyrale des dattes(Ectomyelois Ceratoniae);(Z,E)- 7,9,11-Dodecatrienyl formate(90.80% pure) :2 %(22.026 g/kg",5%,GR,SPLAT-EC-O;sous réserve de bien préciser la dose par pied (arbre),D.004-20,NUTRIPLANT,ISCA TECHNOLOGIES,2023,CONTAINS_NOT_APPROVED_SUBSTANCE_IN_EU,4,Phéromones appliquée pour la confision sexuelle de la pyrale des dattes(Ectomyelois Ceratoniae) | (Z | E)- 7 | 11-Dodecatrienyl formate(90.%pure) :%(22.026 g | kg,"Mancozeb | (E,Z)-9-dodecen-1-yl acetate; (E,Z)-9-Dodecen-1-ol; (Z)-11-Tetradecen-1-yl acetate | 2,4-D | Quintozene containing > 1 g/kg HCB or > 10 g/kg pentachlorobenzene",Phéromones appliquée pour la confision sexuelle de la pyrale des dattes(Ectomyelois Ceratoniae):NOT_IN_EU_LIST | (Z:EU_NOT_APPROVED | E)- 7:EU_NOT_APPROVED | 11-Dodecatrienyl formate(90.%pure) :%(22.026 g:EU_APPROVED | kg:EU_NOT_APPROVED,
HERBICIDE,"Phéromones de la pyrale des dattes(Ectomyelois Ceratoniae):(Z,E)-7,9,11-Dodecatrienyl formate(90.80% pure) :1.594 g/kg",5%,GR,ISCA LURE CAROB MOTH,D.003-20,NUTRIPLANT,ISCA TECHNOLOGIES,2023,CONTAINS_NOT_APPROVED_SUBSTANCE_IN_EU,3,Phéromones de la pyrale des dattes(Ectomyelois Ceratoniae):(Z | E)-7 | 11-Dodecatrienyl formate(90.%pure) :1.594 g | kg,"(E,Z)-9-dodecen-1-yl acetate; (E,Z)-9-Dodecen-1-ol; (Z)-11-Tetradecen-1-yl acetate | 2,4-D | Quintozene containing > 1 g/kg HCB or > 10 g/kg pentachlorobenzene",Phéromones de la pyrale des dattes(Ectomyelois Ceratoniae):(Z:NOT_IN_EU_LIST | E)-7:EU_NOT_APPROVED | 11-Dodecatrienyl formate(90.%pure) :1.594 g:EU_APPROVED | kg:EU_NOT_APPROVED,
HERBICIDE,Polyether modified trisiloxane + polyether,75%+25%,SL,BREAK THRU SL,D.001-22,ATLAS AGRICOLE,EVONIC,2023,NOT_FOUND_OR_NEEDS_MANUAL_REVIEW,0,Polyether modified trisiloxane + polyether,,Polyether modified trisiloxane + polyether:NOT_IN_EU_LIST,
HERBICIDE,Polyoxyethylene amine,270 g/l,SL,PHYDEAL SL,D.003-17,FERTIPLANT,SDP/France,2023,ALL_SUBSTANCES_APPROVED_IN_EU,1,Polyoxyethylene amine,Ethylene,Polyoxyethylene amine:EU_APPROVED,
HERBICIDE,Prohexadione-Calcium,10%,WG,Regalis,D.002-14,AGRIPROTEC,BASF,2023,ALL_SUBSTANCES_APPROVED_IN_EU,1,Prohexadione-Calcium,Prohexadione,Prohexadione-Calcium:EU_APPROVED,
HERBICIDE,Proteines hydrolysées,360 g/L,SL,BIOBAIT,D.002-16,BIOPROTECTION,BIOIBIRICA,2023,NOT_FOUND_OR_NEEDS_MANUAL_REVIEW,0,Proteines hydrolysées,,Proteines hydrolysées:NOT_IN_EU_LIST,
NÉMATICIDE,Sodium lauryl ether sulfate (SLES),276.5 g/l,SL,Biopower SL,D.005-17,ATLAS,BAYER AG,2023,NOT_FOUND_OR_NEEDS_MANUAL_REVIEW,0,Sodium lauryl ether sulfate (SLES),,Sodium lauryl ether sulfate (SLES):NOT_IN_EU_LIST,
NÉMATICIDE,Trichoderma harzianum T-22,1.0 x 109,WG,Trianum –P,D.F.005-15,NUTRIPLANT,,2023,MANUAL_REVIEW,1,Trichoderma harzianum T-22,Trichoderma harzianum T78,Trichoderma harzianum T-22:FOUND_UNKNOWN_STATUS,
NÉMATICIDE,Abamectine,20g/l,SC,TERVIGO 020 SC,IN.001-19,BIOPROTECTION,Syngenta Crop Protection AG,2023,ALL_SUBSTANCES_APPROVED_IN_EU,1,Abamectine,Abamectin (aka avermectin),Abamectine:EU_APPROVED,
NÉMATICIDE,Capsaicine +Ally Isothiocyanate,0.42 % +3.7 %,SI,Dazitol,D.004-15,EL KHADRA,CHAMPION MILLENIUM CHEMICALS,2023,NOT_FOUND_OR_NEEDS_MANUAL_REVIEW,0,Capsaicine +Ally Isothiocyanate,,Capsaicine +Ally Isothiocyanate:NOT_IN_EU_LIST,
NÉMATICIDE,Fluopyram,400 g/l,SC,VELUM PRIME 400 SC,IN.002-19,ATLAS AGRICOLE,BAYER AG,2023,ALL_SUBSTANCES_APPROVED_IN_EU,1,Fluopyram,Fluopyram,Fluopyram:EU_APPROVED,
RATICIDE,Garlic extract,1000 g/l,SC,NEM guard SC,N.001-22,STIMA,Ecospray limited,2023,ALL_SUBSTANCES_APPROVED_IN_EU,1,Garlic extract,Garlic extract,Garlic extract:EU_APPROVED,
RATICIDE,Oxamyl,10%,GR,Vydate GR,N.001-16,AGRIMATCO,DUPONT,2023,CONTAINS_NOT_APPROVED_SUBSTANCE_IN_EU,1,Oxamyl,Oxamyl,Oxamyl:EU_NOT_APPROVED,
RATICIDE,Brodifacoum,"0,005%",RB,Broditop,R.002-11/21,ETS MEZGHANI,ZAPI SPA,2023,CONTAINS_NOT_APPROVED_SUBSTANCE_IN_EU,1,Brodifacoum,Brodifacoum,Brodifacoum:EU_NOT_APPROVED,
RATICIDE,Brodifacoum,"0,005%",RB,Broditop wax block,R.006-11/21,ETS MEZGHANI,ZAPI SPA,2023,CONTAINS_NOT_APPROVED_SUBSTANCE_IN_EU,1,Brodifacoum,Brodifacoum,Brodifacoum:EU_NOT_APPROVED,
RATICIDE,Brodifacoum,"0,005%",RB,Klérat,R.001-11/21,AGRIPROTEC,SYNGENTA,2023,CONTAINS_NOT_APPROVED_SUBSTANCE_IN_EU,1,Brodifacoum,Brodifacoum,Brodifacoum:EU_NOT_APPROVED,
RATICIDE,Brodifacoum,"0,005%",RB,Raticide detia,R.005-11/21,STIMA,DETIA,2023,CONTAINS_NOT_APPROVED_SUBSTANCE_IN_EU,1,Brodifacoum,Brodifacoum,Brodifacoum:EU_NOT_APPROVED,
RATICIDE,Difenacoum,0.005 %,RB,SOREXA PELLETS,D.001-17,AGRIPROTEC,BASF,2023,CONTAINS_NOT_APPROVED_SUBSTANCE_IN_EU,1,Difenacoum,Difenacoum,Difenacoum:EU_NOT_APPROVED,
INECTICIDE,Clorpyriphosethyl&metyl,-,-,,,,,2024,NOT_FOUND_OR_NEEDS_MANUAL_REVIEW,0,Clorpyriphosethyl&metyl,,Clorpyriphosethyl&metyl:NOT_IN_EU_LIST,
INECTICIDE,Diméthoate,4 0 0 g / L,E C,,,,,2024,CONTAINS_NOT_APPROVED_SUBSTANCE_IN_EU,1,Diméthoate,Dimethoate,Diméthoate:EU_NOT_APPROVED,
INECTICIDE,Imidaclopride,200 g/L,S L / O D,,,,,2024,CONTAINS_NOT_APPROVED_SUBSTANCE_IN_EU,1,Imidaclopride,Imidacloprid,Imidaclopride:EU_NOT_APPROVED,
INECTICIDE,M alathion,9 5 %,ULV,,,,,2024,NOT_FOUND_OR_NEEDS_MANUAL_REVIEW,0,M alathion,,M alathion:NOT_IN_EU_LIST,
INECTICIDE,Imidacloprid+Tebuconazole,210 g/l+12 g/l,FS,GIZMO SUPER FS,F.018-18,AGRIPROTEC,NUFARM,2024,ALL_SUBSTANCES_APPROVED_IN_EU,1,Imidacloprid+Tebuconazole,Tebuconazole,Imidacloprid+Tebuconazole:EU_APPROVED,
INECTICIDE,Thiamethoxam,350 g/L,FS,ADAGE 350FS,I.013-18,SOLAGRI,SYNGENTA,2024,CONTAINS_NOT_APPROVED_SUBSTANCE_IN_EU,1,Thiamethoxam,Thiamethoxam,Thiamethoxam:EU_NOT_APPROVED,
FONGICIDE,Thiametoxam,350 g/L,FS,Cruiser 350 FS,I.124-11/21,BIOPROTECTION,SYNGENTA,2024,NOT_FOUND_OR_NEEDS_MANUAL_REVIEW,0,Thiametoxam,,Thiametoxam:NOT_IN_EU_LIST,
FONGICIDE,Difenoconazole + Fludioxonil +Thiamethoxam,25g/l + 25 g/l + 262.5 g/l,FS,CelestTop 312.5,126-11/21 F.,BIOPROTECTION,SYNGENTA,2024,ALL_SUBSTANCES_APPROVED_IN_EU,1,Difenoconazole + Fludioxonil +Thiamethoxam,Fludioxonil,Difenoconazole + Fludioxonil +Thiamethoxam:EU_APPROVED,
FONGICIDE,Difenoconazole + Metalaxyl –M + Thiamethoxam,20 g/kg+200 g/kg+200g/kg,WS,APRON STAR WS,FI.028-22,COTUGRAIN,SYNGENTA,2024,ALL_SUBSTANCES_APPROVED_IN_EU,1,Difenoconazole + Metalaxyl –M + Thiamethoxam,Metalaxyl,Difenoconazole + Metalaxyl –M + Thiamethoxam:EU_APPROVED,
FONGICIDE,Chlorothalonil,720 g/l,SC,Morfus 720 SC,F.014-14/24,SANABEL AGRO,ROTAM AGROCHEMIC AL(rivale),2024,CONTAINS_NOT_APPROVED_SUBSTANCE_IN_EU,1,Chlorothalonil,Chlorothalonil,Chlorothalonil:EU_NOT_APPROVED,
FONGICIDE,Chlorothalonil,500g/l,SC,AVOCA,F.004-20,RAYEN AGRICOLE,Barclay chemicals(R&D) Ltd.,2024,CONTAINS_NOT_APPROVED_SUBSTANCE_IN_EU,1,Chlorothalonil,Chlorothalonil,Chlorothalonil:EU_NOT_APPROVED,
FONGICIDE,Chlorothalonil,7 2 0 g / L,SC,Banko 720 SC,F.013-11/21,BIOPROTECTION,UPL/ARYSTA LIFESCIENCE,2024,CONTAINS_NOT_APPROVED_SUBSTANCE_IN_EU,1,Chlorothalonil,Chlorothalonil,Chlorothalonil:EU_NOT_APPROVED,
FONGICIDE,Chlorothalonil,7 2 0 g / L,SC,TERRAVO,F.010-20,SOLAGRI,SYNGENTA,2024,CONTAINS_NOT_APPROVED_SUBSTANCE_IN_EU,1,Chlorothalonil,Chlorothalonil,Chlorothalonil:EU_NOT_APPROVED,
FONGICIDE,Chlorothalonil +Tebuconazole,250 g/l+90 g/l,SC,Timpani,F.017-15,EL MOUSSEM AGRICOLE,NUFARM,2024,ALL_SUBSTANCES_APPROVED_IN_EU,1,Chlorothalonil +Tebuconazole,Tebuconazole,Chlorothalonil +Tebuconazole:EU_APPROVED,
FONGICIDE,Chlorothalonil +Tebuconazole,250 g/l+90 g/l,SC,SUPER PLAZMA SC,F.55-21,AGRIPROTEC,NUFARM,2024,ALL_SUBSTANCES_APPROVED_IN_EU,1,Chlorothalonil +Tebuconazole,Tebuconazole,Chlorothalonil +Tebuconazole:EU_APPROVED,
FONGICIDE,Tébuconazole +Chlorothalonil,125 g/l+375 g/l,SC,CIGAL PLUS SC,F.008-18,SANABEL AGRO,RotamAgrochemi calCo.Ltd,2024,ALL_SUBSTANCES_APPROVED_IN_EU,1,Tébuconazole +Chlorothalonil,Tebuconazole,Tébuconazole +Chlorothalonil:EU_APPROVED,
INECTICIDE,Abamectine,18 g/L,EC,Numectin,I.A.009-16,AGRIPROTEC,NUFARM,2024,ALL_SUBSTANCES_APPROVED_IN_EU,1,Abamectine,Abamectin (aka avermectin),Abamectine:EU_APPROVED,
INECTICIDE,Abamectine,18 g/L,EC,LAOTTA,03-24.I,ATLAS AGRICOLE,LAINCO,2024,ALL_SUBSTANCES_APPROVED_IN_EU,1,Abamectine,Abamectin (aka avermectin),Abamectine:EU_APPROVED,
INECTICIDE,Abamectine,84 g/L,SC,Agrimec Gold 084 SC,I.A.129-11/21,BIOPROTECTION,SYNGENTA,2024,ALL_SUBSTANCES_APPROVED_IN_EU,1,Abamectine,Abamectin (aka avermectin),Abamectine:EU_APPROVED,
INECTICIDE,Abamectine,20g/l,SC,TERVIGO 020 SC,IN.001-19,BIOPROTECTION,Syngenta Crop Protection AG,2024,ALL_SUBSTANCES_APPROVED_IN_EU,1,Abamectine,Abamectin (aka avermectin),Abamectine:EU_APPROVED,
INECTICIDE,Abamectine,18g/l,EC,VALMEC EC,I.004-19,EL KHADRA,INDUSTRIAS AFRAZA/ALBAU GH EUROPE SARL,2024,ALL_SUBSTANCES_APPROVED_IN_EU,1,Abamectine,Abamectin (aka avermectin),Abamectine:EU_APPROVED,
INECTICIDE,Abamectine,18 g/l,EC,ROMECTIN EC,I.02-21,AGRONOMIC LAND,"ROTAM CHEMISTRY CO.,Ltd",2024,ALL_SUBSTANCES_APPROVED_IN_EU,1,Abamectine,Abamectin (aka avermectin),Abamectine:EU_APPROVED,
INECTICIDE,Abamectine,18 g/l,EC,VARGAS ULTRA EC,I.51-23,SOLAGRI,"ROTAM CHEMISTRY CO.,Ltd/ALBAUG H",2024,ALL_SUBSTANCES_APPROVED_IN_EU,1,Abamectine,Abamectin (aka avermectin),Abamectine:EU_APPROVED,
INECTICIDE,Abamectine,1 8 g / l,E C,V e r t i m e c,I A . 0 0 3 - 11/21,BIOPROTECTION,SYNGENTA,2024,ALL_SUBSTANCES_APPROVED_IN_EU,1,Abamectine,Abamectin (aka avermectin),Abamectine:EU_APPROVED,
INECTICIDE,Abamectine,1 8 g / L,E W,D i v a 1 . 8 E W,I . A . 0 0 2 -15,EL MOUSSEM AGRICOLE,CHEMINOVA,2024,ALL_SUBSTANCES_APPROVED_IN_EU,1,Abamectine,Abamectin (aka avermectin),Abamectine:EU_APPROVED,
INECTICIDE,Abamectine,1 8 g / l,E C,A C T R O S E 1 8 E C,I . 0 1 5 - 1 8,Ets MEZGHANI,ASTRACHEM,2024,ALL_SUBSTANCES_APPROVED_IN_EU,1,Abamectine,Abamectin (aka avermectin),Abamectine:EU_APPROVED,
INECTICIDE,Abamectine,1 8 g / l,E C,T I N A E C,I A . 0 0 5 - 11/21,ETS MEZGHANI,INDUSTRIAL QUIMICA KEY,2024,ALL_SUBSTANCES_APPROVED_IN_EU,1,Abamectine,Abamectin (aka avermectin),Abamectine:EU_APPROVED,
INECTICIDE,Abamectine,1 8 g / l,E C,M E C T I N E P R O,I . 0 0 6 - 1 7,JADWA AGROTEC,AAKO BV,2024,ALL_SUBSTANCES_APPROVED_IN_EU,1,Abamectine,Abamectin (aka avermectin),Abamectine:EU_APPROVED,
INECTICIDE,Abamectine,1 8 g / l,E C,P o t e n z a 1 . 8,I A . 0 0 7 - 11/21,SANABEL AGRO,SINON CORPORATION,2024,ALL_SUBSTANCES_APPROVED_IN_EU,1,Abamectine,Abamectin (aka avermectin),Abamectine:EU_APPROVED,
INECTICIDE,Abamectine,1 8 g / l,E C,A a k o m e c t i n e,I A . 0 0 9 - 11/21,STEC,AAKO BV,2024,ALL_SUBSTANCES_APPROVED_IN_EU,1,Abamectine,Abamectin (aka avermectin),Abamectine:EU_APPROVED,
INECTICIDE,Abamectine,1 8 g / l,E C,T r a n s a c t 1 8 E C,I . A . 1 6 1 -11/21,TASMID,ASTRACHEM,2024,ALL_SUBSTANCES_APPROVED_IN_EU,1,Abamectine,Abamectin (aka avermectin),Abamectine:EU_APPROVED,
INECTICIDE,Abamectin +Chlorantraniliprole,18 g/l+45 g/l,SC,Cleverole plus SC,I.14-23,UNIAGRO,SHANDONG,2024,ALL_SUBSTANCES_APPROVED_IN_EU,1,Abamectin +Chlorantraniliprole,Chlorantraniliprole,Abamectin +Chlorantraniliprole:EU_APPROVED,
INECTICIDE,Abamectin +Chlorantraniliprole,18 g/l+45 g/l,SC,ABAROLE SC,I.13-24,PLANETE VERTE,,2024,ALL_SUBSTANCES_APPROVED_IN_EU,1,Abamectin +Chlorantraniliprole,Chlorantraniliprole,Abamectin +Chlorantraniliprole:EU_APPROVED,
INECTICIDE,A bamectine +spinosad,3%+ 2%,EW,REVINTY 5 EW,I.35-23,PROMOCHIMIE,JIANGXI ZHENGBANG CHINE,2024,ALL_SUBSTANCES_APPROVED_IN_EU,1,A bamectine +spinosad,Spinosad,A bamectine +spinosad:EU_APPROVED,
INECTICIDE,Acetameprid,70%,SP,ACETADE FORT,I.009-17,SANABEL Agro,SHARDA CROPCHEM,2024,ALL_SUBSTANCES_APPROVED_IN_EU,1,Acetameprid,Acetamiprid,Acetameprid:EU_APPROVED,
INECTICIDE,Acetameprid,70%,SP,Polysect,I.004-16,SOCOOPEC,SHARDA,2024,ALL_SUBSTANCES_APPROVED_IN_EU,1,Acetameprid,Acetamiprid,Acetameprid:EU_APPROVED,
INECTICIDE,Acetamiprid +pyriproxyfen,186 g/l+124 g/l,DC,CANVION310 DC,I.032-22,COTUGRAIN,Syngenta Crop Protection,2024,ALL_SUBSTANCES_APPROVED_IN_EU,1,Acetamiprid +pyriproxyfen,Pyriproxyfen,Acetamiprid +pyriproxyfen:EU_APPROVED,
INECTICIDE,Acetamiprid,200 g/kg,SP,P Otegon 20 SP,I.22-23,PLANETE VERTE,ASTRANOVA,2024,ALL_SUBSTANCES_APPROVED_IN_EU,1,Acetamiprid,Acetamiprid,Acetamiprid:EU_APPROVED,
INECTICIDE,Acetamipride,200 g/L,SL,Escort 20 SL,I.010-11/21,BIOPROTECTION,UPL/(NIPPON SODA)ARYSTA LIFESCIENCE,2024,ALL_SUBSTANCES_APPROVED_IN_EU,1,Acetamipride,Acetamiprid,Acetamipride:EU_APPROVED,
INECTICIDE,Acetamipride,200 g/L,SL,Mospilan 20 SL,I.011-11/21,SEPCM,(NIPPON SODA) ARYSTA LIFESCIENCE /UPL,2024,ALL_SUBSTANCES_APPROVED_IN_EU,1,Acetamipride,Acetamiprid,Acetamipride:EU_APPROVED,
INECTICIDE,Acetamipride,200 g/l,SL,DEPOT SL,I.037-22,PROTAGRI,MODERN INSECTICIDES LIMITED,2024,ALL_SUBSTANCES_APPROVED_IN_EU,1,Acetamipride,Acetamiprid,Acetamipride:EU_APPROVED,
INECTICIDE,Acrinathrine,75 g/L,EW,Orytis,I.135-11/21,ATLAS AGRICOLE,CHEMINOVA,2024,CONTAINS_NOT_APPROVED_SUBSTANCE_IN_EU,1,Acrinathrine,Acrinathrin,Acrinathrine:EU_NOT_APPROVED,
INECTICIDE,Acrinathrine,75 g/L,EW,"Rufast 7,5 EW",A.013-11/21,EL MOUSSEM AGRICOLE,CHEMINOVA,2024,CONTAINS_NOT_APPROVED_SUBSTANCE_IN_EU,1,Acrinathrine,Acrinathrin,Acrinathrine:EU_NOT_APPROVED,
INECTICIDE,Acrinathrine +Abamectine,22.5 g/l+12.6 g/l,EW,TRIPSOL EW,I.010-19,AGROSYSTEME,Cheminova/fmc,2024,ALL_SUBSTANCES_APPROVED_IN_EU,1,Acrinathrine +Abamectine,Abamectin (aka avermectin),Acrinathrine +Abamectine:EU_APPROVED,
INECTICIDE,Afidopyropen,100 g/l,DC,VERSYS DC,HOMOLOGATI ON I.30-23,AGRIPROTEC,BASF,2024,CONTAINS_NOT_APPROVED_SUBSTANCE_IN_EU,1,Afidopyropen,Afidopyropen,Afidopyropen:EU_NOT_APPROVED,
INECTICIDE,Alphaméthrine,1 0 0 g / L,E C,Bonbard,I.176-11/21,COTUGRAIN IMPEX,BASF,2024,NOT_FOUND_OR_NEEDS_MANUAL_REVIEW,0,Alphaméthrine,,Alphaméthrine:NOT_IN_EU_LIST,
INECTICIDE,A lphacypermethrine,100 g/l,EC,A LPHATOP EC,I.39-23,SLDA,SHARDA CROPCHEM INDE,2024,CONTAINS_NOT_APPROVED_SUBSTANCE_IN_EU,1,A lphacypermethrine,Permethrin,A lphacypermethrine:EU_NOT_APPROVED,
INECTICIDE,A lphacypermethrine,100 g/l,EC,R EMAX EC,I.10.24,FERTITECH,SHARDA CROPCHEM INDE,2024,CONTAINS_NOT_APPROVED_SUBSTANCE_IN_EU,1,A lphacypermethrine,Permethrin,A lphacypermethrine:EU_NOT_APPROVED,
INECTICIDE,A lphacypermethrine,100g/l,EC,ALLIG ATOR,I.42-23,SSCC,,2024,CONTAINS_NOT_APPROVED_SUBSTANCE_IN_EU,1,A lphacypermethrine,Permethrin,A lphacypermethrine:EU_NOT_APPROVED,
INECTICIDE,"Azadirachtine (0,03 %) + huile de neem","0 ,3 g/L+90,5%",EC,Nimbicidine,I.160-11/21,TASMID,T. STANES &Co.Ltd.,2024,NOT_FOUND_OR_NEEDS_MANUAL_REVIEW,1,Azadirachtine (0 | PERCENT ) + huile de neem,Azadirachtin (Margosa extract),Azadirachtine (0:EU_APPROVED | PERCENT ) + huile de neem:NOT_IN_EU_LIST,
INECTICIDE,Azadirachtine 32 g/L,32 g/L,EC,OIKOS MAX,I.004-20,EL KHADRA,SIPCAM INAGRA,2024,ALL_SUBSTANCES_APPROVED_IN_EU,2,Azadirachtine 32 g | L,Azadirachtin (Margosa extract) | Diflufenican,Azadirachtine 32 g:EU_APPROVED | L:EU_APPROVED,
INECTICIDE,Bacillus thuringiensis,16x106I.U/g,SC,BELTHIRUL 16SC,I.09-21,AGRIPROTEC,PROBLETE,2024,ALL_SUBSTANCES_APPROVED_IN_EU,1,Bacillus thuringiensis,Bacillus thuringiensis subsp. Kurstaki strain EG2348,Bacillus thuringiensis:EU_APPROVED,
INECTICIDE,Bacillus thuringiensis kurstaki,3200 UI/mg,WP,H ALT WP,I.47-23,NEGANOR,BIOSTADT INDE,2024,NOT_FOUND_OR_NEEDS_MANUAL_REVIEW,0,Bacillus thuringiensis kurstaki,,Bacillus thuringiensis kurstaki:NOT_IN_EU_LIST,
INECTICIDE,Bacillus thuringiensis kurstaki,32000UI/mg,WG,Delfin WG,I.131-11/21,AGROSYSTEMES,,2024,NOT_FOUND_OR_NEEDS_MANUAL_REVIEW,0,Bacillus thuringiensis kurstaki,,Bacillus thuringiensis kurstaki:NOT_IN_EU_LIST,
INECTICIDE,"Bacillus thuringiensis (spKurstaki),souche ABTS-351",32000UI/mg,WG,BACTOSPINE DF,I.017-19,SEPCM,VALENT BIOSCIENCE CORPORATION/s umitomo chemical,2024,NOT_FOUND_OR_NEEDS_MANUAL_REVIEW,1,Bacillus thuringiensis (spKurstaki) | souche ABTS-351,Bacillus thuringiensis subsp. Kurstaki strain EG2348,Bacillus thuringiensis (spKurstaki):EU_APPROVED | souche ABTS-351:NOT_IN_EU_LIST,
INECTICIDE,"Bacillus thuringiensis (spKurstaki),souche ABTS-351",16000UI/mg,WP,touta stop WP,I.025-11/21,etsmezghani,,2024,NOT_FOUND_OR_NEEDS_MANUAL_REVIEW,1,Bacillus thuringiensis (spKurstaki) | souche ABTS-351,Bacillus thuringiensis subsp. Kurstaki strain EG2348,Bacillus thuringiensis (spKurstaki):EU_APPROVED | souche ABTS-351:NOT_IN_EU_LIST,
INECTICIDE,Bacillus thuringiensis subsp- kurstakisouche EG-2348,375 g/kg,WP,LEPINOX PLUS WP,I.019-22,COTUGRAIN,CBC (EUROPE)/BIOG ARD,2024,NOT_FOUND_OR_NEEDS_MANUAL_REVIEW,0,Bacillus thuringiensis subsp- kurstakisouche EG-2348,,Bacillus thuringiensis subsp- kurstakisouche EG-2348:NOT_IN_EU_LIST,
INECTICIDE,Beauveria bassiana strain ATCC 74040,0.0185 %W/W),OD,Naturalis,I.038-22,COTUGRAIN,CBC europe/italie,2024,ALL_SUBSTANCES_APPROVED_IN_EU,1,Beauveria bassiana strain ATCC 74040,Beauveria bassiana strain ATCC 74040,Beauveria bassiana strain ATCC 74040:EU_APPROVED,
INECTICIDE,Beauveriabassianastrain R444,2x109 spores,WP,Bb-Protec WP,I.08-21,ALOHA Agriculture,,2024,NOT_FOUND_OR_NEEDS_MANUAL_REVIEW,0,Beauveriabassianastrain R444,,Beauveriabassianastrain R444:NOT_IN_EU_LIST,
INECTICIDE,Bifenazate,240 g/l,SC,COMITE 240 SC,I.024-22,BIOPROTECTION,CHEMTURA/AR YSTA,2024,ALL_SUBSTANCES_APPROVED_IN_EU,1,Bifenazate,Bifenazate,Bifenazate:EU_APPROVED,
INECTICIDE,Bifenazate,240 g/l,SC,FLORAMITE 240 SC,I.008-16,AGRIMATCO,CHEMTURA/AR YSTA,2024,ALL_SUBSTANCES_APPROVED_IN_EU,1,Bifenazate,Bifenazate,Bifenazate:EU_APPROVED,
INECTICIDE,Bifenazate,50%,WG,BANTER WG,I.003-19,AGRIPROTEC,UPL limited,2024,ALL_SUBSTANCES_APPROVED_IN_EU,1,Bifenazate,Bifenazate,Bifenazate:EU_APPROVED,
INECTICIDE,Bifenazate,"494,8 g/L",SC,Acramite 480 SC,IA.030-11/21,SEPCM,CHEMTURA /UPL,2024,ALL_SUBSTANCES_APPROVED_IN_EU,1,Bifenazate,Bifenazate,Bifenazate:EU_APPROVED,
INECTICIDE,Borax,10 g/L,SL,Prev-am,I.A.F.031-11/21,EL MOUSSEM,ORO AGRI,2024,NOT_FOUND_OR_NEEDS_MANUAL_REVIEW,0,Borax,,Borax:NOT_IN_EU_LIST,
INECTICIDE,Borax,10 g/L,SL,Orotun,I.A.F.017-16,RAYEN PHYTAGRI,ORO AGRI,2024,NOT_FOUND_OR_NEEDS_MANUAL_REVIEW,0,Borax,,Borax:NOT_IN_EU_LIST,
INECTICIDE,Buprofezin,25%,SC,Applaud 25 SC,I.23-23,AGRIPROTEC,SIPCAM INAGRA,2024,ALL_SUBSTANCES_APPROVED_IN_EU,1,Buprofezin,Buprofezin,Buprofezin:EU_APPROVED,
INECTICIDE,Chlorantraniliprole,20%,SC,Virago,I.041-22,SHARDA,SHARDA,2024,ALL_SUBSTANCES_APPROVED_IN_EU,1,Chlorantraniliprole,Chlorantraniliprole,Chlorantraniliprole:EU_APPROVED,
INECTICIDE,Chlorantraniliprole,20%,SC,PROPICE SC,I.041-22,SANABEL AGRO,SHARDA,2024,ALL_SUBSTANCES_APPROVED_IN_EU,1,Chlorantraniliprole,Chlorantraniliprole,Chlorantraniliprole:EU_APPROVED,
INECTICIDE,Chlorantraniliprole,200 g/L,SC,Coragen 20 SC,I.033-11/21,SEPCM,DU PONT/FMC,2024,ALL_SUBSTANCES_APPROVED_IN_EU,1,Chlorantraniliprole,Chlorantraniliprole,Chlorantraniliprole:EU_APPROVED,
INECTICIDE,Chlorantraniliprole,350 g/kg,WG,ALTACOR 35 WG,I.015-22,AGRIPROTEC,FMC,2024,ALL_SUBSTANCES_APPROVED_IN_EU,1,Chlorantraniliprole,Chlorantraniliprole,Chlorantraniliprole:EU_APPROVED,
INECTICIDE,Chlorantraniliprole,200g/l,SC,COREGIS SC,I.025-22,PROMOCHIMIE,DU PONT/FMC,2024,ALL_SUBSTANCES_APPROVED_IN_EU,1,Chlorantraniliprole,Chlorantraniliprole,Chlorantraniliprole:EU_APPROVED,
INECTICIDE,Chlorantraniliprole,200 g/l,SC,CLEVEROLE SC,I.10-23,UNIAGRO,SHANDONG,2024,ALL_SUBSTANCES_APPROVED_IN_EU,1,Chlorantraniliprole,Chlorantraniliprole,Chlorantraniliprole:EU_APPROVED,
INECTICIDE,Chlorantraniliprole,200 g/l,SC,KORTEX,I.06-24,NEGANOR FFT,SHANDONG,2024,ALL_SUBSTANCES_APPROVED_IN_EU,1,Chlorantraniliprole,Chlorantraniliprole,Chlorantraniliprole:EU_APPROVED,
INECTICIDE,Chlorantraniliprole + Abamectine,4 5 g / L + 1 8 g /L,SC,VoliamTargo 063 SC,I.034-11/21,BIOPROTECTION,SYNGENTA,2024,ALL_SUBSTANCES_APPROVED_IN_EU,1,Chlorantraniliprole + Abamectine,Chlorantraniliprole,Chlorantraniliprole + Abamectine:EU_APPROVED,
INECTICIDE,Chlorantraniliprole +LambdaCyhalothrine,100 g/L+50 g/L,SC,BESIEGE 150 ZC,I.009-18,COTUGRAIN IMPEX,SYNGENTA,2024,ALL_SUBSTANCES_APPROVED_IN_EU,1,Chlorantraniliprole +LambdaCyhalothrine,Chlorantraniliprole,Chlorantraniliprole +LambdaCyhalothrine:EU_APPROVED,
INECTICIDE,Chlorantraniliprole +Lambda- cyhalothrine,100 g/l+ 50 g/l,SC,POLYVALENT S C,I.18-23,Sté El Khadra,"EASTCHEM CO,Ltd CHINE",2024,ALL_SUBSTANCES_APPROVED_IN_EU,1,Chlorantraniliprole +Lambda- cyhalothrine,Chlorantraniliprole,Chlorantraniliprole +Lambda- cyhalothrine:EU_APPROVED,
INECTICIDE,Chlorantraniliprole + lambdacyhalothrin,100 g/l+50 g/l,EC,LASTROLE EC,I.11-23,UNIAGRO,,2024,ALL_SUBSTANCES_APPROVED_IN_EU,1,Chlorantraniliprole + lambdacyhalothrin,Chlorantraniliprole,Chlorantraniliprole + lambdacyhalothrin:EU_APPROVED,
INECTICIDE,Chlorantraniliprole + lambdacyhalothrin,100 g/l+50 g/l,EC,PLIGO ZC,I.07-24,NEGANOR FFT,,2024,ALL_SUBSTANCES_APPROVED_IN_EU,1,Chlorantraniliprole + lambdacyhalothrin,Chlorantraniliprole,Chlorantraniliprole + lambdacyhalothrin:EU_APPROVED,
INECTICIDE,Chlorantranliprole + methoxyfenozide,4%+18%,SC,A BSOLUT SC,I.09-23,STEC,NANJING AGROCHEMICA L CHINE,2024,CONTAINS_NOT_APPROVED_SUBSTANCE_IN_EU,1,Chlorantranliprole + methoxyfenozide,Methoxyfenozide,Chlorantranliprole + methoxyfenozide:EU_NOT_APPROVED,
INECTICIDE,Chromafénozide,50 g/L,SC,Matric,I.044-11/21,BIOPROTECTION,UPL/ARYSTA LIFESCIENCE,2024,CONTAINS_NOT_APPROVED_SUBSTANCE_IN_EU,1,Chromafénozide,Chromafenozide,Chromafénozide:EU_NOT_APPROVED,
INECTICIDE,C INNAMALDHEYDE,w/w :22.03,EC,S EICAN EC,I.33-23,ATLAS AGRICOLE,S EIPASA S.A,2024,NOT_FOUND_OR_NEEDS_MANUAL_REVIEW,0,C INNAMALDHEYDE,,C INNAMALDHEYDE:NOT_IN_EU_LIST,
INECTICIDE,Clofentezine,500 g/L,SC,Apollo 50,A.045-11/21,STEC,AAKO BV,2024,CONTAINS_NOT_APPROVED_SUBSTANCE_IN_EU,1,Clofentezine,Clofentezine,Clofentezine:EU_NOT_APPROVED,
INECTICIDE,Cyantraniliprole,2 00g/kg,SC,V ERIMARK SC,I.25-23,SEPCM,FMC,2024,ALL_SUBSTANCES_APPROVED_IN_EU,1,Cyantraniliprole,Cyantraniliprole,Cyantraniliprole:EU_APPROVED,
INECTICIDE,Cyantranil iprole,200g/kg,SC,O KINA SC,I.05-23,SSCC,FMC,2024,NOT_FOUND_OR_NEEDS_MANUAL_REVIEW,0,Cyantranil iprole,,Cyantranil iprole:NOT_IN_EU_LIST,
INECTICIDE,Cyantraniliprole,100 g/L,OD,Benevia,I.014-16,AGRIMATCO,DU PONT,2024,ALL_SUBSTANCES_APPROVED_IN_EU,1,Cyantraniliprole,Cyantraniliprole,Cyantraniliprole:EU_APPROVED,
INECTICIDE,Cyantraniliprole,100 g/L,OD,Preza OD,I.11-21,Agriprotec,DU PONT/FMC,2024,ALL_SUBSTANCES_APPROVED_IN_EU,1,Cyantraniliprole,Cyantraniliprole,Cyantraniliprole:EU_APPROVED,
INECTICIDE,Cyantraniliprole +Acibenzolar-S-methyl,"100 g/l+12,5 g/L",SC,PLESIVA ALPHA SC,I.011-22,BIOPROTECTION,SYNGENTA,2024,ALL_SUBSTANCES_APPROVED_IN_EU,1,Cyantraniliprole +Acibenzolar-S-methyl,Cyantraniliprole,Cyantraniliprole +Acibenzolar-S-methyl:EU_APPROVED,
INECTICIDE,Cyantraniliprole+Abamectine,60 g/l+18g/l,SC,MINECTO PRO SC,I.006-22,BIOPROTECTION,SYNGENTA,2024,ALL_SUBSTANCES_APPROVED_IN_EU,1,Cyantraniliprole+Abamectine,Abamectin (aka avermectin),Cyantraniliprole+Abamectine:EU_APPROVED,
INECTICIDE,Cyflumetofen,100g/l,DC,DANIRANGER 10DC,I.001-22,AGRIMATCO,OAT AgrioCO.Ltd,2024,ALL_SUBSTANCES_APPROVED_IN_EU,1,Cyflumetofen,Cyflumetofen,Cyflumetofen:EU_APPROVED,
INECTICIDE,Cyflumetofen,193.5 g/1,SC,VELAR 20 SC,I.03-21,cotugrain,OAT,2024,ALL_SUBSTANCES_APPROVED_IN_EU,1,Cyflumetofen,Cyflumetofen,Cyflumetofen:EU_APPROVED,
INECTICIDE,Cypermethrine,100 g/l,EC,CYTHRINE 10 EC,I.41-23,AGRIPROTEC,ARYSTA LIFESCIENCE/IP L,2024,ALL_SUBSTANCES_APPROVED_IN_EU,1,Cypermethrine,Cypermethrin,Cypermethrine:EU_APPROVED,
INECTICIDE,Cypermethrine,250 g/L,EC,SYNCHRO,I.004-15,EL KHADRA,,2024,ALL_SUBSTANCES_APPROVED_IN_EU,1,Cypermethrine,Cypermethrin,Cypermethrine:EU_APPROVED,
INECTICIDE,Cypermethrine,25%,EC,S INOCYPER,I.44-23,EL KHADRA,CROPSAVE PESTICIDES INDIAN PVT.LTD,2024,ALL_SUBSTANCES_APPROVED_IN_EU,1,Cypermethrine,Cypermethrin,Cypermethrine:EU_APPROVED,
INECTICIDE,Cypermethrine,250 g/L,EC,CYPERNOVA,I.004-17,AGRINOVA,,2024,ALL_SUBSTANCES_APPROVED_IN_EU,1,Cypermethrine,Cypermethrin,Cypermethrine:EU_APPROVED,
INECTICIDE,Cypermethrine,500 g/l,EC,CYPGOLD 500 EC,I.029-22,EL MOUSSEM,ARYSTA LIFESCIENCE /UPL,2024,ALL_SUBSTANCES_APPROVED_IN_EU,1,Cypermethrine,Cypermethrin,Cypermethrine:EU_APPROVED,
INECTICIDE,Cypermethrine,100 g/l,EC,CYRUX,I.003-17,PROTAGRI,UPL,2024,ALL_SUBSTANCES_APPROVED_IN_EU,1,Cypermethrine,Cypermethrin,Cypermethrine:EU_APPROVED,
INECTICIDE,Cypermethrine,0.86 %,MG,Belem 0.8 MG,002-16 I.,SEPCM,,2024,ALL_SUBSTANCES_APPROVED_IN_EU,1,Cypermethrine,Cypermethrin,Cypermethrine:EU_APPROVED,
INECTICIDE,Cyperméthrine,100 g/L,EC,Selene,I.048-11/21,ETS. MEZGHANI,INDUSTRIAL QUIMICA KEY,2024,ALL_SUBSTANCES_APPROVED_IN_EU,1,Cyperméthrine,Cypermethrin,Cyperméthrine:EU_APPROVED,
INECTICIDE,Cyperméthrine,100 g/L,EC,Sherpa,I.146-11/21,JADWA AGROTEC,CMPA,2024,ALL_SUBSTANCES_APPROVED_IN_EU,1,Cyperméthrine,Cypermethrin,Cyperméthrine:EU_APPROVED,
INECTICIDE,Cyperméthrine,2 5 0 g / L,E C,C y p e r cal 250 EC,I.046-11/21,BIOPROTECTION,UPL/ARYSTA LIFESCIENCE,2024,ALL_SUBSTANCES_APPROVED_IN_EU,1,Cyperméthrine,Cypermethrin,Cyperméthrine:EU_APPROVED,
INECTICIDE,Difenoconazole + Cyprodinil,87.2g/l+251.1 g/l,EW,INSPIRE PLUS EW,F.03-23,BIOPROTECTION,SYNGENTA,2024,ALL_SUBSTANCES_APPROVED_IN_EU,1,Difenoconazole + Cyprodinil,Difenoconazole,Difenoconazole + Cyprodinil:EU_APPROVED,
INECTICIDE,Deltamethrin,25 g/l,EC,CISTHRIN EC,I.45-23,UNIAGRO,,2024,ALL_SUBSTANCES_APPROVED_IN_EU,1,Deltamethrin,Deltamethrin,Deltamethrin:EU_APPROVED,
INECTICIDE,Deltamethrin,25 g/l,EC,DELTOP EC,I.04-24,COTUGRAIN Impex,,2024,ALL_SUBSTANCES_APPROVED_IN_EU,1,Deltamethrin,Deltamethrin,Deltamethrin:EU_APPROVED,
INECTICIDE,Deltamethrine,25 g/l,EC,D66,I.003-15,ETS MEZGHANNI,INDUSTRIAL QUIMICA KEY,2024,ALL_SUBSTANCES_APPROVED_IN_EU,1,Deltamethrine,Deltamethrin,Deltamethrine:EU_APPROVED,
INECTICIDE,Deltamethrine,25 g/l,EC,Dextra 25 EC,16-016I.,RAYEN PHYTAGRI,TAGROS CHEMICALS,2024,ALL_SUBSTANCES_APPROVED_IN_EU,1,Deltamethrine,Deltamethrin,Deltamethrine:EU_APPROVED,
INECTICIDE,Deltamethrine,25 g/l,EC,Delmitox,16-011I.,SANABEL AGRO,,2024,ALL_SUBSTANCES_APPROVED_IN_EU,1,Deltamethrine,Deltamethrin,Deltamethrine:EU_APPROVED,
INECTICIDE,Deltamethrine,15 g/l,EC,Atrium,16-012I.,SANABEL AGRO,,2024,ALL_SUBSTANCES_APPROVED_IN_EU,1,Deltamethrine,Deltamethrin,Deltamethrine:EU_APPROVED,
INECTICIDE,Deltamethrine,25 g/l,EC,Sergent,I.006-15,SOCOOPEC,,2024,ALL_SUBSTANCES_APPROVED_IN_EU,1,Deltamethrine,Deltamethrin,Deltamethrine:EU_APPROVED,
INECTICIDE,Deltamethrine,25 g/l,EC,SCATTO EC,I.013-19,STIMA,,2024,ALL_SUBSTANCES_APPROVED_IN_EU,1,Deltamethrine,Deltamethrin,Deltamethrine:EU_APPROVED,
INECTICIDE,Deltaméthrine,100 g/L,EC,Decis Expert,I.056-11/21,ATLAS AGRICOLE,BAYER CROPSCIENCE,2024,ALL_SUBSTANCES_APPROVED_IN_EU,1,Deltaméthrine,Deltamethrin,Deltaméthrine:EU_APPROVED,
INECTICIDE,Deltaméthrine,2 5 g/l,EC,C OBRA EC,I.43-23,SSCCokina,,2024,ALL_SUBSTANCES_APPROVED_IN_EU,1,Deltaméthrine,Deltamethrin,Deltaméthrine:EU_APPROVED,
INECTICIDE,D eltaméthrine,25 g/l,EC,S ERISS 25 EC,I.40-23,EL KHADRA,INDUSTRIAS AFRASA S.A / ALBAUGH EUROPE SARL,2024,NOT_FOUND_OR_NEEDS_MANUAL_REVIEW,0,D eltaméthrine,,D eltaméthrine:NOT_IN_EU_LIST,
INECTICIDE,Deltamethrine,100 g/l,EC,D EXTRA 100 EC,I.46-23,RAYEN PHYTAGRI,TRAGOS CHEMICOLS /INDE,2024,ALL_SUBSTANCES_APPROVED_IN_EU,1,Deltamethrine,Deltamethrin,Deltamethrine:EU_APPROVED,
INECTICIDE,Deltaméthrine,2 5 g / L,E C,Deltacal,I.053-11/21,BIOPROTECTION,UPL/ARYSTA LIFESCIENCE,2024,ALL_SUBSTANCES_APPROVED_IN_EU,1,Deltaméthrine,Deltamethrin,Deltaméthrine:EU_APPROVED,
INECTICIDE,Deltaméthrine,2 5 g / L,E C,Decis EC 25,I.054-11/21,EL MOUSSEM AGRICOLE,BAYER CROPSCIENCE,2024,ALL_SUBSTANCES_APPROVED_IN_EU,1,Deltaméthrine,Deltamethrin,Deltaméthrine:EU_APPROVED,
INECTICIDE,Deltaméthrine,2 5 g / L,E C,Fruithrine,I.166-11/21,PROTAGRI,United Phosphorus Ltd,2024,ALL_SUBSTANCES_APPROVED_IN_EU,1,Deltaméthrine,Deltamethrin,Deltaméthrine:EU_APPROVED,
INECTICIDE,Deltaméthrine,2 5 g / L,E C,Delta,I.055-11/21,STEC,BAYER CROPSCIENCE,2024,ALL_SUBSTANCES_APPROVED_IN_EU,1,Deltaméthrine,Deltamethrin,Deltaméthrine:EU_APPROVED,
INECTICIDE,Diafenthiuron,500 g/L,SC,Pegasus 500 SC,I.057-11/21,BIOPROTECTION,SYNGENTA,2024,CONTAINS_NOT_APPROVED_SUBSTANCE_IN_EU,1,Diafenthiuron,Diafenthiuron,Diafenthiuron:EU_NOT_APPROVED,
INECTICIDE,Difenoconazole,250 g/l,EC,N ANJI 250 EC,F.19-23,STEC,JIANGSU FENGDENG(fab) NANJING AGROCHEMICA L (DIS),2024,ALL_SUBSTANCES_APPROVED_IN_EU,1,Difenoconazole,Difenoconazole,Difenoconazole:EU_APPROVED,
INECTICIDE,Dinotefuran,20%,SG,STARKLE 20SG,I.30-22,AGRIMATCO,"Mitsui Chemicals Agro,Inc",2024,CONTAINS_NOT_APPROVED_SUBSTANCE_IN_EU,1,Dinotefuran,Dinotefuran,Dinotefuran:EU_NOT_APPROVED,
INECTICIDE,Emamectin benzoate,50 g/L,EC,Proact 50 EC,I.128-11/21,TASMID,ASTRACHEM,2024,ALL_SUBSTANCES_APPROVED_IN_EU,1,Emamectin benzoate,Emamectin,Emamectin benzoate:EU_APPROVED,
INECTICIDE,Emamectin benzoate,50 g/L,EC,P ROFAST EC,I.046-22,PLANETE VERTE,ASTRACHEM/AS,2024,ALL_SUBSTANCES_APPROVED_IN_EU,1,Emamectin benzoate,Emamectin,Emamectin benzoate:EU_APPROVED,
INECTICIDE,Emamectin benzoate,5%,SG,Proclaim 05 SG,I.063-11/21,BIOPROTECTION,SYNGENTA,2024,ALL_SUBSTANCES_APPROVED_IN_EU,1,Emamectin benzoate,Emamectin,Emamectin benzoate:EU_APPROVED,
INECTICIDE,Emamectin benzoate,5%,SG,JEMSTAR,I.049-22,FERTIPLANT,Krishlifescience,2024,ALL_SUBSTANCES_APPROVED_IN_EU,1,Emamectin benzoate,Emamectin,Emamectin benzoate:EU_APPROVED,
INECTICIDE,Emamectine benzoate,5.7 %,WG,E MATOP,I.19-23,Sté El Khadra,HANGZHOU TOPAGRO BIOSCIENCE CHNINE,2024,ALL_SUBSTANCES_APPROVED_IN_EU,1,Emamectine benzoate,Emamectin,Emamectine benzoate:EU_APPROVED,
INECTICIDE,Emamectin Benzoate + Pyriproxyfen,20 g/l+60 g/l,EC,Prifenup EC,I.03-23,UNIAGRO,SHANDONG,2024,ALL_SUBSTANCES_APPROVED_IN_EU,1,Emamectin Benzoate + Pyriproxyfen,Pyriproxyfen,Emamectin Benzoate + Pyriproxyfen:EU_APPROVED,
INECTICIDE,Emamectin Benzoate + Pyriproxyfen,20 g/l+60 g/l,EC,PROXYSAFE EC,I.11-24,PLANETE VERTE,,2024,ALL_SUBSTANCES_APPROVED_IN_EU,1,Emamectin Benzoate + Pyriproxyfen,Pyriproxyfen,Emamectin Benzoate + Pyriproxyfen:EU_APPROVED,
INECTICIDE,Emamectin benzoate + Spinosad,40 g/l+160 g/l,EC,SPANVIC PLUS SC,I.11-23,UNIAGRO,,2024,ALL_SUBSTANCES_APPROVED_IN_EU,1,Emamectin benzoate + Spinosad,Spinosad,Emamectin benzoate + Spinosad:EU_APPROVED,
INECTICIDE,Emamectin benzoate + Spinosad,40 g/l+160 g/l,EC,SMECTO SC,I.05-24,NEGANOR FFT,,2024,ALL_SUBSTANCES_APPROVED_IN_EU,1,Emamectin benzoate + Spinosad,Spinosad,Emamectin benzoate + Spinosad:EU_APPROVED,
INECTICIDE,Etofenprox,30%,EC,TREBON EC,I.012-19,ATLAS AGRICOLE,SIPCAM INAGRA S.S,2024,ALL_SUBSTANCES_APPROVED_IN_EU,1,Etofenprox,Etofenprox,Etofenprox:EU_APPROVED,
INECTICIDE,Etoxazole,110g/l,SC,Borneo 10 SC,I.A.017-17,BIOPROTECTION,,2024,ALL_SUBSTANCES_APPROVED_IN_EU,1,Etoxazole,Etoxazole,Etoxazole:EU_APPROVED,
INECTICIDE,"(E,Z,Z)-3,8 ,11-Tetradecadien -1- yl acetate( 53.8 mg/diffuseur) (E,Z)-3,8 –Tetradecad ien -1-yl acetate(6.2 mg/diffuseur)",60 mg /dispensers,VP,SHIN –ETSU MD T,I.014-22,COTUGRAIN,Shin ETSU chemical/ CBC (EUROPE),2024,CONTAINS_NOT_APPROVED_SUBSTANCE_IN_EU,3,(E | Z | Z)-3 | 11-Tetradecadien -1- yl acetate( 53.8 mg | diffuseur) (E | Z)-3 | 8 –Tetradecad ien -1-yl acetate(6.2 mg | diffuseur),"Diflufenican | Mancozeb | 2,4,5-T",(E:EU_APPROVED | Z:EU_NOT_APPROVED | Z)-3:NOT_IN_EU_LIST | 11-Tetradecadien -1- yl acetate( 53.8 mg:EU_NOT_APPROVED | diffuseur) (E:NOT_IN_EU_LIST | Z)-3:NOT_IN_EU_LIST | 8 –Tetradecad ien -1-yl acetate(6.2 mg:NOT_IN_EU_LIST | diffuseur):NOT_IN_EU_LIST,
INECTICIDE,Fenazaquin,200 g/L,SC,MAGISTER,A.I.003-20,SEPCM,GOWAN Espagne,2024,ALL_SUBSTANCES_APPROVED_IN_EU,1,Fenazaquin,Fenazaquin,Fenazaquin:EU_APPROVED,
INECTICIDE,Fenazaquin 20%,20%,SC,Q UEEN SC,I.49-23,SHARDA CROPCHEM TUNISIA,SHARDA CROPCHEM INDE,2024,ALL_SUBSTANCES_APPROVED_IN_EU,1,Fenazaquin PERCENT,Fenazaquin,Fenazaquin PERCENT:EU_APPROVED,
INECTICIDE,Fenazaquin 20%,20%,SC,Q UEEN PRO SC,I.09-24,SHARDA CROPCHEM TUNISIA,SHARDA CROPCHEM INDE,2024,ALL_SUBSTANCES_APPROVED_IN_EU,1,Fenazaquin PERCENT,Fenazaquin,Fenazaquin PERCENT:EU_APPROVED,
INECTICIDE,Fenpyroximate,"5 1 , 2 g / L",S C,FLASH EVO,I.012-18,EL KHADRA,,2024,ALL_SUBSTANCES_APPROVED_IN_EU,1,Fenpyroximate,Fenpyroximate,Fenpyroximate:EU_APPROVED,
INECTICIDE,Fenpyroximate,5 0 g / L,S C,Mitacid,I.010-15,INNOVA,,2024,ALL_SUBSTANCES_APPROVED_IN_EU,1,Fenpyroximate,Fenpyroximate,Fenpyroximate:EU_APPROVED,
INECTICIDE,Flonicamid,500 g/kg,WG,TEPPEKI WG,I.10-21,AGRIPROTEC,ISK Biosciences Europe N.V(fabricant)/upl( fournisseur),2024,ALL_SUBSTANCES_APPROVED_IN_EU,1,Flonicamid,Flonicamid (IKI-220),Flonicamid:EU_APPROVED,
INECTICIDE,Flubendiamide,480 g/l,SC,FAME 480 SC,I.020-22,ATLAS AGRICOLE,BAYER,2024,CONTAINS_NOT_APPROVED_SUBSTANCE_IN_EU,1,Flubendiamide,Flubendiamide,Flubendiamide:EU_NOT_APPROVED,
INECTICIDE,Flubendiamide,24%,WG,T AKITOP WG,I.17-23,Sté EL KHADRA,"EASTCHEM CO,Ltd CHINE",2024,CONTAINS_NOT_APPROVED_SUBSTANCE_IN_EU,1,Flubendiamide,Flubendiamide,Flubendiamide:EU_NOT_APPROVED,
INECTICIDE,Flubendiamide,20%,WG,Takumi 20 WG,I.070-11/21,EL MOUSSEM AGRICOLE,NIHON,2024,CONTAINS_NOT_APPROVED_SUBSTANCE_IN_EU,1,Flubendiamide,Flubendiamide,Flubendiamide:EU_NOT_APPROVED,
INECTICIDE,Flufenoxuron,100 g/L,EC,Qatar,I.071-11/21,AGROSYSTEMES,GLOBACHEM,2024,CONTAINS_NOT_APPROVED_SUBSTANCE_IN_EU,1,Flufenoxuron,Flufenoxuron,Flufenoxuron:EU_NOT_APPROVED,
INECTICIDE,Flupyradifurone,200g/l,SL,SIVANTO PRIME 200 SL,I. 016-17,ATLAS AGRICOLE,Bayer A.G,2024,ALL_SUBSTANCES_APPROVED_IN_EU,1,Flupyradifurone,Flupyradifurone,Flupyradifurone:EU_APPROVED,
INECTICIDE,Fluxametamide,10%,EC,GRACIA 100 EC,I.38-23,AGRIMATCO,NISSAN CHEMICAL CORPORATION,2024,ALL_SUBSTANCES_APPROVED_IN_EU,1,Fluxametamide,Metam (incl. -potassium and -sodium),Fluxametamide:EU_APPROVED,
INECTICIDE,Gamma-cyhalothrine,60 g/l,CS,Vantex,16-018I.,AGROSYSTEMES,,2024,CONTAINS_NOT_APPROVED_SUBSTANCE_IN_EU,1,Gamma-cyhalothrine,Gamma-cyhalothrin,Gamma-cyhalothrine:EU_NOT_APPROVED,
INECTICIDE,Helicoverpaarmigeranucleopolyhe,7.5 1012 cfu/l,SC,BOLLDEX SC,I.010-17,ALOHA Agriculture,,2024,NOT_FOUND_OR_NEEDS_MANUAL_REVIEW,0,Helicoverpaarmigeranucleopolyhe,,Helicoverpaarmigeranucleopolyhe:NOT_IN_EU_LIST,
INECTICIDE,drovirus,7.5 1012 cfu/l,SC,,,,,2024,ALL_SUBSTANCES_APPROVED_IN_EU,1,drovirus,"Spodoptera exigua multicapsid nucleopolyhedrovirus (SeMNPV), isolate BV-0004",drovirus:EU_APPROVED,
INECTICIDE,Hexythiazox,10%,WP,Jalisco,IA.010-16,AGRIPROTEC,PROPLAN/QUME TICA AGRICULTURAL SOLUTIONS SPAIN SLU,2024,ALL_SUBSTANCES_APPROVED_IN_EU,1,Hexythiazox,Hexythiazox,Hexythiazox:EU_APPROVED,
INECTICIDE,Hexythiazox,10%,WP,Diablo,I.A.175-11/21,EL KHADHRA,INDUSTRIAS AFRAZA/ALBAU GH EUROPE SARL,2024,ALL_SUBSTANCES_APPROVED_IN_EU,1,Hexythiazox,Hexythiazox,Hexythiazox:EU_APPROVED,
INECTICIDE,Hexythiazox,10%,WP,Cesar,I.A.075-11/21,EL MOUSSEM AGRICOLE,"NIPPON SODA CO., LTD/ARYSTA/UP L",2024,ALL_SUBSTANCES_APPROVED_IN_EU,1,Hexythiazox,Hexythiazox,Hexythiazox:EU_APPROVED,
INECTICIDE,Hexythiazox,10%,WP,Exitox,I.A.177-11/21,Ets MEZGHANI,INDUSTRIAL QUIMICA KEY,2024,ALL_SUBSTANCES_APPROVED_IN_EU,1,Hexythiazox,Hexythiazox,Hexythiazox:EU_APPROVED,
INECTICIDE,Hexythiazox,"258,7 g/l",SC,ACRUX SC,I.005-22,AGROSYSTEMES,Ascenza Agro,2024,ALL_SUBSTANCES_APPROVED_IN_EU,1,Hexythiazox,Hexythiazox,Hexythiazox:EU_APPROVED,
INECTICIDE,Hexythiazox,258.7 g/l,SC,DIABLO MAX SC,I.004-22,EL KHADRA,INDUSTRIAS AFRAZA/ALBAU GH EUROPE SARL,2024,ALL_SUBSTANCES_APPROVED_IN_EU,1,Hexythiazox,Hexythiazox,Hexythiazox:EU_APPROVED,
INECTICIDE,Hexythiazox +Abamectine,50 g/L+18g/l,SC,ROCINANTE,I.04-21,AGRIPROTEC,PROPLAN/QUME TICA AGRICULTURAL SOLUTIONS SPAIN SLU,2024,ALL_SUBSTANCES_APPROVED_IN_EU,1,Hexythiazox +Abamectine,Abamectin (aka avermectin),Hexythiazox +Abamectine:EU_APPROVED,
INECTICIDE,Huile d’essence d’orange,600 g /L,EC,OLEORA EC,I.04-23,BIOPROTECTION,UPL,2024,NOT_FOUND_OR_NEEDS_MANUAL_REVIEW,0,Huile d’essence d’orange,,Huile d’essence d’orange:NOT_IN_EU_LIST,
INECTICIDE,Huile de paraffine,800 g/l,EC,OVIPRON TOP,I.003-22,BIOPROTECTION,UPL,2024,NOT_FOUND_OR_NEEDS_MANUAL_REVIEW,0,Huile de paraffine,,Huile de paraffine:NOT_IN_EU_LIST,
INECTICIDE,H uile de paraffinique,79 %,EC,LAINCOIL EC,I.033-22,FERTITECH,LAINCO,2024,NOT_FOUND_OR_NEEDS_MANUAL_REVIEW,0,H uile de paraffinique,,H uile de paraffinique:NOT_IN_EU_LIST,
INECTICIDE,H uile de paraffinique,79 %,EC,OLEO CA P EC,I.047-22,NEGANOR,LAINCO,2024,NOT_FOUND_OR_NEEDS_MANUAL_REVIEW,0,H uile de paraffinique,,H uile de paraffinique:NOT_IN_EU_LIST,
INECTICIDE,H uile de paraffinique,830g/l,EC,AGROIL BLEU EC,I.034-22,PROMOCHIMIE,SIPCAM INAGRA,2024,NOT_FOUND_OR_NEEDS_MANUAL_REVIEW,0,H uile de paraffinique,,H uile de paraffinique:NOT_IN_EU_LIST,
INECTICIDE,Huile minérale,8 5 0 g / L,E C,SunOIL,I.008-13/23,AGRIMATCO,PETRONAS LUBRICANTS BELGIUM NV,2024,NOT_FOUND_OR_NEEDS_MANUAL_REVIEW,0,Huile minérale,,Huile minérale:NOT_IN_EU_LIST,
INECTICIDE,Huile minérale,8 1 7 g / L,E C,Oviphyt,I.127-11/21,ATLAS INDUSTRIE,COMPTOIR COMMERCIAL DES LUBRIFIANTS/S ANGOSSE,2024,NOT_FOUND_OR_NEEDS_MANUAL_REVIEW,0,Huile minérale,,Huile minérale:NOT_IN_EU_LIST,
INECTICIDE,Huile minérale,8 5 0 g / L,E C,Citrole,I.076-11/21,EL MOUSSEM AGRICOLE,TotalEnergies Fluides,2024,NOT_FOUND_OR_NEEDS_MANUAL_REVIEW,0,Huile minérale,,Huile minérale:NOT_IN_EU_LIST,
INECTICIDE,Huile minérale,850 g/L,E C,L U M I E R E E C,I . 5 0 - 2 3,COTUGRAIN,TotalEnergies Fluides A travers KOPPERT,2024,NOT_FOUND_OR_NEEDS_MANUAL_REVIEW,0,Huile minérale,,Huile minérale:NOT_IN_EU_LIST,
INECTICIDE,Huile minérale,8 3 0 g / l,E C,Insecticida KEY,I.001-14/24,ETS MEZGHANI,IndustrialQuimica Key,2024,NOT_FOUND_OR_NEEDS_MANUAL_REVIEW,0,Huile minérale,,Huile minérale:NOT_IN_EU_LIST,
INECTICIDE,Huile minérale,8 5 0 g / L,E C,PetrOil,I005-17,SOCOOPEC,PETRONAS LUBRICANTS,2024,NOT_FOUND_OR_NEEDS_MANUAL_REVIEW,0,Huile minérale,,Huile minérale:NOT_IN_EU_LIST,
INECTICIDE,Huile minérale,8 5 0 g / L,E C,Plant oil,I.149-11/21,STE EL KHADRA,INDUSTRIAS AFRAZA/ALBAU GH EUROPE SARL,2024,NOT_FOUND_OR_NEEDS_MANUAL_REVIEW,0,Huile minérale,,Huile minérale:NOT_IN_EU_LIST,
INECTICIDE,Indoxacarb,150 g/l,SC,PIXEL SC,I.043-22,FERTITECH,TOPAGRO BIOSCIENCE,2024,CONTAINS_NOT_APPROVED_SUBSTANCE_IN_EU,1,Indoxacarb,Indoxacarb,Indoxacarb:EU_NOT_APPROVED,
INECTICIDE,Indoxacarb,150 g/l,SC,P OTER,I.07-23,PROTAGRI,NANJING AGROCHEMICA L,2024,CONTAINS_NOT_APPROVED_SUBSTANCE_IN_EU,1,Indoxacarb,Indoxacarb,Indoxacarb:EU_NOT_APPROVED,
INECTICIDE,I ndoxacarb,30 %,WDG,INDOXAL XTRA W DG,I.15-23,AGRINOVA,AGROBEATS TECH CHINE,2024,NOT_FOUND_OR_NEEDS_MANUAL_REVIEW,0,I ndoxacarb,,I ndoxacarb:NOT_IN_EU_LIST,
INECTICIDE,I ndoxacarb,30 %,WDG,V EROX WDG,I.08-24,SANABEL AGRO,AGROBEATS TECH CHINE,2024,NOT_FOUND_OR_NEEDS_MANUAL_REVIEW,0,I ndoxacarb,,I ndoxacarb:NOT_IN_EU_LIST,
INECTICIDE,Indoxacarbe,150 g/l,SC,OXAL SC,I.035-22,NEGANOR,Jingboagrochemica ls technologie,2024,CONTAINS_NOT_APPROVED_SUBSTANCE_IN_EU,1,Indoxacarbe,Indoxacarb,Indoxacarbe:EU_NOT_APPROVED,
INECTICIDE,Indoxacarbe,150 g/l,SC,INDO SUPER SC,I.039-22,Sté ELKHADRA,NINGBO SUNJOY AGROSCIENCE CO .LTD/cropidea,2024,CONTAINS_NOT_APPROVED_SUBSTANCE_IN_EU,1,Indoxacarbe,Indoxacarb,Indoxacarbe:EU_NOT_APPROVED,
INECTICIDE,Indoxacarbe,30%,WG,V IRTUOZ WG,I.52-23,NEGANOR,,2024,CONTAINS_NOT_APPROVED_SUBSTANCE_IN_EU,1,Indoxacarbe,Indoxacarb,Indoxacarbe:EU_NOT_APPROVED,
INECTICIDE,Indoxacarbe,30%,WG,HoproleXtra,I.040-22,UNIAGRO,Shandong weifang rainbow chemical0,2024,CONTAINS_NOT_APPROVED_SUBSTANCE_IN_EU,1,Indoxacarbe,Indoxacarb,Indoxacarbe:EU_NOT_APPROVED,
INECTICIDE,Indoxacarbe,30%,WG,J OKARI 30WG,I.37-23,SEPCM,AAKO,2024,CONTAINS_NOT_APPROVED_SUBSTANCE_IN_EU,1,Indoxacarbe,Indoxacarb,Indoxacarbe:EU_NOT_APPROVED,
INECTICIDE,Indoxacarbe,150 g/L,SC,TALENT 150 SC,I.016-18,Ets MEZGHANI,,2024,CONTAINS_NOT_APPROVED_SUBSTANCE_IN_EU,1,Indoxacarbe,Indoxacarb,Indoxacarbe:EU_NOT_APPROVED,
INECTICIDE,Indoxacarbe,150 g/L,SC,Amiral,I.087-11/21,EL MOUSSEM AGRICOLE,PARIJAT INDUSTR./ariestas,2024,CONTAINS_NOT_APPROVED_SUBSTANCE_IN_EU,1,Indoxacarbe,Indoxacarb,Indoxacarbe:EU_NOT_APPROVED,
INECTICIDE,Indoxacarbe,150 g/L,SC,G ENERAL SC,I.045-22,RAYEN,,2024,CONTAINS_NOT_APPROVED_SUBSTANCE_IN_EU,1,Indoxacarbe,Indoxacarb,Indoxacarbe:EU_NOT_APPROVED,
INECTICIDE,Indoxacarbe,150 g/L,EC,AVATAR EC,I.023-22,ATLAS AGRICOLE,DU PONT/FMC,2024,CONTAINS_NOT_APPROVED_SUBSTANCE_IN_EU,1,Indoxacarbe,Indoxacarb,Indoxacarbe:EU_NOT_APPROVED,
INECTICIDE,Indoxacarbe,150 g/L,EC,Avaunt,I.089-11/21,SEPCM,DU PONT/FMC,2024,CONTAINS_NOT_APPROVED_SUBSTANCE_IN_EU,1,Indoxacarbe,Indoxacarb,Indoxacarbe:EU_NOT_APPROVED,
INECTICIDE,Indoxacarbe,150 g/l,SC,STARCARB,I.021-22,SSCC,,2024,CONTAINS_NOT_APPROVED_SUBSTANCE_IN_EU,1,Indoxacarbe,Indoxacarb,Indoxacarbe:EU_NOT_APPROVED,
INECTICIDE,Indoxacarbe,15%,SC,GENERAL SR/Changement Nom COMMercial,I.21-23,ATLAS AGRICOLE,GHARDA HOUSE INDE,2024,CONTAINS_NOT_APPROVED_SUBSTANCE_IN_EU,1,Indoxacarbe,Indoxacarb,Indoxacarbe:EU_NOT_APPROVED,
INECTICIDE,Lambda-cyhalothrin,50 g/l,EC,LASTING EC,I.08-23,UNIAGRO,,2024,ALL_SUBSTANCES_APPROVED_IN_EU,1,Lambda-cyhalothrin,lambda-Cyhalothrin,Lambda-cyhalothrin:EU_APPROVED,
INECTICIDE,Lambda-cyhalothrin,50 g/l,EC,LATHRIN EC,I.14-24,PLANETE VERTE,,2024,ALL_SUBSTANCES_APPROVED_IN_EU,1,Lambda-cyhalothrin,lambda-Cyhalothrin,Lambda-cyhalothrin:EU_APPROVED,
INECTICIDE,Lambda-cyhalothrine,100 g/l,SC,BREAK ME SC SR/ Changement Nom COMMBreak thru,I .28-23,EL KHADRA,AUGUST inc/CORPORATE,2024,ALL_SUBSTANCES_APPROVED_IN_EU,1,Lambda-cyhalothrine,lambda-Cyhalothrin,Lambda-cyhalothrine:EU_APPROVED,
INECTICIDE,Indoxacarbe,150 g/L,SC,Vaulent,I.086-11/21,TASMID,ASTRACHEM,2024,CONTAINS_NOT_APPROVED_SUBSTANCE_IN_EU,1,Indoxacarbe,Indoxacarb,Indoxacarbe:EU_NOT_APPROVED,
INECTICIDE,Lambada cyhalothrine,5%,EG,Kempo EG,I. 14-21,BIOPROTECTION,,2024,CONTAINS_NOT_APPROVED_SUBSTANCE_IN_EU,1,Lambada cyhalothrine,Cyhalothrin,Lambada cyhalothrine:EU_NOT_APPROVED,
INECTICIDE,Lambada cyhalothrine,5%,EG,KAISO 5%,I. 014.-17,EL MOUSSEM,NUFARM,2024,CONTAINS_NOT_APPROVED_SUBSTANCE_IN_EU,1,Lambada cyhalothrine,Cyhalothrin,Lambada cyhalothrine:EU_NOT_APPROVED,
INECTICIDE,Lambda cyhalothrin,"2,50%",WDG,JUDO,I. 013-17,STIMA,Sharda,2024,CONTAINS_NOT_APPROVED_SUBSTANCE_IN_EU,1,Lambda cyhalothrin,Cyhalothrin,Lambda cyhalothrin:EU_NOT_APPROVED,
INECTICIDE,Lambda cyhalothrin,"2,50%",WDG,INDIGO WDG,I. 15-21,AGRIMED DISTRIBUTION,Sharda,2024,CONTAINS_NOT_APPROVED_SUBSTANCE_IN_EU,1,Lambda cyhalothrin,Cyhalothrin,Lambda cyhalothrin:EU_NOT_APPROVED,
INECTICIDE,Lambda-cyhalothrin,25 g/l,EC,KEYLAM EC,I.003-18,EtsMezghanni,Industrialquimica Key,2024,ALL_SUBSTANCES_APPROVED_IN_EU,1,Lambda-cyhalothrin,lambda-Cyhalothrin,Lambda-cyhalothrin:EU_APPROVED,
INECTICIDE,Lambda-cyhalothrine,0.4 %,GR,POINTER GEO GR,I.07-21,AGRIPROTEC,SIPCAM INAGRA,2024,ALL_SUBSTANCES_APPROVED_IN_EU,1,Lambda-cyhalothrine,lambda-Cyhalothrin,Lambda-cyhalothrine:EU_APPROVED,
INECTICIDE,Lambda-cyhalothrine,0.4 %,GR,TRIKA EXPERT GR,I.06-21,PROMOCHIMIE,SIPCAM INAGRA,2024,ALL_SUBSTANCES_APPROVED_IN_EU,1,Lambda-cyhalothrine,lambda-Cyhalothrin,Lambda-cyhalothrine:EU_APPROVED,
INECTICIDE,Lambda-cyhalothrine,10g/l,CS,LAMBDATROL,I.007-18,AGRIPROTEC,,2024,ALL_SUBSTANCES_APPROVED_IN_EU,1,Lambda-cyhalothrine,lambda-Cyhalothrin,Lambda-cyhalothrine:EU_APPROVED,
INECTICIDE,Lambda-cyhalothrine,100g/l,CS,POINTER100 CS,I.002-17,promochimie,SIPCAM INAGRA,2024,ALL_SUBSTANCES_APPROVED_IN_EU,1,Lambda-cyhalothrine,lambda-Cyhalothrin,Lambda-cyhalothrine:EU_APPROVED,
INECTICIDE,Lambda-cyhalothrine,25 g/l,EC,Pulsar,I.168-11/21,PROTAGRI,United Phosphous Ltd,2024,ALL_SUBSTANCES_APPROVED_IN_EU,1,Lambda-cyhalothrine,lambda-Cyhalothrin,Lambda-cyhalothrine:EU_APPROVED,
INECTICIDE,Lambda-cyhalothrine,5 0 g / L,EC,Ravane,I.091-11/21,AGROSYSTEMES,,2024,ALL_SUBSTANCES_APPROVED_IN_EU,1,Lambda-cyhalothrine,lambda-Cyhalothrin,Lambda-cyhalothrine:EU_APPROVED,
INECTICIDE,Lambda-cyhalothrine,5 0 g / L,EC,Markate,I.016-15,AMINCO,,2024,ALL_SUBSTANCES_APPROVED_IN_EU,1,Lambda-cyhalothrine,lambda-Cyhalothrin,Lambda-cyhalothrine:EU_APPROVED,
INECTICIDE,Lambda-cyhalothrine,5 0 g / L,EC,Expert,I.007-15,SANABEL AGRO,,2024,ALL_SUBSTANCES_APPROVED_IN_EU,1,Lambda-cyhalothrine,lambda-Cyhalothrin,Lambda-cyhalothrine:EU_APPROVED,
INECTICIDE,Lambda-cyhalothrine,5 0 g / L,EC,lalione EC,I.16-21,deltaagicole plus,SHARDA WORLDWIDE,2024,ALL_SUBSTANCES_APPROVED_IN_EU,1,Lambda-cyhalothrine,lambda-Cyhalothrin,Lambda-cyhalothrine:EU_APPROVED,
INECTICIDE,Lambda-cyhalothrine,5 0 g / L,EC,Jackpot,16-013I.,SANABEL AGRO,,2024,ALL_SUBSTANCES_APPROVED_IN_EU,1,Lambda-cyhalothrine,lambda-Cyhalothrin,Lambda-cyhalothrine:EU_APPROVED,
INECTICIDE,Lambda-cyhalothrine,1 0 0 g / L,C S,K ung Fu,I.005-18,SOLAGRI,SYNGENTA,2024,ALL_SUBSTANCES_APPROVED_IN_EU,1,Lambda-cyhalothrine,lambda-Cyhalothrin,Lambda-cyhalothrine:EU_APPROVED,
INECTICIDE,Manipropamide +Oxychlorure de cuivre,2.5%+13.95%,WG,REVUS C,F .05-23,BIOPROTECTION,SYNGENTA,2024,NOT_FOUND_OR_NEEDS_MANUAL_REVIEW,0,Manipropamide +Oxychlorure de cuivre,,Manipropamide +Oxychlorure de cuivre:NOT_IN_EU_LIST,
INECTICIDE,Metaflumizone,240 g/l,SC,VERSIMO 240 SC,I.13-21,AGRIPROTEC,BASF,2024,CONTAINS_NOT_APPROVED_SUBSTANCE_IN_EU,1,Metaflumizone,Metaflumizone,Metaflumizone:EU_NOT_APPROVED,
INECTICIDE,metarhiziumrileyi strain,PHP1705:1x108 CFU/g (1.0 W/W %),SC,N omu-Protec,I.48-23,ALOHA,ANDERMATT PHP (Pty) AFRIQUE DE SUD,2024,NOT_FOUND_OR_NEEDS_MANUAL_REVIEW,0,metarhiziumrileyi strain,,metarhiziumrileyi strain:NOT_IN_EU_LIST,
INECTICIDE,Métam sodium,5 1 0 g / L,S L,Fumical,IN.098-11/21,BIOPROTECTION,UPL/ARYSTA LIFESCIENCE,2024,ALL_SUBSTANCES_APPROVED_IN_EU,1,Métam sodium,Metam (incl. -potassium and -sodium),Métam sodium:EU_APPROVED,
INECTICIDE,Methoxyfenozide,240 g/l,SC,Runner,I.019-16,PROMOCHIMIE,DOW AGROSCIENCES,2024,CONTAINS_NOT_APPROVED_SUBSTANCE_IN_EU,1,Methoxyfenozide,Methoxyfenozide,Methoxyfenozide:EU_NOT_APPROVED,
INECTICIDE,Milbemectin,10 g/L,EC,Milbeknock,IA.103-11/21,AGRIPROTEC,"Mitsui Chemicals Agro,Inc/summit agro",2024,ALL_SUBSTANCES_APPROVED_IN_EU,1,Milbemectin,Milbemectin,Milbemectin:EU_APPROVED,
INECTICIDE,Natural Pyrethrin,20 g/l,EC,P ULSEI EC,I.24-23,COTUGRAIN,SPEISA SA ESPAGNE,2024,NOT_FOUND_OR_NEEDS_MANUAL_REVIEW,0,Natural Pyrethrin,,Natural Pyrethrin:NOT_IN_EU_LIST,
INECTICIDE,Oxamyl,100 g/l,SL,Vydate 10 L,128-11/21 I.,AGRIPROTEC,,2024,CONTAINS_NOT_APPROVED_SUBSTANCE_IN_EU,1,Oxamyl,Oxamyl,Oxamyl:EU_NOT_APPROVED,
INECTICIDE,Pyriproxyfen,100 g/l,EC,L YNO EC,I.27-23,PROTAGRI,NANJING CHINE(dis)/jiangs u (fab),2024,ALL_SUBSTANCES_APPROVED_IN_EU,1,Pyriproxyfen,Pyriproxyfen,Pyriproxyfen:EU_APPROVED,
INECTICIDE,Pyriproxifene,50 cc/hl,EC,DRASSEN,I.06-23,AGRONOMIC LAND,jiangsukuaida/shan ghai shengnong pesticide,2024,CONTAINS_NOT_APPROVED_SUBSTANCE_IN_EU,1,Pyriproxifene,FEN 560 (Fenugreek seed powder),Pyriproxifene:EU_NOT_APPROVED,
INECTICIDE,Phosmet,50%,WP,Imidan 50 A,I.152-11/21,AGRIPROTEC,GOWA&N/Espagn e,2024,CONTAINS_NOT_APPROVED_SUBSTANCE_IN_EU,1,Phosmet,Phosmet,Phosmet:EU_NOT_APPROVED,
INECTICIDE,Phosmet,50%,WP,Foslete 50,I.011-13/23,EL KHADHRA,SIPCAM INAGRA,2024,CONTAINS_NOT_APPROVED_SUBSTANCE_IN_EU,1,Phosmet,Phosmet,Phosmet:EU_NOT_APPROVED,
INECTICIDE,Phosphure d’Al.,"77,50%",ET,Quickphlo-R,I.153-11/21,PROTAGRI,UNITED PHOSPHORUS LTD,2024,NOT_FOUND_OR_NEEDS_MANUAL_REVIEW,0,Phosphure d’Al.,,Phosphure d’Al.:NOT_IN_EU_LIST,
INECTICIDE,Phosphure d’Al. +Phosphure d’Hy.,57 % +33%,FU,Quickphos,I.154-11/21,PROTAGRI,,2024,NOT_FOUND_OR_NEEDS_MANUAL_REVIEW,0,Phosphure d’Al. +Phosphure d’Hy.,,Phosphure d’Al. +Phosphure d’Hy.:NOT_IN_EU_LIST,
INECTICIDE,Phosphure d’Al. +Phosphure d’Hy.,57 % +33%,ET,Detia Gas,I.142-11/21,STIMA,DETIA DEGUECH,2024,NOT_FOUND_OR_NEEDS_MANUAL_REVIEW,0,Phosphure d’Al. +Phosphure d’Hy.,,Phosphure d’Al. +Phosphure d’Hy.:NOT_IN_EU_LIST,
INECTICIDE,Phosphure de Magnésium +Phosphure d’Hy.,57%+33%,PL,Magnaphos,I.171-11/21,PROTAGRI,UNITED PHOSPHORUS LTD,2024,NOT_FOUND_OR_NEEDS_MANUAL_REVIEW,0,Phosphure de Magnésium +Phosphure d’Hy.,,Phosphure de Magnésium +Phosphure d’Hy.:NOT_IN_EU_LIST,
INECTICIDE,Phosphure de Magnésium +Phosphure d’Hy.,57%+33%,PL,Deguech plate,I.143-11/21,STIMA,DETIA DEGUECH,2024,NOT_FOUND_OR_NEEDS_MANUAL_REVIEW,0,Phosphure de Magnésium +Phosphure d’Hy.,,Phosphure de Magnésium +Phosphure d’Hy.:NOT_IN_EU_LIST,
INECTICIDE,Pyradaben,200 g/kg,WP,R HAMSES 20 WP,I.34-23,PLANETE VERTE,ASTRANOVA,2024,NOT_FOUND_OR_NEEDS_MANUAL_REVIEW,0,Pyradaben,,Pyradaben:NOT_IN_EU_LIST,
INECTICIDE,Pyréthrine,40g/l,EC,ABANTO 40 EC,I.008-19,EL KHADRA,INDUSTRIAS AFRAZA/ALBAU GH EUROPE SARL,2024,NOT_FOUND_OR_NEEDS_MANUAL_REVIEW,0,Pyréthrine,,Pyréthrine:NOT_IN_EU_LIST,
INECTICIDE,Pyrethrines,40 g/l,EC,K RISANT EC,I.31-23,PROMOCHIMIE,SIPCAM INGRA ESPAGNE,2024,NOT_FOUND_OR_NEEDS_MANUAL_REVIEW,0,Pyrethrines,,Pyrethrines:NOT_IN_EU_LIST,
INECTICIDE,Pyrethrins,20 g/l,EC,PIRECRIS,I.008-22,ATLAS AGRICOLE,SeipasaS.A,2024,ALL_SUBSTANCES_APPROVED_IN_EU,1,Pyrethrins,Pyrethrins,Pyrethrins:EU_APPROVED,
INECTICIDE,Pyrethrins,"18, 61 g/l",EC,Piretro Verde,I. 012-17,STIMA,COPYR S.p.A,2024,ALL_SUBSTANCES_APPROVED_IN_EU,1,Pyrethrins,Pyrethrins,Pyrethrins:EU_APPROVED,
INECTICIDE,Pyridalyl,500 g/l,EC,Sumipleo50EC,I.015-16,AGRIMATCO,SUMITOMO,2024,CONTAINS_NOT_APPROVED_SUBSTANCE_IN_EU,1,Pyridalyl,Pyridalyl,Pyridalyl:EU_NOT_APPROVED,
INECTICIDE,Pyrifluquinazon,20%,SC,RYCAR SC,I.007-22,EL KHADRA,SIPCAM INAGRAS,2024,CONTAINS_NOT_APPROVED_SUBSTANCE_IN_EU,1,Pyrifluquinazon,Pyrifluquinazon,Pyrifluquinazon:EU_NOT_APPROVED,
INECTICIDE,Pyrimicarbe,5 0 %,WG,y,I.110-11/21,AGROSYSTEMES,GLOBACHEM,2024,NOT_FOUND_OR_NEEDS_MANUAL_REVIEW,0,Pyrimicarbe,,Pyrimicarbe:NOT_IN_EU_LIST,
INECTICIDE,Pyrimicarbe,5 0 %,WG,Tornado,I.017-15,AMINCO,GLOBACHEM,2024,NOT_FOUND_OR_NEEDS_MANUAL_REVIEW,0,Pyrimicarbe,,Pyrimicarbe:NOT_IN_EU_LIST,
INECTICIDE,PYRIMIPHOS METHYL,500 g/l,EC,ACTELIC EC,I.02-24 Restriction d'usage: utilisation uniquement pour les sociétés productrices des semences,AGRIPROTEC,SYNGENTA,2024,NOT_FOUND_OR_NEEDS_MANUAL_REVIEW,0,PYRIMIPHOS METHYL,,PYRIMIPHOS METHYL:NOT_IN_EU_LIST,
INECTICIDE,Pyriproxyfen,100 g/l,EC,MAGIC EC,I.009-22,Fertitech,HANGZHOU TOPAGRO BIOSCIENCE,2024,ALL_SUBSTANCES_APPROVED_IN_EU,1,Pyriproxyfen,Pyriproxyfen,Pyriproxyfen:EU_APPROVED,
INECTICIDE,Pyriproxyfene,100 g/l,EC,MULIGAN,I.001-18,AGRIPROTEC,PROPLAN/QUME,2024,ALL_SUBSTANCES_APPROVED_IN_EU,1,Pyriproxyfene,Pyriproxyfen,Pyriproxyfene:EU_APPROVED,
INECTICIDE,Pyriproxyfene,100 g/l,EC,PROXIMO EC,I.002-18,EL KHADRA,INDUSTRIAS,2024,ALL_SUBSTANCES_APPROVED_IN_EU,1,Pyriproxyfene,Pyriproxyfen,Pyriproxyfene:EU_APPROVED,
INECTICIDE,Pyriproxyfene,100g/l,EC,BRAI EC,I.006-19,RAYEN PHYTAGRI,LAINCO SA,2024,ALL_SUBSTANCES_APPROVED_IN_EU,1,Pyriproxyfene,Pyriproxyfen,Pyriproxyfene:EU_APPROVED,
INECTICIDE,P yriproxyfene,100g/l,EC,PROXYG OLD EC,I.044-22,NEGANOR,LAINCO SA,2024,CONTAINS_NOT_APPROVED_SUBSTANCE_IN_EU,1,P yriproxyfene,FEN 560 (Fenugreek seed powder),P yriproxyfene:EU_NOT_APPROVED,
INECTICIDE,Spinetoram,120 g/l,SC,Radiant 120 SC,I.001-15,ATLAS AGRICOLE,DOW AGROSCIENCE,2024,CONTAINS_NOT_APPROVED_SUBSTANCE_IN_EU,1,Spinetoram,Spinetoram,Spinetoram:EU_NOT_APPROVED,
INECTICIDE,Spinetoram + Methoxyfenozide,60g/l+300g/l,SC,U PHOLD SC,I.36-23,ATLAS AGRICOLE,CORTIVA,2024,CONTAINS_NOT_APPROVED_SUBSTANCE_IN_EU,1,Spinetoram + Methoxyfenozide,Spinetoram,Spinetoram + Methoxyfenozide:EU_NOT_APPROVED,
INECTICIDE,Spinosade,480 g/l,SC,SPINO 480 SC,I.017-22,EL KHADRA,"BAICO BIOTECH CO,LTD/",2024,ALL_SUBSTANCES_APPROVED_IN_EU,1,Spinosade,Spinosad,Spinosade:EU_APPROVED,
INECTICIDE,Spinosade,480 g/l,SC,Spanvic,I.13-23,UNIAGRO,,2024,ALL_SUBSTANCES_APPROVED_IN_EU,1,Spinosade,Spinosad,Spinosade:EU_APPROVED,
INECTICIDE,Spinosade,480 g/l,SC,SPINOR 480 SC,I.12-24,PLANETE VERTE,,2024,ALL_SUBSTANCES_APPROVED_IN_EU,1,Spinosade,Spinosad,Spinosade:EU_APPROVED,
INECTICIDE,Spinosade,240 g/L,SC,LASER 240 SC,I.010-13/23,ATLAS AGRICOLE,DOW AGROSCIENCE/c ortevaagriscience,2024,ALL_SUBSTANCES_APPROVED_IN_EU,1,Spinosade,Spinosad,Spinosade:EU_APPROVED,
INECTICIDE,Spinosade,"0,24 g/L",CB,Spintor,I.007-14/24,ATLAS AGRICOLE,DOW AGROSCIENCE,2024,ALL_SUBSTANCES_APPROVED_IN_EU,1,Spinosade,Spinosad,Spinosade:EU_APPROVED,
INECTICIDE,Spinosade,480 g/l,SC,SPINOBEST,I.53-23,TASMID,"BAICO BIOTECH CO,LTD/",2024,ALL_SUBSTANCES_APPROVED_IN_EU,1,Spinosade,Spinosad,Spinosade:EU_APPROVED,
INECTICIDE,Spinosad,10%,SC,SUCCESS SC,I.16-23,PROTAGRI,NANJING AGROHEMICAL CHINE,2024,ALL_SUBSTANCES_APPROVED_IN_EU,1,Spinosad,Spinosad,Spinosad:EU_APPROVED,
INECTICIDE,Spirodiclofen,24%,SC,SPIRIDOR 240 SC,I.01-21,SHARDA CROPCHEM Tunisie,SHARDA CROPCHEM,2024,CONTAINS_NOT_APPROVED_SUBSTANCE_IN_EU,1,Spirodiclofen,Spirodiclofen,Spirodiclofen:EU_NOT_APPROVED,
INECTICIDE,Spiropidion,300g/l,SC,ELESTAL300 SC,I . 0 1 - 2 3,B I O P R O T E C T I O N,S Y N G E N T A,2024,NOT_FOUND_OR_NEEDS_MANUAL_REVIEW,0,Spiropidion,,Spiropidion:NOT_IN_EU_LIST,
INECTICIDE,Spirodiclofen,24%,SC,SPIDER EXTRA SC,I.026-22,SANABEL AGRO,SHARDA CROPCHEM,2024,CONTAINS_NOT_APPROVED_SUBSTANCE_IN_EU,1,Spirodiclofen,Spirodiclofen,Spirodiclofen:EU_NOT_APPROVED,
INECTICIDE,Spirodiclofen,240 g/L,SC,Bolido 240 SC,IA.114-11/21,PROMOCHIMIE,BAYER CROPSCIENCE/G OWAN,2024,CONTAINS_NOT_APPROVED_SUBSTANCE_IN_EU,1,Spirodiclofen,Spirodiclofen,Spirodiclofen:EU_NOT_APPROVED,
INECTICIDE,Spirodiclofen,240 g/L,SC,Envidor,IA.115-11/21,STEC,BAYER CROPSCIENCE/g owan,2024,CONTAINS_NOT_APPROVED_SUBSTANCE_IN_EU,1,Spirodiclofen,Spirodiclofen,Spirodiclofen:EU_NOT_APPROVED,
INECTICIDE,Spirodiclofen,240 g/l,SC,ASKARI 240 SC,I.002-22,SEPCM,AAKO,2024,CONTAINS_NOT_APPROVED_SUBSTANCE_IN_EU,1,Spirodiclofen,Spirodiclofen,Spirodiclofen:EU_NOT_APPROVED,
INECTICIDE,Spirodiclofen,240 g/l,SC,ACAROS SC,I.012-22,STEC,Shandong Kangqiao NANJING Agrochemical,2024,CONTAINS_NOT_APPROVED_SUBSTANCE_IN_EU,1,Spirodiclofen,Spirodiclofen,Spirodiclofen:EU_NOT_APPROVED,
INECTICIDE,Spirodiclofen,240 g/l,SC,SPIROFEN,01-24.I,Ste ELKHADRA,EASTCHEM CO.Ltd,2024,CONTAINS_NOT_APPROVED_SUBSTANCE_IN_EU,1,Spirodiclofen,Spirodiclofen,Spirodiclofen:EU_NOT_APPROVED,
INECTICIDE,Spiromesifen,240 g/L,SC,Oberon 240 SC,IA.116-11/21,ATLAS AGRICOLE,BAYER CROPSCIENCE,2024,CONTAINS_NOT_APPROVED_SUBSTANCE_IN_EU,1,Spiromesifen,Spiromesifen,Spiromesifen:EU_NOT_APPROVED,
INECTICIDE,Spirotetramat,150 g/L,OD,Movento 150 OD,I.117-11/21,ATLAS AGRICOLE,BAYER CROPSCIENCE,2024,CONTAINS_NOT_APPROVED_SUBSTANCE_IN_EU,1,Spirotetramat,Spirotetramat,Spirotetramat:EU_NOT_APPROVED,
INECTICIDE,Spirotetramat,240g/l,SC,Natramat 240SC,I.02-23,AGRIPROTEC,Jiangsu United Agrochemical,2024,CONTAINS_NOT_APPROVED_SUBSTANCE_IN_EU,1,Spirotetramat,Spirotetramat,Spirotetramat:EU_NOT_APPROVED,
INECTICIDE,S pirotetramat,22.4%,SC,M AGNUS SC,I.29-23,STEC,AAKO,2024,NOT_FOUND_OR_NEEDS_MANUAL_REVIEW,0,S pirotetramat,,S pirotetramat:NOT_IN_EU_LIST,
INECTICIDE,Spinetoram + Sulfoxaflor(Isoclast TM active),100g/kg+300g/k g,WG,FIDELITY WG,I.32-23,SEPCM,CORTEVA,2024,CONTAINS_NOT_APPROVED_SUBSTANCE_IN_EU,1,Spinetoram + Sulfoxaflor(Isoclast TM active),Spinetoram,Spinetoram + Sulfoxaflor(Isoclast TM active):EU_NOT_APPROVED,
INECTICIDE,Spinetoram + Sulfoxaflor(Isoclast TM active),5 x 1011 corps viraux/litre,SC,LITTOVIR,I.007-19,ALOHA AGRICULTURE,,2024,CONTAINS_NOT_APPROVED_SUBSTANCE_IN_EU,1,Spinetoram + Sulfoxaflor(Isoclast TM active),Spinetoram,Spinetoram + Sulfoxaflor(Isoclast TM active):EU_NOT_APPROVED,
INECTICIDE,Spores de lecanicillummuscarium souche 1979,48 g/kg,WG,MYCOTAL WG,I.004-18,NUTRIPLANT,,2024,NOT_FOUND_OR_NEEDS_MANUAL_REVIEW,0,Spores de lecanicillummuscarium souche 1979,,Spores de lecanicillummuscarium souche 1979:NOT_IN_EU_LIST,
INECTICIDE,Sulfoxaflor,240 g/l,SC,Closer 240 SC,I.008-15,SEPCM,DOW AGROSCIENCE/c orteva,2024,ALL_SUBSTANCES_APPROVED_IN_EU,1,Sulfoxaflor,Sulfoxaflor,Sulfoxaflor:EU_APPROVED,
INECTICIDE,Sulfoxaflor,240 g/l,SC,TRANSFORM SC,I.55-23,EL BARAKA,DOW AGROSCIENCE/c orteva,2024,ALL_SUBSTANCES_APPROVED_IN_EU,1,Sulfoxaflor,Sulfoxaflor,Sulfoxaflor:EU_APPROVED,
INECTICIDE,Tau-fluvalinate,240 g/L,EW,Mavrik 2 F,I.173-11/21,STEC,AAKO,2024,ALL_SUBSTANCES_APPROVED_IN_EU,1,Tau-fluvalinate,tau-Fluvalinate,Tau-fluvalinate:EU_APPROVED,
INECTICIDE,Tebufenpyrad,20%,WP,MASAI,I.A.007-13/23,AGRIPROTEC,BASF/belchim/Cer atisBelchimN.V,2024,ALL_SUBSTANCES_APPROVED_IN_EU,1,Tebufenpyrad,Tebufenpyrad,Tebufenpyrad:EU_APPROVED,
FONGICIDE,Tefluthrine,"0,50%",GR,VOLTRA 0.5 G,I.005-20,COTUGRAIN,SYNGENTA,2024,ALL_SUBSTANCES_APPROVED_IN_EU,1,Tefluthrine,Tefluthrin,Tefluthrine:EU_APPROVED,
FONGICIDE,Tefluthrine,0.5%,GR,DIASTAR MAXI GR,I.05-21,RAYEN PHYTAGRI,DIACHEM,2024,ALL_SUBSTANCES_APPROVED_IN_EU,1,Tefluthrine,Tefluthrin,Tefluthrine:EU_APPROVED,
FONGICIDE,T olfenpyrade,150 g/l,EC,HACHI-HACHI E C,I.20-23,EL KHADRA,SIPCAM INAGRA,2024,CONTAINS_NOT_APPROVED_SUBSTANCE_IN_EU,1,T olfenpyrade,FEN 560 (Fenugreek seed powder),T olfenpyrade:EU_NOT_APPROVED,
FONGICIDE,Adepidyn+ Difenoconazole,75 g/l+125 g/l,SC,Miravis duo Sc,F.11-21,BIOPROTECTION,SYNGENTA,2024,ALL_SUBSTANCES_APPROVED_IN_EU,1,Adepidyn+ Difenoconazole,Difenoconazole,Adepidyn+ Difenoconazole:EU_APPROVED,
FONGICIDE,Ametoctradin+ Dimethomorph,300 g/L + 225,SC,Orvego,F.002-14/24,AGRIPROTEC,BASF,2024,ALL_SUBSTANCES_APPROVED_IN_EU,1,Ametoctradin+ Dimethomorph,Ametoctradin,Ametoctradin+ Dimethomorph:EU_APPROVED,
FONGICIDE,Ametoctradine,200 g/l,SC,SNOOKER SC,F.003-19,STIMA,BASF,2024,ALL_SUBSTANCES_APPROVED_IN_EU,1,Ametoctradine,Ametoctradin,Ametoctradine:EU_APPROVED,
FONGICIDE,Amisulbrom,200g/l,SC,LEIMAY 20 SC,F.014-17,EL MOUSSEM AGRICOLE,NISSAN CHEMICAL EUROPE SAS/ARYSTA LIFESCIENCES/UPL,2024,ALL_SUBSTANCES_APPROVED_IN_EU,1,Amisulbrom,Amisulbrom,Amisulbrom:EU_APPROVED,
FONGICIDE,Aureobasidiumpullulans DSM 14940 et aureobasidiumpullulans DSM 14941,500g/kg(2.5*109 CFU/g)500g/kg( 2.5*109 CFU/g) ou 50%+50%,WG,BOTECTOR WG,F.22-21,STIMA,BIOFERM/SAN AGROW/autriche,2024,NOT_FOUND_OR_NEEDS_MANUAL_REVIEW,0,Aureobasidiumpullulans DSM 14940 | aureobasidiumpullulans DSM 14941,,Aureobasidiumpullulans DSM 14940:NOT_IN_EU_LIST | aureobasidiumpullulans DSM 14941:NOT_IN_EU_LIST,
FONGICIDE,Azoxystrobine,25%,SC,SORBISTAR,F.040-22,SOCOOPEC,ZHEJIANG E-TONG CHEMICAL,2024,ALL_SUBSTANCES_APPROVED_IN_EU,1,Azoxystrobine,Azoxystrobin,Azoxystrobine:EU_APPROVED,
FONGICIDE,Azoxystrobine,25%,EC,ASTRO EC,F.26-23,TASMID,ZHEJIANG E-TONG CHEMICAL,2024,ALL_SUBSTANCES_APPROVED_IN_EU,1,Azoxystrobine,Azoxystrobin,Azoxystrobine:EU_APPROVED,
FONGICIDE,Azoxystrobine,250 g/l,SC,LEGADO 250 SC,F.014-18,EL KHADRA,INDUSTRIAS AFRAZA/ALBAUGH EUROPE SARL,2024,ALL_SUBSTANCES_APPROVED_IN_EU,1,Azoxystrobine,Azoxystrobin,Azoxystrobine:EU_APPROVED,
FONGICIDE,Azoxystrobine,250 g/l,SC,Azox SC,F.039-17,Ets MEZGHANNI,"JIANGYIN SULI CHEMICAL CO.LTDi,Q,Key",2024,ALL_SUBSTANCES_APPROVED_IN_EU,1,Azoxystrobine,Azoxystrobin,Azoxystrobine:EU_APPROVED,
FONGICIDE,Azoxystrobine,50%,WG,AXYTOP 50WG,F.060-22,EXCEL AGRI,SHARDA,2024,ALL_SUBSTANCES_APPROVED_IN_EU,1,Azoxystrobine,Azoxystrobin,Azoxystrobine:EU_APPROVED,
FONGICIDE,Azoxystrobine,50%,WG,Cayen 500 WG,F.035-16,RAYEN,SHARDA,2024,ALL_SUBSTANCES_APPROVED_IN_EU,1,Azoxystrobine,Azoxystrobin,Azoxystrobine:EU_APPROVED,
FONGICIDE,Azoxystrobine,250 g/l,SC,SINSTAR SC,F.030-17,SANABEL AGRO,SINON CORPORATION,2024,ALL_SUBSTANCES_APPROVED_IN_EU,1,Azoxystrobine,Azoxystrobin,Azoxystrobine:EU_APPROVED,
FONGICIDE,Azoxystrobine,2 5 0 g / L,S C,G l o b a z t a r 2 5 0 S C,F . 0 1 7-13/23,AGROSYSTEMES,Globachem,2024,ALL_SUBSTANCES_APPROVED_IN_EU,1,Azoxystrobine,Azoxystrobin,Azoxystrobine:EU_APPROVED,
FONGICIDE,Azoxystrobine,2 5 0 g / L,S C,Z a f t r a S C,F . 0 3 4-15,AMINCO,Globachem,2024,ALL_SUBSTANCES_APPROVED_IN_EU,1,Azoxystrobine,Azoxystrobin,Azoxystrobine:EU_APPROVED,
FONGICIDE,Azoxystrobine,2 5 0 g / L,S C,a z i m u t S C,F . 4 8 -21,ATLAS AGRICOLE,NUFARM,2024,ALL_SUBSTANCES_APPROVED_IN_EU,1,Azoxystrobine,Azoxystrobin,Azoxystrobine:EU_APPROVED,
FONGICIDE,Azoxystrobine,2 5 0 g / L,S C,T a z e r 2 5 0 S C,F . 0 2 4-15,EL MOUSSEM AGRICOLE,NUFARM,2024,ALL_SUBSTANCES_APPROVED_IN_EU,1,Azoxystrobine,Azoxystrobin,Azoxystrobine:EU_APPROVED,
FONGICIDE,Azoxystrobine,2 5 0 g / L,S C,A f f i x 2 5 0 S C,F . 0 3 0-16,PROTAGRI,UPL,2024,ALL_SUBSTANCES_APPROVED_IN_EU,1,Azoxystrobine,Azoxystrobin,Azoxystrobine:EU_APPROVED,
FONGICIDE,Azoxystrobine,2 5 0 g / L,S C,A r o x y 2 5 0 S C,F . 0 7 4-22,AGRIMATCO,UPL,2024,ALL_SUBSTANCES_APPROVED_IN_EU,1,Azoxystrobine,Azoxystrobin,Azoxystrobine:EU_APPROVED,
FONGICIDE,Azoxystrobine,2 5 0 g / L,S C,H Y D O 2 5 0 S C,F . 3 4 -21,STEC,nanjing agrochemical/JIANGYIN SULI CHEMICAL,2024,ALL_SUBSTANCES_APPROVED_IN_EU,1,Azoxystrobine,Azoxystrobin,Azoxystrobine:EU_APPROVED,
FONGICIDE,Azoxystrobine +Cyproconazole,200g/l + 80 g/l,SC,COUGAR SC,F.016-18,PROTAGRI,UPL LIMITED,2024,ALL_SUBSTANCES_APPROVED_IN_EU,1,Azoxystrobine +Cyproconazole,Azoxystrobin,Azoxystrobine +Cyproconazole:EU_APPROVED,
FONGICIDE,Azoxystrobine +Cyproconazole,200g/l + 80 g/l,SC,DOUBLE FORCE,F. 029-17,SANABEL AGRO,SHARDA,2024,ALL_SUBSTANCES_APPROVED_IN_EU,1,Azoxystrobine +Cyproconazole,Azoxystrobin,Azoxystrobine +Cyproconazole:EU_APPROVED,
FONGICIDE,Azoxystrobine +Difenoconazole,200 g/l+125 g/l,SC,ALLIANCE TOP SC,F.011-22,AGRI PLUS,NANJING AGROCHEMICAL,2024,ALL_SUBSTANCES_APPROVED_IN_EU,1,Azoxystrobine +Difenoconazole,Difenoconazole,Azoxystrobine +Difenoconazole:EU_APPROVED,
FONGICIDE,Azoxystrobine,200 g/l+125 g/l,SC,AMISCORE SC,F.014-22,PROTAGRI,NANJING AGROCHEMICAL,2024,ALL_SUBSTANCES_APPROVED_IN_EU,1,Azoxystrobine,Azoxystrobin,Azoxystrobine:EU_APPROVED,
FONGICIDE,+Difenoconazole,200 g/l+125 g/l,SC,,,,,2024,ALL_SUBSTANCES_APPROVED_IN_EU,1,+Difenoconazole,Difenoconazole,+Difenoconazole:EU_APPROVED,
FONGICIDE,Azoxystrobine +Difeconazole,125 g/l+125 g/l,SC,PRIORI GOLD 250 SC,F.40-21,SOLAGRI,SYNGENTA Crop Protection,2024,ALL_SUBSTANCES_APPROVED_IN_EU,1,Azoxystrobine +Difeconazole,Azoxystrobin,Azoxystrobine +Difeconazole:EU_APPROVED,
FONGICIDE,Azoxystrobine,200 g/l+125 g/l,SC,Black panther SC,F.009-22,FERTITECH,HANGZHOU TOPAGRO BIOSCIENCE,2024,ALL_SUBSTANCES_APPROVED_IN_EU,1,Azoxystrobine,Azoxystrobin,Azoxystrobine:EU_APPROVED,
FONGICIDE,+difenoconazole,200 g/l+125 g/l,SC,,,,,2024,ALL_SUBSTANCES_APPROVED_IN_EU,1,+difenoconazole,Difenoconazole,+difenoconazole:EU_APPROVED,
FONGICIDE,Azoxystrobin + Flutriafol,25%+12.5%,SC,CURAX EXTRA SC,F.009-20,SHARDA CROPCHEM TUNISIE,SHARDA CROPCHEM,2024,ALL_SUBSTANCES_APPROVED_IN_EU,1,Azoxystrobin + Flutriafol,Azoxystrobin,Azoxystrobin + Flutriafol:EU_APPROVED,
FONGICIDE,Azoxystrobin + Flutriafol,25%+12.5%,SC,CURATEX EXTRA SC,F.63-21,AGRIMED DISTRIBUTION,SHARDA CROPCHEM,2024,ALL_SUBSTANCES_APPROVED_IN_EU,1,Azoxystrobin + Flutriafol,Azoxystrobin,Azoxystrobin + Flutriafol:EU_APPROVED,
FONGICIDE,Azoxystrobine +flutriafol,125 g/l+125 g/l,SC,Impact max SC,F.037-22,AGRIPROTEC,Cheminova/FMC,2024,ALL_SUBSTANCES_APPROVED_IN_EU,1,Azoxystrobine +flutriafol,Azoxystrobin,Azoxystrobine +flutriafol:EU_APPROVED,
FONGICIDE,Azoxystrobine +flutriafol,296 g/l+218 g/l,SC,NANOK,F.16-23,AGRIPROTEC,FMC,2024,ALL_SUBSTANCES_APPROVED_IN_EU,1,Azoxystrobine +flutriafol,Azoxystrobin,Azoxystrobine +flutriafol:EU_APPROVED,
FONGICIDE,Azoxystrobine + Tebuconazole,200g/l + 200 g/l,SC,START-UP,F.038-15,BIOPROTECTION,AAKO,2024,ALL_SUBSTANCES_APPROVED_IN_EU,1,Azoxystrobine + Tebuconazole,Azoxystrobin,Azoxystrobine + Tebuconazole:EU_APPROVED,
FONGICIDE,Azoxystrobine + Tebuconazole,80 g/l + 160g/l,SC,Altitud Gold 240SC,F.025-16,SANABEL AGRO,ROTAM,2024,ALL_SUBSTANCES_APPROVED_IN_EU,1,Azoxystrobine + Tebuconazole,Azoxystrobin,Azoxystrobine + Tebuconazole:EU_APPROVED,
FONGICIDE,Azoxystrobine,200 g/L +125 g/L,SC,AZ-TOP SC,F.003-20,SLDA,Sharda cropchemlimited,2024,ALL_SUBSTANCES_APPROVED_IN_EU,1,Azoxystrobine,Azoxystrobin,Azoxystrobine:EU_APPROVED,
FONGICIDE,+Difenoconazole,200 g/L +125 g/L,SC,,,,,2024,ALL_SUBSTANCES_APPROVED_IN_EU,1,+Difenoconazole,Difenoconazole,+Difenoconazole:EU_APPROVED,
FONGICIDE,Azoxystrobine,200 g/L +125 g/L,SC,Ortiva TOP,F.004-18,SLOGRI,SYNGENTA,2024,ALL_SUBSTANCES_APPROVED_IN_EU,1,Azoxystrobine,Azoxystrobin,Azoxystrobine:EU_APPROVED,
FONGICIDE,Azoxystrobine,322 g/l + 124 g/l,SE,UNIFORM 446,F.132-11/21,BIOPROTECTION,SYNGENTA,2024,ALL_SUBSTANCES_APPROVED_IN_EU,1,Azoxystrobine,Azoxystrobin,Azoxystrobine:EU_APPROVED,
FONGICIDE,+Mefenoxam(metalaxyl-M),322 g/l + 124 g/l,SE,,,,,2024,CONTAINS_NOT_APPROVED_SUBSTANCE_IN_EU,1,+Mefenoxam(metalaxyl-M),FEN 560 (Fenugreek seed powder),+Mefenoxam(metalaxyl-M):EU_NOT_APPROVED,
FONGICIDE,Bacillus amyloliquefaciens,1.0 x109 cfu/g de bacillus subtilis QST 713,SC,SERENADE PRIME,F.13-21,EL MOUSSEM,Bayer AG,2024,ALL_SUBSTANCES_APPROVED_IN_EU,1,Bacillus amyloliquefaciens,Bacillus amyloliquefaciens AH2,Bacillus amyloliquefaciens:EU_APPROVED,
FONGICIDE,QST713SCmin,1.0 x109 cfu/g de bacillus subtilis QST 713,SC,,,,,2024,NOT_FOUND_OR_NEEDS_MANUAL_REVIEW,0,QST713SCmin,,QST713SCmin:NOT_IN_EU_LIST,
FONGICIDE,Bacillus subtilis de souche Y 1336,1x109 CFU/g,WP,BIOBAC,F.131-11/21,BIOPROTECTION,BION TECH INC/ AAKO,2024,NOT_FOUND_OR_NEEDS_MANUAL_REVIEW,0,Bacillus subtilis de souche Y 1336,,Bacillus subtilis de souche Y 1336:NOT_IN_EU_LIST,
FONGICIDE,Bacillus amyloliquefaciens souche FZB24:,130 g/kg,WP,Taegro,F.006-22,COTUGRAIN,Novozymesbiologicalsinc/ syngenta,2024,NOT_FOUND_OR_NEEDS_MANUAL_REVIEW,0,Bacillus amyloliquefaciens souche FZB24:,,Bacillus amyloliquefaciens souche FZB24::NOT_IN_EU_LIST,
FONGICIDE,Bacillus subtilis strain IAB/BS03,1x108ufc/g,SL,Fungisei SL,F.008-22,ATLAS AGRICOLE,SEIPASA S A/,2024,MANUAL_REVIEW,2,Bacillus subtilis strain IAB | BS03,Bacillus subtilis strain IAB/BS03 | Bacteriophages against Clavibacter michiganensis subsp. michiganensis (BACMM),Bacillus subtilis strain IAB:EU_APPROVED | BS03:FOUND_UNKNOWN_STATUS,
FONGICIDE,Borax,1 0 g / L,S L,O r o t u n,I . A .F.017-16,RAYEN PHYTAGRI,ORO AGRI,2024,NOT_FOUND_OR_NEEDS_MANUAL_REVIEW,0,Borax,,Borax:NOT_IN_EU_LIST,
FONGICIDE,Boscalid,5 0 %,W G,Cantus WG,F.005-11/21,STIMA,BASF,2024,ALL_SUBSTANCES_APPROVED_IN_EU,1,Boscalid,Boscalid (formerly nicobifen),Boscalid:EU_APPROVED,
FONGICIDE,Boscalid,5 0 %,W G,MASTOR WG,F.47-21,rayenphytagri,BASF,2024,ALL_SUBSTANCES_APPROVED_IN_EU,1,Boscalid,Boscalid (formerly nicobifen),Boscalid:EU_APPROVED,
FONGICIDE,Boscalid +Krésoxym-Methyl,200 g/L +100 g/L,SC,hexagon SC,F.45-21,cotugrain,BASF,2024,ALL_SUBSTANCES_APPROVED_IN_EU,1,Boscalid +Krésoxym-Methyl,Boscalid (formerly nicobifen),Boscalid +Krésoxym-Methyl:EU_APPROVED,
FONGICIDE,Boscalid +Krésoxym-Methyl,200 g/L +100 g/L,SC,Collis 300SC,F.007-11/21,STIMA,BASF,2024,ALL_SUBSTANCES_APPROVED_IN_EU,1,Boscalid +Krésoxym-Methyl,Boscalid (formerly nicobifen),Boscalid +Krésoxym-Methyl:EU_APPROVED,
FONGICIDE,Boscalid +Pyraclostrobin,"25,2 % +12,8%",WG,Pristine WG,F.006-11/21,AGRIPROTEC,BASF,2024,ALL_SUBSTANCES_APPROVED_IN_EU,1,Boscalid +Pyraclostrobin,Boscalid (formerly nicobifen),Boscalid +Pyraclostrobin:EU_APPROVED,
FONGICIDE,Boscalid +Pyraclostrobin,267 g/kg +67 g/kg,WG,Signum WG,015-14/24F.,COTUGRAIN IMPEX,BASF,2024,ALL_SUBSTANCES_APPROVED_IN_EU,1,Boscalid +Pyraclostrobin,Boscalid (formerly nicobifen),Boscalid +Pyraclostrobin:EU_APPROVED,
FONGICIDE,Bromuconazole,100g/l,SC,Vectra 10 SC,F.037-15,STEC,SUMITOMO,2024,ALL_SUBSTANCES_APPROVED_IN_EU,1,Bromuconazole,Bromuconazole,Bromuconazole:EU_APPROVED,
FONGICIDE,Bupirimate,2 5 0 g / L,E C,Nimrod,F.008-11/21,SEPCM,AAKO BV,2024,ALL_SUBSTANCES_APPROVED_IN_EU,1,Bupirimate,Bupirimate,Bupirimate:EU_APPROVED,
FONGICIDE,Captane,80%,WG,CAPITOL 80 WG,F.023-17,EXCEL AGRI,SHARDA,2024,ALL_SUBSTANCES_APPROVED_IN_EU,1,Captane,Captan,Captane:EU_APPROVED,
FONGICIDE,Captane,80%,WG,Malvin80 WG,F.135-11/21,BIOPROTECTION,UPL/ARYSTA LIFESCIENCE,2024,ALL_SUBSTANCES_APPROVED_IN_EU,1,Captane,Captan,Captane:EU_APPROVED,
FONGICIDE,Captane,500 g/kg,WP,PROTHANE,F.020-16,DELTA AGRICOLE PLUS,SHARDA,2024,ALL_SUBSTANCES_APPROVED_IN_EU,1,Captane,Captan,Captane:EU_APPROVED,
FONGICIDE,Captane,80%,WG,MITANE,F.016-16,SOCOOPEC,SHARDA,2024,ALL_SUBSTANCES_APPROVED_IN_EU,1,Captane,Captan,Captane:EU_APPROVED,
FONGICIDE,Captane,480 g/l,EC,CAPLANT EC,F.008-19,FERTIPLANT,Sharda Cropchem Limited,2024,ALL_SUBSTANCES_APPROVED_IN_EU,1,Captane,Captan,Captane:EU_APPROVED,
FONGICIDE,captane,480 g/l,EC,KAPI-TOP 48 EC,F.67-21,Agrinova,SHARDA CROPCHEM,2024,ALL_SUBSTANCES_APPROVED_IN_EU,1,captane,Captan,captane:EU_APPROVED,
FONGICIDE,Captane,8 3 %,W P,FILDER,F.058-22,EL MOUSSEM,ARYSTA LIFESCIENCE/UPL,2024,ALL_SUBSTANCES_APPROVED_IN_EU,1,Captane,Captan,Captane:EU_APPROVED,
FONGICIDE,Captane,8 3 %,W P,Captan 83 WP,F.009-11/21,AGRIPROTEC,ARYSTA LIFESCIENCE/UPL,2024,ALL_SUBSTANCES_APPROVED_IN_EU,1,Captane,Captan,Captane:EU_APPROVED,
FONGICIDE,Captane,8 3 %,W P,Akotan 830 WP,F.010-11/21,SEPCM,AAKO,2024,ALL_SUBSTANCES_APPROVED_IN_EU,1,Captane,Captan,Captane:EU_APPROVED,
FONGICIDE,CINNAMOMUM ZEYLANICUM :Extrait de Cannelle (Cinnamaldehyde),22.03%,EC,Cynam EC,F.004-22,COTUGRAIN,LIDA,2024,NOT_FOUND_OR_NEEDS_MANUAL_REVIEW,0,CINNAMOMUM ZEYLANICUM :Extrait de Cannelle (Cinnamaldehyde),,CINNAMOMUM ZEYLANICUM :Extrait de Cannelle (Cinnamaldehyde):NOT_IN_EU_LIST,
FONGICIDE,Chinozole,500 g/L,SL,Beltanol-L,F.011-11/21,AGRIPROTEC,PROBELTE,2024,NOT_FOUND_OR_NEEDS_MANUAL_REVIEW,0,Chinozole,,Chinozole:NOT_IN_EU_LIST,
FONGICIDE,Chinozole,500 g/L,SL,V-NOL,F.025-18,AGROSYSTEMES,PROBELTE,2024,NOT_FOUND_OR_NEEDS_MANUAL_REVIEW,0,Chinozole,,Chinozole:NOT_IN_EU_LIST,
FONGICIDE,Cuivre,360 g/L,SC,Hydro Flo,F.209-11/21,BIOPROTECTION,NUFARM,2024,NOT_FOUND_OR_NEEDS_MANUAL_REVIEW,0,Cuivre,,Cuivre:NOT_IN_EU_LIST,
FONGICIDE,Cuivre,600 g/l,SC,Siscop 60 SC,F.041-17,SEPCM,AAKO BV,2024,NOT_FOUND_OR_NEEDS_MANUAL_REVIEW,0,Cuivre,,Cuivre:NOT_IN_EU_LIST,
FONGICIDE,Cuivre Métal,35%,WG,AIRONE,F.004-17,AGRIMATCO,ISAGRO/distribute par,2024,NOT_FOUND_OR_NEEDS_MANUAL_REVIEW,0,Cuivre Métal,,Cuivre Métal:NOT_IN_EU_LIST,
FONGICIDE,Cuivre Métal,20%,WP,Comac,F.214-11/21,AGRIPROTEC,NUFARM,2024,NOT_FOUND_OR_NEEDS_MANUAL_REVIEW,0,Cuivre Métal,,Cuivre Métal:NOT_IN_EU_LIST,
FONGICIDE,Cuivre Métal,50%,WP,OSSICLOR 50 PB MANICA,F.015-17,ATLAS AGRICOLE,MANICA Spa,2024,NOT_FOUND_OR_NEEDS_MANUAL_REVIEW,0,Cuivre Métal,,Cuivre Métal:NOT_IN_EU_LIST,
FONGICIDE,Cuivre Métal,20%,WP,Super Bordeaux,F.003-13/23,BIOPROTECTION,NUFARM,2024,NOT_FOUND_OR_NEEDS_MANUAL_REVIEW,0,Cuivre Métal,,Cuivre Métal:NOT_IN_EU_LIST,
FONGICIDE,Cuivre Métal,75%,WG,COBRE NORDOX,F.047-17,COTUGRAIN,NORDOX INDUSTRIER A(fabricant)/S;COMMerci alquimecamasso(four),2024,NOT_FOUND_OR_NEEDS_MANUAL_REVIEW,0,Cuivre Métal,,Cuivre Métal:NOT_IN_EU_LIST,
FONGICIDE,Cuivre Métal,20%,WP,POLTIGLIA 20,F.035-17,ATLAS AGRICOLE,MANICA S.P.A,2024,NOT_FOUND_OR_NEEDS_MANUAL_REVIEW,0,Cuivre Métal,,Cuivre Métal:NOT_IN_EU_LIST,
FONGICIDE,Cuivre Métal,20%,WP,PB,,,,2024,NOT_FOUND_OR_NEEDS_MANUAL_REVIEW,0,Cuivre Métal,,Cuivre Métal:NOT_IN_EU_LIST,
FONGICIDE,Cuivre Métal,20%,WG,Cuperval WG,F.005-13/23,SANABEL AGRO,I.Q.V. DELVALLES,2024,NOT_FOUND_OR_NEEDS_MANUAL_REVIEW,0,Cuivre Métal,,Cuivre Métal:NOT_IN_EU_LIST,
FONGICIDE,Cuivre Métal,20%,WG,Bouillie Bordelaise,F.203-11/21,SEPCM,Cerexagri/UPL Ltd,2024,NOT_FOUND_OR_NEEDS_MANUAL_REVIEW,0,Cuivre Métal,,Cuivre Métal:NOT_IN_EU_LIST,
FONGICIDE,Cuivre Métal,20%,WG,Bordo valles WG,F.154-11/21,SOCOOPEC,I.Q.V. DELVALLES,2024,NOT_FOUND_OR_NEEDS_MANUAL_REVIEW,0,Cuivre Métal,,Cuivre Métal:NOT_IN_EU_LIST,
FONGICIDE,Cuivre Métal,3 5 %,W G,K ocide 2000,F.019-11/21,AGRIPROTEC,MITSUI & Co Ltd/kocide LLC/cosacoLLC(japon),2024,NOT_FOUND_OR_NEEDS_MANUAL_REVIEW,0,Cuivre Métal,,Cuivre Métal:NOT_IN_EU_LIST,
FONGICIDE,Cuivre Métal,5 0 %,W P,C O P S I P,F . 0 1 9 - 1 8,A G R I P R O T E C,SIPCAM INAGRA,2024,NOT_FOUND_OR_NEEDS_MANUAL_REVIEW,0,Cuivre Métal,,Cuivre Métal:NOT_IN_EU_LIST,
FONGICIDE,Cuivre Métal,5 0 %,W P,I n a c o p P M,F . 0 0 3 - 1 4 / 2 4,A T L A S A G R I COLE,SIPCAM INAGRA,2024,NOT_FOUND_OR_NEEDS_MANUAL_REVIEW,0,Cuivre Métal,,Cuivre Métal:NOT_IN_EU_LIST,
FONGICIDE,Cuivre Métal,5 0 %,W P,C o p e z i n e 5 0,F . 0 2 3 - 1 6,E L K H A D R A,SIPCAM QUIMAGRO,2024,NOT_FOUND_OR_NEEDS_MANUAL_REVIEW,0,Cuivre Métal,,Cuivre Métal:NOT_IN_EU_LIST,
FONGICIDE,Cuivre Métal,5 0 %,W P,C o b r e K e y,F . 0 1 8 - 1 1 / 2 1,E T S M E Z G H A NI,INDUSTRI. QUIMICAKEY,2024,NOT_FOUND_OR_NEEDS_MANUAL_REVIEW,0,Cuivre Métal,,Cuivre Métal:NOT_IN_EU_LIST,
FONGICIDE,Cuivre Métal,5 0 %,W P,C u p r e n e,F . 1 6 7 - 1 1 / 2 1,p r o m o c h i m i e,SIPCAM QUIMAGRO,2024,NOT_FOUND_OR_NEEDS_MANUAL_REVIEW,0,Cuivre Métal,,Cuivre Métal:NOT_IN_EU_LIST,
FONGICIDE,Cuivre Métal,5 0 %,W P,R o x o n 5 0,F . 0 0 8 - 1 3 / 2 3,S A N A B E L A G RO,I.Q.V. – Espagne,2024,NOT_FOUND_OR_NEEDS_MANUAL_REVIEW,0,Cuivre Métal,,Cuivre Métal:NOT_IN_EU_LIST,
FONGICIDE,Cuivre Métal,5 0 %,W P,C u p r o c u i v r e,F . 1 5 1 - 1 1 / 2 1,S E P C M,I.Q.V. – Espagne,2024,NOT_FOUND_OR_NEEDS_MANUAL_REVIEW,0,Cuivre Métal,,Cuivre Métal:NOT_IN_EU_LIST,
FONGICIDE,Cuivre Métal,5 0 %,W P,C u r e n o x,F . 1 5 2 - 1 1 / 2 1,S O C O O P E C,I.Q.V. – Espagne,2024,NOT_FOUND_OR_NEEDS_MANUAL_REVIEW,0,Cuivre Métal,,Cuivre Métal:NOT_IN_EU_LIST,
FONGICIDE,Cuivre Métal,5 0 %,W P,H i d r o c o b r e 5 0 valles,F . 1 5 3 - 1 1 / 2 1,S O C O O P E C,IQV DEL VALLES,2024,NOT_FOUND_OR_NEEDS_MANUAL_REVIEW,0,Cuivre Métal,,Cuivre Métal:NOT_IN_EU_LIST,
FONGICIDE,Cuivre Métal,5 0 %,W P,C u i v o x,F . 1 5 0 - 1 1 / 2 1,S T E C,I.Q.V. – Espagne,2024,NOT_FOUND_OR_NEEDS_MANUAL_REVIEW,0,Cuivre Métal,,Cuivre Métal:NOT_IN_EU_LIST,
FONGICIDE,Cuivre métal(xyde de cuivre),40%,WG,HYDRO 40 WG,F.001-19,SANABEL AGRO,IndustriasQuimicas Del Vallés (IQV),2024,NOT_FOUND_OR_NEEDS_MANUAL_REVIEW,0,Cuivre métal(xyde de cuivre),,Cuivre métal(xyde de cuivre):NOT_IN_EU_LIST,
FONGICIDE,Cuivre(Oxychlorure de cuivre ),57%,WP,50,F.066-22,AGRIMED DISTRIBUTION,Shyhamchemical /FITOGAL,2024,NOT_FOUND_OR_NEEDS_MANUAL_REVIEW,0,Cuivre(Oxychlorure de cuivre ),,Cuivre(Oxychlorure de cuivre ):NOT_IN_EU_LIST,
FONGICIDE,Cuivre(oxychlorure de cuivre ),57%,WP,COOPOX WP,F.02-21,AMINCO,Shyhamchemical,2024,NOT_FOUND_OR_NEEDS_MANUAL_REVIEW,0,Cuivre(oxychlorure de cuivre ),,Cuivre(oxychlorure de cuivre ):NOT_IN_EU_LIST,
FONGICIDE,Cuivre(oxychlorure de cuivre 605 g/kg),350g/kg,WG,RAMCU 35 WG,F.002-19,STIMA,Manica S.P.A,2024,CONTAINS_NOT_APPROVED_SUBSTANCE_IN_EU,1,Cuivre(oxychlorure de cuivre 605 g | kg),Quintozene containing > 1 g/kg HCB or > 10 g/kg pentachlorobenzene,Cuivre(oxychlorure de cuivre 605 g:NOT_IN_EU_LIST | kg):EU_NOT_APPROVED,
FONGICIDE,Cuivre +cymoxanil,200 g/l+40 g/l,WG,Cuprofix C WG,F.019-22,EL MOUSSEM,UPL,2024,ALL_SUBSTANCES_APPROVED_IN_EU,1,Cuivre +cymoxanil,Cymoxanil,Cuivre +cymoxanil:EU_APPROVED,
FONGICIDE,Cuivre+ Métalaxyl,40% + 8%,WP,Armetil cuivre,F.159-11/21,SOCOOPEC,IQV DEL VALLES,2024,ALL_SUBSTANCES_APPROVED_IN_EU,1,Cuivre+ Métalaxyl,Metalaxyl,Cuivre+ Métalaxyl:EU_APPROVED,
FONGICIDE,Cuivre +Metalaxyl,40% + 8%,WP,,F.043-22,NEGANOR,IQV DEL VALLES,2024,ALL_SUBSTANCES_APPROVED_IN_EU,1,Cuivre +Metalaxyl,Metalaxyl,Cuivre +Metalaxyl:EU_APPROVED,
FONGICIDE,Cyazofamid,160g/l,SC,RANMAN TOP SC,F.05-21,AGRIPROTEC,ISK Biosciences Europe N.V,2024,ALL_SUBSTANCES_APPROVED_IN_EU,1,Cyazofamid,Cyazofamid,Cyazofamid:EU_APPROVED,
FONGICIDE,Cyflufenamid,50g/l,EW,CONFIRM 5 EW,F.25-21,EL MOUSSEM,NIPPON SODA/ Nisso Chemical Europe GmbH,2024,ALL_SUBSTANCES_APPROVED_IN_EU,1,Cyflufenamid,Cyflufenamid,Cyflufenamid:EU_APPROVED,
FONGICIDE,Cymoxanil,450 g/kg,GR,Cymbal 45,F.09-21,NEGANOR,BELCHIM CROP PROTECTION/CERITIS BELCHIM NV,2024,ALL_SUBSTANCES_APPROVED_IN_EU,1,Cymoxanil,Cymoxanil,Cymoxanil:EU_APPROVED,
FONGICIDE,Cymoxanil +Oxychlorure de cuivre,4% (40 g/kg)+ 40% (400 g/kg),GR,CIMOXATE C W G,F.12-23,AGROSYSTEMES,ASCENZA GRO S.APORTUGAL,2024,ALL_SUBSTANCES_APPROVED_IN_EU,1,Cymoxanil +Oxychlorure de cuivre,Cymoxanil,Cymoxanil +Oxychlorure de cuivre:EU_APPROVED,
FONGICIDE,Cymoxanil +Famoxad one,"3 0 % + 2 2 , 5 %",W G,E q u a t i o n P r o,F . 0 2 0 - 1 1 / 2 1,S E P C M,D U P O N T ( T a i w a n ) AGRISCIENCE,2024,ALL_SUBSTANCES_APPROVED_IN_EU,1,Cymoxanil +Famoxad one,Cymoxanil,Cymoxanil +Famoxad one:EU_APPROVED,
FONGICIDE,Cymoxanil + Métirame de,"4,8 % +64%",WG,BATO,F.61-21,AGRIMATCO,BASF,2024,CONTAINS_NOT_APPROVED_SUBSTANCE_IN_EU,1,Cymoxanil + Métirame de,Metiram,Cymoxanil + Métirame de:EU_NOT_APPROVED,
FONGICIDE,Zinc,"4,8 % +64%",WG,,,,,2024,ALL_SUBSTANCES_APPROVED_IN_EU,1,Zinc,Zinc phosphide,Zinc:EU_APPROVED,
FONGICIDE,Cymoxanil + Métirame de,"4,8 % +64%",WG,Aviso DF,F.023-11/21,STIMA,BASF,2024,CONTAINS_NOT_APPROVED_SUBSTANCE_IN_EU,1,Cymoxanil + Métirame de,Metiram,Cymoxanil + Métirame de:EU_NOT_APPROVED,
FONGICIDE,Cymoxanil+ Zoxamid,33%+33%,WG,REBOOT WG,F.013-22,AGRIMATCO,GOWAN CROP PROTECTION LIMITED,2024,ALL_SUBSTANCES_APPROVED_IN_EU,1,Cymoxanil+ Zoxamid,Cymoxanil,Cymoxanil+ Zoxamid:EU_APPROVED,
FONGICIDE,Cyproconazole,10%,WG,Atemi 10 WG,F.002-15,AGRIPROTEC,SYNGENTA CROP,2024,CONTAINS_NOT_APPROVED_SUBSTANCE_IN_EU,1,Cyproconazole,Cyproconazole,Cyproconazole:EU_NOT_APPROVED,
FONGICIDE,Cyproconazole,10%,WG,Xpert WG,F.013-16,EL KHADRA,Sharda,2024,CONTAINS_NOT_APPROVED_SUBSTANCE_IN_EU,1,Cyproconazole,Cyproconazole,Cyproconazole:EU_NOT_APPROVED,
FONGICIDE,Cyproconazole +Azoxystrobin,80 g/L +200 g/L,SC,Priori Xtra,F.003-18,SOLAGRI,SYNGENTA,2024,ALL_SUBSTANCES_APPROVED_IN_EU,1,Cyproconazole +Azoxystrobin,Azoxystrobin,Cyproconazole +Azoxystrobin:EU_APPROVED,
FONGICIDE,Cyproconazole +,4% + 37.5 %,SC,CHAMPION,F.019-17,SOCOOPEC,SHARDA CROPCHEM,2024,CONTAINS_NOT_APPROVED_SUBSTANCE_IN_EU,1,Cyproconazole +,Cyproconazole,Cyproconazole +:EU_NOT_APPROVED,
FONGICIDE,chlorothalonil,4% + 37.5 %,SC,,,,,2024,CONTAINS_NOT_APPROVED_SUBSTANCE_IN_EU,1,chlorothalonil,Chlorothalonil,chlorothalonil:EU_NOT_APPROVED,
FONGICIDE,Cyproconazole +chlorothalonil,4%+37.5 %,SC,CYCLONE,F.015-19,SANABEL AGRO,SHARDA CROPCHEM,2024,CONTAINS_NOT_APPROVED_SUBSTANCE_IN_EU,1,Cyproconazole +chlorothalonil,Cyproconazole,Cyproconazole +chlorothalonil:EU_NOT_APPROVED,
FONGICIDE,Cyprodinil,50%,WG,arnatin WG,F.68-21,SOLAGRI,SYNGENTA,2024,ALL_SUBSTANCES_APPROVED_IN_EU,1,Cyprodinil,Cyprodinil,Cyprodinil:EU_APPROVED,
FONGICIDE,Diethofencarb,250 g/l,SC,FRUGICO SC,F.019-16,AGROSYTEME,GLOBACHEM,2024,CONTAINS_NOT_APPROVED_SUBSTANCE_IN_EU,1,Diethofencarb,Diethofencarb,Diethofencarb:EU_NOT_APPROVED,
FONGICIDE,Difenoconazole,250 g/L,EC,Difcor,F.027-11/21,AGROSYSTEMES,GLOBACHEM,2024,ALL_SUBSTANCES_APPROVED_IN_EU,1,Difenoconazole,Difenoconazole,Difenoconazole:EU_APPROVED,
FONGICIDE,Difenoconazole,30 g/L,FS,Difender 30 FS,006-14/24F.,AGROSYSTEMES,GLOBACHEM,2024,ALL_SUBSTANCES_APPROVED_IN_EU,1,Difenoconazole,Difenoconazole,Difenoconazole:EU_APPROVED,
FONGICIDE,Difenoconazole,250 g/L,EC,Protector,F.032-15,AMINCO,GLOBACHEM,2024,ALL_SUBSTANCES_APPROVED_IN_EU,1,Difenoconazole,Difenoconazole,Difenoconazole:EU_APPROVED,
FONGICIDE,Difenoconazole,250 g/L,EC,Score 250 EC,F.028-11/21,BIOPROTECTION,SYNGENTA,2024,ALL_SUBSTANCES_APPROVED_IN_EU,1,Difenoconazole,Difenoconazole,Difenoconazole:EU_APPROVED,
FONGICIDE,Difenoconazole,30 g/L,FS,Spectro 30 FS,F.029-11/21,BIOPROTECTION,SYNGENTA,2024,ALL_SUBSTANCES_APPROVED_IN_EU,1,Difenoconazole,Difenoconazole,Difenoconazole:EU_APPROVED,
FONGICIDE,Difenoconazole,250 g/L,EC,CURYGEN EC,F.015-20,EL KHADRA,JSC AVGUST INC,2024,ALL_SUBSTANCES_APPROVED_IN_EU,1,Difenoconazole,Difenoconazole,Difenoconazole:EU_APPROVED,
FONGICIDE,Difenoconazole,250 g/L,EC,PROZOLE 250 EC,F.022-18,Ets MEZGHANI,A STRACHEM,2024,ALL_SUBSTANCES_APPROVED_IN_EU,1,Difenoconazole,Difenoconazole,Difenoconazole:EU_APPROVED,
FONGICIDE,Difenoconazole,250 g/L,EC,RAYOK,F.046-17,HALAB TUNISIE,JSC AUGUST INC,2024,ALL_SUBSTANCES_APPROVED_IN_EU,1,Difenoconazole,Difenoconazole,Difenoconazole:EU_APPROVED,
FONGICIDE,Difenoconazole,250 g/L,EC,Festival 250 EC,F.006-15,SANABEL AGRO,Sharda World Wide,2024,ALL_SUBSTANCES_APPROVED_IN_EU,1,Difenoconazole,Difenoconazole,Difenoconazole:EU_APPROVED,
FONGICIDE,Difenoconazole,30 g/l,FS,SITARA FS,F.001-20,SANABEL AGRO,SHARDA CROPCHEM,2024,ALL_SUBSTANCES_APPROVED_IN_EU,1,Difenoconazole,Difenoconazole,Difenoconazole:EU_APPROVED,
FONGICIDE,Difenoconazole,250 g/L,EC,Divisole,F.194-11/21,TASMID,ASTRACHEM,2024,ALL_SUBSTANCES_APPROVED_IN_EU,1,Difenoconazole,Difenoconazole,Difenoconazole:EU_APPROVED,
FONGICIDE,Difenoconazole+Cyflufenamid,60g/l+30g/l,DC,DYNALI DC,F.002-22,SOLAGRI,SYNGENTA,2024,ALL_SUBSTANCES_APPROVED_IN_EU,1,Difenoconazole+Cyflufenamid,Difenoconazole,Difenoconazole+Cyflufenamid:EU_APPROVED,
FONGICIDE,Difenoconazole + Fludioxonil,25 g/l +25 g/l,FS,DIFEND EXTRA FS,F.017-18,AGROSYSTEMES,Globachem,2024,ALL_SUBSTANCES_APPROVED_IN_EU,1,Difenoconazole + Fludioxonil,Fludioxonil,Difenoconazole + Fludioxonil:EU_APPROVED,
FONGICIDE,Difenoconazole + Fludioxonil,25 g/L + 25 g/L,FS,Celest Extra 50 FS,F.030-11/21,BIOPROTECTION,SYNGENTA,2024,ALL_SUBSTANCES_APPROVED_IN_EU,1,Difenoconazole + Fludioxonil,Fludioxonil,Difenoconazole + Fludioxonil:EU_APPROVED,
FONGICIDE,Difenoconazole + Fludioxonil +Sedexane,25 g/l + 25 g/l + 50 g/l,FS,Vibrance Gold,F.013-15,BIOPROTECTION,SYNGENTA,2024,ALL_SUBSTANCES_APPROVED_IN_EU,1,Difenoconazole + Fludioxonil +Sedexane,Fludioxonil,Difenoconazole + Fludioxonil +Sedexane:EU_APPROVED,
FONGICIDE,Difenoconazole,125g/L +15g/L,DC,,F.026-17,AGRIPROTEC,SYNGENTA,2024,ALL_SUBSTANCES_APPROVED_IN_EU,1,Difenoconazole,Difenoconazole,Difenoconazole:EU_APPROVED,
FONGICIDE,+Cyflufenamid,125g/L +15g/L,DC,,,,,2024,ALL_SUBSTANCES_APPROVED_IN_EU,1,+Cyflufenamid,Cyflufenamid,+Cyflufenamid:EU_APPROVED,
FONGICIDE,Difenoconazole,125g/L +15g/L,DC,,F.027-18,COTUGRAIN,SYNGENTA,2024,ALL_SUBSTANCES_APPROVED_IN_EU,1,Difenoconazole,Difenoconazole,Difenoconazole:EU_APPROVED,
FONGICIDE,+Cyflufenamid,125g/L +15g/L,DC,,,IMPEX,,2024,ALL_SUBSTANCES_APPROVED_IN_EU,1,+Cyflufenamid,Cyflufenamid,+Cyflufenamid:EU_APPROVED,
FONGICIDE,Difenoconazole +Métalaxyl-M,92 g/l + 23 g/l,FS,,F.008-14/24,BIOPROTECTION,SYNGENTA,2024,ALL_SUBSTANCES_APPROVED_IN_EU,1,Difenoconazole +Métalaxyl-M,Metalaxyl,Difenoconazole +Métalaxyl-M:EU_APPROVED,
FONGICIDE,Difenoconazole +Métalaxyl-M,92 g/l + 23 g/l,FS,DIVIDEND EXTREME 115 FS,F.006-18,SOLAGRI,SYNGENTA,2024,ALL_SUBSTANCES_APPROVED_IN_EU,1,Difenoconazole +Métalaxyl-M,Metalaxyl,Difenoconazole +Métalaxyl-M:EU_APPROVED,
FONGICIDE,Diméthomorphe +Fluazinam,200 g/l +200 g/l,SC,FOLY STAR 400 SC,F.007-16,SEPCM,AAKO,2024,CONTAINS_NOT_APPROVED_SUBSTANCE_IN_EU,1,Diméthomorphe +Fluazinam,Dimethomorph,Diméthomorphe +Fluazinam:EU_NOT_APPROVED,
FONGICIDE,Dimetomorphe +Folpel,11.3% +60%,WG,,F.036-17,BIOPROTECTION,AAKO,2024,NOT_FOUND_OR_NEEDS_MANUAL_REVIEW,0,Dimetomorphe +Folpel,,Dimetomorphe +Folpel:NOT_IN_EU_LIST,
FONGICIDE,Dimetomorphe +Folpel,11.3% +60%,WG,DENIM,F.007-17,RAYEN,Sharda cropchem,2024,NOT_FOUND_OR_NEEDS_MANUAL_REVIEW,0,Dimetomorphe +Folpel,,Dimetomorphe +Folpel:NOT_IN_EU_LIST,
FONGICIDE,Dimetomorphe +Folpel,11.3% +60%,WG,FLOPY DUO,F.65-21,AGRINOVA,Sharda cropchem,2024,NOT_FOUND_OR_NEEDS_MANUAL_REVIEW,0,Dimetomorphe +Folpel,,Dimetomorphe +Folpel:NOT_IN_EU_LIST,
FONGICIDE,Dimeyhomorph+ cymoxanil,50%+20%,WG,D IMANYL WG,F.07-23,EL KHADRA,HANGZOU TOPAGRO BIOSCIENCE,2024,ALL_SUBSTANCES_APPROVED_IN_EU,1,Dimeyhomorph+ cymoxanil,Cymoxanil,Dimeyhomorph+ cymoxanil:EU_APPROVED,
FONGICIDE,Dinocap Meptyl +,105 g/L + 45 g/L,EC,AGRIKAR STAR,F.029-18,ATLAS AGRICOLE,DOW AGROSCIENCES,2024,CONTAINS_NOT_APPROVED_SUBSTANCE_IN_EU,1,Dinocap Meptyl +,Dinocap,Dinocap Meptyl +:EU_NOT_APPROVED,
FONGICIDE,Myclobutanil,105 g/L + 45 g/L,EC,,,,,2024,CONTAINS_NOT_APPROVED_SUBSTANCE_IN_EU,1,Myclobutanil,Myclobutanil,Myclobutanil:EU_NOT_APPROVED,
FONGICIDE,Dithianon,500 g/l,SC,DELAN 500 SC,F.050-22,BIOPROTECTION,BASF,2024,ALL_SUBSTANCES_APPROVED_IN_EU,1,Dithianon,Dithianon,Dithianon:EU_APPROVED,
FONGICIDE,Dithianon,70%,WG,ASTRONE,F.056-22,SANABEL AGRO,SHARDA CROPCHEM,2024,ALL_SUBSTANCES_APPROVED_IN_EU,1,Dithianon,Dithianon,Dithianon:EU_APPROVED,
FONGICIDE,Dithianon,12 % + 4%,WG,shanon,F.32-21,AGRIMED DISTRIBUTION,shardacropchem,2024,ALL_SUBSTANCES_APPROVED_IN_EU,1,Dithianon,Dithianon,Dithianon:EU_APPROVED,
FONGICIDE,Dithianon +Pyrachlostrobin,70%,WDG,MACCANI,F.014-16,COTUGRAIN,BASF,2024,ALL_SUBSTANCES_APPROVED_IN_EU,1,Dithianon +Pyrachlostrobin,Dithianon,Dithianon +Pyrachlostrobin:EU_APPROVED,
FONGICIDE,Dodine,400 g/L,SC,Syllit 400 SC,F.172-11/21,PROTAGRI,ARYSTA Life Science Benelux / Belgique/UPL,2024,ALL_SUBSTANCES_APPROVED_IN_EU,1,Dodine,Dodine,Dodine:EU_APPROVED,
FONGICIDE,Dodine,400 g/L,SC,Efluzin 400 SC,F.010-15,SEPCM,ARYSTA Life Science Benelux / Belgique/ARYSTA,2024,ALL_SUBSTANCES_APPROVED_IN_EU,1,Dodine,Dodine,Dodine:EU_APPROVED,
FONGICIDE,EXTRAIT de SWINGLEA GLUTINOSA,820g/l(82%),SL,PERIMETER SL,F.22-23,AGRIPROTEC,GOWAN CROP PROTECTION LIMITED,2024,NOT_FOUND_OR_NEEDS_MANUAL_REVIEW,0,EXTRAIT de SWINGLEA GLUTINOSA,,EXTRAIT de SWINGLEA GLUTINOSA:NOT_IN_EU_LIST,
FONGICIDE,Famoxadone +cymoxanil,"22,5%+30%",WG,VENUS WG,F.045-22,STIMA,"Shengnong Pesticide, Co. Ltd/hangzhouTopagro Bioscience",2024,CONTAINS_NOT_APPROVED_SUBSTANCE_IN_EU,1,Famoxadone +cymoxanil,Famoxadone,Famoxadone +cymoxanil:EU_NOT_APPROVED,
FONGICIDE,Fenhexamide,"53,70%",WG,Teldor,F.040-11/21,PROMOCHIMIE,BAYER CROPSCIENCE,2024,ALL_SUBSTANCES_APPROVED_IN_EU,1,Fenhexamide,Fenhexamid,Fenhexamide:EU_APPROVED,
FONGICIDE,Fenpyrazamine,50%,WG,PROLECTUS 50WG,F.040-17,SEPCM,SUMITOMO CHEMICAL AGRO Europe,2024,CONTAINS_NOT_APPROVED_SUBSTANCE_IN_EU,1,Fenpyrazamine,Fenpyrazamine,Fenpyrazamine:EU_NOT_APPROVED,
FONGICIDE,Fluazinam,5 00 g/l,SC,Nando,F.045-11/21,BIOPROTECTION,NUFARM,2024,ALL_SUBSTANCES_APPROVED_IN_EU,1,Fluazinam,Fluazinam,Fluazinam:EU_APPROVED,
FONGICIDE,Fluazinam,5 00 g/l,SC,VERTIGO,F.208-11/21,Sanabel agro,NUFARM,2024,ALL_SUBSTANCES_APPROVED_IN_EU,1,Fluazinam,Fluazinam,Fluazinam:EU_APPROVED,
FONGICIDE,Fluazinam +Azoxystrobine,375 g/l+150 g/l,SC,VENDETTA SC,F.055-22,STEC,FMC,2024,ALL_SUBSTANCES_APPROVED_IN_EU,1,Fluazinam +Azoxystrobine,Azoxystrobin,Fluazinam +Azoxystrobine:EU_APPROVED,
FONGICIDE,Fludioxinil,230 g/l,SC,SCHOLAR 230 SC,F.052-22,BIOPROTECTION,SYNGENTA,2024,NOT_FOUND_OR_NEEDS_MANUAL_REVIEW,0,Fludioxinil,,Fludioxinil:NOT_IN_EU_LIST,
FONGICIDE,Fludioxonil,1 0 0 g / L,F S,Maxim 100 FS,F.042-11/21,BIOPROTECTION,SYNGENTA,2024,ALL_SUBSTANCES_APPROVED_IN_EU,1,Fludioxonil,Fludioxonil,Fludioxonil:EU_APPROVED,
FONGICIDE,Fludioxonil +Cyprodinil,"25% +37,5%",WG,"switch 62,5 WG",F.043-11/21,BIOPROTECTION,SYNGENTA,2024,ALL_SUBSTANCES_APPROVED_IN_EU,1,Fludioxonil +Cyprodinil,Fludioxonil,Fludioxonil +Cyprodinil:EU_APPROVED,
FONGICIDE,Fludioxonil +Cyprodinil,"25% +37,5%",WG,Chorus Double,F.044-11/21,BIOPROTECTION,SYNGENTA,2024,ALL_SUBSTANCES_APPROVED_IN_EU,1,Fludioxonil +Cyprodinil,Fludioxonil,Fludioxonil +Cyprodinil:EU_APPROVED,
FONGICIDE,Fluopicolide + PropamocarbHydrochloride,625 g/l+ 625 g/l,SC,PICOCARB SC,F.11-23,UNIAGRO,SHANDONG WEIFANG RAINBOW CHEMICAL CO.LTD,2024,ALL_SUBSTANCES_APPROVED_IN_EU,1,Fluopicolide + PropamocarbHydrochloride,Propamocarb,Fluopicolide + PropamocarbHydrochloride:EU_APPROVED,
FONGICIDE,Fluopicolide + PropamocarbHydrochloride,625 g/l+ 625 g/l,SC,ULTIMA SC,F.10-24,NEGANOR FFT,SHANDONG WEIFANG RAINBOW CHEMICAL CO.LTD,2024,ALL_SUBSTANCES_APPROVED_IN_EU,1,Fluopicolide + PropamocarbHydrochloride,Propamocarb,Fluopicolide + PropamocarbHydrochloride:EU_APPROVED,
FONGICIDE,Fluopyram + Tebuconazole,200 g/L + 200 g/l,SC,Luna Experience 400 SC,F.023-13/23,SEPCM,BAYER CROPSCIENCE,2024,ALL_SUBSTANCES_APPROVED_IN_EU,1,Fluopyram + Tebuconazole,Tebuconazole,Fluopyram + Tebuconazole:EU_APPROVED,
FONGICIDE,Fluopyram + Tebuconazole,200 g/L + 200 g/l,SC,Moon Experience SC,F.04-24,ATLAS AGRICOLE,BAYER CROPSCIENCE,2024,ALL_SUBSTANCES_APPROVED_IN_EU,1,Fluopyram + Tebuconazole,Tebuconazole,Fluopyram + Tebuconazole:EU_APPROVED,
FONGICIDE,Fluopyram + Trifloxystrobine,250 g/L + 250 g/L,SC,Luna sensation,F.019-13/23,ATLAS AGRICOLE,BAYER CROPSCIENCE,2024,ALL_SUBSTANCES_APPROVED_IN_EU,1,Fluopyram + Trifloxystrobine,Trifloxystrobin,Fluopyram + Trifloxystrobine:EU_APPROVED,
FONGICIDE,Fluoxastrobine,480g/l,SC,EVITO 480 SC,F010-17,EL MOUSSEM AGRICOLE,ARYSTA LIFESCIENCE/UPL,2024,ALL_SUBSTANCES_APPROVED_IN_EU,1,Fluoxastrobine,Fluoxastrobin,Fluoxastrobine:EU_APPROVED,
FONGICIDE,Fluoxastrobine + Tebuconazole,200 g/l + 277 g/l de,SC,Evito T,F.033-16,EL MOUSSEM AGRICOLE,ARYSTA LIFESCIENCE/UPL,2024,ALL_SUBSTANCES_APPROVED_IN_EU,1,Fluoxastrobine + Tebuconazole,Tebuconazole,Fluoxastrobine + Tebuconazole:EU_APPROVED,
FONGICIDE,Flutriafol,1 25 g/L,SC,Impact SC,F.047-11/21,AGRIPROTEC,CHEMINOVA/FMC,2024,CONTAINS_NOT_APPROVED_SUBSTANCE_IN_EU,1,Flutriafol,Flutriafol,Flutriafol:EU_NOT_APPROVED,
FONGICIDE,Flutriafol,1 25 g/L,SC,Radikal SC,F.73-21,,SHARDA,2024,CONTAINS_NOT_APPROVED_SUBSTANCE_IN_EU,1,Flutriafol,Flutriafol,Flutriafol:EU_NOT_APPROVED,
FONGICIDE,Flutriafol,1 25 g/L,SC,Flutri 125 SC,F.032-16,RAYEN PHYTAGRI,SHARDA,2024,CONTAINS_NOT_APPROVED_SUBSTANCE_IN_EU,1,Flutriafol,Flutriafol,Flutriafol:EU_NOT_APPROVED,
FONGICIDE,Flutriafol +Thiabendazole,25 g/L +25 g/L,FLO (FS),Vincit F,F.048-11/21,AGRIPROTEC,CHEMINOVA/FMC,2024,ALL_SUBSTANCES_APPROVED_IN_EU,1,Flutriafol +Thiabendazole,Thiabendazole,Flutriafol +Thiabendazole:EU_APPROVED,
FONGICIDE,Flutriafol + Tébuconazole,75 g/l + 225 g/l,SC,Pointer Duo,F.028-16,AGROSYSTEMES,CHEMINOVA/FMC,2024,ALL_SUBSTANCES_APPROVED_IN_EU,1,Flutriafol + Tébuconazole,Tebuconazole,Flutriafol + Tébuconazole:EU_APPROVED,
FONGICIDE,Fluxapyroxad + Pyraclostrobine,75 g/l+150 g/l,SE,PRIAXOR SE,18-010F.,COTUGRAIN IMPEX,BASF,2024,ALL_SUBSTANCES_APPROVED_IN_EU,1,Fluxapyroxad + Pyraclostrobine,Pyraclostrobin,Fluxapyroxad + Pyraclostrobine:EU_APPROVED,
FONGICIDE,Fluoxastrobine + Propamocarbhydrochloride,75 g/l+400 g/l,SC,EVITO P,F.044-22,EL MOUSSEM,ARYSTA LIFESCIENCE/ UPL,2024,ALL_SUBSTANCES_APPROVED_IN_EU,1,Fluoxastrobine + Propamocarbhydrochloride,Propamocarb,Fluoxastrobine + Propamocarbhydrochloride:EU_APPROVED,
FONGICIDE,Folpel,80%,WP,Solfol,F.034-17,ATLAS AGRICOLE,BELCHIM CROP,2024,NOT_FOUND_OR_NEEDS_MANUAL_REVIEW,0,Folpel,,Folpel:NOT_IN_EU_LIST,
FONGICIDE,Folpet+ Foséthyl-Al,25%+50%,WG,Mikal Flash,F.049-11/21,SEPCM,BAYER CROPSCIENCE,2024,ALL_SUBSTANCES_APPROVED_IN_EU,1,Folpet+ Foséthyl-Al,Folpet,Folpet+ Foséthyl-Al:EU_APPROVED,
FONGICIDE,Folpet+ Foséthyl-Al,25%+50%,WG,DUO Flash WG,F.01-24,El Moussem Agricole,BAYER CROPSCIENCE,2024,ALL_SUBSTANCES_APPROVED_IN_EU,1,Folpet+ Foséthyl-Al,Folpet,Folpet+ Foséthyl-Al:EU_APPROVED,
FONGICIDE,Fosethyl al + Folpel + Iprovalicarbe,50 % +25 % + 4%,WG,CASSIOPEE WG,F.044-17,PROMOCHIMIE,BAYER AG,2024,ALL_SUBSTANCES_APPROVED_IN_EU,1,Fosethyl al + Folpel + Iprovalicarbe,Iprovalicarb,Fosethyl al + Folpel + Iprovalicarbe:EU_APPROVED,
FONGICIDE,Foséthyl-Al,80%,WP,Filal,F.175-11/21,EL KHADRA,INDUSTRIAS AFRAZA/ALBAUGH EUROPE SARL,2024,NOT_FOUND_OR_NEEDS_MANUAL_REVIEW,0,Foséthyl-Al,,Foséthyl-Al:NOT_IN_EU_LIST,
FONGICIDE,Foséthyl-Al,80%,WP,Alial,F.050-11/21,AGRIPROTEC,PROPLAN/QUMETICA,2024,NOT_FOUND_OR_NEEDS_MANUAL_REVIEW,0,Foséthyl-Al,,Foséthyl-Al:NOT_IN_EU_LIST,
FONGICIDE,Foséthyl-Al,80%,WP,ROMERAL,F.08-24,NEGANOR FFT,PROPLAN/QUMETICA,2024,NOT_FOUND_OR_NEEDS_MANUAL_REVIEW,0,Foséthyl-Al,,Foséthyl-Al:NOT_IN_EU_LIST,
FONGICIDE,Foséthyl-Al,80%,WG,Aliette express,F.051-11/21,SEPCM,BAYER CROPSCIENCE,2024,NOT_FOUND_OR_NEEDS_MANUAL_REVIEW,0,Foséthyl-Al,,Foséthyl-Al:NOT_IN_EU_LIST,
FONGICIDE,Foséthyl-Al,80%,WG,ELIOS,F.02-24,El Moussem Agricole,BAYER CROPSCIENCE,2024,NOT_FOUND_OR_NEEDS_MANUAL_REVIEW,0,Foséthyl-Al,,Foséthyl-Al:NOT_IN_EU_LIST,
FONGICIDE,Fosetyl aluminium,80%,WP,CLEANER WP,F.017-22,FERTITECH,HANGZHOU TOPAGRO BIOSCIENCE,2024,ALL_SUBSTANCES_APPROVED_IN_EU,1,Fosetyl aluminium,Fosetyl,Fosetyl aluminium:EU_APPROVED,
FONGICIDE,F ostetyl –aluminium,80% (800 g/kg),WP,S TIN 80 WP,F.06-23,PLANETE VERTE,ASTRANOVA,2024,NOT_FOUND_OR_NEEDS_MANUAL_REVIEW,0,F ostetyl –aluminium,,F ostetyl –aluminium:NOT_IN_EU_LIST,
FONGICIDE,Fosethyl-Al +Cymoxanil + Folpel,50 % +4 % + 25%,WP,BELKAP EXTRA,F.026.18,AGROSYSTEMES,PROBELTE,2024,ALL_SUBSTANCES_APPROVED_IN_EU,1,Fosethyl-Al +Cymoxanil + Folpel,Cymoxanil,Fosethyl-Al +Cymoxanil + Folpel:EU_APPROVED,
FONGICIDE,Fosethyl-Al +Cymoxanil + Folpel,50% +4% + 25%,WG,Anteor flash,F.019-14/24,ATLAS AGRICOLE,BAYER AG,2024,ALL_SUBSTANCES_APPROVED_IN_EU,1,Fosethyl-Al +Cymoxanil + Folpel,Cymoxanil,Fosethyl-Al +Cymoxanil + Folpel:EU_APPROVED,
FONGICIDE,Fosethyl-Al +Cymoxanil +Folpet,50 % +4 % +25%,WP,Fosbel extra,F.052.11,AGRIPROTEC,PROBELTE,2024,ALL_SUBSTANCES_APPROVED_IN_EU,1,Fosethyl-Al +Cymoxanil +Folpet,Folpet,Fosethyl-Al +Cymoxanil +Folpet:EU_APPROVED,
FONGICIDE,Fosethyl-Al +Cymoxanil +Folpet,50 % +4 % +25%,WP,Magma Triple,F.137-11/21,EL KHADRA,INDUSTRIAS AFRAZA/ALBAUGH EUROPE SARL,2024,ALL_SUBSTANCES_APPROVED_IN_EU,1,Fosethyl-Al +Cymoxanil +Folpet,Folpet,Fosethyl-Al +Cymoxanil +Folpet:EU_APPROVED,
FONGICIDE,Fosethyl-Al +Cymoxanil +Folpet,50 % +4 % +25%,WP,Katanga Triple WP,F.04-21,NEGANOR,PROPLAN/QUMETICA AGRICULTURAL SOLUTIONS SPAIN SLU,2024,ALL_SUBSTANCES_APPROVED_IN_EU,1,Fosethyl-Al +Cymoxanil +Folpet,Folpet,Fosethyl-Al +Cymoxanil +Folpet:EU_APPROVED,
FONGICIDE,Fosethyl-Al +Fluopicolide,"66,7 % +4,4%",WG,Profiler,F.053-11/21,ATLAS AGRICOLE,BAYER AG,2024,ALL_SUBSTANCES_APPROVED_IN_EU,1,Fosethyl-Al +Fluopicolide,Fluopicolide,Fosethyl-Al +Fluopicolide:EU_APPROVED,
FONGICIDE,Foséthyl –Al,80%,WG,FILAL PLUS WG,F.051-22,EL KHADRA,INDUSTRIAS AFRAZA/ALBAUGH EUROPE SARL,2024,NOT_FOUND_OR_NEEDS_MANUAL_REVIEW,0,Foséthyl –Al,,Foséthyl –Al:NOT_IN_EU_LIST,
FONGICIDE,Fosetyl –al,80%,WP,ALU-VITE WP,F.74-21,TASMID,LIMIN CHEMICAL CO.LTD,2024,ALL_SUBSTANCES_APPROVED_IN_EU,1,Fosetyl –al,Fosetyl,Fosetyl –al:EU_APPROVED,
FONGICIDE,Fosetyl –al,80%,WG,ALLUM WG,F.009-16,EL MOUSSEM AGRICOLE,NUFARM,2024,ALL_SUBSTANCES_APPROVED_IN_EU,1,Fosetyl –al,Fosetyl,Fosetyl –al:EU_APPROVED,
FONGICIDE,Fosetyl –al,80%,WG,lotus,F.49-21,SANABEL AGRO,NUFARM,2024,ALL_SUBSTANCES_APPROVED_IN_EU,1,Fosetyl –al,Fosetyl,Fosetyl –al:EU_APPROVED,
FONGICIDE,Fosetyl-Al,80%,WP,KEYFOL 80 WP,F.004-19,Ets MEZGHANI,LIMIN CHEMICAL CO.LTD,2024,ALL_SUBSTANCES_APPROVED_IN_EU,1,Fosetyl-Al,Fosetyl,Fosetyl-Al:EU_APPROVED,
FONGICIDE,Fosethyl-al +sulfate de cuivre tribasique,200 g/kg+150 g/kg,WG,Optix R WG,F.021-22,BIOPROTECTION,UPL,2024,NOT_FOUND_OR_NEEDS_MANUAL_REVIEW,0,Fosethyl-al +sulfate de cuivre tribasique,,Fosethyl-al +sulfate de cuivre tribasique:NOT_IN_EU_LIST,
FONGICIDE,Huile essentielle de thym (thymol),81.87 g/l,EW,NOPATH EW,F.006-19,NUTRIPLANT,KOPPERT BIOLOGICAL SYSTEM,2024,NOT_FOUND_OR_NEEDS_MANUAL_REVIEW,0,Huile essentielle de thym (thymol),,Huile essentielle de thym (thymol):NOT_IN_EU_LIST,
FONGICIDE,Hydroxyde de cuivre,77% soit 50% sous forme de cuivre métal,WP,Copper Progress,F.169-11/21,AGROSYSTEMES,SPEISS URANIA/COSACO GmbH,2024,NOT_FOUND_OR_NEEDS_MANUAL_REVIEW,0,Hydroxyde de cuivre,,Hydroxyde de cuivre:NOT_IN_EU_LIST,
FONGICIDE,Hydroxyde de cuivre,77% soit 50% sous forme de cuivre métal,WP,Patrol 50 WP,F.028-15,AMINCO,SPEISS URANIA/COSACO GmbH,2024,NOT_FOUND_OR_NEEDS_MANUAL_REVIEW,0,Hydroxyde de cuivre,,Hydroxyde de cuivre:NOT_IN_EU_LIST,
FONGICIDE,Hydroxyde de cuivre,250 g/kg,WG,BLUE SHIELD 25 WG,F.016-22,SOLAGRI,Albaugh.LLC,2024,NOT_FOUND_OR_NEEDS_MANUAL_REVIEW,0,Hydroxyde de cuivre,,Hydroxyde de cuivre:NOT_IN_EU_LIST,
FONGICIDE,Hydroxyde de Cuivre (400 g/l de cuivre métal),645 g/l,SC,Heliocuivre,F.211-11/21,BIOPROTECTION,Action Pin/AAKO,2024,NOT_FOUND_OR_NEEDS_MANUAL_REVIEW,0,Hydroxyde de Cuivre (400 g | l de cuivre métal),,Hydroxyde de Cuivre (400 g:NOT_IN_EU_LIST | l de cuivre métal):NOT_IN_EU_LIST,
FONGICIDE,Hydroxyde de cuivre,40% Cu,WG,Hidrocure WG,F.049-22,FERTITECH,ALINTRA,2024,NOT_FOUND_OR_NEEDS_MANUAL_REVIEW,0,Hydroxyde de cuivre,,Hydroxyde de cuivre:NOT_IN_EU_LIST,
FONGICIDE,Hydroxyde de cuivre +Métalaxyl,"237,7 g/l+45 g/l",SC,CYCLO-R- LIQUIDE,21-16.F,EL KHADRA,INDUSTRIAS AFRAZA/ALBAUGH EUROPE SARL,2024,ALL_SUBSTANCES_APPROVED_IN_EU,1,Hydroxyde de cuivre +Métalaxyl,Metalaxyl,Hydroxyde de cuivre +Métalaxyl:EU_APPROVED,
FONGICIDE,Hymexazole,300 g/L,SL,Tachigaren,F.056-11/21,AGRIPROTEC,"Mitsui Chemicals Agro,Inc/summit agro",2024,ALL_SUBSTANCES_APPROVED_IN_EU,1,Hymexazole,Hymexazol,Hymexazole:EU_APPROVED,
FONGICIDE,Iprovalicarbe +Oxychlorure de cuivre,"8,4 % +40,6%",WG,Positron 49,F.058-11/21,ATLAS AGRICOLE,BAYER CROPSCIENCE,2024,ALL_SUBSTANCES_APPROVED_IN_EU,1,Iprovalicarbe +Oxychlorure de cuivre,Iprovalicarb,Iprovalicarbe +Oxychlorure de cuivre:EU_APPROVED,
FONGICIDE,Isofetamid,400 g/l,SC,Kenja SC,F.20-21,Agriprotec,ISK Biosciences Europe N.V(fabricant)/upl(fourniss eur),2024,ALL_SUBSTANCES_APPROVED_IN_EU,1,Isofetamid,Isofetamid,Isofetamid:EU_APPROVED,
FONGICIDE,Kreoxim-methyl,500 g/kg,WG,S UGOBY WG,F.02-23,RAYEN PHYTAGRI,"LAINCO ,S,A/ESPAGNE",2024,NOT_FOUND_OR_NEEDS_MANUAL_REVIEW,0,Kreoxim-methyl,,Kreoxim-methyl:NOT_IN_EU_LIST,
FONGICIDE,Krésoxim-méthyl,50%,WG,QUIMERA WG,F.001-22,EL KHADRA,INDUSTRIAS AFRAZA/ALBAUGH EUROPE SARL,2024,ALL_SUBSTANCES_APPROVED_IN_EU,1,Krésoxim-méthyl,Kresoxim-methyl,Krésoxim-méthyl:EU_APPROVED,
FONGICIDE,Krésoxim-méthyl,50%,WG,ALLIAGE DF,F.60-21,AGRIMATCO,BASF,2024,ALL_SUBSTANCES_APPROVED_IN_EU,1,Krésoxim-méthyl,Kresoxim-methyl,Krésoxim-méthyl:EU_APPROVED,
FONGICIDE,Krésoxim-méthyl,350g/l,SC,Kresoxystar 350SC,F.030-22,Ets Mezghani,ANHUI HUAXING,2024,ALL_SUBSTANCES_APPROVED_IN_EU,1,Krésoxim-méthyl,Kresoxim-methyl,Krésoxim-méthyl:EU_APPROVED,
FONGICIDE,Krésoxim-méthyl,50%,WG,Stroby DF,F.059-11/21,STIMA,BASF,2024,ALL_SUBSTANCES_APPROVED_IN_EU,1,Krésoxim-méthyl,Kresoxim-methyl,Krésoxim-méthyl:EU_APPROVED,
FONGICIDE,Krésoxim-methyl + difenoconazole,250 g/kg +125g/kg,WG,DECIBEL MAX WG,F.01-23,AGROSYSTEMES,ASCENZA GRO S.APORTUGAL,2024,ALL_SUBSTANCES_APPROVED_IN_EU,1,Krésoxim-methyl + difenoconazole,Difenoconazole,Krésoxim-methyl + difenoconazole:EU_APPROVED,
FONGICIDE,Laminarin,45g/l,SL,VACCIPLANT,F.28-21,EL MOUSSEM,GOEMAR SAS/ARYSTA/UPL,2024,ALL_SUBSTANCES_APPROVED_IN_EU,1,Laminarin,Laminarin,Laminarin:EU_APPROVED,
FONGICIDE,Mandipropamide,250 g/L,SC,amphore SC,F.69-21,SOLAGRI,SYNGENTA,2024,ALL_SUBSTANCES_APPROVED_IN_EU,1,Mandipropamide,Mandipropamid,Mandipropamide:EU_APPROVED,
FONGICIDE,Mandipropamide +Difenoconazole,250 g/l + 250 g/l,SC,CARIAL TOP,F.006-16,BIOPROTECTION,SYNGENTA,2024,ALL_SUBSTANCES_APPROVED_IN_EU,1,Mandipropamide +Difenoconazole,Mandipropamid,Mandipropamide +Difenoconazole:EU_APPROVED,
FONGICIDE,Mandipropamid+ Oxathiapiprolin,250g/l +30 g/l,SC,ORONDIS ULTRA280 SC,F.77-21,Cotugrain,Syngenta Crop Protection,2024,ALL_SUBSTANCES_APPROVED_IN_EU,1,Mandipropamid+ Oxathiapiprolin,Mandipropamid,Mandipropamid+ Oxathiapiprolin:EU_APPROVED,
FONGICIDE,Manipropamide +zoxamid,250 g/kg+240 g/kg,WG,Ampexio WG,F.022-22,BIOPROTECTION,SYNGENTA,2024,NOT_FOUND_OR_NEEDS_MANUAL_REVIEW,0,Manipropamide +zoxamid,,Manipropamide +zoxamid:NOT_IN_EU_LIST,
FONGICIDE,Méfenoxam + Folpel,5% + 40 %,WG,Ridomil Gold C ombi WG,F.072-11/21,BIOPROTECTION,SYNGENTA,2024,CONTAINS_NOT_APPROVED_SUBSTANCE_IN_EU,1,Méfenoxam + Folpel,FEN 560 (Fenugreek seed powder),Méfenoxam + Folpel:EU_NOT_APPROVED,
FONGICIDE,Mefentrifluconazole,10%,EC,REVYSTAR EC,F.035-22,AGRIMATCO,BASF,2024,ALL_SUBSTANCES_APPROVED_IN_EU,1,Mefentrifluconazole,Mefentrifluconazole,Mefentrifluconazole:EU_APPROVED,
FONGICIDE,Mefentrifluconazole +Fluxapyroxade,100 g/l+50g/l,EC,VERYDOR,F.032-22,COTUGRAIN,BASF,2024,ALL_SUBSTANCES_APPROVED_IN_EU,1,Mefentrifluconazole +Fluxapyroxade,Fluxapyroxad,Mefentrifluconazole +Fluxapyroxade:EU_APPROVED,
FONGICIDE,Mefentrifluconazole+Fluxapyr oxade,"66,7g/l +66,7g/l",EC,REVYTREX EC,F.031-22,BIOPROTECTION,BASF,2024,ALL_SUBSTANCES_APPROVED_IN_EU,1,Mefentrifluconazole+Fluxapyr oxade,Mefentrifluconazole,Mefentrifluconazole+Fluxapyr oxade:EU_APPROVED,
FONGICIDE,Mefentrifluconazole + Pyraclostrobin,10%+10%,EC,REVYCARE EC,F.036-22,AGRIPROTEC,BASF,2024,ALL_SUBSTANCES_APPROVED_IN_EU,1,Mefentrifluconazole + Pyraclostrobin,Pyraclostrobin,Mefentrifluconazole + Pyraclostrobin:EU_APPROVED,
FONGICIDE,Melaleucaalternifolia(extrait d ’arbre a thé),25%,EC,TIMOREX GOLD E C,F.15-23,ATLAS AGRICOLE,SIPCAM INAGRA,2024,NOT_FOUND_OR_NEEDS_MANUAL_REVIEW,0,Melaleucaalternifolia(extrait d ’arbre a thé),,Melaleucaalternifolia(extrait d ’arbre a thé):NOT_IN_EU_LIST,
FONGICIDE,Meptyldinocap,350 g/L,EC,Karathane 350 EC,F.077-11/21,SEPCM,DOW,2024,CONTAINS_NOT_APPROVED_SUBSTANCE_IN_EU,1,Meptyldinocap,Meptyldinocap,Meptyldinocap:EU_NOT_APPROVED,
FONGICIDE,Meptyldinocap,350 g/L,EC,AGRIKAR EC,F.28-23,EL BARAKA,DOW,2024,CONTAINS_NOT_APPROVED_SUBSTANCE_IN_EU,1,Meptyldinocap,Meptyldinocap,Meptyldinocap:EU_NOT_APPROVED,
FONGICIDE,Metalaxyl,25%,WP,milor 25 WP,F.30-21,SANABEL AGRO,IQV,2024,ALL_SUBSTANCES_APPROVED_IN_EU,1,Metalaxyl,Metalaxyl,Metalaxyl:EU_APPROVED,
FONGICIDE,Metalaxyl,317 g/l,FS,RAMPART FS,F.42-21,AGRIPROTEC,UPL LIMITED,2024,ALL_SUBSTANCES_APPROVED_IN_EU,1,Metalaxyl,Metalaxyl,Metalaxyl:EU_APPROVED,
FONGICIDE,Metalaxyl +Folpet,10%+40%,WP,ARMETIL COMBI,F.015-22,SOCOOPEC,IQV,2024,ALL_SUBSTANCES_APPROVED_IN_EU,1,Metalaxyl +Folpet,Folpet,Metalaxyl +Folpet:EU_APPROVED,
FONGICIDE,Metalaxyl +Folpet,10%+40%,WP,MEVAXIL F,F.09-24,NEGANOR FFT,IQV,2024,ALL_SUBSTANCES_APPROVED_IN_EU,1,Metalaxyl +Folpet,Folpet,Metalaxyl +Folpet:EU_APPROVED,
FONGICIDE,Metalaxyl-M 37.51g/l+fludioxinil 25.04g/l+ sedaxane 49.98 g/l,"37,5%+25,04%+ 49,98g/l",FS,VIBRANCE MAXX FS,F.029-22,BIOPROTECTION,SYNGENTA,2024,NOT_FOUND_OR_NEEDS_MANUAL_REVIEW,3,Metalaxyl-M 37.51g | l+fludioxinil 25.04g | l+ sedaxane 49.98 g | l,Metalaxyl | Sedaxane | Diflufenican,Metalaxyl-M 37.51g:EU_APPROVED | l+fludioxinil 25.04g:NOT_IN_EU_LIST | l+ sedaxane 49.98 g:EU_APPROVED | l:EU_APPROVED,
FONGICIDE,metalaxyl-M +hydroxyde de c uivre,28.5 g/l+215 g/l,SC,C YCLO MAX SC,F.08-23,EL KHADRA,AFRASA INDUSTRIALS/ESPAGN E/ ALBAUGH EUROPE SARL ALBAUGH EUROPE SARL,2024,ALL_SUBSTANCES_APPROVED_IN_EU,1,metalaxyl-M +hydroxyde de c uivre,Metalaxyl,metalaxyl-M +hydroxyde de c uivre:EU_APPROVED,
FONGICIDE,Metirame de zinc,80%,WP,Polyram DF,F.078-11/21,STIMA,BASF,2024,CONTAINS_NOT_APPROVED_SUBSTANCE_IN_EU,1,Metirame de zinc,Metiram,Metirame de zinc:EU_NOT_APPROVED,
FONGICIDE,Metirame de zinc,80%,WG,LUTIRAM WG,F.53-21,AGRIPROTEC,BASF,2024,CONTAINS_NOT_APPROVED_SUBSTANCE_IN_EU,1,Metirame de zinc,Metiram,Metirame de zinc:EU_NOT_APPROVED,
FONGICIDE,Metrafenone,500g/L,SC,VIVANDO,F.015-13/23,AGRIPROTEC,BASF / SBM FORMULATION,2024,ALL_SUBSTANCES_APPROVED_IN_EU,1,Metrafenone,Metrafenone,Metrafenone:EU_APPROVED,
FONGICIDE,Myclobutanil,240 g/L,EC,MYCLAS,F.014-19,SANABEL AGRO,SHARDA CROPCHEM Ltd,2024,CONTAINS_NOT_APPROVED_SUBSTANCE_IN_EU,1,Myclobutanil,Myclobutanil,Myclobutanil:EU_NOT_APPROVED,
FONGICIDE,Myclobutanil,200 g/l,EW,TOPOGAN,F.011-19,SANABEL AGRO,SHARDA Cropchem,2024,CONTAINS_NOT_APPROVED_SUBSTANCE_IN_EU,1,Myclobutanil,Myclobutanil,Myclobutanil:EU_NOT_APPROVED,
FONGICIDE,Myclobutanil,240 g/L,EC,MYCLONE 24 EC,F.002-18,RayenPhytagri,Sharda Cropchem,2024,CONTAINS_NOT_APPROVED_SUBSTANCE_IN_EU,1,Myclobutanil,Myclobutanil,Myclobutanil:EU_NOT_APPROVED,
FONGICIDE,myclobutanil,240 g/l,EC,PROMY,F.64-21,AGRINOVA,Sharda Cropchem,2024,CONTAINS_NOT_APPROVED_SUBSTANCE_IN_EU,1,myclobutanil,Myclobutanil,myclobutanil:EU_NOT_APPROVED,
FONGICIDE,Myclobutanil,240 g/L,EC,Systhane 240 EC,F.081-11/21,SEPCM,DOW AGROSCIENCES/corteva,2024,CONTAINS_NOT_APPROVED_SUBSTANCE_IN_EU,1,Myclobutanil,Myclobutanil,Myclobutanil:EU_NOT_APPROVED,
FONGICIDE,Myclobutanil,240 g/L,EC,DAYZER,F.043-17,SOCOOPEC,SHARDA,2024,CONTAINS_NOT_APPROVED_SUBSTANCE_IN_EU,1,Myclobutanil,Myclobutanil,Myclobutanil:EU_NOT_APPROVED,
FONGICIDE,Myclobutanil,125 g/l,EC,MYCLO EC,F.41-21,NEGANOR,indofil industries limited,2024,CONTAINS_NOT_APPROVED_SUBSTANCE_IN_EU,1,Myclobutanil,Myclobutanil,Myclobutanil:EU_NOT_APPROVED,
FONGICIDE,Myclobutanil,125 g/l,EC,FLUANCE 125 E C,F.25-23,EL MOUSSEM AGRICOLE,Indofil Industries Limited/ARISTEAS Agro,2024,CONTAINS_NOT_APPROVED_SUBSTANCE_IN_EU,1,Myclobutanil,Myclobutanil,Myclobutanil:EU_NOT_APPROVED,
FONGICIDE,Oxathiapiprolin +famoxadone,30 g/l+300 g/l,SE,Zorvecencantia SE,F.048-22,EL BARAKA,CORTEVA,2024,CONTAINS_NOT_APPROVED_SUBSTANCE_IN_EU,1,Oxathiapiprolin +famoxadone,Famoxadone,Oxathiapiprolin +famoxadone:EU_NOT_APPROVED,
FONGICIDE,Oxathiapiprolin +zoxamide,40 g/l+300 g/l,SE,ZorvecVinabel SE,F.020-22,ATLAS AGRICOLE,CORTEVA,2024,ALL_SUBSTANCES_APPROVED_IN_EU,1,Oxathiapiprolin +zoxamide,Zoxamide,Oxathiapiprolin +zoxamide:EU_APPROVED,
FONGICIDE,Oxychlorure de cuivre,678.6 g/l (équivalent à 380 g/l cuivre métal),SC,Valtonexflow SC,F.018-22,NEGANOR,IQV,2024,NOT_FOUND_OR_NEEDS_MANUAL_REVIEW,0,Oxychlorure de cuivre,,Oxychlorure de cuivre:NOT_IN_EU_LIST,
FONGICIDE,Oxychlorure de Cuivre,85 % (50 % de cuivre metal),WP,Agrocuivre,F.168-11/21,AGROSYSTEMES,SPEISS URANIA/COSACO GmbH,2024,NOT_FOUND_OR_NEEDS_MANUAL_REVIEW,0,Oxychlorure de Cuivre,,Oxychlorure de Cuivre:NOT_IN_EU_LIST,
FONGICIDE,Oxychlorure de cuivre,877 g/kg (500 g/kg cuivre m étal),WP,CUPROCAFFAR O WP,F.14-23,LIEN AGRICOLE,ISAGRO SPA/GOWAN,2024,NOT_FOUND_OR_NEEDS_MANUAL_REVIEW,0,Oxychlorure de cuivre,,Oxychlorure de cuivre:NOT_IN_EU_LIST,
FONGICIDE,Oxychlorure de Cuivre,85 % (50 % de cuivre metal),WP,Cuprumax 50 WP,F.027-15,AMINCO,SPEISS URANIA/COSACO GmbH,2024,NOT_FOUND_OR_NEEDS_MANUAL_REVIEW,0,Oxychlorure de Cuivre,,Oxychlorure de Cuivre:NOT_IN_EU_LIST,
FONGICIDE,Oxychlorure de cuivre +cymoxanil,25%+4%,WG,Curame 25 WG,F.023-22,ATLAS AGRICOLE,Manica SPA,2024,ALL_SUBSTANCES_APPROVED_IN_EU,1,Oxychlorure de cuivre +cymoxanil,Cymoxanil,Oxychlorure de cuivre +cymoxanil:EU_APPROVED,
FONGICIDE,Penconazole,1 0 0 g / L,E C,T o p e n c o 1 0 0 E C,F . 0 8 2 - 1 1 / 2 1,A G R O S Y STEMES,GLOBACHEM,2024,ALL_SUBSTANCES_APPROVED_IN_EU,1,Penconazole,Penconazole,Penconazole:EU_APPROVED,
FONGICIDE,Penconazole,1 0 0 g / L,E C,B u c k l e R,F . 0 3 3 - 1 5,A M I N C O,GLOBACHEM,2024,ALL_SUBSTANCES_APPROVED_IN_EU,1,Penconazole,Penconazole,Penconazole:EU_APPROVED,
FONGICIDE,Penconazole,1 0 0 g / L,E C,T o p a z e 1 0 0,F . 0 8 3 - 1 1 / 2 1,B I O P R O TECTION,SYNGENTA,2024,ALL_SUBSTANCES_APPROVED_IN_EU,1,Penconazole,Penconazole,Penconazole:EU_APPROVED,
FONGICIDE,Pencycuron,2 5 0 g / L,E C,Monceren,F.085-11/21,PROMOCHIMIE,,2024,CONTAINS_NOT_APPROVED_SUBSTANCE_IN_EU,1,Pencycuron,Pencycuron,Pencycuron:EU_NOT_APPROVED,
FONGICIDE,Penthiopyrad,205 g/l,SC,KABUTO,F.026-22,EL MOUSSEM,"Mitsui Chemicals crop&lifesolutions,Inc(fab) / Summit Agro International Ltd(fournisseur)",2024,CONTAINS_NOT_APPROVED_SUBSTANCE_IN_EU,1,Penthiopyrad,Penthiopyrad,Penthiopyrad:EU_NOT_APPROVED,
FONGICIDE,Pyraclostrobin +Boscalid,10%+ 20%,SC,FOXTON 30 SC,F.24-23,AGRIMATCO,"LoatingYoloo Bio- Technology Co ,Ltd/chine",2024,ALL_SUBSTANCES_APPROVED_IN_EU,1,Pyraclostrobin +Boscalid,Boscalid (formerly nicobifen),Pyraclostrobin +Boscalid:EU_APPROVED,
FONGICIDE,Pyrimethanil,400 g/l,SC,L AITANE SC,F.23-23,RAYEN PHYTAGRI,"LAINCO ,S,A/ESPAGNE",2024,ALL_SUBSTANCES_APPROVED_IN_EU,1,Pyrimethanil,Pyrimethanil,Pyrimethanil:EU_APPROVED,
FONGICIDE,Prochloraze +Triticonazole,60 g/l +20 g/l,FS,REAL SUPER,F.025-17,AGRIPROTEC,BASF,2024,ALL_SUBSTANCES_APPROVED_IN_EU,1,Prochloraze +Triticonazole,Triticonazole,Prochloraze +Triticonazole:EU_APPROVED,
FONGICIDE,Propamocarbe,722 g/L,SL,PROMORE 722 SL,F.021-18,Ets MEZGHANI,ASTRACHEM,2024,ALL_SUBSTANCES_APPROVED_IN_EU,1,Propamocarbe,Propamocarb,Propamocarbe:EU_APPROVED,
FONGICIDE,Propamocarbe,722 g/L,SL,Promess,F.012-15,JADWA AGROTEC,ARYSTA Life Science Benelux / Belgique/arystalifescience,2024,ALL_SUBSTANCES_APPROVED_IN_EU,1,Propamocarbe,Propamocarb,Propamocarbe:EU_APPROVED,
FONGICIDE,Propamocarbe,722 g/L,SL,PROPLANT,F.199-11/21,PROTAGRI,ARYSTA Life Science Benelux / Belgique,2024,ALL_SUBSTANCES_APPROVED_IN_EU,1,Propamocarbe,Propamocarb,Propamocarbe:EU_APPROVED,
FONGICIDE,Promocarb,722g/l,SL,omix 607 SL,F.17-21,NEGANOR,Agria,2024,NOT_FOUND_OR_NEEDS_MANUAL_REVIEW,0,Promocarb,,Promocarb:NOT_IN_EU_LIST,
FONGICIDE,Promocarb,722g/l,SL,PROPAMIX SL,F.11-24,TASMID,AGRIA,2024,NOT_FOUND_OR_NEEDS_MANUAL_REVIEW,0,Promocarb,,Promocarb:NOT_IN_EU_LIST,
FONGICIDE,Promocarb,72.2 %,SL,PRO-CARB SL,F.20-23,SHARDA,SHARDA CROPCHEM INDE,2024,NOT_FOUND_OR_NEEDS_MANUAL_REVIEW,0,Promocarb,,Promocarb:NOT_IN_EU_LIST,
FONGICIDE,Promocarb,72.2 %,SL,PRIVATE SL,F.12-24,SANABEL AGRO,SHARDA CROPCHEM INDE,2024,NOT_FOUND_OR_NEEDS_MANUAL_REVIEW,0,Promocarb,,Promocarb:NOT_IN_EU_LIST,
FONGICIDE,Promocarb +Cymoxanil,400 g/l+50g/l,SC,proxanil 450 SC,F.06-21,BIOPROTECTION,arystalifescience,2024,ALL_SUBSTANCES_APPROVED_IN_EU,1,Promocarb +Cymoxanil,Cymoxanil,Promocarb +Cymoxanil:EU_APPROVED,
FONGICIDE,Promocarb +Cymoxanil,400 g/l+50g/l,SC,Rival duo 450 SC,F.07-21,AGRONOMIC Land,Agria,2024,ALL_SUBSTANCES_APPROVED_IN_EU,1,Promocarb +Cymoxanil,Cymoxanil,Promocarb +Cymoxanil:EU_APPROVED,
FONGICIDE,Promocarb +Cymoxanil,400 g/l+50g/l,SC,OMIX DUO 450 S C,F.071-22,NEGANOR,Agria,2024,ALL_SUBSTANCES_APPROVED_IN_EU,1,Promocarb +Cymoxanil,Cymoxanil,Promocarb +Cymoxanil:EU_APPROVED,
FONGICIDE,Propamocarbe + Fluopicolide,"625 g/l + 62,5 g/l",SC,Volare,F.091-11/21,EL MOUSSEM AGRICOLE,BAYER AG,2024,ALL_SUBSTANCES_APPROVED_IN_EU,1,Propamocarbe + Fluopicolide,Propamocarb,Propamocarbe + Fluopicolide:EU_APPROVED,
FONGICIDE,Propamocarbe +Fosethyl-Al,530 g/L +310 g/L,SL,Filex Energy,F.089-11/21,ATLAS AGRICOLE,BAYER CROPSCIENCE,2024,ALL_SUBSTANCES_APPROVED_IN_EU,1,Propamocarbe +Fosethyl-Al,Propamocarb,Propamocarbe +Fosethyl-Al:EU_APPROVED,
FONGICIDE,Propamocarbe +Fosethyl-Al,530 g/L +310 g/L,SL,Previcur Energy,F.023-14/24,EL MOUSSEM AGRICOLE,BAYER CROPSCIENCE,2024,ALL_SUBSTANCES_APPROVED_IN_EU,1,Propamocarbe +Fosethyl-Al,Propamocarb,Propamocarbe +Fosethyl-Al:EU_APPROVED,
FONGICIDE,Propamocarb Hydrochloride,722 g/l,SL,RIVAL 607 SL,F.17-23,AGRIPROTEC,AGRIA,2024,ALL_SUBSTANCES_APPROVED_IN_EU,1,Propamocarb Hydrochloride,Propamocarb,Propamocarb Hydrochloride:EU_APPROVED,
FONGICIDE,Proquinazid,200 g/l,EC,Talendo,F.101-11/21,SEPCM,DU PONT,2024,ALL_SUBSTANCES_APPROVED_IN_EU,1,Proquinazid,Proquinazid,Proquinazid:EU_APPROVED,
FONGICIDE,Proquinazid,200 g/l,EC,,F.27-23,EL BARAKA,DU PONT,2024,ALL_SUBSTANCES_APPROVED_IN_EU,1,Proquinazid,Proquinazid,Proquinazid:EU_APPROVED,
FONGICIDE,Prothioconazole,25%,EC,PROTEZOLE EC,F.057-22,SANABEL AGRO,SHARDA CROPCHEM,2024,ALL_SUBSTANCES_APPROVED_IN_EU,1,Prothioconazole,Prothioconazole,Prothioconazole:EU_APPROVED,
FONGICIDE,Prothioconazole,25%,EC,Mirage EC,F.35-21,SHARDA,SHARDA CROPCHEM,2024,ALL_SUBSTANCES_APPROVED_IN_EU,1,Prothioconazole,Prothioconazole,Prothioconazole:EU_APPROVED,
FONGICIDE,Prothioconazole +benzovindiflupyr(SOLATEN OL),150 g/l+75 g/l,EC,CERATAVO E RA,F.034-22,BIOPROTECTION,SYNGENTA,2024,ALL_SUBSTANCES_APPROVED_IN_EU,1,Prothioconazole +benzovindiflupyr(SOLATEN OL),Benzovindiflupyr,Prothioconazole +benzovindiflupyr(SOLATEN OL):EU_APPROVED,
FONGICIDE,Prothioconazole + Trifloxystrobine,175 g/L+ 88 g/L,SC,Madison 263 SC,F020-13/23,SEPCM,BAYER CROPSCIENCE,2024,ALL_SUBSTANCES_APPROVED_IN_EU,1,Prothioconazole + Trifloxystrobine,Trifloxystrobin,Prothioconazole + Trifloxystrobine:EU_APPROVED,
FONGICIDE,Prothioconazole + Trifloxystrobine,175 g/L+ 88 g/L,SC,DELARO DUO SC,F.03-24,ATLAS AGRICOLE,BAYER CROPSCIENCE,2024,ALL_SUBSTANCES_APPROVED_IN_EU,1,Prothioconazole + Trifloxystrobine,Trifloxystrobin,Prothioconazole + Trifloxystrobine:EU_APPROVED,
FONGICIDE,Prothioconazole +Tebuconazole,"12,5% +12,5%",EC,PROTECT PLUS EC,F.061-22,EXCEL AGRI,SHARDA CROPCHEM,2024,ALL_SUBSTANCES_APPROVED_IN_EU,1,Prothioconazole +Tebuconazole,Tebuconazole,Prothioconazole +Tebuconazole:EU_APPROVED,
FONGICIDE,Prothioconazole +Tebuconazole,"12,5% +12,5%",EC,Perfecto EC,F.36-21,SHARDA CROPCHEM tunisie,Sharda Cropchem,2024,ALL_SUBSTANCES_APPROVED_IN_EU,1,Prothioconazole +Tebuconazole,Tebuconazole,Prothioconazole +Tebuconazole:EU_APPROVED,
FONGICIDE,Prothioconazole +Tebuconazole,160 g/L +80 g/L,EC,Kestrel 240 SC,F.016-15,JADWA AGROTEC,BAYER CROPSCIENCE,2024,ALL_SUBSTANCES_APPROVED_IN_EU,1,Prothioconazole +Tebuconazole,Tebuconazole,Prothioconazole +Tebuconazole:EU_APPROVED,
FONGICIDE,Prothioconazole +Tebuconazole,125 g/L +125 g/L,EC,Prosaro 250 EC,F.098-11/21,PROMOCHIMIE,BAYER CROPSCIENCE,2024,ALL_SUBSTANCES_APPROVED_IN_EU,1,Prothioconazole +Tebuconazole,Tebuconazole,Prothioconazole +Tebuconazole:EU_APPROVED,
FONGICIDE,Prothioconazole +Tebuconazole,125 g/L +125 g/L,EC,Cello,F.021-17,AGRONOMIC Land,BAYER CROPSCIENCE,2024,ALL_SUBSTANCES_APPROVED_IN_EU,1,Prothioconazole +Tebuconazole,Tebuconazole,Prothioconazole +Tebuconazole:EU_APPROVED,
FONGICIDE,Prothioconazole +Tebuconazole+Bixafen,100 g/l+100 g/l+75 g/l,EC,SKYWAY XPRO EC,F.012-18,PROMOCHIMIE,BAYER AG,2024,ALL_SUBSTANCES_APPROVED_IN_EU,1,Prothioconazole +Tebuconazole+Bixafen,Tebuconazole,Prothioconazole +Tebuconazole+Bixafen:EU_APPROVED,
FONGICIDE,Pyraclostrobine Metconazole,130 g/l +80 g/l,EC,OPTIMO DUO EC,013-18F.,AGRIPROTEC,BASF,2024,ALL_SUBSTANCES_APPROVED_IN_EU,1,Pyraclostrobine Metconazole,Pyraclostrobin,Pyraclostrobine Metconazole:EU_APPROVED,
FONGICIDE,Pyraclostrobine +Tebuconazole,115 g/l+230 g/l,SC,P ILARTEP SC,F.04-23,RAYEN PHYTAGRI,PILARQUIIM (jiangsu) CO.LTD CHINE,2024,ALL_SUBSTANCES_APPROVED_IN_EU,1,Pyraclostrobine +Tebuconazole,Pyraclostrobin,Pyraclostrobine +Tebuconazole:EU_APPROVED,
FONGICIDE,Pyraclostrobin + Boscalid,"6,7%+26,7%",WDG,MIRACLE WDG,F.038-22,SHARDA CROPCHEM Tunisie,SHARDA CROPCHEM LIMITED,2024,ALL_SUBSTANCES_APPROVED_IN_EU,1,Pyraclostrobin + Boscalid,Boscalid (formerly nicobifen),Pyraclostrobin + Boscalid:EU_APPROVED,
FONGICIDE,Pyraclostrobin + Boscalid,"6,7%+26,7%",WDG,ORACLE 33 WG W DG,F.076-22,SLDA,SHARDA CROPCHEM LIMITED,2024,ALL_SUBSTANCES_APPROVED_IN_EU,1,Pyraclostrobin + Boscalid,Boscalid (formerly nicobifen),Pyraclostrobin + Boscalid:EU_APPROVED,
FONGICIDE,Pyraclostrobine + Dimethomorphe,40 g/l + 72 g/l,EC,Cabrio Duo,F.001-14/24,AGRIPROTEC,BASF,2024,ALL_SUBSTANCES_APPROVED_IN_EU,1,Pyraclostrobine + Dimethomorphe,Pyraclostrobin,Pyraclostrobine + Dimethomorphe:EU_APPROVED,
FONGICIDE,Pyraclostrobin +Fenpropimorph,100g/l+375 g/l,EC,COMET PLUS EC,F.38-21,Agriprotec,BASF,2024,ALL_SUBSTANCES_APPROVED_IN_EU,1,Pyraclostrobin +Fenpropimorph,Pyraclostrobin,Pyraclostrobin +Fenpropimorph:EU_APPROVED,
FONGICIDE,Pyraclostrobin +fluxapyroxad,333 g/l+167 g/l,SC,ORKESTRA SC,F.033-22,BIOPROTECTION,BASF,2024,ALL_SUBSTANCES_APPROVED_IN_EU,1,Pyraclostrobin +fluxapyroxad,Pyraclostrobin,Pyraclostrobin +fluxapyroxad:EU_APPROVED,
FONGICIDE,Pyraclostrobin +boscalid,"12,8%+25,2%",SC,Crystal SC,F.027-22,FERTITECH,HANGZHOU TOPAGRO BIOSCIENCE,2024,ALL_SUBSTANCES_APPROVED_IN_EU,1,Pyraclostrobin +boscalid,Boscalid (formerly nicobifen),Pyraclostrobin +boscalid:EU_APPROVED,
FONGICIDE,Pyriofenone,300 g/l,SC,KUSABI SC,F.23-21,AGRIPROTEC,ISK Biosciences Europe N.V/UPL,2024,ALL_SUBSTANCES_APPROVED_IN_EU,1,Pyriofenone,Pyriofenone,Pyriofenone:EU_APPROVED,
FONGICIDE,Pyrimethanil,60 g/l,SC,ETHPYRI SC,F.18-23,UNIAGRO,SHANDONG WEIFANG RAINBOW CHEMICAL CO.LTD,2024,ALL_SUBSTANCES_APPROVED_IN_EU,1,Pyrimethanil,Pyrimethanil,Pyrimethanil:EU_APPROVED,
FONGICIDE,Pyrimethanil,60 g/l,SC,PYROS SC,F.07-24,COTUGRAIN Impex,SHANDONG WEIFANG RAINBOW CHEMICAL CO.LTD,2024,ALL_SUBSTANCES_APPROVED_IN_EU,1,Pyrimethanil,Pyrimethanil,Pyrimethanil:EU_APPROVED,
FONGICIDE,Pyrimethanil,400 g/l,SC,PRETIL SC,F.21-23,EL KHADRA,INDUSTRIAS AFRASA S.A / ALBAUGH EUROPE SARL,2024,ALL_SUBSTANCES_APPROVED_IN_EU,1,Pyrimethanil,Pyrimethanil,Pyrimethanil:EU_APPROVED,
FONGICIDE,Pyriméthanil,3 0 0 g / L,S C,Scala 300 SC,F.102-11/21,ATLAS AGRICOLE,BAYER CROPSCIENCE,2024,ALL_SUBSTANCES_APPROVED_IN_EU,1,Pyriméthanil,Pyrimethanil,Pyriméthanil:EU_APPROVED,
FONGICIDE,Pyriméthanil,3 0 0 g / L,S C,Mythos300 SC,F.103-11/21,EL MOUSSEM AGRICOLE,BAYER CROPSCIENCE,2024,ALL_SUBSTANCES_APPROVED_IN_EU,1,Pyriméthanil,Pyrimethanil,Pyriméthanil:EU_APPROVED,
FONGICIDE,Pyriméthanil,4 0 %,S C,PYRAMIDE,F.062-22,FERTITECH,SHARDA CROPCHEM,2024,ALL_SUBSTANCES_APPROVED_IN_EU,1,Pyriméthanil,Pyrimethanil,Pyriméthanil:EU_APPROVED,
FONGICIDE,Pyriméthanil,4 0 %,S C,pyrma SC,F.12-21,SHARDA CROPCHEM tunisie,SHARDA CROPCHEM,2024,ALL_SUBSTANCES_APPROVED_IN_EU,1,Pyriméthanil,Pyrimethanil,Pyriméthanil:EU_APPROVED,
FONGICIDE,Pyriméthanil,400 g/l,SC,PYRUS 400 SC,F.025-22,STEC,UPL,2024,ALL_SUBSTANCES_APPROVED_IN_EU,1,Pyriméthanil,Pyrimethanil,Pyriméthanil:EU_APPROVED,
FONGICIDE,Pythiumoligandrum,1*106oospores(1 0-25% w/w) de polyversum,WP,POLYVERSUM,F.038-17,FERTIPLANT,BIOPREPARATY,2024,NOT_FOUND_OR_NEEDS_MANUAL_REVIEW,0,Pythiumoligandrum,,Pythiumoligandrum:NOT_IN_EU_LIST,
FONGICIDE,Reynoutriasachalinensis(Extrai t de la plante Renouée de Sakhaline),20%,SC,REYSANA SC,F.016-14/24,BIOPROTECTION,Syngenta/ Marrone Bio,2024,NOT_FOUND_OR_NEEDS_MANUAL_REVIEW,0,Reynoutriasachalinensis(Extrai t de la plante Renouée de Sakhaline),,Reynoutriasachalinensis(Extrai t de la plante Renouée de Sakhaline):NOT_IN_EU_LIST,
FONGICIDE,Sedaxane+Fludioxonil,25 g/l+25 g/l,FS,VIBRANCE DUO FS,F.002-20,BIOPROTECTION,SYNGENTA AGRO AG,2024,ALL_SUBSTANCES_APPROVED_IN_EU,1,Sedaxane+Fludioxonil,Fludioxonil,Sedaxane+Fludioxonil:EU_APPROVED,
FONGICIDE,Soufre,80%,WG,Sulpex,F.028-13/23,AGRIMATCO,AgrostullnGmbH/frarimpe x(D),2024,NOT_FOUND_OR_NEEDS_MANUAL_REVIEW,0,Soufre,,Soufre:NOT_IN_EU_LIST,
FONGICIDE,Soufre,80%,WG,C O S A M I L - D F,F . 2 6 - 2 1,S O C O O P E C,S u l p h u r M i l l s L i m i t e d,2024,NOT_FOUND_OR_NEEDS_MANUAL_REVIEW,0,Soufre,,Soufre:NOT_IN_EU_LIST,
FONGICIDE,Soufre,80%,WG,COSAVET-DF,F.010-19,AGRIPROTEC,Sulphur Mills Limited,2024,NOT_FOUND_OR_NEEDS_MANUAL_REVIEW,0,Soufre,,Soufre:NOT_IN_EU_LIST,
FONGICIDE,Soufre,80%,WG,Agrosoufre,F.163-11/21,AGROSYSTEMES,AgrostullnGmbH,2024,NOT_FOUND_OR_NEEDS_MANUAL_REVIEW,0,Soufre,,Soufre:NOT_IN_EU_LIST,
FONGICIDE,Soufre,98%,DP,Cabridust,F.107-11/21,AGROSYSTEMES,The national company for agrochemicals(AGROCHE M),2024,NOT_FOUND_OR_NEEDS_MANUAL_REVIEW,0,Soufre,,Soufre:NOT_IN_EU_LIST,
FONGICIDE,Soufre,80%,WG,Soufrustulln,F.031-15,AMINCO,AgrostullnGmbH,2024,NOT_FOUND_OR_NEEDS_MANUAL_REVIEW,0,Soufre,,Soufre:NOT_IN_EU_LIST,
FONGICIDE,Soufre,80%,WP,TIOSOL 80,F.004-14/24,ATLAS AGRICOLE,SIPCAM,2024,NOT_FOUND_OR_NEEDS_MANUAL_REVIEW,0,Soufre,,Soufre:NOT_IN_EU_LIST,
FONGICIDE,Soufre,80%,WP,Mistral,11-212F.,BIOPROTECTION,ESSECO sarl/AAKO,2024,NOT_FOUND_OR_NEEDS_MANUAL_REVIEW,0,Soufre,,Soufre:NOT_IN_EU_LIST,
FONGICIDE,Soufre,80%,WG,THIOMAX JET,F.005-20,COTUGRAIN,SYNGENTA,2024,NOT_FOUND_OR_NEEDS_MANUAL_REVIEW,0,Soufre,,Soufre:NOT_IN_EU_LIST,
FONGICIDE,Soufre,98%,DP,AzufreMicronizad o,F.025-13/23,EL KHADRA,AFEPASA S.A,2024,NOT_FOUND_OR_NEEDS_MANUAL_REVIEW,0,Soufre,,Soufre:NOT_IN_EU_LIST,
FONGICIDE,Soufre,80%,WG,Azumo,F.026-13/23,EL KHADRA,AFEPASA S.A,2024,NOT_FOUND_OR_NEEDS_MANUAL_REVIEW,0,Soufre,,Soufre:NOT_IN_EU_LIST,
FONGICIDE,Soufre,80%,WP,KEY Azufre,F.012-16,Ets MEZGHANI,,2024,NOT_FOUND_OR_NEEDS_MANUAL_REVIEW,0,Soufre,,Soufre:NOT_IN_EU_LIST,
FONGICIDE,Soufre,98%,DP,STV (Soufre Trituré Ventilé),F.027-13/23,ETS MEZGHANNI,Sté CHERIFIENNE d’ENGRAIS,2024,NOT_FOUND_OR_NEEDS_MANUAL_REVIEW,0,Soufre,,Soufre:NOT_IN_EU_LIST,
FONGICIDE,Soufre,80%,WG,soufravit,F.008-16,TASMID,AGROSTULLN/,2024,NOT_FOUND_OR_NEEDS_MANUAL_REVIEW,0,Soufre,,Soufre:NOT_IN_EU_LIST,
FONGICIDE,Soufre,80%,WP,Microsol,F.183-11/21,PROMOCHIMIE,SIPCAM QUIMAGRO,2024,NOT_FOUND_OR_NEEDS_MANUAL_REVIEW,0,Soufre,,Soufre:NOT_IN_EU_LIST,
FONGICIDE,Soufre,80%,WG,Insuf,F.200-11/21,PROTAGRI,UNITED PHOSPHORUS,2024,NOT_FOUND_OR_NEEDS_MANUAL_REVIEW,0,Soufre,,Soufre:NOT_IN_EU_LIST,
FONGICIDE,Soufre,80%,WG,KIPRIDE WG,F.024-17,SANABEL Agro,AFEPASA S.A,2024,NOT_FOUND_OR_NEEDS_MANUAL_REVIEW,0,Soufre,,Soufre:NOT_IN_EU_LIST,
FONGICIDE,Soufre,80%,WG,MICROCROPS,F.008-15,SEPCM,AFEPASA S.A,2024,NOT_FOUND_OR_NEEDS_MANUAL_REVIEW,0,Soufre,,Soufre:NOT_IN_EU_LIST,
FONGICIDE,Soufre,80%,WG,WG,,,,2024,NOT_FOUND_OR_NEEDS_MANUAL_REVIEW,0,Soufre,,Soufre:NOT_IN_EU_LIST,
FONGICIDE,Soufre,98%,DP,DP,F.007-15,SEPCM,AFEPASA S.A,2024,NOT_FOUND_OR_NEEDS_MANUAL_REVIEW,0,Soufre,,Soufre:NOT_IN_EU_LIST,
FONGICIDE,Soufre,80%,WG,MicrothiolSpecial,F.184-11/21,STEC,UPL/CEREXAGRI,2024,NOT_FOUND_OR_NEEDS_MANUAL_REVIEW,0,Soufre,,Soufre:NOT_IN_EU_LIST,
FONGICIDE,Soufre,80%,WG,Kumulus DF,F.106-11/21,STIMA,BASF,2024,NOT_FOUND_OR_NEEDS_MANUAL_REVIEW,0,Soufre,,Soufre:NOT_IN_EU_LIST,
FONGICIDE,Soufre,80%,WG,SULFOSTAR DF,F.54-21,AGRIPROTEC,BASF,2024,NOT_FOUND_OR_NEEDS_MANUAL_REVIEW,0,Soufre,,Soufre:NOT_IN_EU_LIST,
FONGICIDE,Soufre,700 g/L,SC,Heliosoufre S,F.213-11/21,BIOPROTECTION,Action Pin/AAKO,2024,NOT_FOUND_OR_NEEDS_MANUAL_REVIEW,0,Soufre,,Soufre:NOT_IN_EU_LIST,
FONGICIDE,Soufre,800 g/l,SC,SULFOMAX,F.009-19,EL KHARDA,AFEPASA,2024,NOT_FOUND_OR_NEEDS_MANUAL_REVIEW,0,Soufre,,Soufre:NOT_IN_EU_LIST,
FONGICIDE,Soufre,80%,WDG,Micro-cap,F.007-22,NEGANOR,AGROW ALLIED,2024,NOT_FOUND_OR_NEEDS_MANUAL_REVIEW,0,Soufre,,Soufre:NOT_IN_EU_LIST,
FONGICIDE,Soufre,80%,WDG,SULFINOVA 80WDG,F.075-22,AGRINOVA,AGROW ALLIED,2024,NOT_FOUND_OR_NEEDS_MANUAL_REVIEW,0,Soufre,,Soufre:NOT_IN_EU_LIST,
FONGICIDE,Soufre,825 g/l,SC,Thiopron SC,F.005-22,BIOPROTECTION,UPL,2024,NOT_FOUND_OR_NEEDS_MANUAL_REVIEW,0,Soufre,,Soufre:NOT_IN_EU_LIST,
FONGICIDE,Spiroxamine,300 g/l,CS,PROSPER 300 CS,F.27-21,Atlas agricole,BAYER CROPSCIENCE,2024,ALL_SUBSTANCES_APPROVED_IN_EU,1,Spiroxamine,Spiroxamine,Spiroxamine:EU_APPROVED,
FONGICIDE,S piroxamine +difeconazole,400 g/l+50 g/l,EC,SPIROX D EC,F.24-21,BIOPROTECTION,arystalifescience/UPL,2024,NOT_FOUND_OR_NEEDS_MANUAL_REVIEW,0,S piroxamine +difeconazole,,S piroxamine +difeconazole:NOT_IN_EU_LIST,
FONGICIDE,Spiroxamine,500 g/L,EC,Prosper 500 EC,F.108-11/21,ATLAS AGRICOLE,BAYER CROPSCIENCE,2024,ALL_SUBSTANCES_APPROVED_IN_EU,1,Spiroxamine,Spiroxamine,Spiroxamine:EU_APPROVED,
FONGICIDE,Sulfate de cuivre tribasique,345 g/l (soit 190 g/l cuivre metal),SC,TRIBASE -FLOW SC,F.71-21,Atlas Agricole,NUFARM,2024,NOT_FOUND_OR_NEEDS_MANUAL_REVIEW,0,Sulfate de cuivre tribasique,,Sulfate de cuivre tribasique:NOT_IN_EU_LIST,
FONGICIDE,Sulfate de cuivre tribasique,345 g/l (soit 190 g/l cuivre metal),SC,Cuproxat,018-14F.,EL MOUSSEM AGRICOLE,NUFARM,2024,NOT_FOUND_OR_NEEDS_MANUAL_REVIEW,0,Sulfate de cuivre tribasique,,Sulfate de cuivre tribasique:NOT_IN_EU_LIST,
FONGICIDE,Sulfate de cuivre tribasique,40%,WG,Novicure,F.033-17,PROTAGRI,UPL,2024,NOT_FOUND_OR_NEEDS_MANUAL_REVIEW,0,Sulfate de cuivre tribasique,,Sulfate de cuivre tribasique:NOT_IN_EU_LIST,
FONGICIDE,sulfate de cuivre tribasique,553.5 g/kg (Soit 300 g/kg cuivre métal),WG,MEXIRAM TRI H I BIO WG,F.09-23,EL MOUSSEM AGRICOLE,ALBAUGH EUROPE SARL,2024,NOT_FOUND_OR_NEEDS_MANUAL_REVIEW,0,sulfate de cuivre tribasique,,sulfate de cuivre tribasique:NOT_IN_EU_LIST,
FONGICIDE,Sulfate de cuivre tribasique +,190 g/l +35 g/l,SC,Moltovin,F.037-17,BIOPROTECTION,NUFARM,2024,NOT_FOUND_OR_NEEDS_MANUAL_REVIEW,0,Sulfate de cuivre tribasique +,,Sulfate de cuivre tribasique +:NOT_IN_EU_LIST,
FONGICIDE,Cymoxanil,190 g/l +35 g/l,SC,,,,,2024,ALL_SUBSTANCES_APPROVED_IN_EU,1,Cymoxanil,Cymoxanil,Cymoxanil:EU_APPROVED,
FONGICIDE,Sulfate de cuivre tribasique +,266.6 g/l +40,SC,Amaline Flow,F.027-17,EL MOUSSEM,NUFARM,2024,NOT_FOUND_OR_NEEDS_MANUAL_REVIEW,0,Sulfate de cuivre tribasique +,,Sulfate de cuivre tribasique +:NOT_IN_EU_LIST,
FONGICIDE,Zoxamide,g/l,SC,,,AGRICOLE,,2024,ALL_SUBSTANCES_APPROVED_IN_EU,1,Zoxamide,Zoxamide,Zoxamide:EU_APPROVED,
FONGICIDE,Sulfate de cuivre tribasique +,266.6 g/l +40,SC,ventaro,F.75-21,STEC,NUFARM,2024,NOT_FOUND_OR_NEEDS_MANUAL_REVIEW,0,Sulfate de cuivre tribasique +,,Sulfate de cuivre tribasique +:NOT_IN_EU_LIST,
FONGICIDE,Zoxamide,g/l,SC,,,,,2024,ALL_SUBSTANCES_APPROVED_IN_EU,1,Zoxamide,Zoxamide,Zoxamide:EU_APPROVED,
FONGICIDE,Sulphate de cuivre tribasique,360g/l,SC,CU MAX,F.013-17,RAYEN PHYTAGRI,DIACHEM S.P.A,2024,NOT_FOUND_OR_NEEDS_MANUAL_REVIEW,0,Sulphate de cuivre tribasique,,Sulphate de cuivre tribasique:NOT_IN_EU_LIST,
FONGICIDE,Sulfate tetracuivrique tricalcique,20% CU,WG,Bordocure WG,F.024-22,FERTITECH,ALINTRA,2024,NOT_FOUND_OR_NEEDS_MANUAL_REVIEW,0,Sulfate tetracuivrique tricalcique,,Sulfate tetracuivrique tricalcique:NOT_IN_EU_LIST,
FONGICIDE,sulfatetetracuivrique tricalcique)+ cymoxanil,88.24%p/p(25.5 % cu métal min +3.1%p/p,WP,CUPERTINE SUPER WP,F.10-23,F ERTITECH,ALINTRA ESPAGNE,2024,ALL_SUBSTANCES_APPROVED_IN_EU,1,sulfatetetracuivrique tricalcique)+ cymoxanil,Cymoxanil,sulfatetetracuivrique tricalcique)+ cymoxanil:EU_APPROVED,
FONGICIDE,Tebuconazole,250 g/L,EC,SONG EC,F.032-17,ATLAS AGRICOLE,SIPCAM INAGRA,2024,ALL_SUBSTANCES_APPROVED_IN_EU,1,Tebuconazole,Tebuconazole,Tebuconazole:EU_APPROVED,
FONGICIDE,Tebuconazole,250 g/L,SC,KEYZOL SC,F.014-20,EL KHADRA,AVGUST CROP CORPORATION,2024,ALL_SUBSTANCES_APPROVED_IN_EU,1,Tebuconazole,Tebuconazole,Tebuconazole:EU_APPROVED,
FONGICIDE,Tebuconazole,60 g/L,FS,Mycoseeds FS 60,,EL KHADRA,Sharda World wide,2024,ALL_SUBSTANCES_APPROVED_IN_EU,1,Tebuconazole,Tebuconazole,Tebuconazole:EU_APPROVED,
FONGICIDE,Tebuconazole,60 g/L,FS,TEBUSHA 6 FS,F.022-17,AGRINOVA,Sharda World wide,2024,ALL_SUBSTANCES_APPROVED_IN_EU,1,Tebuconazole,Tebuconazole,Tebuconazole:EU_APPROVED,
FONGICIDE,Tebuconazole,250 g/L,SC,COLOSSALSous réserve de changement de DC,F.045-17,HALAB TUNISIE,AVGUST CROP CORPORATION,2024,ALL_SUBSTANCES_APPROVED_IN_EU,1,Tebuconazole,Tebuconazole,Tebuconazole:EU_APPROVED,
FONGICIDE,Tebuconazole,60 g/L,FS,Timer FS 060,F.109-11/21,STEC,BAYER CROPSCIENCE,2024,ALL_SUBSTANCES_APPROVED_IN_EU,1,Tebuconazole,Tebuconazole,Tebuconazole:EU_APPROVED,
FONGICIDE,Tébuconazole,430 g/l,SC,SPEEDY SC,F.065-22,EL KHADRA,NINGBO SUNJOY AGROSCIENCE INDUSTRY/Cropidea,2024,ALL_SUBSTANCES_APPROVED_IN_EU,1,Tébuconazole,Tebuconazole,Tébuconazole:EU_APPROVED,
FONGICIDE,Tébuconazole,430 g/l,SC,METROSTAR SC,F.009-18,AGRIPLUS,,2024,ALL_SUBSTANCES_APPROVED_IN_EU,1,Tébuconazole,Tebuconazole,Tébuconazole:EU_APPROVED,
FONGICIDE,Tébuconazole,250 g/L,EW,Corail,F.113-11/21,PROMOCHIMIE,BAYER CROPSCIENCE,2024,ALL_SUBSTANCES_APPROVED_IN_EU,1,Tébuconazole,Tebuconazole,Tébuconazole:EU_APPROVED,
FONGICIDE,Tébuconazole,430 g/l,SC,Camaro430SC,F.026-16,RAYEN,SHARDA,2024,ALL_SUBSTANCES_APPROVED_IN_EU,1,Tébuconazole,Tebuconazole,Tébuconazole:EU_APPROVED,
FONGICIDE,Tébuconazole,430 g/l,SC,TEBUNOVA SC,F.66-21,AGRINOVA,,2024,ALL_SUBSTANCES_APPROVED_IN_EU,1,Tébuconazole,Tebuconazole,Tébuconazole:EU_APPROVED,
FONGICIDE,Tébuconazole,430 g/l,SC,Matiz,F.004-13/23,SANABEL AGRO,ROTAM AGROCHEMICAL(rival),2024,ALL_SUBSTANCES_APPROVED_IN_EU,1,Tébuconazole,Tebuconazole,Tébuconazole:EU_APPROVED,
FONGICIDE,Tébuconazole,250 g/L,EW,AZUROS,F.018-19,SLDA,SHARDA CROPCHEM Ltd,2024,ALL_SUBSTANCES_APPROVED_IN_EU,1,Tébuconazole,Tebuconazole,Tébuconazole:EU_APPROVED,
FONGICIDE,Tébuconazole,2 5 0 g / L,E W,Tebucur,F.110-11/21,AGROSYSTEMES,GLOBACHEM,2024,ALL_SUBSTANCES_APPROVED_IN_EU,1,Tébuconazole,Tebuconazole,Tébuconazole:EU_APPROVED,
FONGICIDE,Tébuconazole,2 5 0 g / L,E W,Teson,F.036-15,AMINCO,GLOBACHEM,2024,ALL_SUBSTANCES_APPROVED_IN_EU,1,Tébuconazole,Tebuconazole,Tébuconazole:EU_APPROVED,
FONGICIDE,Tébuconazole,2 5 0 g / L,E W,Konan EW,F.014-13/23,ETS MEZGHANI,INDUSTRIAL QUIMICA KEY,2024,ALL_SUBSTANCES_APPROVED_IN_EU,1,Tébuconazole,Tebuconazole,Tébuconazole:EU_APPROVED,
FONGICIDE,Tébuconazole,2 5 0 g / L,E W,Horizon 250 EW,F.111-11/21,PROMOCHIMIE,BAYER CROPSCIENCE,2024,ALL_SUBSTANCES_APPROVED_IN_EU,1,Tébuconazole,Tebuconazole,Tébuconazole:EU_APPROVED,
FONGICIDE,Tébuconazole,2 5 0 g / L,E W,TEBUZOL 25 EW,F.043-21,Agriprotec,UPL LIMITED,2024,ALL_SUBSTANCES_APPROVED_IN_EU,1,Tébuconazole,Tebuconazole,Tébuconazole:EU_APPROVED,
FONGICIDE,Tébuconazole,2 5 0 g / L,E W,SUPREME 25 EW,F.06-24,COTUGRAIN Impex,UPL LIMITED,2024,ALL_SUBSTANCES_APPROVED_IN_EU,1,Tébuconazole,Tebuconazole,Tébuconazole:EU_APPROVED,
FONGICIDE,Tebuconazole+Prochloraz,200 g/l + 300 g/l,EC,Mystic Pro,F.128-11/21,AGRIPROTEC,NUFARM SAS,2024,ALL_SUBSTANCES_APPROVED_IN_EU,1,Tebuconazole+Prochloraz,Tebuconazole,Tebuconazole+Prochloraz:EU_APPROVED,
FONGICIDE,Tebuconazole+Prochloraz,200 g/l + 300 g/l,EC,Winner,F.206-11/21,BIOPROTECTION,NUFARM SAS,2024,ALL_SUBSTANCES_APPROVED_IN_EU,1,Tebuconazole+Prochloraz,Tebuconazole,Tebuconazole+Prochloraz:EU_APPROVED,
FONGICIDE,Tébuconazole +Trifloxystrobine,200 g/L+ 100 g/L,SC,Nativo 300 SC,F.115-11/21,STEC,BAYER CROPSCIENCE,2024,ALL_SUBSTANCES_APPROVED_IN_EU,1,Tébuconazole +Trifloxystrobine,Trifloxystrobin,Tébuconazole +Trifloxystrobine:EU_APPROVED,
FONGICIDE,Thiabendazole,50 % SC,SC,BENAZOLE,F.059-22,EXCEL AGRI,SHARDA CROPCHEM,2024,ALL_SUBSTANCES_APPROVED_IN_EU,1,Thiabendazole,Thiabendazole,Thiabendazole:EU_APPROVED,
FONGICIDE,Thiabendazole,50 % SC,SC,TENAZOLE,F.31-21,SHARDA CROPCHEM Tunisie,SHARDA CROPCHEM,2024,ALL_SUBSTANCES_APPROVED_IN_EU,1,Thiabendazole,Thiabendazole,Thiabendazole:EU_APPROVED,
FONGICIDE,Trifloxystrobin,50%,WG,Zato 50 WG,F.123-11/21,ATLAS AGRICOLE,BAYER CROPSCIENCE,2024,ALL_SUBSTANCES_APPROVED_IN_EU,1,Trifloxystrobin,Trifloxystrobin,Trifloxystrobin:EU_APPROVED,
FONGICIDE,Trifloxystrobin,50%,WG,Flint,F.124-11/21,PROMOCHIMIE,BAYER CROPSCIENCE,2024,ALL_SUBSTANCES_APPROVED_IN_EU,1,Trifloxystrobin,Trifloxystrobin,Trifloxystrobin:EU_APPROVED,
FONGICIDE,Trichoderma Asperellum ICC012: +Trichoderma Gamsii ICC080:,999 g/kg conidies (5 x109 CFU/g)+ 999 g/ conidies (5 x109 CFU/g),WP,REMEDIER WP,F.007-19,STIMA,ISAGRO SPA/GOWAN,2024,NOT_FOUND_OR_NEEDS_MANUAL_REVIEW,0,Trichoderma Asperellum ICC012: +Trichoderma Gamsii ICC080:,,Trichoderma Asperellum ICC012: +Trichoderma Gamsii ICC080::NOT_IN_EU_LIST,
FONGICIDE,Trichodermaasperellumstrain),T34 /120g/kg (12.0%w/w),WP,T34 BIOCONTROL,F.19-21,STIMA,"BiocontrolTechnologies,S. L/",2024,NOT_FOUND_OR_NEEDS_MANUAL_REVIEW,0,Trichodermaasperellumstrain),,Trichodermaasperellumstrain):NOT_IN_EU_LIST,
FONGICIDE,Trichoderma asperellum strain Kd (DSM32800) :,2x109 spores per gram (3.50 W/W %),WP,T-protec,F.05-24,ALOHA,Plant Health Products (phy)/Sud d'afrique/Andermatt PHP(Pty) Ltd/ANDERMATT BIOCONTROL GROUP AG,2024,NOT_FOUND_OR_NEEDS_MANUAL_REVIEW,0,Trichoderma asperellum strain Kd (DSM32800) :,,Trichoderma asperellum strain Kd (DSM32800) ::NOT_IN_EU_LIST,
FONGICIDE,Trichodermaatroviride 77B,2x109cfu/g,WP,T-77 WP,F.29-21,Aloha agriculture,Plant Health Products (phy)/Sud d'afriquePlant Health Products (phy),2024,NOT_FOUND_OR_NEEDS_MANUAL_REVIEW,0,Trichodermaatroviride 77B,,Trichodermaatroviride 77B:NOT_IN_EU_LIST,
FONGICIDE,Zirame,76%,WG,Thionicautodispers ible,F.136-11/21,AGROSYSTEMES,TAMINCO/EASTMAN,2024,ALL_SUBSTANCES_APPROVED_IN_EU,1,Zirame,Ziram,Zirame:EU_APPROVED,
FONGICIDE,Zoxamide + Dimethomorphe,180 g/l+180 g/l,SC,Presidium SC,F.053-22,STEC,Gowan,2024,ALL_SUBSTANCES_APPROVED_IN_EU,1,Zoxamide + Dimethomorphe,Zoxamide,Zoxamide + Dimethomorphe:EU_APPROVED,
HERBICIDE,Aclonifen,600 g/l,SC,Challenge 600SC,H.001-14/24,EL MOUSSEM AGRICOLE,Bayer AG,2024,ALL_SUBSTANCES_APPROVED_IN_EU,1,Aclonifen,Aclonifen,Aclonifen:EU_APPROVED,
HERBICIDE,Aclonifen,60%,SC,ACTION 60 SC,H.026-22,SHARDA CROPCHEM TUNISIA,SHARDA CROPCHEM limited/,2024,ALL_SUBSTANCES_APPROVED_IN_EU,1,Aclonifen,Aclonifen,Aclonifen:EU_APPROVED,
HERBICIDE,Aclonifen,60%,SC,COSTA SC,H.02-23,SANABEL AGRO,SHARDA CROPCHEM limited/,2024,ALL_SUBSTANCES_APPROVED_IN_EU,1,Aclonifen,Aclonifen,Aclonifen:EU_APPROVED,
HERBICIDE,Aminopyralydes + Florasulam +2.4 D EHE,10g/l +5g/l +180g/l,SE,Nikos forte,H.010-15,ATLAS AGRICOLE,DOW AGROSCIENCES/ CORTEVA,2024,ALL_SUBSTANCES_APPROVED_IN_EU,1,Aminopyralydes + Florasulam +2.4 D EHE,Florasulam,Aminopyralydes + Florasulam +2.4 D EHE:EU_APPROVED,
HERBICIDE,Aminopyralydes + Florasulam +2.4 D EHE,100 g/l + 25 g/l + 250g/l,OD,Sekator OD,H.002-17,AGRONOMIC Land,BAYER CROPSCIENCES,2024,ALL_SUBSTANCES_APPROVED_IN_EU,1,Aminopyralydes + Florasulam +2.4 D EHE,Florasulam,Aminopyralydes + Florasulam +2.4 D EHE:EU_APPROVED,
HERBICIDE,Aminopyralydes + Florasulam,350 g/Kg +150 g/Kg,WG,Lancelot NEO 450 WG,H.001-11/21,SEPCM,DOW AGROSCIENCES,2024,ALL_SUBSTANCES_APPROVED_IN_EU,1,Aminopyralydes + Florasulam,Florasulam,Aminopyralydes + Florasulam:EU_APPROVED,
HERBICIDE,Arylex active(halauxifen- methyl) + pyroxsulam +cloquintocet acide,66.67% g/kg en équivalent acide+250 g/kg+354 g/kg,WG,TARZEK + UPTAKE SL (Ecosurf EH-9 Surfactant 73 %(p/p)),H.003-20,COTUGRAIN,Dow Agrosciences,2024,ALL_SUBSTANCES_APPROVED_IN_EU,1,Arylex active(halauxifen- methyl) + pyroxsulam +cloquintocet acide,Pyroxsulam,Arylex active(halauxifen- methyl) + pyroxsulam +cloquintocet acide:EU_APPROVED,
HERBICIDE,Arylex TM + Forasulam + Cloquintocet acide +SURFER(Adjuvant),100g/kg+100g/kg+ 70.8 g/kg,WG,CLASSICO WG,H.10-21,SEPCM,Dow Agrosciences,2024,CONTAINS_NOT_APPROVED_SUBSTANCE_IN_EU,1,Arylex TM + Forasulam + Cloquintocet acide +SURFER(Adjuvant),Asulam,Arylex TM + Forasulam + Cloquintocet acide +SURFER(Adjuvant):EU_NOT_APPROVED,
HERBICIDE,Bentazone,480g/l,SL,BENTA SL,H.019-22,EL KHADRA,NANJING,2024,ALL_SUBSTANCES_APPROVED_IN_EU,1,Bentazone,Bentazone,Bentazone:EU_APPROVED,
HERBICIDE,Bentazone,480g/l,SL,BASASTAR SL,H.010-20,AGRIPLUS,NANJING,2024,ALL_SUBSTANCES_APPROVED_IN_EU,1,Bentazone,Bentazone,Bentazone:EU_APPROVED,
HERBICIDE,Bentazone,480g/l,SL,BENTAKEY SL,H.007-20,ETS MEZGHANI,SHANDONG,2024,ALL_SUBSTANCES_APPROVED_IN_EU,1,Bentazone,Bentazone,Bentazone:EU_APPROVED,
HERBICIDE,Bentazone,4 8 0 g / L,S L,S h a r b e n t a,H.004-13/23,SANABEL,SHARDA,2024,ALL_SUBSTANCES_APPROVED_IN_EU,1,Bentazone,Bentazone,Bentazone:EU_APPROVED,
HERBICIDE,Bentazone,4 8 0 g / L,S L,T R O Y 4 8 0 S L,H.007-18,AGRIPROTEC,UPL LIMITED,2024,ALL_SUBSTANCES_APPROVED_IN_EU,1,Bentazone,Bentazone,Bentazone:EU_APPROVED,
HERBICIDE,Bentazone,4 8 0 g / L,S L,B a s a g r a n,H.003-11/21,STIMA,BASF,2024,ALL_SUBSTANCES_APPROVED_IN_EU,1,Bentazone,Bentazone,Bentazone:EU_APPROVED,
HERBICIDE,Bentazone,480 g/l,SL,BENTAPROTEKT SL,H.007-22,LIEN AGRICOLE,ANHUI,2024,ALL_SUBSTANCES_APPROVED_IN_EU,1,Bentazone,Bentazone,Bentazone:EU_APPROVED,
HERBICIDE,Bentazone,4 8 0 g / L,S L,f i g h t e r,H.16-21,cotugrain,BASF,2024,ALL_SUBSTANCES_APPROVED_IN_EU,1,Bentazone,Bentazone,Bentazone:EU_APPROVED,
HERBICIDE,Bentazone +Imazamox,480 g/l+22.4 g/l,SL,CORUM SL,H.05-21,AGRIPROTEC,BASF,2024,ALL_SUBSTANCES_APPROVED_IN_EU,1,Bentazone +Imazamox,Bentazone,Bentazone +Imazamox:EU_APPROVED,
HERBICIDE,Chlortoluron,500 g/L,SC,DESPERADO,H.08-21,AGRIPROTEC,Nufarm,2024,NOT_FOUND_OR_NEEDS_MANUAL_REVIEW,0,Chlortoluron,,Chlortoluron:NOT_IN_EU_LIST,
HERBICIDE,Chlortoluron,5 0 0 g / L,SC,Tolurex 50,H.006-11/21,SEPCM,AAKO,2024,NOT_FOUND_OR_NEEDS_MANUAL_REVIEW,0,Chlortoluron,,Chlortoluron:NOT_IN_EU_LIST,
HERBICIDE,Chlortoluron + Isoxabene,500 g/L + 18.7 g/L,SC,FLEXIDOR,H.015-18,ATLAS AGRICOLE,Dow,2024,ALL_SUBSTANCES_APPROVED_IN_EU,1,Chlortoluron + Isoxabene,Isoxaben,Chlortoluron + Isoxabene:EU_APPROVED,
HERBICIDE,Chlortoluron + Isoxabene,500 g/L + 18.7 g/L,SC,Aubaine,H.014-13/23,SEPCM,Dow Agrosciences,2024,ALL_SUBSTANCES_APPROVED_IN_EU,1,Chlortoluron + Isoxabene,Isoxaben,Chlortoluron + Isoxabene:EU_APPROVED,
HERBICIDE,Chlorotoluron +pendimeyhalin+ diflufenican,250g/l+300g/l+ 40g/l,SC,UMBRA 590 SC,H.030-22,BIOPROTECTIO N,SYNGENTA,2024,ALL_SUBSTANCES_APPROVED_IN_EU,1,Chlorotoluron +pendimeyhalin+ diflufenican,Diflufenican,Chlorotoluron +pendimeyhalin+ diflufenican:EU_APPROVED,
HERBICIDE,Clethodim,240 g/l,SC,ICASSO 240 SC,H.013-20,SANABEL AGRO,RotamAgrochemic al/rival,2024,ALL_SUBSTANCES_APPROVED_IN_EU,1,Clethodim,Clethodim,Clethodim:EU_APPROVED,
HERBICIDE,Clethodim,240 g/l,EC,CLETOPROTEKT,H.031-22,LIEN AGRICOLE,,2024,ALL_SUBSTANCES_APPROVED_IN_EU,1,Clethodim,Clethodim,Clethodim:EU_APPROVED,
HERBICIDE,Cléthodime,1 2 0 g / L,EC,Select Super,H.004-11/21,BIOPRO TECTION,U P L / A R Y S T A LIFESCIENCE,2024,ALL_SUBSTANCES_APPROVED_IN_EU,1,Cléthodime,Clethodim,Cléthodime:EU_APPROVED,
HERBICIDE,Clethodim,240 g/l,EC,CLODIM FORTE 240 EC,H.004-22,SOLAGRI,SYNGENTA,2024,ALL_SUBSTANCES_APPROVED_IN_EU,1,Clethodim,Clethodim,Clethodim:EU_APPROVED,
HERBICIDE,Cléthodime,1 2 0 g / L,EC,Akodim 120 EC,H.005-11/21,SEPCM,AAKO,2024,ALL_SUBSTANCES_APPROVED_IN_EU,1,Cléthodime,Clethodim,Cléthodime:EU_APPROVED,
HERBICIDE,Clethodim,12%,EC,FYTODIM EC,H.032-22,FERTITECH,TOPAGRO BIOSCIENCE,2024,ALL_SUBSTANCES_APPROVED_IN_EU,1,Clethodim,Clethodim,Clethodim:EU_APPROVED,
HERBICIDE,Clodinafop-propagyl +Cloquintocet-mexyl,100g/l +25 g/l,EC,BUGUIS EC,H.008-18,AGRIPROTEC,PROPLAN/QUME,2024,ALL_SUBSTANCES_APPROVED_IN_EU,1,Clodinafop-propagyl +Cloquintocet-mexyl,Clodinafop,Clodinafop-propagyl +Cloquintocet-mexyl:EU_APPROVED,
HERBICIDE,Clodinafop-propargil,80 g/L,EC,,H . 0 0 7 - 1 1 / 2 1,B I O P R O T E C T I O,S Y N G E N T A,2024,ALL_SUBSTANCES_APPROVED_IN_EU,1,Clodinafop-propargil,Clodinafop,Clodinafop-propargil:EU_APPROVED,
HERBICIDE,Clodinafop-propargil,80 g/L,EC,80,,N,,2024,ALL_SUBSTANCES_APPROVED_IN_EU,1,Clodinafop-propargil,Clodinafop,Clodinafop-propargil:EU_APPROVED,
HERBICIDE,Clodinafop-propargil,240 g/L +60 g/L,EC,RUBAH,H.026-15,AGRIPLUS,PARIJAT,2024,ALL_SUBSTANCES_APPROVED_IN_EU,1,Clodinafop-propargil,Clodinafop,Clodinafop-propargil:EU_APPROVED,
HERBICIDE,Clodinafop-propargil,100 g/L +25 g/L,EC,Uniform,H.008-11/21,BIOPROTECTIO,SYNGENTA,2024,ALL_SUBSTANCES_APPROVED_IN_EU,1,Clodinafop-propargil,Clodinafop,Clodinafop-propargil:EU_APPROVED,
HERBICIDE,Clodinafop-propargil,100 g/L +25 g/L,EC,100,,N,,2024,ALL_SUBSTANCES_APPROVED_IN_EU,1,Clodinafop-propargil,Clodinafop,Clodinafop-propargil:EU_APPROVED,
HERBICIDE,Clodinafop-propargyl + Cloquintocet-mexyl,95 g/l+25 g/l,EC,CICLOPE EC,H.002-20,EL KHADRA,INDUSTRIAS AFRAZA/ALBAU GH EUROPE SARL,2024,ALL_SUBSTANCES_APPROVED_IN_EU,1,Clodinafop-propargyl + Cloquintocet-mexyl,Clodinafop,Clodinafop-propargyl + Cloquintocet-mexyl:EU_APPROVED,
HERBICIDE,Clopyralid,100 g/L,EC,VERSATILL,H.014-20,ATLAS AGRICOLE,DOW AGROSCIENCE/c orteva,2024,ALL_SUBSTANCES_APPROVED_IN_EU,1,Clopyralid,Clopyralid,Clopyralid:EU_APPROVED,
HERBICIDE,Clopyralid,100g/l,SL,GLOPYR 100 SL,H.004-18,AGROSYSTEME S,Globachem,2024,ALL_SUBSTANCES_APPROVED_IN_EU,1,Clopyralid,Clopyralid,Clopyralid:EU_APPROVED,
HERBICIDE,Clopyralid,300g/l,SL,clopryd 30 SL,H.005-20,SLDA,Sharda cropchem,2024,ALL_SUBSTANCES_APPROVED_IN_EU,1,Clopyralid,Clopyralid,Clopyralid:EU_APPROVED,
HERBICIDE,Clopyralid,300g/l,SL,PRYSTAR SL,H.01-24,SANABEL AGRO,Sharda cropchem,2024,ALL_SUBSTANCES_APPROVED_IN_EU,1,Clopyralid,Clopyralid,Clopyralid:EU_APPROVED,
HERBICIDE,Cycloxidime,100 g/L,EC,Focus Ultra,H.009-11/21,STIMA,BASF,2024,NOT_FOUND_OR_NEEDS_MANUAL_REVIEW,0,Cycloxidime,,Cycloxidime:NOT_IN_EU_LIST,
HERBICIDE,Cycloxidime,100 g/L,EC,stratos ultra EC,H.17-21,agriprotec,BASF,2024,NOT_FOUND_OR_NEEDS_MANUAL_REVIEW,0,Cycloxidime,,Cycloxidime:NOT_IN_EU_LIST,
HERBICIDE,Dicamba-Sel Dimethylamine (DMA),480g/l,EC,procamba,H.13-21,SSCC,ghardachemical,2024,ALL_SUBSTANCES_APPROVED_IN_EU,1,Dicamba-Sel Dimethylamine (DMA),Dicamba,Dicamba-Sel Dimethylamine (DMA):EU_APPROVED,
HERBICIDE,Dicamba +Prosulfuron,500 g/kg+50 g/kg,WG,CASPER 55 WG,H.004-20,SOLAGRI,Syngenta,2024,ALL_SUBSTANCES_APPROVED_IN_EU,1,Dicamba +Prosulfuron,Prosulfuron,Dicamba +Prosulfuron:EU_APPROVED,
HERBICIDE,Diflufenican,50%,WG,OSSETIA WG,H.008-20,El MOUSSEM,RotamAgrochemic al,2024,ALL_SUBSTANCES_APPROVED_IN_EU,1,Diflufenican,Diflufenican,Diflufenican:EU_APPROVED,
HERBICIDE,Diflufenican+flufenacet,200 g/l + 400g/l,SC,FLOUKAN SC,H.008-22,SANABEL AGRO,shardacropchem,2024,ALL_SUBSTANCES_APPROVED_IN_EU,1,Diflufenican+flufenacet,Diflufenican,Diflufenican+flufenacet:EU_APPROVED,
HERBICIDE,Diflufenican+flufenacet,500 g/l,SC,Diflanil,H.010-14/24,AGROSYSTEME,GLOBACHEM,2024,ALL_SUBSTANCES_APPROVED_IN_EU,1,Diflufenican+flufenacet,Diflufenican,Diflufenican+flufenacet:EU_APPROVED,
HERBICIDE,Diflufenican + Flufenacet + Flurtamone,60 g/l + 240 g/l + 120 g/l,SC,Vigon 420 SC,H.012-16,PROMOCHIMIE,BAYER CROPSCIENCE,2024,ALL_SUBSTANCES_APPROVED_IN_EU,1,Diflufenican + Flufenacet + Flurtamone,Diflufenican,Diflufenican + Flufenacet + Flurtamone:EU_APPROVED,
HERBICIDE,Diflufenican + Flufenacet + Flurtamone,60 % +6%,WG,Alliance,H.002-13/23,BIOPROTECTIO,NUFARM S.A,2024,ALL_SUBSTANCES_APPROVED_IN_EU,1,Diflufenican + Flufenacet + Flurtamone,Diflufenican,Diflufenican + Flufenacet + Flurtamone:EU_APPROVED,
HERBICIDE,Diflufenican + Flufenacet + Flurtamone,60 % +6%,WG,polymer WG,H.19-21,AGRIPROTEC,NUFARM S.A,2024,ALL_SUBSTANCES_APPROVED_IN_EU,1,Diflufenican + Flufenacet + Flurtamone,Diflufenican,Diflufenican + Flufenacet + Flurtamone:EU_APPROVED,
HERBICIDE,Diflufenican +flufenacet,200 g/l+400 g/l,SC,SC,H.009-22,BIOPROTECTIO N,UPL,2024,ALL_SUBSTANCES_APPROVED_IN_EU,1,Diflufenican +flufenacet,Diflufenican,Diflufenican +flufenacet:EU_APPROVED,
HERBICIDE,Dimethenamid- P+Metazachlor +Quinmerac,100g/l+300g/l+100 g/l,SE,BUTISAN AVANT SE,H.012-20,COTUGRAIN,BASF,2024,ALL_SUBSTANCES_APPROVED_IN_EU,1,Dimethenamid- P+Metazachlor +Quinmerac,Metazachlor,Dimethenamid- P+Metazachlor +Quinmerac:EU_APPROVED,
HERBICIDE,EthametSulfuron Methyl,750 g/kg,WG,MUSTER 75 WG,H.023-22,SSCC,FMC,2024,NOT_FOUND_OR_NEEDS_MANUAL_REVIEW,0,EthametSulfuron Methyl,,EthametSulfuron Methyl:NOT_IN_EU_LIST,
HERBICIDE,Fénoxaprop-p-Ethyl,69g/l,EW,Foxtrot,H.027-15,AGROSYSTEME,FMC,2024,ALL_SUBSTANCES_APPROVED_IN_EU,1,Fénoxaprop-p-Ethyl,Fenoxaprop-P-ethyl,Fénoxaprop-p-Ethyl:EU_APPROVED,
HERBICIDE,Fénoxaprop-p-Ethyl,64 g/L +8 g/L + 24 g/L,EC,Puma Evolution,H.015-11/21,JADWA AGROTEC,BAYER CROPSCIENCE,2024,ALL_SUBSTANCES_APPROVED_IN_EU,1,Fénoxaprop-p-Ethyl,Fenoxaprop-P-ethyl,Fénoxaprop-p-Ethyl:EU_APPROVED,
HERBICIDE,Florosulame + Flumetsulam,75 g/L + 100 g/L,EC,Derby,H.085-11/21,promochimie,DOW,2024,CONTAINS_NOT_APPROVED_SUBSTANCE_IN_EU,1,Florosulame + Flumetsulam,Flumetsulam,Florosulame + Flumetsulam:EU_NOT_APPROVED,
HERBICIDE,Florasulam +tribenuron-methyl,200 g/kg+600 g/kg,WG,GRANSTAR MAX WG,H.12-21,AGRIPROTEC,chenminova/FMC,2024,ALL_SUBSTANCES_APPROVED_IN_EU,1,Florasulam +tribenuron-methyl,Tribenuron (aka metometuron),Florasulam +tribenuron-methyl:EU_APPROVED,
HERBICIDE,Fluazifop-P-Butyl,125 g/l,EC,FOUZILE EC,H.019-15,ETS MEZGHANI,INDUST. QUIMICA KEY,2024,ALL_SUBSTANCES_APPROVED_IN_EU,1,Fluazifop-P-Butyl,Fluazifop-P,Fluazifop-P-Butyl:EU_APPROVED,
HERBICIDE,Fluazifop-P-Butyl,1 2 5 g / l,EC,Benfuron,H.013-16,AGRIMED DISTRIBUTION,SHARDA,2024,ALL_SUBSTANCES_APPROVED_IN_EU,1,Fluazifop-P-Butyl,Fluazifop-P,Fluazifop-P-Butyl:EU_APPROVED,
HERBICIDE,Fluazifop-P-Butyl,1 5 0 g / l,EC,Fouir,H.013-17,EL KHADRA,SHARDA,2024,ALL_SUBSTANCES_APPROVED_IN_EU,1,Fluazifop-P-Butyl,Fluazifop-P,Fluazifop-P-Butyl:EU_APPROVED,
HERBICIDE,Fluazifop-P-Butyl,1 2 5 g / L,EC,Trivko,H.001-18,SOLAGRI,SYNGENTA,2024,ALL_SUBSTANCES_APPROVED_IN_EU,1,Fluazifop-P-Butyl,Fluazifop-P,Fluazifop-P-Butyl:EU_APPROVED,
HERBICIDE,Flucarbazone-sodium,7 0 %,W G,E v e r e s t 7 0 WG,H.017-11/21,AGRIPROTEC,ARYSTA LIFESCIENCE,2024,CONTAINS_NOT_APPROVED_SUBSTANCE_IN_EU,1,Flucarbazone-sodium,Flucarbazone-sodium,Flucarbazone-sodium:EU_NOT_APPROVED,
HERBICIDE,Flumetsulam,800 g/kg,WG,BROADSTRIKE WG,H.009-20,PROMOCHIMIE,DOW AGROSCIENCE,2024,CONTAINS_NOT_APPROVED_SUBSTANCE_IN_EU,1,Flumetsulam,Flumetsulam,Flumetsulam:EU_NOT_APPROVED,
HERBICIDE,Fluroxypyr,20%,EC,keynyl herbicide EC,H.11-21,etsmezghani,industrialquimicak,2024,ALL_SUBSTANCES_APPROVED_IN_EU,1,Fluroxypyr,Fluroxypyr,Fluroxypyr:EU_APPROVED,
HERBICIDE,Fluroxypyr (ester1-,200 g/l,EC,Flurostar 200,H.011-14/24,,GLOBACHEM,2024,ALL_SUBSTANCES_APPROVED_IN_EU,1,Fluroxypyr (ester1-,Fluroxypyr,Fluroxypyr (ester1-:EU_APPROVED,
HERBICIDE,methylheptyl),200 g/l,EC,,,,,2024,NOT_FOUND_OR_NEEDS_MANUAL_REVIEW,0,methylheptyl),,methylheptyl):NOT_IN_EU_LIST,
HERBICIDE,Fluroxypyr +Clopyralid,150 g/l+60 g/l,EC,VEGA EC,H.006-20,AGRIMED DISTRIBUTION,Sharda cropchem,2024,ALL_SUBSTANCES_APPROVED_IN_EU,1,Fluroxypyr +Clopyralid,Fluroxypyr,Fluroxypyr +Clopyralid:EU_APPROVED,
HERBICIDE,Fluroxypyr +Clopyralid,5 0 g / l + 2 8 g / l,M E,K I N V A R A M E,H . 0 0 5 - 2 2,A G R I P R O T E C,B R A C L A Y,2024,ALL_SUBSTANCES_APPROVED_IN_EU,1,Fluroxypyr +Clopyralid,Fluroxypyr,Fluroxypyr +Clopyralid:EU_APPROVED,
HERBICIDE,Glyphosate,360 g/l,SL,GLYFOSTAR,H.002-19,SLDA,SHARDA CROPCHEM Ltd,2024,ALL_SUBSTANCES_APPROVED_IN_EU,1,Glyphosate,Glyphosate,Glyphosate:EU_APPROVED,
HERBICIDE,Glyphosate,360 g/l,SL,GALLUP SUPER SL,H.033-22,AGRIPROTEC,Braclaychemicals,2024,ALL_SUBSTANCES_APPROVED_IN_EU,1,Glyphosate,Glyphosate,Glyphosate:EU_APPROVED,
HERBICIDE,Glyphosate,360g/l,SL,Round Up Pro,H.004-15,ATLAS,,2024,ALL_SUBSTANCES_APPROVED_IN_EU,1,Glyphosate,Glyphosate,Glyphosate:EU_APPROVED,
HERBICIDE,Glyphosate,360 g/l,SL,DRAGON,H.003-19,FERTITECH,SHARDA CROPCHEM Lt,2024,ALL_SUBSTANCES_APPROVED_IN_EU,1,Glyphosate,Glyphosate,Glyphosate:EU_APPROVED,
HERBICIDE,Glyphosate,360 g/l,SL,SATELITE360 SL,H.001-19,EL KHADRA,INDUSTRIAS AFRAZA/ALBAU GH EUROPE SARL,2024,ALL_SUBSTANCES_APPROVED_IN_EU,1,Glyphosate,Glyphosate,Glyphosate:EU_APPROVED,
HERBICIDE,Glyphosate,360 g/l,SL,VERDIS 36 SL,H.009-17,EXCEL AGRI,Sharda Cropchem Limited,2024,ALL_SUBSTANCES_APPROVED_IN_EU,1,Glyphosate,Glyphosate,Glyphosate:EU_APPROVED,
HERBICIDE,Glyphosate,360 g/l,SL,NOV-UP,H.003-17,AGRINOVA,Sharda Cropchem Limited,2024,ALL_SUBSTANCES_APPROVED_IN_EU,1,Glyphosate,Glyphosate,Glyphosate:EU_APPROVED,
HERBICIDE,Glyphosate,360 g/l,SL,GLYPHO-CAP,H.010-17,NEGANOR FFT,,2024,ALL_SUBSTANCES_APPROVED_IN_EU,1,Glyphosate,Glyphosate,Glyphosate:EU_APPROVED,
HERBICIDE,Glyphosate,450 g/l,SL,GLYFAST 450 SL,H.034-22,AGRIPROTEC,Braclaychemicals,2024,ALL_SUBSTANCES_APPROVED_IN_EU,1,Glyphosate,Glyphosate,Glyphosate:EU_APPROVED,
HERBICIDE,Glyphosate,490g/L,SL,GALLUP HI-AKTIV SL,H.001-20,RAYEN PHYTAGRI,Barclay chemicals(R&D) Ltd.,2024,ALL_SUBSTANCES_APPROVED_IN_EU,1,Glyphosate,Glyphosate,Glyphosate:EU_APPROVED,
HERBICIDE,Glyphosate,480 g/l,SC,Round up innov,H.003-15,,MONSANTO,2024,ALL_SUBSTANCES_APPROVED_IN_EU,1,Glyphosate,Glyphosate,Glyphosate:EU_APPROVED,
HERBICIDE,Glyphosate,70%,SG,Kalach Extra,H.007-16,BIOPROTECTIO N,ARYSTA LIFESCIENCE,2024,ALL_SUBSTANCES_APPROVED_IN_EU,1,Glyphosate,Glyphosate,Glyphosate:EU_APPROVED,
HERBICIDE,Glyphosate,480 g/l,SL,Herbolex Max,H.008-15,SEPCM,,2024,ALL_SUBSTANCES_APPROVED_IN_EU,1,Glyphosate,Glyphosate,Glyphosate:EU_APPROVED,
HERBICIDE,Glyphosate,360 g/l,SL,Kalach 360,H.022-11/21,BIOPROTECTIO N,UPL/ARYSTA LIFESCIENCE,2024,ALL_SUBSTANCES_APPROVED_IN_EU,1,Glyphosate,Glyphosate,Glyphosate:EU_APPROVED,
HERBICIDE,Glyphosate,4 5 0 g / L,S L,R o u n d u p P lu s,H.029-11/21,,,2024,ALL_SUBSTANCES_APPROVED_IN_EU,1,Glyphosate,Glyphosate,Glyphosate:EU_APPROVED,
HERBICIDE,Glyphosate,3 6 0 g / l,S L,G l y c e l,H . 0 1 9 - 1 1 / 2 1,A G R I M A T C O,,2024,ALL_SUBSTANCES_APPROVED_IN_EU,1,Glyphosate,Glyphosate,Glyphosate:EU_APPROVED,
HERBICIDE,Glyphosate,3 6 0 g / l,S L,C i b l e,H . 0 1 8 - 1 1 / 2 1,A G R I P R O T E C,N U F A R M,2024,ALL_SUBSTANCES_APPROVED_IN_EU,1,Glyphosate,Glyphosate,Glyphosate:EU_APPROVED,
HERBICIDE,Glyphosate,3 6 0 g / l,S L,A g r i a t e c h,H . 0 2 0 - 1 1 / 2 1,A G R O S Y S T E M E S,A G R I A S A,2024,ALL_SUBSTANCES_APPROVED_IN_EU,1,Glyphosate,Glyphosate,Glyphosate:EU_APPROVED,
HERBICIDE,Glyphosate,3 6 0 g / l,S L,M a y n o z a t e,H . 0 2 5 - 1 5,A M I N C O,A G R I A S A,2024,ALL_SUBSTANCES_APPROVED_IN_EU,1,Glyphosate,Glyphosate,Glyphosate:EU_APPROVED,
HERBICIDE,Glyphosate,3 6 0 g / l,S L,G l y w e e d,H . 0 8 6 - 1 1 / 2 1,A T L A S I N D U S T R I E,C O R O M A N DEL Ltd.,2024,ALL_SUBSTANCES_APPROVED_IN_EU,1,Glyphosate,Glyphosate,Glyphosate:EU_APPROVED,
HERBICIDE,Glyphosate,3 6 0 g / l,S L,K l e e n U p,H . 0 9 7 - 1 1 / 2 1,B I O P R O T E C T I O N,N U F A R M,2024,ALL_SUBSTANCES_APPROVED_IN_EU,1,Glyphosate,Glyphosate,Glyphosate:EU_APPROVED,
HERBICIDE,Glyphosate,3 6 0 g / l,S L,B l a n c a,H . 0 0 6 - 1 3 / 2 3,C O T U G R A I N IMPEX,S h a r d a W o r l d Wide,2024,ALL_SUBSTANCES_APPROVED_IN_EU,1,Glyphosate,Glyphosate,Glyphosate:EU_APPROVED,
HERBICIDE,Glyphosate,3 6 0 g / l,S L,G L I S O 3 6 0,H . 0 0 5 - 1 6,E L K H A D R A,S I P C A M I N G ARA,2024,ALL_SUBSTANCES_APPROVED_IN_EU,1,Glyphosate,Glyphosate,Glyphosate:EU_APPROVED,
HERBICIDE,Glyphosate,3 6 0 g / l,S L,W e e d K i l l e r,H . 0 0 6 - 1 6,E L K H A D R A,S h a r d a W o r l d Wide,2024,ALL_SUBSTANCES_APPROVED_IN_EU,1,Glyphosate,Glyphosate,Glyphosate:EU_APPROVED,
HERBICIDE,Glyphosate,3 6 0 g / l,S L,F o r t i n,H . 0 2 4 - 1 1 / 2 1,E T S M E Z G H A N I,I N D U S T R L Q UIM ICAKEY,2024,ALL_SUBSTANCES_APPROVED_IN_EU,1,Glyphosate,Glyphosate,Glyphosate:EU_APPROVED,
HERBICIDE,Glyphosate,3 6 0 g / l,S L,B u g g y,H . 0 7 9 - 1 1 / 2 1,P R O M O C H I M I E,S I P C A M I N G ARA,2024,ALL_SUBSTANCES_APPROVED_IN_EU,1,Glyphosate,Glyphosate,Glyphosate:EU_APPROVED,
HERBICIDE,Glyphosate,3 6 0 g / l,S L,G l y p h o m a x,H . 0 1 3 - 1 4 / 2 4,L I E N A G R I C O L E,S h a r d a W o r l d Wide,2024,ALL_SUBSTANCES_APPROVED_IN_EU,1,Glyphosate,Glyphosate,Glyphosate:EU_APPROVED,
HERBICIDE,Glyphosate,3 6 0 g / l,S L,D i s s,H . 0 9 3 - 1 1 / 2 1,P R O T A G R I,U N I T E D PHOSPHORUS,2024,ALL_SUBSTANCES_APPROVED_IN_EU,1,Glyphosate,Glyphosate,Glyphosate:EU_APPROVED,
HERBICIDE,Glyphosate,3 6 0 g / l,S L,G l y s t e r,H . 0 2 5 - 1 1 / 2 1,S A N A B E L A G R O,S I N O N CORPORATION,2024,ALL_SUBSTANCES_APPROVED_IN_EU,1,Glyphosate,Glyphosate,Glyphosate:EU_APPROVED,
HERBICIDE,Glyphosate,3 6 0 g / l,S L,N a s a 3 6 S L,H . 0 0 1 - 1 5,S O C O O P E C,Z E N I T H,2024,ALL_SUBSTANCES_APPROVED_IN_EU,1,Glyphosate,Glyphosate,Glyphosate:EU_APPROVED,
HERBICIDE,Glyphosate,3 6 0 g / l,S L,G l y p h o t e c,H . 0 2 8 - 1 1 / 2 1,S T E C,A A K O B V,2024,ALL_SUBSTANCES_APPROVED_IN_EU,1,Glyphosate,Glyphosate,Glyphosate:EU_APPROVED,
HERBICIDE,Glyphosate + Oxyfluorfène,200 gL + 30 g/L,SC,Dipiril Plus,H.016-13/23,EL KHADRA,INDUSTRIAS,2024,ALL_SUBSTANCES_APPROVED_IN_EU,1,Glyphosate + Oxyfluorfène,Glyphosate,Glyphosate + Oxyfluorfène:EU_APPROVED,
HERBICIDE,Glyphosate + Oxyfluorfène,360 g/L +30 g/L,SC,Brout,H.030-11/21,SEPCM,AAKO,2024,ALL_SUBSTANCES_APPROVED_IN_EU,1,Glyphosate + Oxyfluorfène,Glyphosate,Glyphosate + Oxyfluorfène:EU_APPROVED,
HERBICIDE,Glyphosate +Carfentrazone-ethyl,360g/l +5g/l,EW,Affinex,H.006-15,COTUGRAIN IMPEX,FMC,2024,ALL_SUBSTANCES_APPROVED_IN_EU,1,Glyphosate +Carfentrazone-ethyl,Glyphosate,Glyphosate +Carfentrazone-ethyl:EU_APPROVED,
HERBICIDE,Halauxifen-methyl +aminopyralid +cloquintocet –mexyl,33.7 g/l +27.2g/l+32.3 g/l,EC,TREZAK EC,H.14-21,AGRIPROTC,Dow agroscience,2024,ALL_SUBSTANCES_APPROVED_IN_EU,1,Halauxifen-methyl +aminopyralid +cloquintocet –mexyl,Aminopyralid,Halauxifen-methyl +aminopyralid +cloquintocet –mexyl:EU_APPROVED,
HERBICIDE,Imazamox + Metazachlor,25 g/l +375 g/l,SC,Nopasaran,H.011-16,COTUGRAIN,BASF,2024,ALL_SUBSTANCES_APPROVED_IN_EU,1,Imazamox + Metazachlor,Imazamox,Imazamox + Metazachlor:EU_APPROVED,
HERBICIDE,Iodosulfuron +Mesosulfuron +Mefenpyr,6 g/Kg +30 g/Kg +90 g/Kg,WG,Atlantis,H.033-11/21,ATLAS AGRICOLE,BAYER CROPSCIENCE,2024,ALL_SUBSTANCES_APPROVED_IN_EU,1,Iodosulfuron +Mesosulfuron +Mefenpyr,Iodosulfuron,Iodosulfuron +Mesosulfuron +Mefenpyr:EU_APPROVED,
HERBICIDE,Indaziflam,500 g/l,SC,Alion 500 SC,H.013-22,PROMOCHIMIE,BAYER,2024,CONTAINS_NOT_APPROVED_SUBSTANCE_IN_EU,1,Indaziflam,Indaziflam,Indaziflam:EU_NOT_APPROVED,
HERBICIDE,Lenacil,80 % (800 g/kg),WG,VENZAR,H.003-22,SEPCM,FMC,2024,ALL_SUBSTANCES_APPROVED_IN_EU,1,Lenacil,Lenacil,Lenacil:EU_APPROVED,
HERBICIDE,Lenacil,30 g/Kg+30 g/Kg +90 g/Kg,WG,Amilcar,H.036-11/21,STEC,BAYER CROPSCIENCE,2024,ALL_SUBSTANCES_APPROVED_IN_EU,1,Lenacil,Lenacil,Lenacil:EU_APPROVED,
HERBICIDE,Lenacil,"7,5 g/L + 7,5 g/L+ 22,5 g/L",OD,Amilcar OD,H.037-11/21,STEC,BAYER CROPSCIENCE,2024,ALL_SUBSTANCES_APPROVED_IN_EU,1,Lenacil,Lenacil,Lenacil:EU_APPROVED,
HERBICIDE,Mésosulfuron- Méthyl+Iodosulfuron- Methyl +Méfenpyrdiéthyl,10 g/l +2 g/l +30 g/l,OD,Atlantis OD,H.012-15,ATLAS AGRICOLE,BAYER CROPSCIENCE,2024,ALL_SUBSTANCES_APPROVED_IN_EU,1,Mésosulfuron- Méthyl+Iodosulfuron- Methyl +Méfenpyrdiéthyl,Iodosulfuron,Mésosulfuron- Méthyl+Iodosulfuron- Methyl +Méfenpyrdiéthyl:EU_APPROVED,
HERBICIDE,Mésosulfuron- Méthyl+Iodosulfuron- Methyl +Méfenpyrdiéthyl,"45 g/kg +67,5g/kg +90g/kg",WG,OLYMPUS FLEX WG,H.009-18,ATLAS AGRICOLE,BAYER AG,2024,ALL_SUBSTANCES_APPROVED_IN_EU,1,Mésosulfuron- Méthyl+Iodosulfuron- Methyl +Méfenpyrdiéthyl,Iodosulfuron,Mésosulfuron- Méthyl+Iodosulfuron- Methyl +Méfenpyrdiéthyl:EU_APPROVED,
HERBICIDE,Metazachlor,500 g/l,SC,RAPSAN 500 SC,H.002-18,AGROSYSTEME S,Globachem,2024,ALL_SUBSTANCES_APPROVED_IN_EU,1,Metazachlor,Metazachlor,Metazachlor:EU_APPROVED,
HERBICIDE,Metazachlor +Quinmerac,400 g/l +100g/l,SC,RAPSAN TDI SC,H.003-18,AGROSYSTEME S,Globachem,2024,ALL_SUBSTANCES_APPROVED_IN_EU,1,Metazachlor +Quinmerac,Metazachlor,Metazachlor +Quinmerac:EU_APPROVED,
HERBICIDE,Metazachlore,500 g/L,SC,TWIGA,H.022-15,BIOPROTECTIO N,AAKO BV,2024,ALL_SUBSTANCES_APPROVED_IN_EU,1,Metazachlore,Metazachlor,Metazachlore:EU_APPROVED,
HERBICIDE,Metribuzine,75%,WG,Maestro 75 WG,H.042-11/21,BIOPROTECTIO,AAKO,2024,CONTAINS_NOT_APPROVED_SUBSTANCE_IN_EU,1,Metribuzine,Metribuzin,Metribuzine:EU_NOT_APPROVED,
HERBICIDE,Metribuzine,600 g/L,SC,Sencor 600SC,H.089-11/21,PROMOCHIMIE,BAYER,2024,CONTAINS_NOT_APPROVED_SUBSTANCE_IN_EU,1,Metribuzine,Metribuzin,Metribuzine:EU_NOT_APPROVED,
HERBICIDE,Metribuzine,70%(g/kg),WG,MAYA,H.017-22,SLDA,UPL,2024,CONTAINS_NOT_APPROVED_SUBSTANCE_IN_EU,1,Metribuzine,Metribuzin,Metribuzine:EU_NOT_APPROVED,
HERBICIDE,Metribuzine,70%(g/kg),WG,DANCOR 70,H.004-16,PROTAGRI,UPL,2024,CONTAINS_NOT_APPROVED_SUBSTANCE_IN_EU,1,Metribuzine,Metribuzin,Metribuzine:EU_NOT_APPROVED,
HERBICIDE,Metribuzine,700 g/kg,WDG,MATRIX WDG,H.001-17,STIMA,SHARDA CROPCHEM,2024,CONTAINS_NOT_APPROVED_SUBSTANCE_IN_EU,1,Metribuzine,Metribuzin,Metribuzine:EU_NOT_APPROVED,
HERBICIDE,Metribuzine,700 g/kg,WDG,G RAZY 70% WDG,H.20-21,AGRIMED DISTRIBUTION,SHARDA CROPCHEM,2024,CONTAINS_NOT_APPROVED_SUBSTANCE_IN_EU,1,Metribuzine,Metribuzin,Metribuzine:EU_NOT_APPROVED,
HERBICIDE,Metribuzine,48%,SC,TUBERON,H.01-21,AGRIMATCO,UPL,2024,CONTAINS_NOT_APPROVED_SUBSTANCE_IN_EU,1,Metribuzine,Metribuzin,Metribuzine:EU_NOT_APPROVED,
HERBICIDE,Metribuzine,480 g/l,SC,buzzin,H.03-21,Delta agricole plus,shardacropchemli mited,2024,CONTAINS_NOT_APPROVED_SUBSTANCE_IN_EU,1,Metribuzine,Metribuzin,Metribuzine:EU_NOT_APPROVED,
HERBICIDE,Metribuzine,480 g/l,SC,Mitraze,H.015-22,AGRIMED DISTRIBUTION,shardacropchemli mited,2024,CONTAINS_NOT_APPROVED_SUBSTANCE_IN_EU,1,Metribuzine,Metribuzin,Metribuzine:EU_NOT_APPROVED,
HERBICIDE,Metribuzine,700 g/kg,WP,N OVAMET WP,H.037-22,AGRINOVA,AGROW ALLIED,2024,CONTAINS_NOT_APPROVED_SUBSTANCE_IN_EU,1,Metribuzine,Metribuzin,Metribuzine:EU_NOT_APPROVED,
HERBICIDE,Metribuzine,700 g/kg,WP,POMOCORE WP,H.001-22,NEGANOR,AGROW ALLIED,2024,CONTAINS_NOT_APPROVED_SUBSTANCE_IN_EU,1,Metribuzine,Metribuzin,Metribuzine:EU_NOT_APPROVED,
HERBICIDE,Metribuzine+Clomazone,233g/l + 60 g/l,CS,CETUS,H.003-16,AGRIPROTEC,FMC,2024,CONTAINS_NOT_APPROVED_SUBSTANCE_IN_EU,1,Metribuzine+Clomazone,Metribuzin,Metribuzine+Clomazone:EU_NOT_APPROVED,
HERBICIDE,Metsulfuron Méthyl,20%,WG,Isomexx,H.043-11/21,AGRIPROTEC,NUFARM,2024,NOT_FOUND_OR_NEEDS_MANUAL_REVIEW,0,Metsulfuron Méthyl,,Metsulfuron Méthyl:NOT_IN_EU_LIST,
HERBICIDE,Metsulfuron Méthyl,20%,WG,Karal,H.003-13/23,BIOPROTECTIO N,NUFARM,2024,NOT_FOUND_OR_NEEDS_MANUAL_REVIEW,0,Metsulfuron Méthyl,,Metsulfuron Méthyl:NOT_IN_EU_LIST,
HERBICIDE,Metsulfuron Méthyl,20%,WG,Metsy WG,H.009-16,PROTAGRI,UNITED,2024,NOT_FOUND_OR_NEEDS_MANUAL_REVIEW,0,Metsulfuron Méthyl,,Metsulfuron Méthyl:NOT_IN_EU_LIST,
HERBICIDE,Metsulfuron Méthyl,20%,WG,M ETRON WG,H.038-22,AGRIMATCO,UNITED PHOSPHORUS,2024,NOT_FOUND_OR_NEEDS_MANUAL_REVIEW,0,Metsulfuron Méthyl,,Metsulfuron Méthyl:NOT_IN_EU_LIST,
HERBICIDE,Metsulfuron-methyl + Bensulfuron-methyl,40g/kg+500 g/kg,WG,XANADU,H.029-22,BIOPROTECTIO N,UPL limited,2024,ALL_SUBSTANCES_APPROVED_IN_EU,1,Metsulfuron-methyl + Bensulfuron-methyl,Bensulfuron,Metsulfuron-methyl + Bensulfuron-methyl:EU_APPROVED,
HERBICIDE,Metrobromuron,500g/l,SC,PROMAN,H.02-21,NEGANOR,BELCHIM CROP PROTECTION/CE RITIS BELCHIM NV,2024,NOT_FOUND_OR_NEEDS_MANUAL_REVIEW,0,Metrobromuron,,Metrobromuron:NOT_IN_EU_LIST,
HERBICIDE,Oxyfluorfene,240 g/L,EC,Goal,H.081-11/21,promochimie,HANGZHOU,2024,CONTAINS_NOT_APPROVED_SUBSTANCE_IN_EU,1,Oxyfluorfene,FEN 560 (Fenugreek seed powder),Oxyfluorfene:EU_NOT_APPROVED,
HERBICIDE,Oxyfluorfene,240 g/L,E C,O X I F E N E C,H . 0 4 6 - 1 1 / 2 1,E t s M E Z G H A N I,I N DUST.,2024,CONTAINS_NOT_APPROVED_SUBSTANCE_IN_EU,1,Oxyfluorfene,FEN 560 (Fenugreek seed powder),Oxyfluorfene:EU_NOT_APPROVED,
HERBICIDE,Oxyfluorfene,240 g/L,EC,Clenofen 240,H.005-13/23,SANABEL AGRO,ZHEJIANG E-,2024,CONTAINS_NOT_APPROVED_SUBSTANCE_IN_EU,1,Oxyfluorfene,FEN 560 (Fenugreek seed powder),Oxyfluorfene:EU_NOT_APPROVED,
HERBICIDE,Oxyfluorfene,240 g/L,EC,Oxistar 24%,H.087-11/21,SOCOOPEC,ZHEJIANG E-,2024,CONTAINS_NOT_APPROVED_SUBSTANCE_IN_EU,1,Oxyfluorfene,FEN 560 (Fenugreek seed powder),Oxyfluorfene:EU_NOT_APPROVED,
HERBICIDE,Oxyfluorfene,240 g/l,EC,FENFEN EC,H.041-22,ATLAS AGRICOLE,LAINCO,2024,CONTAINS_NOT_APPROVED_SUBSTANCE_IN_EU,1,Oxyfluorfene,FEN 560 (Fenugreek seed powder),Oxyfluorfene:EU_NOT_APPROVED,
HERBICIDE,Oxyfluorfene,240 g/l,EC,VERIN EC,H.035-22,NEGANOR,LAINCO,2024,CONTAINS_NOT_APPROVED_SUBSTANCE_IN_EU,1,Oxyfluorfene,FEN 560 (Fenugreek seed powder),Oxyfluorfene:EU_NOT_APPROVED,
HERBICIDE,Pendimethaline,400 g/L,SC,HERBOL,H.008-17,EXCEL AGRI,SHARDA,2024,ALL_SUBSTANCES_APPROVED_IN_EU,1,Pendimethaline,Pendimethalin,Pendimethaline:EU_APPROVED,
HERBICIDE,Pendimethaline,400 g/L,SC,Penda,16-010H.,DELTA,SHARDA,2024,ALL_SUBSTANCES_APPROVED_IN_EU,1,Pendimethaline,Pendimethalin,Pendimethaline:EU_APPROVED,
HERBICIDE,Pendimethaline,400 g/L,EC,TERAPUR,H.002-16,Ets MEZGHANI,IndustrialQuimica Key,2024,ALL_SUBSTANCES_APPROVED_IN_EU,1,Pendimethaline,Pendimethalin,Pendimethaline:EU_APPROVED,
HERBICIDE,Pendimethaline,455 g/L,EC,Stomp Aqua,H.048-11/21,STIMA,BASF,2024,ALL_SUBSTANCES_APPROVED_IN_EU,1,Pendimethaline,Pendimethalin,Pendimethaline:EU_APPROVED,
HERBICIDE,Pendimethaline,455 g/L,EC,prowl aqua EC,H.15-21,cotugrain,BASF,2024,ALL_SUBSTANCES_APPROVED_IN_EU,1,Pendimethaline,Pendimethalin,Pendimethaline:EU_APPROVED,
HERBICIDE,Pendimethaline +Clomazon,333g/l+30 g/l,CS,STALLION,H.07-21,AGRIPROTEC,FMC,2024,ALL_SUBSTANCES_APPROVED_IN_EU,1,Pendimethaline +Clomazon,Pendimethalin,Pendimethaline +Clomazon:EU_APPROVED,
HERBICIDE,Phenmedipham + Desmedipham +Ethofumesate,75 g/l+15 g/l+115 g/l,SC,BETASANA TRIO,H.016-20,AGRIPROTEC,UPL Limited,2024,CONTAINS_NOT_APPROVED_SUBSTANCE_IN_EU,1,Phenmedipham + Desmedipham +Ethofumesate,Desmedipham,Phenmedipham + Desmedipham +Ethofumesate:EU_NOT_APPROVED,
HERBICIDE,Phenmediphame + Desmedipham + Ethofumesate,91 g/L +71 g/L + 112 g/L,EC,Betanal Expert 274EC,H.049-11/21,SEPCM,BAYER CROPSCIENCE,2024,CONTAINS_NOT_APPROVED_SUBSTANCE_IN_EU,1,Phenmediphame + Desmedipham + Ethofumesate,Desmedipham,Phenmediphame + Desmedipham + Ethofumesate:EU_NOT_APPROVED,
HERBICIDE,Pinoxaden +Florasulam +Safener (cloquintocet- mexyl),45 g/l + 5 g/l +11.25 g/l,EC,Navigator,H.005-14/24,BIOPROTECTIO N,SYNGENTA,2024,ALL_SUBSTANCES_APPROVED_IN_EU,1,Pinoxaden +Florasulam +Safener (cloquintocet- mexyl),Florasulam,Pinoxaden +Florasulam +Safener (cloquintocet- mexyl):EU_APPROVED,
HERBICIDE,Pinoxaden +Florasulam +Safener (cloquintocet- mexyl),25g/l +25g/l +6.25 g/l,EC,Traxospratic,H.014-15,BIOPROTECTIO N,Syngenta,2024,ALL_SUBSTANCES_APPROVED_IN_EU,1,Pinoxaden +Florasulam +Safener (cloquintocet- mexyl),Florasulam,Pinoxaden +Florasulam +Safener (cloquintocet- mexyl):EU_APPROVED,
HERBICIDE,Pinoxaden +Clodinafop- propargyl+Florasulam+clo quintocet-mexyl,"30g/l +30g/l +7,5 g/l+7,5 g/l",EC,Swipe,H.013-15,BIOPROTECTON,Syngenta,2024,ALL_SUBSTANCES_APPROVED_IN_EU,1,Pinoxaden +Clodinafop- propargyl+Florasulam+clo quintocet-mexyl,Florasulam,Pinoxaden +Clodinafop- propargyl+Florasulam+clo quintocet-mexyl:EU_APPROVED,
HERBICIDE,Pinoxaden +Clodinafop- propargyl+Florasulam+clo quintocet-mexyl,50 g/l +12.5 g/l,EC,Axial pratic,H.015-15,BIOPROTECTIO,Syngenta,2024,ALL_SUBSTANCES_APPROVED_IN_EU,1,Pinoxaden +Clodinafop- propargyl+Florasulam+clo quintocet-mexyl,Florasulam,Pinoxaden +Clodinafop- propargyl+Florasulam+clo quintocet-mexyl:EU_APPROVED,
HERBICIDE,prometryn,500 g/l,SC,gesagard 500 FW,H.06-21,bioprotection,syngentacrop protection,2024,CONTAINS_NOT_APPROVED_SUBSTANCE_IN_EU,1,prometryn,Prometryn,prometryn:EU_NOT_APPROVED,
HERBICIDE,Propaquizafop,10%,EC,PRODIGE,H.024-22,SHARDA CROPCHEM TUNISIA,SHARDA CROPCHEM limited,2024,ALL_SUBSTANCES_APPROVED_IN_EU,1,Propaquizafop,Propaquizafop,Propaquizafop:EU_APPROVED,
HERBICIDE,Propaquizafop,10%,EC,KIFEN EC,H.01-23,SANABEL AGRO,SHARDA CROPCHEM limited,2024,ALL_SUBSTANCES_APPROVED_IN_EU,1,Propaquizafop,Propaquizafop,Propaquizafop:EU_APPROVED,
HERBICIDE,Propyzamide,400g/l,SC,PROPYZ,H.013-18,AGRIPROTEC,BARCLAY,2024,ALL_SUBSTANCES_APPROVED_IN_EU,1,Propyzamide,Propyzamide,Propyzamide:EU_APPROVED,
HERBICIDE,Propyzamide,400g/l,SC,PROPER FLO SC,H.005-18,AGROSYSTEME S,Globachem,2024,ALL_SUBSTANCES_APPROVED_IN_EU,1,Propyzamide,Propyzamide,Propyzamide:EU_APPROVED,
HERBICIDE,Propyzamide,400g/l,SC,CADDY SC,H.016-17,RAYEN PHYTAGRI,BARCLAY CHEMICALS Ltd,2024,ALL_SUBSTANCES_APPROVED_IN_EU,1,Propyzamide,Propyzamide,Propyzamide:EU_APPROVED,
HERBICIDE,Prosulfocarb,80%,EC,PROXER,H.09-21,AGRIMED DISTRIBUTION,shardacrochem,2024,ALL_SUBSTANCES_APPROVED_IN_EU,1,Prosulfocarb,Prosulfocarb,Prosulfocarb:EU_APPROVED,
HERBICIDE,Prosulfocarb,80%,EC,ROXANE EC,H.036-22,COTUGRAIN,shardacrochem,2024,ALL_SUBSTANCES_APPROVED_IN_EU,1,Prosulfocarb,Prosulfocarb,Prosulfocarb:EU_APPROVED,
HERBICIDE,Prosulfocarb,800 g/L,EC,Roxy,H.052-11/21,,GLOBACHEM,2024,ALL_SUBSTANCES_APPROVED_IN_EU,1,Prosulfocarb,Prosulfocarb,Prosulfocarb:EU_APPROVED,
HERBICIDE,Prosulfocarb,800 g/L,EC,Fidox 800 EC,H.024-15,AMINCO,GLOBACHEM,2024,ALL_SUBSTANCES_APPROVED_IN_EU,1,Prosulfocarb,Prosulfocarb,Prosulfocarb:EU_APPROVED,
HERBICIDE,Prosulfocarb,800 g/L,EC,Boxer,H.053-11/21,,SYNGENTA,2024,ALL_SUBSTANCES_APPROVED_IN_EU,1,Prosulfocarb,Prosulfocarb,Prosulfocarb:EU_APPROVED,
HERBICIDE,Pyroxsulam,"46,6 g/L",OD,PRIORITY,H.016-18,ATLAS AGRICOLE,DOW AGROSCIENCES/ corteva,2024,ALL_SUBSTANCES_APPROVED_IN_EU,1,Pyroxsulam,Pyroxsulam,Pyroxsulam:EU_APPROVED,
HERBICIDE,P yroxsulam,"46,6 g/L",OD,Pallas 45 OD,H.054-11/21,SEPCM,DOW AGROSCIENCES,2024,NOT_FOUND_OR_NEEDS_MANUAL_REVIEW,0,P yroxsulam,,P yroxsulam:NOT_IN_EU_LIST,
HERBICIDE,Pyroxasulfone,85 %,WG,YAMATO 85 WG,H.027-22,AGRIMATCO,Kumaichemicalind ustry,2024,CONTAINS_NOT_APPROVED_SUBSTANCE_IN_EU,1,Pyroxasulfone,Pyroxasulfone,Pyroxasulfone:EU_NOT_APPROVED,
HERBICIDE,Pyroxsulam +Florasulam +Cloquintocetmexyl,"70,8 g/kg +14,2g/kg + 70,8g/hg",WG,Broadway,H.014-18,agriprotec,DOW AGROSCIENCES/ CORTEVA,2024,ALL_SUBSTANCES_APPROVED_IN_EU,1,Pyroxsulam +Florasulam +Cloquintocetmexyl,Florasulam,Pyroxsulam +Florasulam +Cloquintocetmexyl:EU_APPROVED,
HERBICIDE,Pyraflufen-ethyl,"26,5 g/l",EC,VOLCAN EC,H.014-22,ATLAS AGRICOLE,SPICAM INAGRA SA,2024,ALL_SUBSTANCES_APPROVED_IN_EU,1,Pyraflufen-ethyl,Pyraflufen-ethyl,Pyraflufen-ethyl:EU_APPROVED,
HERBICIDE,Saflufenacil,700g/kg,WG,Heat,H.005-15,AGRIPROTEC,BASF,2024,CONTAINS_NOT_APPROVED_SUBSTANCE_IN_EU,1,Saflufenacil,Saflufenacil,Saflufenacil:EU_NOT_APPROVED,
HERBICIDE,Simazine,500 g/L,SC,SIMAKEY,H.091-11/21,Ets MEZGHANI,INDUSTRIAL,2024,CONTAINS_NOT_APPROVED_SUBSTANCE_IN_EU,1,Simazine,Simazine,Simazine:EU_NOT_APPROVED,
HERBICIDE,Terbuthylazine,750g/kg,WG,TERBYNE 75 WG,H.017-20,EL KHADRA,SIPCAM INAGRA,2024,ALL_SUBSTANCES_APPROVED_IN_EU,1,Terbuthylazine,Terbuthylazine,Terbuthylazine:EU_APPROVED,
HERBICIDE,Terbuthylazine,750g/kg,WG,Terbuzine 75 WG,H.007-15,promochimie,SIPCAM INAGRA,2024,ALL_SUBSTANCES_APPROVED_IN_EU,1,Terbuthylazine,Terbuthylazine,Terbuthylazine:EU_APPROVED,
HERBICIDE,Triflusulfuronmethyl,500 g/kg,WG,SAFARI 50 WG,H.002-22,SEPCM,FMC,2024,CONTAINS_NOT_APPROVED_SUBSTANCE_IN_EU,1,Triflusulfuronmethyl,Triflusulfuron (formerly Triflusulfuron-methyl),Triflusulfuronmethyl:EU_NOT_APPROVED,
HERBICIDE,Thifensulfuron-methyl +Tribuneron-methyl,40 % + 15 %,WG,Gipsy,H. 003-14/24,EL MOUSSEM,ROTAM AGROCHEMICA L,2024,ALL_SUBSTANCES_APPROVED_IN_EU,1,Thifensulfuron-methyl +Tribuneron-methyl,Thifensulfuron-methyl,Thifensulfuron-methyl +Tribuneron-methyl:EU_APPROVED,
HERBICIDE,Triallate,450 g/l,CS,AVADEX FACTOR CS,H.025-22,ATLAS AGRICOLE,GOWAN CROP PROTECTION LIMITED,2024,NOT_FOUND_OR_NEEDS_MANUAL_REVIEW,0,Triallate,,Triallate:NOT_IN_EU_LIST,
HERBICIDE,Tribenuronmethyl +,56.3 %+ 18.7 %,WG,BOMBA WG,H.011-18,EL KHADRA,JSC(AVGUST),2024,ALL_SUBSTANCES_APPROVED_IN_EU,1,Tribenuronmethyl +,Tribenuron (aka metometuron),Tribenuronmethyl +:EU_APPROVED,
HERBICIDE,Florasulam,56.3 %+ 18.7 %,WG,,,,,2024,ALL_SUBSTANCES_APPROVED_IN_EU,1,Florasulam,Florasulam,Florasulam:EU_APPROVED,
HERBICIDE,Tribenuron-Methyl,75%,WG,TOSCANA,H.010-18,AGRIPROTEC,PROPLAN/QUME,2024,ALL_SUBSTANCES_APPROVED_IN_EU,1,Tribenuron-Methyl,Tribenuron (aka metometuron),Tribenuron-Methyl:EU_APPROVED,
HERBICIDE,Tribenuron-Methyl,75%,WG,SKYLLA WDG,H.012-18,AGRONOMIC LAND,ROTAM,2024,ALL_SUBSTANCES_APPROVED_IN_EU,1,Tribenuron-Methyl,Tribenuron (aka metometuron),Tribenuron-Methyl:EU_APPROVED,
HERBICIDE,Tribenuron-Methyl,75%,WG,Volteo 75 WG,16-008H.,EL KHADRA,INDUSTRIAS,2024,ALL_SUBSTANCES_APPROVED_IN_EU,1,Tribenuron-Methyl,Tribenuron (aka metometuron),Tribenuron-Methyl:EU_APPROVED,
HERBICIDE,Tribenuron-Methyl,75%,WG,TRISTAR WG,H.020-18,SANABEL AGRO,Sharda Cropchem,2024,ALL_SUBSTANCES_APPROVED_IN_EU,1,Tribenuron-Methyl,Tribenuron (aka metometuron),Tribenuron-Methyl:EU_APPROVED,
HERBICIDE,Tribenuron-Methyl,75%,WG,TRYBERON 75 WG,H.02-24,AGRIMED DISTRIBUTION,Sharda Cropchem,2024,ALL_SUBSTANCES_APPROVED_IN_EU,1,Tribenuron-Methyl,Tribenuron (aka metometuron),Tribenuron-Methyl:EU_APPROVED,
HERBICIDE,Tribenuron-Methyl,75%,WG,Granstar,H.057-11/21,SEPCM,DU PONT,2024,ALL_SUBSTANCES_APPROVED_IN_EU,1,Tribenuron-Methyl,Tribenuron (aka metometuron),Tribenuron-Methyl:EU_APPROVED,
HERBICIDE,Tribenuron-Methyl,75%,WG,Corida 75 WG,H.088-11/21,SOCOOPEC,AGRIA,2024,ALL_SUBSTANCES_APPROVED_IN_EU,1,Tribenuron-Methyl,Tribenuron (aka metometuron),Tribenuron-Methyl:EU_APPROVED,
HERBICIDE,Tribenuron-Methyl,75%,WG,TRIBUNEO 75 G,H.015-20,SSCC,AGRIA,2024,ALL_SUBSTANCES_APPROVED_IN_EU,1,Tribenuron-Methyl,Tribenuron (aka metometuron),Tribenuron-Methyl:EU_APPROVED,
HERBICIDE,Trebuniron-methyl + Florasulame,250g/l+104g/kg,SG,FLAME DUO SG,H.006-22,SOLAGRI,ALBAUGH,2024,ALL_SUBSTANCES_APPROVED_IN_EU,1,Trebuniron-methyl + Florasulame,Florasulam,Trebuniron-methyl + Florasulame:EU_APPROVED,
HERBICIDE,Trifluraline,4 8 0 g / L,E C,H e r b a l i n e,H.058-11/21,SEPCM,AAKO,2024,CONTAINS_NOT_APPROVED_SUBSTANCE_IN_EU,1,Trifluraline,Trifluralin,Trifluraline:EU_NOT_APPROVED,
HERBICIDE,Trifluraline,4 8 0 g / L,E C,R A L I N E 4 80 EC,H.021-22,EL KHADRA,,2024,CONTAINS_NOT_APPROVED_SUBSTANCE_IN_EU,1,Trifluraline,Trifluralin,Trifluraline:EU_NOT_APPROVED,
HERBICIDE,Trifluraline,4 8 0 g / L,E C,H E R B A S T AR EC,H.011-20,AGRIPLUS,,2024,CONTAINS_NOT_APPROVED_SUBSTANCE_IN_EU,1,Trifluraline,Trifluralin,Trifluraline:EU_NOT_APPROVED,
HERBICIDE,Trifluraline,4 8 0 g / L,E C,F l u r a l,H.092-11/21,Ets MEZGHANI,,2024,CONTAINS_NOT_APPROVED_SUBSTANCE_IN_EU,1,Trifluraline,Trifluralin,Trifluraline:EU_NOT_APPROVED,
HERBICIDE,Trifluraline,4 8 0 g / L,E C,R i d a l i n e,H.082-11/21,SEPCM,DOW AGROSCIENCES,2024,CONTAINS_NOT_APPROVED_SUBSTANCE_IN_EU,1,Trifluraline,Trifluralin,Trifluraline:EU_NOT_APPROVED,
HERBICIDE,Trifluraline,4 8 0 g / L,E C,T r i f l e x,H.006-17,STEC,AAKO,2024,CONTAINS_NOT_APPROVED_SUBSTANCE_IN_EU,1,Trifluraline,Trifluralin,Trifluraline:EU_NOT_APPROVED,
HERBICIDE,"2,4- D + MCPA",345 g/l +345 g/l,SL,Weedone Plus,H.001-13/23,BIOPROTECTIO,NUFARM,2024,ALL_SUBSTANCES_APPROVED_IN_EU,1,4- D + MCPA,MCPA,4- D + MCPA:EU_APPROVED,
HERBICIDE,"2,4- D + MCPA",345 g/l +345 g/l,SL,DAMEX FORTE SUPER,H.21-21,SOCOOPEC,NUFARM,2024,ALL_SUBSTANCES_APPROVED_IN_EU,1,4- D + MCPA,MCPA,4- D + MCPA:EU_APPROVED,
HERBICIDE,"2,4 –D EHE","904,5 g/L",EC,certrol DS EC,H.18-21,agriprotec,A H MARKS / NUFARM,2024,NOT_FOUND_OR_NEEDS_MANUAL_REVIEW,0,4 –D EHE,,4 –D EHE:NOT_IN_EU_LIST,
HERBICIDE,"2,4 D –Ester butylglycol",600 g/L,EC,Weedone,H.060-11/21,BIOPROTECTIO,NUFARM,2024,NOT_FOUND_OR_NEEDS_MANUAL_REVIEW,0,4 D –Ester butylglycol,,4 D –Ester butylglycol:NOT_IN_EU_LIST,
HERBICIDE,"2,4 D –Ester butylglycol",600 g/L,EC,Desormone lourd,H.078-11/21,SEPCM,NUFARM,2024,NOT_FOUND_OR_NEEDS_MANUAL_REVIEW,0,4 D –Ester butylglycol,,4 D –Ester butylglycol:NOT_IN_EU_LIST,
HERBICIDE,"2,4-D Acide +Florasulam","300 g/L +6,25 g/L",SE,Nikos 306 SE,H.011-13/23,ATLAS AGRICOLE,,2024,ALL_SUBSTANCES_APPROVED_IN_EU,1,4-D Acide +Florasulam,"2,4-D",4-D Acide +Florasulam:EU_APPROVED,
HERBICIDE,"2,4-D Sel d’amine",720 g/L,SL,Dicopur 720 SL,H.008-13/23,AGRIPROTEC,NUFARM,2024,ALL_SUBSTANCES_APPROVED_IN_EU,1,4-D Sel d’amine,"2,4-D",4-D Sel d’amine:EU_APPROVED,
HERBICIDE,"2,4-D Sel d’amine",720 g/L,SL,Sanaphen D 720 SL,H.013-13/23,ATLAS AGRICOLE,DOW AGROSCIENCES,2024,ALL_SUBSTANCES_APPROVED_IN_EU,1,4-D Sel d’amine,"2,4-D",4-D Sel d’amine:EU_APPROVED,
HERBICIDE,"2,4-D Sel d’amine",720g/l,SL,Topol,H.009-15,EL KHADRA,SHARDA,2024,ALL_SUBSTANCES_APPROVED_IN_EU,1,4-D Sel d’amine,"2,4-D",4-D Sel d’amine:EU_APPROVED,
HERBICIDE,"2,4-D Sel d’amine",720g/l,SL,SHARMINA 720 SL,H.005-17,AGRINOVA,SHARDA,2024,ALL_SUBSTANCES_APPROVED_IN_EU,1,4-D Sel d’amine,"2,4-D",4-D Sel d’amine:EU_APPROVED,
HERBICIDE,"2,4-D Sel d’amine",720g/l,SL,Stopweeds,H.011-15,SANABEL AGRO,SHARDA,2024,ALL_SUBSTANCES_APPROVED_IN_EU,1,4-D Sel d’amine,"2,4-D",4-D Sel d’amine:EU_APPROVED,
HERBICIDE,"2,4-D Sel de Dimethylamine",860g/l,SL,Amanora,H.014-17,AGRIMATCO,UPL,2024,ALL_SUBSTANCES_APPROVED_IN_EU,1,4-D Sel de Dimethylamine,"2,4-D",4-D Sel de Dimethylamine:EU_APPROVED,
HERBICIDE,"2,4-D Sel de Dimethylamine",860g/l,SL,D IAMEX SL,H.037-22,COTUGRAIN,UPL,2024,ALL_SUBSTANCES_APPROVED_IN_EU,1,4-D Sel de Dimethylamine,"2,4-D",4-D Sel de Dimethylamine:EU_APPROVED,
HERBICIDE,"2,4-D Sel de Dimethylamine",720g/l,SL,BLITZ 720 SL,H.022-22,EL KHADRA,JIANGSU,2024,ALL_SUBSTANCES_APPROVED_IN_EU,1,4-D Sel de Dimethylamine,"2,4-D",4-D Sel de Dimethylamine:EU_APPROVED,
HERBICIDE,"2,4-D Sel de Dimethylamine",720g/l,SL,BOZAR,H.012-17,AGRIPLUS,JIANGSU,2024,ALL_SUBSTANCES_APPROVED_IN_EU,1,4-D Sel de Dimethylamine,"2,4-D",4-D Sel de Dimethylamine:EU_APPROVED,
HERBICIDE,"Dicamba +2,4 – D",120 g/L +344 g/L,SL,Dialen Super,H.011-11/21,BIOPROTECTIO N,SYNGENTA,2024,CONTAINS_NOT_APPROVED_SUBSTANCE_IN_EU,2,Dicamba +2 | 4 – D,Dicamba | Dimoxystrobin,Dicamba +2:EU_APPROVED | 4 – D:EU_NOT_APPROVED,
HERBICIDE,2.4-D +Glyphosate,160 g/l+240 g/l,SL,KYLEO,H.011-22,EL MOUSSEM,NUFARM,2024,ALL_SUBSTANCES_APPROVED_IN_EU,1,2.4-D +Glyphosate,"2,4-D",2.4-D +Glyphosate:EU_APPROVED,
HERBICIDE,2.4-D +Glyphosate,160 g/l+240 g/l,SL,NUFOSATESL,H.040-22,SANABEL AGRO,NUFARM,2024,ALL_SUBSTANCES_APPROVED_IN_EU,1,2.4-D +Glyphosate,"2,4-D",2.4-D +Glyphosate:EU_APPROVED,
HERBICIDE,2.4-D-ethylhexyl + Florasulam,453g/l+6g/l,SE,BOOSTER SE,H.028-22,FERTITECH,TOPAGRO BIOSCIENCE,2024,ALL_SUBSTANCES_APPROVED_IN_EU,1,2.4-D-ethylhexyl + Florasulam,"2,4-D",2.4-D-ethylhexyl + Florasulam:EU_APPROVED,
HERBICIDE,"(E,Z,Z)-3,8,11Tetradecatrien 1-y acetate (E,Z)-",0.5 mg /unité,SE,PHERODIS,D.007-16,NUTRIPLANT,KOPPERT,2024,CONTAINS_NOT_APPROVED_SUBSTANCE_IN_EU,2,(E | Z | Z)-3 | 11Tetradecatrien 1-y acetate (E | Z)-,Diflufenican | Mancozeb,(E:EU_APPROVED | Z:EU_NOT_APPROVED | Z)-3:NOT_IN_EU_LIST | 11Tetradecatrien 1-y acetate (E:NOT_IN_EU_LIST | Z)-:NOT_IN_EU_LIST,
HERBICIDE,"3,8Tetradecatrien1- y acetate",0.5 mg /unité,SE,Tutaabsoluta,,,,2024,NOT_FOUND_OR_NEEDS_MANUAL_REVIEW,0,8Tetradecatrien1- y acetate,,8Tetradecatrien1- y acetate:NOT_IN_EU_LIST,
HERBICIDE,"3,8Tetradecatrien1- y acetate",0.5 mg /unité,SE,,D.002-22,BIOPROTECTION,Chemitica international,2024,NOT_FOUND_OR_NEEDS_MANUAL_REVIEW,0,8Tetradecatrien1- y acetate,,8Tetradecatrien1- y acetate:NOT_IN_EU_LIST,
HERBICIDE,"3,8Tetradecatrien1- y acetate",0.5 mg /unité,SE,,D.004-17,NUTRIPLANT,SANSAN PRODESING/,2024,NOT_FOUND_OR_NEEDS_MANUAL_REVIEW,0,8Tetradecatrien1- y acetate,,8Tetradecatrien1- y acetate:NOT_IN_EU_LIST,
HERBICIDE,"3,8Tetradecatrien1- y acetate",75%+8.2%+0,-,,D.006-16,Ets MEZGHANI,Key,2024,NOT_FOUND_OR_NEEDS_MANUAL_REVIEW,0,8Tetradecatrien1- y acetate,,8Tetradecatrien1- y acetate:NOT_IN_EU_LIST,
HERBICIDE,"3,8Tetradecatrien1- y acetate",4 g/l,SL,,D.005-11/21,SEPCM,,2024,NOT_FOUND_OR_NEEDS_MANUAL_REVIEW,0,8Tetradecatrien1- y acetate,,8Tetradecatrien1- y acetate:NOT_IN_EU_LIST,
HERBICIDE,"3,8Tetradecatrien1- y acetate","0,75g/L+2,5 g/L",SL,,D.013-11/21,SEPCM,CMPA,2024,NOT_FOUND_OR_NEEDS_MANUAL_REVIEW,0,8Tetradecatrien1- y acetate,,8Tetradecatrien1- y acetate:NOT_IN_EU_LIST,
HERBICIDE,Acide gibberellique,10%,TB,Gibb 3,D.001-11/21,AGROSYSTEMES,GLOBACHEM,2024,NOT_FOUND_OR_NEEDS_MANUAL_REVIEW,0,Acide gibberellique,,Acide gibberellique:NOT_IN_EU_LIST,
HERBICIDE,Acide gibberellique,10%,TB,Aminogibb,D.008-15,AMINCO,GLOBACHEM,2024,NOT_FOUND_OR_NEEDS_MANUAL_REVIEW,0,Acide gibberellique,,Acide gibberellique:NOT_IN_EU_LIST,
HERBICIDE,Acide gibberellique,40%,SG,progibb 40 SG,D.004-13/23,BIOPROTECTION,VALENTBioscience / SUMITOMO,2024,NOT_FOUND_OR_NEEDS_MANUAL_REVIEW,0,Acide gibberellique,,Acide gibberellique:NOT_IN_EU_LIST,
HERBICIDE,Acide gibberellique,20%,ST,Fitogib,D.03-21,BIOPROTECTION,NUFARM,2024,NOT_FOUND_OR_NEEDS_MANUAL_REVIEW,0,Acide gibberellique,,Acide gibberellique:NOT_IN_EU_LIST,
HERBICIDE,Acide gibberellique,20%,ST,GIB GRO,D.005-16,BIOPROTECTION,NUFARM,2024,NOT_FOUND_OR_NEEDS_MANUAL_REVIEW,0,Acide gibberellique,,Acide gibberellique:NOT_IN_EU_LIST,
HERBICIDE,Acide gibberellique,9%,ST,Giberkey,D.001-15,ETS MEZGHANNI,IndustrialQuimica Key,2024,NOT_FOUND_OR_NEEDS_MANUAL_REVIEW,0,Acide gibberellique,,Acide gibberellique:NOT_IN_EU_LIST,
HERBICIDE,Acide gibberellique,10%,TB,Protagibb,D.029-11/21,PROTAGRI,United Phosphorus,2024,NOT_FOUND_OR_NEEDS_MANUAL_REVIEW,0,Acide gibberellique,,Acide gibberellique:NOT_IN_EU_LIST,
HERBICIDE,Acide gibberellique,40%,SG,Berelex 40 SG,D.003-15,SEPCM,CHEMICAL Agro,2024,NOT_FOUND_OR_NEEDS_MANUAL_REVIEW,0,Acide gibberellique,,Acide gibberellique:NOT_IN_EU_LIST,
HERBICIDE,Acide gibbérellique +phenothiol,0.5%+1%,EC,FENGIB MAX EC,D.002-20,promochimie,,2024,NOT_FOUND_OR_NEEDS_MANUAL_REVIEW,0,Acide gibbérellique +phenothiol,,Acide gibbérellique +phenothiol:NOT_IN_EU_LIST,
HERBICIDE,Acide gibbérellique +phenothiol,0.5%+1%,EC,FENGIB EC,D.001-19,INNOVA,Agrumes: Régulateur de croissance :100 cc/hl ;-Répéter le traitement 10j après le premier(COMM23/04/2019),2024,NOT_FOUND_OR_NEEDS_MANUAL_REVIEW,0,Acide gibbérellique +phenothiol,,Acide gibbérellique +phenothiol:NOT_IN_EU_LIST,
HERBICIDE,Alkylphenolexy-Ethylène,200 g/L,SC,Etaldyne 95,D.014-11/21,SEPCM,,2024,ALL_SUBSTANCES_APPROVED_IN_EU,1,Alkylphenolexy-Ethylène,Ethylene,Alkylphenolexy-Ethylène:EU_APPROVED,
HERBICIDE,Aurebasidiumpillulan(2 souches) :DSM 14940 +DSM 14941,250g/kg +250g/kg,SC,Blossom protect,D.006-15,STIMA,,2024,NOT_FOUND_OR_NEEDS_MANUAL_REVIEW,0,Aurebasidiumpillulan(2 souches) :DSM 14940 +DSM 14941,,Aurebasidiumpillulan(2 souches) :DSM 14940 +DSM 14941:NOT_IN_EU_LIST,
HERBICIDE,Capsaicine +Ally Isothiocyanate,0.42 % +3.7 %,SI,Dazitol,D.004-15,EL KHADRA,,2024,NOT_FOUND_OR_NEEDS_MANUAL_REVIEW,0,Capsaicine +Ally Isothiocyanate,,Capsaicine +Ally Isothiocyanate:NOT_IN_EU_LIST,
HERBICIDE,Chlormequat-chlorure,750 g/l,SL,Stabilan750,D.034-11/21,AGRIPROTEC,,2024,ALL_SUBSTANCES_APPROVED_IN_EU,1,Chlormequat-chlorure,Chlormequat,Chlormequat-chlorure:EU_APPROVED,
HERBICIDE,Chlormequat-chlorure,750 g/l,SL,Cekwat 750,D.001-13/23,BIOPROTECTION,,2024,ALL_SUBSTANCES_APPROVED_IN_EU,1,Chlormequat-chlorure,Chlormequat,Chlormequat-chlorure:EU_APPROVED,
HERBICIDE,Chlorprophame,1%,PP,NEO STOP,D.028-11/21,PROTAGRI,AGRIPHAR,2024,CONTAINS_NOT_APPROVED_SUBSTANCE_IN_EU,1,Chlorprophame,Chlorpropham,Chlorprophame:EU_NOT_APPROVED,
HERBICIDE,Chlorprophame,500 g/L,HN,Neostop 500 HN,D.016-11/21,PROTAGRI,AGRIPHAR,2024,CONTAINS_NOT_APPROVED_SUBSTANCE_IN_EU,1,Chlorprophame,Chlorpropham,Chlorprophame:EU_NOT_APPROVED,
HERBICIDE,Cyanamide d’hydrogène,520 g/L,SL,Dormex,D.018-11/21,BIOPROTECTION,DEGUSSA AG/,2024,CONTAINS_NOT_APPROVED_SUBSTANCE_IN_EU,1,Cyanamide d’hydrogène,Cyanamide (H & Ca cyanamide),Cyanamide d’hydrogène:EU_NOT_APPROVED,
HERBICIDE,"Deltametrine+Acetate d’ammonium+Trimethylamine HCl+1,4diaminobutane (=Putrescine)",10 mg/,-,Magnet Med,D.004-16,NUTRIPLANT,KOPPERT,2024,NOT_FOUND_OR_NEEDS_MANUAL_REVIEW,0,Deltametrine+Acetate d’ammonium+Trimethylamine HCl+1 | 4diaminobutane (=Putrescine),,Deltametrine+Acetate d’ammonium+Trimethylamine HCl+1:NOT_IN_EU_LIST | 4diaminobutane (=Putrescine):NOT_IN_EU_LIST,
HERBICIDE,Dérivvés d'acides gras végétaux +Huile de pin,286 g/l+430,EC,ACTILANDE TM EC,D.02-21,SEPCM,Action PIN,2024,NOT_FOUND_OR_NEEDS_MANUAL_REVIEW,0,Dérivvés d'acides gras végétaux +Huile de pin,,Dérivvés d'acides gras végétaux +Huile de pin:NOT_IN_EU_LIST,
HERBICIDE,Dichloroprop-p,286 g/l+430,EC,clementgros,D.04-21,SANABEL AGRO,NUFARM,2024,NOT_FOUND_OR_NEEDS_MANUAL_REVIEW,0,Dichloroprop-p,,Dichloroprop-p:NOT_IN_EU_LIST,
HERBICIDE,Huile de colza,286 g/l+430,EO,codacide EO,D.01-21,AGRIMATCO,Mirocide Ltd,2024,NOT_FOUND_OR_NEEDS_MANUAL_REVIEW,0,Huile de colza,,Huile de colza:NOT_IN_EU_LIST,
HERBICIDE,Huile non ionique,286 g/l+430,EC,GARAL EC,D.005-20,SOLAGRI,Syngenta,2024,NOT_FOUND_OR_NEEDS_MANUAL_REVIEW,0,Huile non ionique,,Huile non ionique:NOT_IN_EU_LIST,
HERBICIDE,Hydrolysat de Protéines,286 g/l+430,SL,CeraBait,D.035-11/21,EL MOUSSEM,EVIE MICHAAILIDES,2024,NOT_FOUND_OR_NEEDS_MANUAL_REVIEW,0,Hydrolysat de Protéines,,Hydrolysat de Protéines:NOT_IN_EU_LIST,
HERBICIDE,Hydrolysat de Protéines+Borax,59 g/L+13/0,SC,Ceratrap (en,D.033-11/21,BIOPROTECTION,BIOEBERICA S.A,2024,NOT_FOUND_OR_NEEDS_MANUAL_REVIEW,0,Hydrolysat de Protéines+Borax,,Hydrolysat de Protéines+Borax:NOT_IN_EU_LIST,
HERBICIDE,Hydrolysat de Protéines+Borax,g/L,SC,bouteilles ou/et en,,,,2024,NOT_FOUND_OR_NEEDS_MANUAL_REVIEW,0,Hydrolysat de Protéines+Borax,,Hydrolysat de Protéines+Borax:NOT_IN_EU_LIST,
HERBICIDE,Hydrolysat de Protéines+Borax,g/L,SC,pièges jaunes),,,,2024,NOT_FOUND_OR_NEEDS_MANUAL_REVIEW,0,Hydrolysat de Protéines+Borax,,Hydrolysat de Protéines+Borax:NOT_IN_EU_LIST,
HERBICIDE,Keromone 42.5 ml acetate d'ethyle,g/L,SC,Weevil magnet(keromone),D.003-22,BIOPROTECTION,Chemtica international,2024,NOT_FOUND_OR_NEEDS_MANUAL_REVIEW,0,Keromone 42.5 ml acetate d'ethyle,,Keromone 42.5 ml acetate d'ethyle:NOT_IN_EU_LIST,
HERBICIDE,Metaldehyde,3%,GR,ALDEM 3% GR,D.002-17,EXCEL AGRI,SHARDA,2024,ALL_SUBSTANCES_APPROVED_IN_EU,1,Metaldehyde,Metaldehyde,Metaldehyde:EU_APPROVED,
HERBICIDE,Metaldehyde,3%,GR,METAX,D.003-16,DELTA AGRICOLE,SHARDA,2024,ALL_SUBSTANCES_APPROVED_IN_EU,1,Metaldehyde,Metaldehyde,Metaldehyde:EU_APPROVED,
HERBICIDE,Metaldehyde,5%,GB,LIMAGRAM,D.001-20,EL KHADRA,SIPCAM INAGRA,2024,ALL_SUBSTANCES_APPROVED_IN_EU,1,Metaldehyde,Metaldehyde,Metaldehyde:EU_APPROVED,
HERBICIDE,Metaldehyde,5%,GB,Metakey,D.006-11/21,ETS.MEZGHANI,INDUS,2024,ALL_SUBSTANCES_APPROVED_IN_EU,1,Metaldehyde,Metaldehyde,Metaldehyde:EU_APPROVED,
HERBICIDE,Metaldehyde,5%,GB,Metapro,D.030-11/21,PROTAGRI,United Phosphorus,2024,ALL_SUBSTANCES_APPROVED_IN_EU,1,Metaldehyde,Metaldehyde,Metaldehyde:EU_APPROVED,
HERBICIDE,Metaldehyde,5%,GB,GHLALA,D.003-19,SANABEL AGRO,UPL,2024,ALL_SUBSTANCES_APPROVED_IN_EU,1,Metaldehyde,Metaldehyde,Metaldehyde:EU_APPROVED,
HERBICIDE,Metaldehyde,5%,GB,Antilimace granule,D.025-11/21,SEPCM,CEQUISA S.A/UPL,2024,ALL_SUBSTANCES_APPROVED_IN_EU,1,Metaldehyde,Metaldehyde,Metaldehyde:EU_APPROVED,
HERBICIDE,Metaldehyde,5%,GB,Super meta,D.007-11/21,STEC,CEQUISA/PHOSPH,2024,ALL_SUBSTANCES_APPROVED_IN_EU,1,Metaldehyde,Metaldehyde,Metaldehyde:EU_APPROVED,
HERBICIDE,Methaldehyde,5%,GR,LIMASTOP,D.002-19,COTUGRAIN,SHARDA,2024,NOT_FOUND_OR_NEEDS_MANUAL_REVIEW,0,Methaldehyde,,Methaldehyde:NOT_IN_EU_LIST,
HERBICIDE,Methaldehyde,5%,GR,ESCARGOCHE,D.001-16,SOCOOPEC,SHARDA,2024,NOT_FOUND_OR_NEEDS_MANUAL_REVIEW,0,Methaldehyde,,Methaldehyde:NOT_IN_EU_LIST,
HERBICIDE,"Phéromones appliquée pour la confision sexuelle de la pyrale des dattes(EctomyeloisCeratoniae);(Z,E)- 7,9,11-Dodecatrienyl formate(90.80% pure) :2 %(22.026 g/kg",5%,GR,SPLAT-EC-O;sous réserve de bien préciser la dose par pied (arbre),D.004-20,NUTRIPLANT,ISCA TECHNOLOGIES,2024,CONTAINS_NOT_APPROVED_SUBSTANCE_IN_EU,4,Phéromones appliquée pour la confision sexuelle de la pyrale des dattes(EctomyeloisCeratoniae) | (Z | E)- 7 | 11-Dodecatrienyl formate(90.%pure) :%(22.026 g | kg,"Mancozeb | (E,Z)-9-dodecen-1-yl acetate; (E,Z)-9-Dodecen-1-ol; (Z)-11-Tetradecen-1-yl acetate | 2,4-D | Quintozene containing > 1 g/kg HCB or > 10 g/kg pentachlorobenzene",Phéromones appliquée pour la confision sexuelle de la pyrale des dattes(EctomyeloisCeratoniae):NOT_IN_EU_LIST | (Z:EU_NOT_APPROVED | E)- 7:EU_NOT_APPROVED | 11-Dodecatrienyl formate(90.%pure) :%(22.026 g:EU_APPROVED | kg:EU_NOT_APPROVED,
HERBICIDE,"Phéromones de la pyrale des dattes(EctomyeloisCeratoniae):(Z,E)-7,9,11- Dodecatrienyl formate(90.80% pure) :1.594 g/kg",5%,GR,ISCA LURE CAROB MOTH,D.003-20,NUTRIPLANT,ISCA TECHNOLOGIES,2024,CONTAINS_NOT_APPROVED_SUBSTANCE_IN_EU,2,Phéromones de la pyrale des dattes(EctomyeloisCeratoniae):(Z | E)-7 | 11- Dodecatrienyl formate(90.%pure) :1.594 g | kg,"(E,Z)-9-dodecen-1-yl acetate; (E,Z)-9-Dodecen-1-ol; (Z)-11-Tetradecen-1-yl acetate | Quintozene containing > 1 g/kg HCB or > 10 g/kg pentachlorobenzene",Phéromones de la pyrale des dattes(EctomyeloisCeratoniae):(Z:NOT_IN_EU_LIST | E)-7:EU_NOT_APPROVED | 11- Dodecatrienyl formate(90.%pure) :1.594 g:NOT_IN_EU_LIST | kg:EU_NOT_APPROVED,
HERBICIDE,Polyethermodifiedtrisiloxane + polyether,75%+25%,SL,BREAK THRU SL,D.001-22,ATLAS AGRICOLE,EVONIC,2024,NOT_FOUND_OR_NEEDS_MANUAL_REVIEW,0,Polyethermodifiedtrisiloxane + polyether,,Polyethermodifiedtrisiloxane + polyether:NOT_IN_EU_LIST,
HERBICIDE,Polyoxyethylene amine,270 g/l,SL,PHYDEAL SL,D.003-17,FERTIPLANT,SDP/France,2024,ALL_SUBSTANCES_APPROVED_IN_EU,1,Polyoxyethylene amine,Ethylene,Polyoxyethylene amine:EU_APPROVED,
HERBICIDE,Proteines hydrolysées,360 g/L,SL,BIOBAIT,D.002-16,BIOPROTECTION,BIOIBIRICA,2024,NOT_FOUND_OR_NEEDS_MANUAL_REVIEW,0,Proteines hydrolysées,,Proteines hydrolysées:NOT_IN_EU_LIST,
NÉMATICIDE,Sodium lauryl ether sulfate (SLES),276.5 g/l,SL,Biopower SL,D.005-17,ATLAS,BAYER AG,2024,NOT_FOUND_OR_NEEDS_MANUAL_REVIEW,0,Sodium lauryl ether sulfate (SLES),,Sodium lauryl ether sulfate (SLES):NOT_IN_EU_LIST,
NÉMATICIDE,Trichodermaharzianum T-22,1.0 x 109 CFU/g,WG,Trianum –P,D.F.005-15,,KOPPERT,2024,NOT_FOUND_OR_NEEDS_MANUAL_REVIEW,0,Trichodermaharzianum T-22,,Trichodermaharzianum T-22:NOT_IN_EU_LIST,
NÉMATICIDE,Abamectine,20g/l,SC,TERVIGO 020 SC,IN.001-19,BIOPROTECTION,Syngenta Crop Protection AG,2024,ALL_SUBSTANCES_APPROVED_IN_EU,1,Abamectine,Abamectin (aka avermectin),Abamectine:EU_APPROVED,
NÉMATICIDE,Capsaicine +Ally Isothiocyanate,0.42 % +3.7 %,SI,Dazitol,D.004-15,EL KHADRA,CHAMPION MILLENIUM CHEMICALS,2024,NOT_FOUND_OR_NEEDS_MANUAL_REVIEW,0,Capsaicine +Ally Isothiocyanate,,Capsaicine +Ally Isothiocyanate:NOT_IN_EU_LIST,
NÉMATICIDE,Fluopyram,400 g/l,SC,VELUM PRIME 400 SC,IN.002-19,ATLAS AGRICOLE,BAYER AG,2024,ALL_SUBSTANCES_APPROVED_IN_EU,1,Fluopyram,Fluopyram,Fluopyram:EU_APPROVED,
NÉMATICIDE,Garlicextract,1000 g/l,SC,NEM guard SC,N.001-22,STIMA,Ecospraylimited,2024,NOT_FOUND_OR_NEEDS_MANUAL_REVIEW,0,Garlicextract,,Garlicextract:NOT_IN_EU_LIST,
RATICIDE,Oxamyl,10%,GR,Vydate GR,N.001-16,AGRIMATCO,DUPONT,2024,CONTAINS_NOT_APPROVED_SUBSTANCE_IN_EU,1,Oxamyl,Oxamyl,Oxamyl:EU_NOT_APPROVED,
RATICIDE,Oxamyl,10%,SL,OXYTANE,N.01-24,Sharda CropchemTunisia,SHARDA CROPCHEM INDE,2024,CONTAINS_NOT_APPROVED_SUBSTANCE_IN_EU,1,Oxamyl,Oxamyl,Oxamyl:EU_NOT_APPROVED,
RATICIDE,Oxamyl,240 g/l,SL,RETURN 24 SL,N.02-24,Sanabel Agro,ROTAM AGROCHEMICAL(rivale),2024,CONTAINS_NOT_APPROVED_SUBSTANCE_IN_EU,1,Oxamyl,Oxamyl,Oxamyl:EU_NOT_APPROVED,
RATICIDE,Fluazaindolzine,500 g/l,SC,SALIBRO 500 SC,N.03-24,BARAKA Agricole,CORTEVA,2024,NOT_FOUND_OR_NEEDS_MANUAL_REVIEW,0,Fluazaindolzine,,Fluazaindolzine:NOT_IN_EU_LIST,
RATICIDE,Brodifacoum,"0,005%",RB,Broditop,R.002-11/21,ETS MEZGHANI,ZAPI SPA,2024,CONTAINS_NOT_APPROVED_SUBSTANCE_IN_EU,1,Brodifacoum,Brodifacoum,Brodifacoum:EU_NOT_APPROVED,
RATICIDE,Brodifacoum,"0,005%",RB,Broditop wax block,R.006-11/21,ETS MEZGHANI,ZAPI SPA,2024,CONTAINS_NOT_APPROVED_SUBSTANCE_IN_EU,1,Brodifacoum,Brodifacoum,Brodifacoum:EU_NOT_APPROVED,
RATICIDE,Brodifacoum,"0,005%",RB,Klerat,R.001-11/21,AGRIPROTEC,SYNGENTA,2024,CONTAINS_NOT_APPROVED_SUBSTANCE_IN_EU,1,Brodifacoum,Brodifacoum,Brodifacoum:EU_NOT_APPROVED,
RATICIDE,Brodifacoum,"0,005%",RB,Raticide detia,R.005-11/21,STIMA,DETIA,2024,CONTAINS_NOT_APPROVED_SUBSTANCE_IN_EU,1,Brodifacoum,Brodifacoum,Brodifacoum:EU_NOT_APPROVED,
RATICIDE,Difenacoum,0.005 %,RB,SOREXA PELLETS,D.001-17,AGRIPROTEC,BASF,2024,CONTAINS_NOT_APPROVED_SUBSTANCE_IN_EU,1,Difenacoum,Difenacoum,Difenacoum:EU_NOT_APPROVED,
INECTICIDE,Diméthoate,4 0 0 g / L,E C,,,,,2025,CONTAINS_NOT_APPROVED_SUBSTANCE_IN_EU,1,Diméthoate,Dimethoate,Diméthoate:EU_NOT_APPROVED,
INECTICIDE,Imidaclopride,200 g/L,S L / O D,,,,,2025,CONTAINS_NOT_APPROVED_SUBSTANCE_IN_EU,1,Imidaclopride,Imidacloprid,Imidaclopride:EU_NOT_APPROVED,
INECTICIDE,Malathion,9 5 %,ULV,,,,,2025,ALL_SUBSTANCES_APPROVED_IN_EU,1,Malathion,Malathion,Malathion:EU_APPROVED,
INECTICIDE,Imidacloprid+Tebuconazole,208.98 g/l +12.8 g/l,FS,GIZMO SUPER FS,F.018-18,AGRIPROTEC,NUFARM,2025,ALL_SUBSTANCES_APPROVED_IN_EU,1,Imidacloprid+Tebuconazole,Tebuconazole,Imidacloprid+Tebuconazole:EU_APPROVED,
INECTICIDE,Thiamethoxam,350 g/L,FS,ADAGE 350FS,I.013-18,SOLAGRI,SYNGENTA,2025,CONTAINS_NOT_APPROVED_SUBSTANCE_IN_EU,1,Thiamethoxam,Thiamethoxam,Thiamethoxam:EU_NOT_APPROVED,
INECTICIDE,Thiametoxam,350 g/L,FS,Cruiser 350 FS,I.124-11/21,BIOPROTECTION,SYNGENTA,2025,NOT_FOUND_OR_NEEDS_MANUAL_REVIEW,0,Thiametoxam,,Thiametoxam:NOT_IN_EU_LIST,
FONGICIDE,Difenoconazole + Fludioxonil +Thiamethoxam,25g/l + 25 g/l + 262.5 g/l,FS,CelestTop 312.5,126-11/21 F.,BIOPROTECTION,SYNGENTA,2025,ALL_SUBSTANCES_APPROVED_IN_EU,1,Difenoconazole + Fludioxonil +Thiamethoxam,Fludioxonil,Difenoconazole + Fludioxonil +Thiamethoxam:EU_APPROVED,
FONGICIDE,Difenoconazole + Metalaxyl –M + Thiamethoxam,20 g/kg+200 g/kg+200g/kg,WS,APRON STAR WS,FI.028-22,COTUGRAIN,SYNGENTA,2025,ALL_SUBSTANCES_APPROVED_IN_EU,1,Difenoconazole + Metalaxyl –M + Thiamethoxam,Metalaxyl,Difenoconazole + Metalaxyl –M + Thiamethoxam:EU_APPROVED,
FONGICIDE,Mancozèbe,80%,WP,,,,,2025,CONTAINS_NOT_APPROVED_SUBSTANCE_IN_EU,1,Mancozèbe,Mancozeb,Mancozèbe:EU_NOT_APPROVED,
FONGICIDE,Chlorothalonil,720 g/l,SC,Morfus 720 SC,F.014-14/24,SANABEL AGRO,ROTAM AGROCHEMIC AL(rivale),2025,CONTAINS_NOT_APPROVED_SUBSTANCE_IN_EU,1,Chlorothalonil,Chlorothalonil,Chlorothalonil:EU_NOT_APPROVED,
FONGICIDE,Chlorothalonil,500g/l,SC,AVOCA,F.004-20,RAYEN AGRICOLE,Barclay chemicals(R&D) Ltd.,2025,CONTAINS_NOT_APPROVED_SUBSTANCE_IN_EU,1,Chlorothalonil,Chlorothalonil,Chlorothalonil:EU_NOT_APPROVED,
FONGICIDE,Chlorothalonil,7 2 0 g / L,SC,Banko 720 SC,F.013-11/21,BIOPROTECTION,UPL/ARYSTA LIFESCIENCE,2025,CONTAINS_NOT_APPROVED_SUBSTANCE_IN_EU,1,Chlorothalonil,Chlorothalonil,Chlorothalonil:EU_NOT_APPROVED,
FONGICIDE,Chlorothalonil,7 2 0 g / L,SC,TERRAVO,F.010-20,SOLAGRI,SYNGENTA,2025,CONTAINS_NOT_APPROVED_SUBSTANCE_IN_EU,1,Chlorothalonil,Chlorothalonil,Chlorothalonil:EU_NOT_APPROVED,
FONGICIDE,Chlorothalonil +Tebuconazole,250 g/l+90 g/l,SC,SUPER PLAZMA SC,F.55-21,AGRIPROTEC,NUFARM,2025,ALL_SUBSTANCES_APPROVED_IN_EU,1,Chlorothalonil +Tebuconazole,Tebuconazole,Chlorothalonil +Tebuconazole:EU_APPROVED,
FONGICIDE,Tébuconazole +Chlorothalonil,125 g/l+375 g/l,SC,CIGAL PLUS SC,F.008-18,SANABEL AGRO,RotamAgrochemi calCo.Ltd,2025,ALL_SUBSTANCES_APPROVED_IN_EU,1,Tébuconazole +Chlorothalonil,Tebuconazole,Tébuconazole +Chlorothalonil:EU_APPROVED,
INECTICIDE,"(E,Z,Z)-3,8 ,11-Tetradecadien -1-",60 mg /dispensers,VP,SHIN –ETSU MD,I.014-22,COTUGRAIN,Shin ETSU chemical/ CBC (EUROPE)/BIOG ARD,2025,CONTAINS_NOT_APPROVED_SUBSTANCE_IN_EU,3,(E | Z | Z)-3 | 11-Tetradecadien -1-,"Diflufenican | Mancozeb | 2,4,5-T",(E:EU_APPROVED | Z:EU_NOT_APPROVED | Z)-3:NOT_IN_EU_LIST | 11-Tetradecadien -1-:EU_NOT_APPROVED,
INECTICIDE,yl acetate( 53.8 mg/diffuseur),60 mg /dispensers,VP,T,,,,2025,NOT_FOUND_OR_NEEDS_MANUAL_REVIEW,0,yl acetate( 53.8 mg | diffuseur),,yl acetate( 53.8 mg:NOT_IN_EU_LIST | diffuseur):NOT_IN_EU_LIST,
INECTICIDE,"(E,Z)-3,8 –Tetradecad",60 mg /dispensers,VP,,,,,2025,NOT_FOUND_OR_NEEDS_MANUAL_REVIEW,2,(E | Z)-3 | 8 –Tetradecad,"Diflufenican | (E,Z)-3,8-Tetradecadien-1-yl acetate (SCLP Acetates)",(E:EU_APPROVED | Z)-3:NOT_IN_EU_LIST | 8 –Tetradecad:EU_APPROVED,
INECTICIDE,ien -1-yl acetate(6.2 mg/diffuseur),60 mg /dispensers,VP,,,,,2025,NOT_FOUND_OR_NEEDS_MANUAL_REVIEW,0,ien -1-yl acetate(6.2 mg | diffuseur),,ien -1-yl acetate(6.2 mg:NOT_IN_EU_LIST | diffuseur):NOT_IN_EU_LIST,
INECTICIDE,Abamectin,18 g/l,EC,ABAMET EC,I.33-25,UNIAGRO,SHANDONG,2025,ALL_SUBSTANCES_APPROVED_IN_EU,1,Abamectin,Abamectin (aka avermectin),Abamectin:EU_APPROVED,
INECTICIDE,Abamectin,1 8 g / l,E W,B U T I K E W,I . 2 1 - 2 5,RAYEN,LAINCO-Espagne,2025,ALL_SUBSTANCES_APPROVED_IN_EU,1,Abamectin,Abamectin (aka avermectin),Abamectin:EU_APPROVED,
INECTICIDE,Abamectine,18 g/L,EC,Numectin,I.A.009-16,MULTAGRI,NUFARM,2025,ALL_SUBSTANCES_APPROVED_IN_EU,1,Abamectine,Abamectin (aka avermectin),Abamectine:EU_APPROVED,
INECTICIDE,Abamectine,18 g/L,EC,LAOTTA,03-24.I,ATLAS AGRICOLE,LAINCO,2025,ALL_SUBSTANCES_APPROVED_IN_EU,1,Abamectine,Abamectin (aka avermectin),Abamectine:EU_APPROVED,
INECTICIDE,Abamectine,84 g/L,SC,Agrimec Gold 084 SC,I.A.129-11/21,BIOPROTECTION,SYNGENTA,2025,ALL_SUBSTANCES_APPROVED_IN_EU,1,Abamectine,Abamectin (aka avermectin),Abamectine:EU_APPROVED,
INECTICIDE,Abamectine,20g/l,SC,TERVIGO 020 SC,IN.001-19,BIOPROTECTION,Syngenta Crop Protection AG,2025,ALL_SUBSTANCES_APPROVED_IN_EU,1,Abamectine,Abamectin (aka avermectin),Abamectine:EU_APPROVED,
INECTICIDE,Abamectine,18g/l,EC,VALMEC EC,I.004-19,EL KHADRA,INDUSTRIAS AFRAZA/ALBAU GH EUROPE SARL,2025,ALL_SUBSTANCES_APPROVED_IN_EU,1,Abamectine,Abamectin (aka avermectin),Abamectine:EU_APPROVED,
INECTICIDE,Abamectine,18 g/l,EC,ROMECTIN EC,I.02-21,AGRONOMIC LAND,"ROTAM CHEMISTRY CO.,Ltd",2025,ALL_SUBSTANCES_APPROVED_IN_EU,1,Abamectine,Abamectin (aka avermectin),Abamectine:EU_APPROVED,
INECTICIDE,Abamectine,18 g/l,EC,VARGAS ULTRA EC,I.51-23,SOLAGRI,"ROTAM CHEMISTRY CO.,Ltd/ALBAUG H",2025,ALL_SUBSTANCES_APPROVED_IN_EU,1,Abamectine,Abamectin (aka avermectin),Abamectine:EU_APPROVED,
INECTICIDE,Abamectine,1 8 g / l,E C,V e r t i m e c,I A . 0 0 3 - 11/21,BIOPROTECTION,SYNGENTA,2025,ALL_SUBSTANCES_APPROVED_IN_EU,1,Abamectine,Abamectin (aka avermectin),Abamectine:EU_APPROVED,
INECTICIDE,Abamectine,1 8 g / L,E W,D i v a 1 . 8 E W,I . A . 0 0 2 -15/25,EL MOUSSEM AGRICOLE,CHEMINOVA,2025,ALL_SUBSTANCES_APPROVED_IN_EU,1,Abamectine,Abamectin (aka avermectin),Abamectine:EU_APPROVED,
INECTICIDE,Abamectine,1 8 g / L,E W,Z O R O,I . 3 0 - 2 5,SSCC,CHEMINOVA/ FMC,2025,ALL_SUBSTANCES_APPROVED_IN_EU,1,Abamectine,Abamectin (aka avermectin),Abamectine:EU_APPROVED,
INECTICIDE,Abamectine,1 8 g / l,E C,A C T R O S E 1 8 E C,I . 0 1 5 - 1 8,Ets MEZGHANI,ASTRACHEM,2025,ALL_SUBSTANCES_APPROVED_IN_EU,1,Abamectine,Abamectin (aka avermectin),Abamectine:EU_APPROVED,
INECTICIDE,Abamectine,1 8 g / l,E C,T I N A E C,I A . 0 0 5 - 11/21,ETS MEZGHANI,INDUSTRIAL QUIMICA KEY,2025,ALL_SUBSTANCES_APPROVED_IN_EU,1,Abamectine,Abamectin (aka avermectin),Abamectine:EU_APPROVED,
INECTICIDE,Abamectine,1 8 g / l,E C,M E C T I N E P R O,I . 0 0 6 - 1 7,JADWA AGROTEC,AAKO BV,2025,ALL_SUBSTANCES_APPROVED_IN_EU,1,Abamectine,Abamectin (aka avermectin),Abamectine:EU_APPROVED,
INECTICIDE,Abamectine,1 8 g / l,E C,P o t e n z a 1 . 8,I A . 0 0 7 - 11/21,SANABEL AGRO,SINON CORPORATION,2025,ALL_SUBSTANCES_APPROVED_IN_EU,1,Abamectine,Abamectin (aka avermectin),Abamectine:EU_APPROVED,
INECTICIDE,Abamectine,1 8 g / l,E C,A a k o m e c t i n e,I A . 0 0 9 - 11/21,STEC,AAKO BV,2025,ALL_SUBSTANCES_APPROVED_IN_EU,1,Abamectine,Abamectin (aka avermectin),Abamectine:EU_APPROVED,
INECTICIDE,Abamectine,1 8 g / l,E C,T r a n s a c t 1 8 E C,I . A . 1 6 1 -11/21,TASMID,ASTRACHEM,2025,ALL_SUBSTANCES_APPROVED_IN_EU,1,Abamectine,Abamectin (aka avermectin),Abamectine:EU_APPROVED,
INECTICIDE,Abamectine,1.8%,EC,LAINSECT EC,I.06-25,FERTITECH,LAINCO,2025,ALL_SUBSTANCES_APPROVED_IN_EU,1,Abamectine,Abamectin (aka avermectin),Abamectine:EU_APPROVED,
INECTICIDE,Abamectin + Chlorantraniliprole,"1,7% + 4,3 %",SC,CORAG DUO SC,25-37.I,ATLAS AGRICOLE,NANJING(HEBEI,2025,ALL_SUBSTANCES_APPROVED_IN_EU,1,Abamectin + Chlorantraniliprole,Chlorantraniliprole,Abamectin + Chlorantraniliprole:EU_APPROVED,
INECTICIDE,Abamectin +Chlorantraniliprole,18 g/l+45 g/l,SC,Cleverole plus SC,I.14-23,UNIAGRO,SHANDONG WEIFANG RAINBOW CHEMICAL CO.LTD,2025,ALL_SUBSTANCES_APPROVED_IN_EU,1,Abamectin +Chlorantraniliprole,Chlorantraniliprole,Abamectin +Chlorantraniliprole:EU_APPROVED,
INECTICIDE,Abamectin +Chlorantraniliprole,18 g/l+45 g/l,SC,ABAROLE SC,I.13-24,PLANETE VERTE,SHANDONG WEIFANG RAINBOW CHEMICAL CO.LTD,2025,ALL_SUBSTANCES_APPROVED_IN_EU,1,Abamectin +Chlorantraniliprole,Chlorantraniliprole,Abamectin +Chlorantraniliprole:EU_APPROVED,
INECTICIDE,Abamectin +Etoxazole,42 g/L + 168g/L,SC,BOSCOTT SC,I.34-25,BIOPROTECTION,ALBAUGH,2025,ALL_SUBSTANCES_APPROVED_IN_EU,1,Abamectin +Etoxazole,Abamectin (aka avermectin),Abamectin +Etoxazole:EU_APPROVED,
INECTICIDE,Abamectin +Spirotetramat,4%+ 24%,SC,SPERAMET,I.17-25,SOLAGRI,SHANDONG WEIFANG RAINBOW CHEMICAL CO.LTD CHINE,2025,ALL_SUBSTANCES_APPROVED_IN_EU,1,Abamectin +Spirotetramat,Abamectin (aka avermectin),Abamectin +Spirotetramat:EU_APPROVED,
INECTICIDE,Abamectin +Spirotetramat,4%+ 24%,SC,PLUS SC,,,,2025,ALL_SUBSTANCES_APPROVED_IN_EU,1,Abamectin +Spirotetramat,Abamectin (aka avermectin),Abamectin +Spirotetramat:EU_APPROVED,
INECTICIDE,Abamectine +spinosad,3%+ 2%,EW,REVINTY 5 EW,I.35-23,PROMOCHIMIE,JIANGXI ZHENGBANG CHINE/NANJING,2025,ALL_SUBSTANCES_APPROVED_IN_EU,1,Abamectine +spinosad,Abamectin (aka avermectin),Abamectine +spinosad:EU_APPROVED,
INECTICIDE,Abamectine +Spirotetramat,4% + 24%,SC,TITONIC SC,25-48.I,PROTAGRI,NANJING,2025,ALL_SUBSTANCES_APPROVED_IN_EU,1,Abamectine +Spirotetramat,Abamectin (aka avermectin),Abamectine +Spirotetramat:EU_APPROVED,
INECTICIDE,Abamectine+spirotetramat,4% + 24%,SC,FLEXINE SC,25-54.I,NEGANOR FFT,HEBEI VEYONG,2025,ALL_SUBSTANCES_APPROVED_IN_EU,1,Abamectine+spirotetramat,Abamectin (aka avermectin),Abamectine+spirotetramat:EU_APPROVED,
INECTICIDE,Acetameprid,70%,SP,ACETADE FORT,I.009-17,SANABEL Agro,SHARDA CROPCHEM LIMITED INDE,2025,ALL_SUBSTANCES_APPROVED_IN_EU,1,Acetameprid,Acetamiprid,Acetameprid:EU_APPROVED,
INECTICIDE,Acetameprid,70%,SP,Polysect,I.004-16,SOCOOPEC,SHARDA CROPCHEM LIMITED INDE,2025,ALL_SUBSTANCES_APPROVED_IN_EU,1,Acetameprid,Acetamiprid,Acetameprid:EU_APPROVED,
INECTICIDE,Acetamiprid,200 g/kg,SP,POtegon 20 SP,I.22-23,PLANETE VERTE,ASTRANOVA,2025,ALL_SUBSTANCES_APPROVED_IN_EU,1,Acetamiprid,Acetamiprid,Acetamiprid:EU_APPROVED,
INECTICIDE,Acetamiprid,20%,SL,CAPILAN SL,I.07-25,NEGANOR,AGROW ALLIED,2025,ALL_SUBSTANCES_APPROVED_IN_EU,1,Acetamiprid,Acetamiprid,Acetamiprid:EU_APPROVED,
INECTICIDE,Acetamiprid,72.5%,WG,ACEGOALXTRA WG,I.08-25,NEGANOR FFT,SHANDONG WEIFANG RAINBOW CHEMICAL CO.LTD CHINE,2025,ALL_SUBSTANCES_APPROVED_IN_EU,1,Acetamiprid,Acetamiprid,Acetamiprid:EU_APPROVED,
INECTICIDE,Acetamiprid,20%,SP,EKKA SP,I.14-25,FERTIPLANT,KR Lifesciences Pvt Ltd,2025,ALL_SUBSTANCES_APPROVED_IN_EU,1,Acetamiprid,Acetamiprid,Acetamiprid:EU_APPROVED,
INECTICIDE,Acétamiprid,200 g/l,SL,TRISTAR SL SR/Changement de nom,I.44-25,ATLAS INDUSTRIE,NUFARM,2025,ALL_SUBSTANCES_APPROVED_IN_EU,1,Acétamiprid,Acetamiprid,Acétamiprid:EU_APPROVED,
INECTICIDE,Acetamiprid + Flonicamid,15% + 20%,WG,FLOWPRID WG,I.31-25,NEGANOR FFT,SHANDONG WEIFANG RAINBOW CHEMICAL CO.LTD,2025,ALL_SUBSTANCES_APPROVED_IN_EU,1,Acetamiprid + Flonicamid,Flonicamid (IKI-220),Acetamiprid + Flonicamid:EU_APPROVED,
INECTICIDE,Acetamiprid + Flonicamid,15% + 20%,WG,ACTAMID WG,25-51.I,TASMID,"NANJING AGROCHEMICA L Co., Ltd.",2025,ALL_SUBSTANCES_APPROVED_IN_EU,1,Acetamiprid + Flonicamid,Flonicamid (IKI-220),Acetamiprid + Flonicamid:EU_APPROVED,
INECTICIDE,Acetamiprid + Emamectin,218 g/l + 37 g/l,DC,TRAMICS DC,25-39.I,SOLAGRI,SYNGENTA,2025,ALL_SUBSTANCES_APPROVED_IN_EU,1,Acetamiprid + Emamectin,Acetamiprid,Acetamiprid + Emamectin:EU_APPROVED,
INECTICIDE,Benzoate,218 g/l + 37 g/l,DC,,,,,2025,CONTAINS_NOT_APPROVED_SUBSTANCE_IN_EU,1,Benzoate,Methyl p-hydroxybenzoate,Benzoate:EU_NOT_APPROVED,
INECTICIDE,Acetamiprid +pyriproxyfen,186 g/l+124 g/l,DC,CANVION310 DC,I.032-22,COTUGRAIN,Syngenta Crop Protection,2025,ALL_SUBSTANCES_APPROVED_IN_EU,1,Acetamiprid +pyriproxyfen,Pyriproxyfen,Acetamiprid +pyriproxyfen:EU_APPROVED,
INECTICIDE,kurstakisouche EG-2348,186 g/l+124 g/l,DC,PLUS WP,,,(EUROPE)/BIOG ARD,2025,NOT_FOUND_OR_NEEDS_MANUAL_REVIEW,0,kurstakisouche EG-2348,,kurstakisouche EG-2348:NOT_IN_EU_LIST,
INECTICIDE,Beauveria bassiana strain ATCC 74040,0.0185 %W/W),OD,Naturalis,I.038-22,COTUGRAIN,CBC europe/italie,2025,ALL_SUBSTANCES_APPROVED_IN_EU,1,Beauveria bassiana strain ATCC 74040,Beauveria bassiana strain ATCC 74040,Beauveria bassiana strain ATCC 74040:EU_APPROVED,
INECTICIDE,Beauveria bassiana strain PPRI,80 g/l,OD,VELIFER OD,I.32-25,COTUGRAIN Impex,BASF,2025,ALL_SUBSTANCES_APPROVED_IN_EU,1,Beauveria bassiana strain PPRI,Beauveria bassiana strain PPRI 5339,Beauveria bassiana strain PPRI:EU_APPROVED,
INECTICIDE,5339,80 g/l,OD,,,,,2025,NO_SUBSTANCE,0,,,,
INECTICIDE,Beauveriabassianastrain R444,2x109 spores,WP,Bb-Protec WP,I.08-21,ALOHA Agriculture,Plant Health Products (phy)/Sud d'afrique/Andermat t PHP(Pty) Ltd/ANDERMAT T BIOCONTROL GROUP AG,2025,NOT_FOUND_OR_NEEDS_MANUAL_REVIEW,0,Beauveriabassianastrain R444,,Beauveriabassianastrain R444:NOT_IN_EU_LIST,
INECTICIDE,Bifenazate,240 g/l,SC,COMITE 240 SC,I.024-22,BIOPROTECTION,CHEMTURA/AR YSTA,2025,ALL_SUBSTANCES_APPROVED_IN_EU,1,Bifenazate,Bifenazate,Bifenazate:EU_APPROVED,
INECTICIDE,Bifenazate,240 g/l,SC,FLORAMITE 240,I.008-16,AGRIMATCO,CHEMTURA/AR YSTA,2025,ALL_SUBSTANCES_APPROVED_IN_EU,1,Bifenazate,Bifenazate,Bifenazate:EU_APPROVED,
INECTICIDE,Bifenazate,240 g/l,SC,SC,,,,2025,ALL_SUBSTANCES_APPROVED_IN_EU,1,Bifenazate,Bifenazate,Bifenazate:EU_APPROVED,
INECTICIDE,Bifenazate,50%,WG,BANTER WG,I.003-19,AGRIPROTEC,UPL limited,2025,ALL_SUBSTANCES_APPROVED_IN_EU,1,Bifenazate,Bifenazate,Bifenazate:EU_APPROVED,
INECTICIDE,Bifenazate,"494,8 g/L",SC,Acramite 480 SC,IA.030-11/21,SEPCM,CHEMTURA /UPL,2025,ALL_SUBSTANCES_APPROVED_IN_EU,1,Bifenazate,Bifenazate,Bifenazate:EU_APPROVED,
INECTICIDE,Bifenazate,"494,8 g/L",SC,VIGILANT 480,I.29-25,COTUGRAIN Impex,CHEMTURA /UPL,2025,ALL_SUBSTANCES_APPROVED_IN_EU,1,Bifenazate,Bifenazate,Bifenazate:EU_APPROVED,
INECTICIDE,Bifenazate,"494,8 g/L",SC,SC,,,,2025,ALL_SUBSTANCES_APPROVED_IN_EU,1,Bifenazate,Bifenazate,Bifenazate:EU_APPROVED,
INECTICIDE,Bifenazate +Etoxazole,30% + 15%,SC,MITOVER SC,I.01-25,NEGANOR FFT,SHANDONG WEIFANG RAINBOW,2025,ALL_SUBSTANCES_APPROVED_IN_EU,1,Bifenazate +Etoxazole,Bifenazate,Bifenazate +Etoxazole:EU_APPROVED,
INECTICIDE,Chlorantraniliprole,200g/l,SC,COREGIS SC,I.025-22,PROMOCHIMIE,DU PONT/FMC,2025,ALL_SUBSTANCES_APPROVED_IN_EU,1,Chlorantraniliprole,Chlorantraniliprole,Chlorantraniliprole:EU_APPROVED,
INECTICIDE,Chlorantraniliprole,200 g/l,SC,CLEVEROLE SC,I.10-23,UNIAGRO,SHANDONG WEIFANG RAINBOW CHEMICAL CO.LTD,2025,ALL_SUBSTANCES_APPROVED_IN_EU,1,Chlorantraniliprole,Chlorantraniliprole,Chlorantraniliprole:EU_APPROVED,
INECTICIDE,Chlorantraniliprole,200 g/l,SC,KORTEX,I.06-24,NEGANOR FFT,SHANDONG WEIFANG RAINBOW CHEMICAL CO.LTD,2025,ALL_SUBSTANCES_APPROVED_IN_EU,1,Chlorantraniliprole,Chlorantraniliprole,Chlorantraniliprole:EU_APPROVED,
INECTICIDE,Chlorantraniliprole + Emamectin,12% + 4%,SC,PROPROLE (SC),25-41.I,TASMID,Nanjing,2025,ALL_SUBSTANCES_APPROVED_IN_EU,1,Chlorantraniliprole + Emamectin,Chlorantraniliprole,Chlorantraniliprole + Emamectin:EU_APPROVED,
INECTICIDE,benzoate,12% + 4%,SC,,,,"Agrochemical Co.,",2025,CONTAINS_NOT_APPROVED_SUBSTANCE_IN_EU,1,benzoate,Methyl p-hydroxybenzoate,benzoate:EU_NOT_APPROVED,
INECTICIDE,Chlorantraniliprole +,100 g/l+50 g/l,EC,LASTROLE EC,I.11-23,UNIAGRO,SHANDONG WEIFANG RAINBOW CHEMICAL CO.LTD,2025,ALL_SUBSTANCES_APPROVED_IN_EU,1,Chlorantraniliprole +,Chlorantraniliprole,Chlorantraniliprole +:EU_APPROVED,
INECTICIDE,lambdacyhalothrin,100 g/l+50 g/l,EC,,,,,2025,ALL_SUBSTANCES_APPROVED_IN_EU,1,lambdacyhalothrin,lambda-Cyhalothrin,lambdacyhalothrin:EU_APPROVED,
INECTICIDE,Chlorantraniliprole +,100 g/l+50 g/l,EC,PLIGO ZC,I.07-24,NEGANOR FFT,SHANDONG WEIFANG RAINBOW CHEMICAL CO.LTD,2025,ALL_SUBSTANCES_APPROVED_IN_EU,1,Chlorantraniliprole +,Chlorantraniliprole,Chlorantraniliprole +:EU_APPROVED,
INECTICIDE,Chlorantraniliprole + Abamectine,4 5 g / L + 1 8 g /L,SC,VoliamTargo 063,I.034-11/21,BIOPROTECTION,SYNGENTA,2025,ALL_SUBSTANCES_APPROVED_IN_EU,1,Chlorantraniliprole + Abamectine,Chlorantraniliprole,Chlorantraniliprole + Abamectine:EU_APPROVED,
INECTICIDE,Chlorantraniliprole + Abamectine,4 5 g / L + 1 8 g /L,SC,SC,,,,2025,ALL_SUBSTANCES_APPROVED_IN_EU,1,Chlorantraniliprole + Abamectine,Chlorantraniliprole,Chlorantraniliprole + Abamectine:EU_APPROVED,
INECTICIDE,Chlorantraniliprole +LambdaCyhalothrine,100 g/L+50 g/L,SC,BESIEGE 150 ZC,I.009-18,COTUGRAIN IMPEX,SYNGENTA,2025,ALL_SUBSTANCES_APPROVED_IN_EU,1,Chlorantraniliprole +LambdaCyhalothrine,Chlorantraniliprole,Chlorantraniliprole +LambdaCyhalothrine:EU_APPROVED,
INECTICIDE,Chlorantraniliprole +Lambda- cyhalothrine,100 g/l+ 50 g/l,SC,POLYVALENT SC,I.18-23,Sté El Khadra,"EASTCHEM CO,Ltd CHINE",2025,ALL_SUBSTANCES_APPROVED_IN_EU,1,Chlorantraniliprole +Lambda- cyhalothrine,Chlorantraniliprole,Chlorantraniliprole +Lambda- cyhalothrine:EU_APPROVED,
INECTICIDE,Chlorantranliprole +methoxyfenozide,4%+18%,SC,ABSOLUT SC,I.09-23,STEC,NANJING AGROCHEMICA L CHINE,2025,CONTAINS_NOT_APPROVED_SUBSTANCE_IN_EU,1,Chlorantranliprole +methoxyfenozide,Methoxyfenozide,Chlorantranliprole +methoxyfenozide:EU_NOT_APPROVED,
INECTICIDE,Chromafénozide,50 g/L,SC,Matric,I.044-11/21,BIOPROTECTION,UPL/ARYSTA LIFESCIENCE,2025,CONTAINS_NOT_APPROVED_SUBSTANCE_IN_EU,1,Chromafénozide,Chromafenozide,Chromafénozide:EU_NOT_APPROVED,
INECTICIDE,CINNAMALDHEYDE,238.78 g/L (22.96% p/p/),EC,SEICAN EC,I.33-23,ATLAS AGRICOLE,SEIPASA S.A,2025,NOT_FOUND_OR_NEEDS_MANUAL_REVIEW,0,CINNAMALDHEYDE,,CINNAMALDHEYDE:NOT_IN_EU_LIST,
INECTICIDE,Clofentezine,500 g/L,SC,Apollo 50,A.045-11/21,STEC,AAKO BV,2025,CONTAINS_NOT_APPROVED_SUBSTANCE_IN_EU,1,Clofentezine,Clofentezine,Clofentezine:EU_NOT_APPROVED,
INECTICIDE,Cyantraniliprole,200g/kg,SC,VERIMARK SC,I.25-23,SEPCM,FMC,2025,ALL_SUBSTANCES_APPROVED_IN_EU,1,Cyantraniliprole,Cyantraniliprole,Cyantraniliprole:EU_APPROVED,
INECTICIDE,Cyantraniliprole,200g/kg,SC,OKINA SC,I.05-23,SSCC,FMC,2025,ALL_SUBSTANCES_APPROVED_IN_EU,1,Cyantraniliprole,Cyantraniliprole,Cyantraniliprole:EU_APPROVED,
INECTICIDE,Cyantraniliprole,100 g/L,OD,Benevia,I.014-16,AGRIMATCO,DU PONT,2025,ALL_SUBSTANCES_APPROVED_IN_EU,1,Cyantraniliprole,Cyantraniliprole,Cyantraniliprole:EU_APPROVED,
INECTICIDE,Cyantraniliprole,100 g/L,OD,Preza OD,I.11-21,Agriprotec,DU PONT/FMC,2025,ALL_SUBSTANCES_APPROVED_IN_EU,1,Cyantraniliprole,Cyantraniliprole,Cyantraniliprole:EU_APPROVED,
INECTICIDE,Cyantraniliprole +Acibenzolar-S-methyl,"100 g/l+12,5 g/L",SC,PLESIVA ALPHA SC,I.011-22,BIOPROTECTION,SYNGENTA,2025,ALL_SUBSTANCES_APPROVED_IN_EU,1,Cyantraniliprole +Acibenzolar-S-methyl,Cyantraniliprole,Cyantraniliprole +Acibenzolar-S-methyl:EU_APPROVED,
INECTICIDE,Cyantraniliprole+Abamectine,60 g/l+18g/l,SC,MINECTO PRO SC,I.006-22,BIOPROTECTION,SYNGENTA,2025,ALL_SUBSTANCES_APPROVED_IN_EU,1,Cyantraniliprole+Abamectine,Abamectin (aka avermectin),Cyantraniliprole+Abamectine:EU_APPROVED,
INECTICIDE,Cyflumetofen,100g/l,DC,DANIRANGER 10DC,I.001-22,AGRIMATCO,OAT AgrioCO.Ltd,2025,ALL_SUBSTANCES_APPROVED_IN_EU,1,Cyflumetofen,Cyflumetofen,Cyflumetofen:EU_APPROVED,
INECTICIDE,Cyflumetofen,193.5 g/1,SC,VELAR 20 SC,I.03-21,cotugrain,OAT agrio(fab)/Japo(LI DA PLANT RESEARCH/Four nisseur),2025,ALL_SUBSTANCES_APPROVED_IN_EU,1,Cyflumetofen,Cyflumetofen,Cyflumetofen:EU_APPROVED,
INECTICIDE,Deltaméthrine,2 5 g / L,E C,Deltacal,I.053-11/21,BIOPROTECTION,UPL/ARYSTA LIFESCIENCE,2025,ALL_SUBSTANCES_APPROVED_IN_EU,1,Deltaméthrine,Deltamethrin,Deltaméthrine:EU_APPROVED,
INECTICIDE,Deltaméthrine,2 5 g / L,E C,Decis EC 25,I.054-11/21,EL MOUSSEM AGRICOLE,BAYER CROPSCIENCE,2025,ALL_SUBSTANCES_APPROVED_IN_EU,1,Deltaméthrine,Deltamethrin,Deltaméthrine:EU_APPROVED,
INECTICIDE,Deltaméthrine,2 5 g / L,E C,Fruithrine,I.166-11/21,PROTAGRI,United Phosphorus Ltd,2025,ALL_SUBSTANCES_APPROVED_IN_EU,1,Deltaméthrine,Deltamethrin,Deltaméthrine:EU_APPROVED,
INECTICIDE,Fenazaquin,200 g/L,SC,MAGISTER,A.I.003-20,SEPCM,GOWAN Espagne,2025,ALL_SUBSTANCES_APPROVED_IN_EU,1,Fenazaquin,Fenazaquin,Fenazaquin:EU_APPROVED,
INECTICIDE,Fenazaquin 20%,20%,SC,QUEEN SC,I.49-23,SHARDA CROPCHEM LIMITED TUNISIA,SHARDA CROPCHEM LIMITED INDE,2025,ALL_SUBSTANCES_APPROVED_IN_EU,1,Fenazaquin PERCENT,Fenazaquin,Fenazaquin PERCENT:EU_APPROVED,
INECTICIDE,Fenazaquin 20%,20%,SC,QUEEN PRO SC,I.09-24,SHARDA CROPCHEM LIMITED TUNISIA,SHARDA CROPCHEM LIMITED INDE,2025,ALL_SUBSTANCES_APPROVED_IN_EU,1,Fenazaquin PERCENT,Fenazaquin,Fenazaquin PERCENT:EU_APPROVED,
INECTICIDE,Fenpyroximate,"5 1 , 2 g / L",S C,FLASH EVO,I.012-18,EL KHADRA,SIPCAM INAGRA (ancientfabricant: NIHON NOHYAKU Co. Ltd),2025,ALL_SUBSTANCES_APPROVED_IN_EU,1,Fenpyroximate,Fenpyroximate,Fenpyroximate:EU_APPROVED,
INECTICIDE,Flometoquin,100g/l,SC,GLADIUS 10 SC,25-39.I,EL MOUSSEM AGRICOLE,"Nippon kayaku Co.,Ltd/Summit Agro international Ltd",2025,NOT_FOUND_OR_NEEDS_MANUAL_REVIEW,0,Flometoquin,,Flometoquin:NOT_IN_EU_LIST,
INECTICIDE,Flonicamid,500 g/kg,WG,TEPPEKI WG,I.10-21,AGRIPROTEC,ISK Biosciences Europe N.V(fabricant)/upl( fournisseur),2025,ALL_SUBSTANCES_APPROVED_IN_EU,1,Flonicamid,Flonicamid (IKI-220),Flonicamid:EU_APPROVED,
INECTICIDE,Flonicamid,20%,WG,FLOPUS WG,25-53.I,NEGANOR FFT,NANJING(D)SHA ANXI HENGTIAN BIOLOGICAL Agriculture(fab),2025,ALL_SUBSTANCES_APPROVED_IN_EU,1,Flonicamid,Flonicamid (IKI-220),Flonicamid:EU_APPROVED,
INECTICIDE,Flubendiamide,480 g/l,SC,FAME 480 SC,I.020-22,ATLAS AGRICOLE,BAYER,2025,CONTAINS_NOT_APPROVED_SUBSTANCE_IN_EU,1,Flubendiamide,Flubendiamide,Flubendiamide:EU_NOT_APPROVED,
INECTICIDE,Flubendiamide,24%,WG,TAKITOP WG,I.17-23,Sté EL KHADRA,"EASTCHEM CO,Ltd CHINE",2025,CONTAINS_NOT_APPROVED_SUBSTANCE_IN_EU,1,Flubendiamide,Flubendiamide,Flubendiamide:EU_NOT_APPROVED,
INECTICIDE,Hexythiazox,10%,WP,Cesar,I.A.075-11/21,EL MOUSSEM AGRICOLE,"NIPPON SODA CO., LTD/ARYSTA/UP L/Aristeas",2025,ALL_SUBSTANCES_APPROVED_IN_EU,1,Hexythiazox,Hexythiazox,Hexythiazox:EU_APPROVED,
INECTICIDE,Hexythiazox,10%,WP,Exitox,I.A.177-11/21,Ets MEZGHANI,INDUSTRIAL QUIMICA KEY,2025,ALL_SUBSTANCES_APPROVED_IN_EU,1,Hexythiazox,Hexythiazox,Hexythiazox:EU_APPROVED,
INECTICIDE,Hexythiazox,"258,7 g/l",SC,ACRUX SC,I.005-22,AGROSYSTEMES,Ascenza Agro,2025,ALL_SUBSTANCES_APPROVED_IN_EU,1,Hexythiazox,Hexythiazox,Hexythiazox:EU_APPROVED,
INECTICIDE,Hexythiazox,258.7 g/l,SC,DIABLO MAX SC,I.004-22,EL KHADRA,INDUSTRIAS AFRAZA/ALBAU GH EUROPE SARL,2025,ALL_SUBSTANCES_APPROVED_IN_EU,1,Hexythiazox,Hexythiazox,Hexythiazox:EU_APPROVED,
INECTICIDE,Hexythiazox,50%,WG,MITADOR WG,I.05-25,AGRINOVA,/Sharda Cropchem INDE,2025,ALL_SUBSTANCES_APPROVED_IN_EU,1,Hexythiazox,Hexythiazox,Hexythiazox:EU_APPROVED,
INECTICIDE,Hexythiazox +Abamectine,50 g/L+18g/l,SC,ROCINANTE,I.04-21,AGRIPROTEC,PROPLAN/QUME,2025,ALL_SUBSTANCES_APPROVED_IN_EU,1,Hexythiazox +Abamectine,Abamectin (aka avermectin),Hexythiazox +Abamectine:EU_APPROVED,
INECTICIDE,Huile de paraffinique,830g/l,EC,SIP-OIL,I.24-25,AGRIPROTEC,SIPCAM INAGRA,2025,NOT_FOUND_OR_NEEDS_MANUAL_REVIEW,0,Huile de paraffinique,,Huile de paraffinique:NOT_IN_EU_LIST,
INECTICIDE,Huile minérale,8 5 0 g / L,E C,SunOIL,I.008-13/23,AGRIMATCO,PETRONAS LUBRICANTS BELGIUM NV,2025,NOT_FOUND_OR_NEEDS_MANUAL_REVIEW,0,Huile minérale,,Huile minérale:NOT_IN_EU_LIST,
INECTICIDE,Huile minérale,8 1 7 g / L,E C,Oviphyt,I.127-11/21,ATLAS INDUSTRIE,COMPTOIR COMMERCIAL DES LUBRIFIANTS/S ANGOSSE,2025,NOT_FOUND_OR_NEEDS_MANUAL_REVIEW,0,Huile minérale,,Huile minérale:NOT_IN_EU_LIST,
INECTICIDE,Huile minérale,8 5 0 g / L,E C,Citrole,I.076-11/21,EL MOUSSEM AGRICOLE,TotalEnergies Fluides,2025,NOT_FOUND_OR_NEEDS_MANUAL_REVIEW,0,Huile minérale,,Huile minérale:NOT_IN_EU_LIST,
INECTICIDE,Huile minérale,850 g/L,E C,L U M I E R E E C,I . 5 0 - 2 3,COTUGRAIN,TotalEnergies Fluides A travers KOPPERT,2025,NOT_FOUND_OR_NEEDS_MANUAL_REVIEW,0,Huile minérale,,Huile minérale:NOT_IN_EU_LIST,
INECTICIDE,Huile minérale,8 3 0 g / l,E C,Insecticida KEY,I.001-14/24,ETS MEZGHANI,IndustrialQuimica Key,2025,NOT_FOUND_OR_NEEDS_MANUAL_REVIEW,0,Huile minérale,,Huile minérale:NOT_IN_EU_LIST,
INECTICIDE,Huile minérale,8 5 0 g / L,E C,PetrOil,I005-17,SOCOOPEC,PETRONAS LUBRICANTS,2025,NOT_FOUND_OR_NEEDS_MANUAL_REVIEW,0,Huile minérale,,Huile minérale:NOT_IN_EU_LIST,
INECTICIDE,Huile minérale,8 5 0 g / L,E C,Plant oil,I.149-11/21,STE EL KHADRA,INDUSTRIAS AFRAZA/ALBAU GH EUROPE SARL,2025,NOT_FOUND_OR_NEEDS_MANUAL_REVIEW,0,Huile minérale,,Huile minérale:NOT_IN_EU_LIST,
INECTICIDE,Indoxacarb,150 g/l,SC,PIXEL SC,I.043-22,FERTITECH,TOPAGRO BIOSCIENCE,2025,CONTAINS_NOT_APPROVED_SUBSTANCE_IN_EU,1,Indoxacarb,Indoxacarb,Indoxacarb:EU_NOT_APPROVED,
INECTICIDE,Indoxacarb,150 g/l,SC,POTER,I.07-23,PROTAGRI,NANJING AGROCHEMICA L,2025,CONTAINS_NOT_APPROVED_SUBSTANCE_IN_EU,1,Indoxacarb,Indoxacarb,Indoxacarb:EU_NOT_APPROVED,
INECTICIDE,Indoxacarb,30 %,WDG,INDOXAL XTRA WDG,I.15-23,AGRINOVA,AGROBEATS TECH CHINE,2025,CONTAINS_NOT_APPROVED_SUBSTANCE_IN_EU,1,Indoxacarb,Indoxacarb,Indoxacarb:EU_NOT_APPROVED,
INECTICIDE,Indoxacarb,30 %,WDG,VEROX WDG,I.08-24,SANABEL AGRO,AGROBEATS TECH CHINE,2025,CONTAINS_NOT_APPROVED_SUBSTANCE_IN_EU,1,Indoxacarb,Indoxacarb,Indoxacarb:EU_NOT_APPROVED,
INECTICIDE,Indoxacarbe,150 g/l,SC,OXAL SC,I.035-22,NEGANOR,Jingboagrochemica ls technologie,2025,CONTAINS_NOT_APPROVED_SUBSTANCE_IN_EU,1,Indoxacarbe,Indoxacarb,Indoxacarbe:EU_NOT_APPROVED,
INECTICIDE,Pyridabène,100 g/l,SC,NEXTER 10 SC,25-35.I,AGRIPROTEC,NISSAN CHEMICAL CORPORATION/ BASF,2025,ALL_SUBSTANCES_APPROVED_IN_EU,1,Pyridabène,Pyridaben,Pyridabène:EU_APPROVED,
INECTICIDE,Pyridalyl,500 g/l,EC,Sumipleo50EC,I.015-16,AGRIMATCO,SUMITOMO,2025,CONTAINS_NOT_APPROVED_SUBSTANCE_IN_EU,1,Pyridalyl,Pyridalyl,Pyridalyl:EU_NOT_APPROVED,
INECTICIDE,Pyrifluquinazon,20%,SC,RYCAR SC,I.007-22,EL KHADRA,SIPCAM INAGRAS,2025,CONTAINS_NOT_APPROVED_SUBSTANCE_IN_EU,1,Pyrifluquinazon,Pyrifluquinazon,Pyrifluquinazon:EU_NOT_APPROVED,
INECTICIDE,Pyriproxyfen + Spirotetramate,98 g/L + 98 g/L,OD,SPIROMAX OD,25-47.I,BIOPROTECTION,ALBAUGH,2025,ALL_SUBSTANCES_APPROVED_IN_EU,1,Pyriproxyfen + Spirotetramate,Pyriproxyfen,Pyriproxyfen + Spirotetramate:EU_APPROVED,
INECTICIDE,Pyriproxyfene,100 g/l,EC,MULIGAN,I.001-18,AGRIPROTEC,PROPLAN/QUME TICA AGRICULTURAL SOLUTIONS SPAIN SLU,2025,ALL_SUBSTANCES_APPROVED_IN_EU,1,Pyriproxyfene,Pyriproxyfen,Pyriproxyfene:EU_APPROVED,
INECTICIDE,Pyriproxyfene,100 g/l,EC,PROXIMO EC,I.002-18,EL KHADRA,INDUSTRIAS AFRAZA/ALBAU GH EUROPE SARL,2025,ALL_SUBSTANCES_APPROVED_IN_EU,1,Pyriproxyfene,Pyriproxyfen,Pyriproxyfene:EU_APPROVED,
INECTICIDE,Pyriproxyfene,100g/l,EC,BRAI EC,I.006-19,RAYEN PHYTAGRI,LAINCO SA,2025,ALL_SUBSTANCES_APPROVED_IN_EU,1,Pyriproxyfene,Pyriproxyfen,Pyriproxyfene:EU_APPROVED,
INECTICIDE,Pyriproxyfene,100g/l,EC,PROXYGOLD EC,I.044-22,NEGANOR,LAINCO SA,2025,ALL_SUBSTANCES_APPROVED_IN_EU,1,Pyriproxyfene,Pyriproxyfen,Pyriproxyfene:EU_APPROVED,
INECTICIDE,Sesame oil + Clove oil +,5% + 1% + 94%,EC,ARMOREX,25-42.I,ALOHA,SOILTECHNOLO,2025,NOT_FOUND_OR_NEEDS_MANUAL_REVIEW,0,Sesame oil + Clove oil +,,Sesame oil + Clove oil +:NOT_IN_EU_LIST,
INECTICIDE,"Sunflower oil, Horseradish oil &",5% + 1% + 94%,EC,,,,GIE/AMERIQUE,2025,NOT_FOUND_OR_NEEDS_MANUAL_REVIEW,1,Sunflower oil | Horseradish oil &,Sunflower oil,Sunflower oil:EU_APPROVED | Horseradish oil &:NOT_IN_EU_LIST,
INECTICIDE,Polyglyceryl oleate,5% + 1% + 94%,EC,,,,,2025,NOT_FOUND_OR_NEEDS_MANUAL_REVIEW,0,Polyglyceryl oleate,,Polyglyceryl oleate:NOT_IN_EU_LIST,
INECTICIDE,Spinetoram,60g/l+300g/l,SC,UPHOLD SC,I.36-23,ATLAS AGRICOLE,CORTIVA,2025,CONTAINS_NOT_APPROVED_SUBSTANCE_IN_EU,1,Spinetoram,Spinetoram,Spinetoram:EU_NOT_APPROVED,
INECTICIDE,+ Methoxyfenozide,60g/l+300g/l,SC,,,,,2025,CONTAINS_NOT_APPROVED_SUBSTANCE_IN_EU,1,+ Methoxyfenozide,Methoxyfenozide,+ Methoxyfenozide:EU_NOT_APPROVED,
INECTICIDE,Spinetoram + Sulfoxaflor(Isoclast,100g/kg+300g/k g,WG,FIDELITY WG,I.32-23,SEPCM,CORTEVA,2025,CONTAINS_NOT_APPROVED_SUBSTANCE_IN_EU,1,Spinetoram + Sulfoxaflor(Isoclast,Spinetoram,Spinetoram + Sulfoxaflor(Isoclast:EU_NOT_APPROVED,
INECTICIDE,TM active),100g/kg+300g/k g,WG,,,,,2025,NOT_FOUND_OR_NEEDS_MANUAL_REVIEW,0,TM active),,TM active):NOT_IN_EU_LIST,
INECTICIDE,Spinosade,"0,24 g/L",CB,Spintor,I.007-14/24,ATLAS AGRICOLE,DOW AGROSCIENCE/ CORTEVA,2025,ALL_SUBSTANCES_APPROVED_IN_EU,1,Spinosade,Spinosad,Spinosade:EU_APPROVED,
INECTICIDE,Spinosade,480 g/l,SC,SPINOBEST,I.53-23,TASMID,"BAICO BIOTECH CO,LTD/",2025,ALL_SUBSTANCES_APPROVED_IN_EU,1,Spinosade,Spinosad,Spinosade:EU_APPROVED,
INECTICIDE,Spinosade,480 g/l,SC,PLATINUM SC,25-38.I,NEGANOR FFT,HEBEI VEYONG,2025,ALL_SUBSTANCES_APPROVED_IN_EU,1,Spinosade,Spinosad,Spinosade:EU_APPROVED,
INECTICIDE,Spirodiclofen,24%,SC,SPIRIDOR 240 SC,I.01-21,SHARDA CROPCHEM LIMITED Tunisie,SHARDA CROPCHEM LIMITED INDE,2025,CONTAINS_NOT_APPROVED_SUBSTANCE_IN_EU,1,Spirodiclofen,Spirodiclofen,Spirodiclofen:EU_NOT_APPROVED,
INECTICIDE,Spirodiclofen,24%,SC,SPIDER EXTRA,I.026-22,SANABEL AGRO,SHARDA CROPCHEM LIMITED INDE,2025,CONTAINS_NOT_APPROVED_SUBSTANCE_IN_EU,1,Spirodiclofen,Spirodiclofen,Spirodiclofen:EU_NOT_APPROVED,
INECTICIDE,Spirodiclofen,24%,SC,SC,,,,2025,CONTAINS_NOT_APPROVED_SUBSTANCE_IN_EU,1,Spirodiclofen,Spirodiclofen,Spirodiclofen:EU_NOT_APPROVED,
INECTICIDE,Spirodiclofen,240 g/L,SC,Bolido 240 SC,IA.114-11/21,PROMOCHIMIE,BAYER CROPSCIENCE/G OWAN,2025,CONTAINS_NOT_APPROVED_SUBSTANCE_IN_EU,1,Spirodiclofen,Spirodiclofen,Spirodiclofen:EU_NOT_APPROVED,
INECTICIDE,Spirodiclofen,240 g/L,SC,Envidor,IA.115-11/21,STEC,BAYER CROPSCIENCE/g,2025,CONTAINS_NOT_APPROVED_SUBSTANCE_IN_EU,1,Spirodiclofen,Spirodiclofen,Spirodiclofen:EU_NOT_APPROVED,
INECTICIDE,Spirodiclofen,240 g/l,SC,ASKARI 240 SC,I.002-22,SEPCM,AAKO,2025,CONTAINS_NOT_APPROVED_SUBSTANCE_IN_EU,1,Spirodiclofen,Spirodiclofen,Spirodiclofen:EU_NOT_APPROVED,
INECTICIDE,Spirodiclofen,240 g/l,SC,PROSPIRO,I.28-25,BIOPROTECTION,AAKO,2025,CONTAINS_NOT_APPROVED_SUBSTANCE_IN_EU,1,Spirodiclofen,Spirodiclofen,Spirodiclofen:EU_NOT_APPROVED,
INECTICIDE,Spirodiclofen,240 g/l,SC,ACAROS SC,I.012-22,STEC,Shandong Kangqiao NANJING Agrochemical,2025,CONTAINS_NOT_APPROVED_SUBSTANCE_IN_EU,1,Spirodiclofen,Spirodiclofen,Spirodiclofen:EU_NOT_APPROVED,
INECTICIDE,Spirodiclofen,240 g/l,SC,SPOZINE SC,25-45.I,COTUGRAIN Impex,SHANDONG,2025,CONTAINS_NOT_APPROVED_SUBSTANCE_IN_EU,1,Spirodiclofen,Spirodiclofen,Spirodiclofen:EU_NOT_APPROVED,
INECTICIDE,Spirodiclofen,240 g/l,SC,SPIROFEN,01-24.I,Ste ELKHADRA,EASTCHEM CO.Ltd,2025,CONTAINS_NOT_APPROVED_SUBSTANCE_IN_EU,1,Spirodiclofen,Spirodiclofen,Spirodiclofen:EU_NOT_APPROVED,
INECTICIDE,Spirodiclofen +Abamectine,240 g/l + 10g/l,SC,MISKY SC,I.03-25,PROTAGRI,NANJING CHINE,2025,ALL_SUBSTANCES_APPROVED_IN_EU,1,Spirodiclofen +Abamectine,Abamectin (aka avermectin),Spirodiclofen +Abamectine:EU_APPROVED,
INECTICIDE,Spirodiclofene,240 g/l,SC,BRINKA SC,I.04-25,El MOUSSEM,UPL,2025,CONTAINS_NOT_APPROVED_SUBSTANCE_IN_EU,1,Spirodiclofene,Spirodiclofen,Spirodiclofene:EU_NOT_APPROVED,
INECTICIDE,Spiromesifen,240 g/L,SC,Oberon 240 SC,IA.116-11/21,ATLAS AGRICOLE,BAYER CROPSCIENCE,2025,CONTAINS_NOT_APPROVED_SUBSTANCE_IN_EU,1,Spiromesifen,Spiromesifen,Spiromesifen:EU_NOT_APPROVED,
INECTICIDE,Spiromesifen,24%,SC,SPYRITE SC,25-52.I,FERTITECH,SHARDA CROPCHEM LIMITED INDE,2025,CONTAINS_NOT_APPROVED_SUBSTANCE_IN_EU,1,Spiromesifen,Spiromesifen,Spiromesifen:EU_NOT_APPROVED,
INECTICIDE,Spiropidion,300g/l,SC,ELESTAL300 SC,I . 0 1 - 2 3,B I O P R O T E C T I O N,S Y N G E N T A,2025,NOT_FOUND_OR_NEEDS_MANUAL_REVIEW,0,Spiropidion,,Spiropidion:NOT_IN_EU_LIST,
INECTICIDE,Spirotetramat,150 g/L,OD,Movento 150 OD,I.117-11/21,ATLAS AGRICOLE,BAYER CROPSCIENCE,2025,CONTAINS_NOT_APPROVED_SUBSTANCE_IN_EU,1,Spirotetramat,Spirotetramat,Spirotetramat:EU_NOT_APPROVED,
INECTICIDE,Spirotetramat,240g/l,SC,Natramat 240SC,I.02-23,AGRIPROTEC,Jiangsu United Agrochemical/nanj ing,2025,CONTAINS_NOT_APPROVED_SUBSTANCE_IN_EU,1,Spirotetramat,Spirotetramat,Spirotetramat:EU_NOT_APPROVED,
INECTICIDE,Spirotetramat,22.4%,SC,MAGNUS SC,I.29-23,STEC,AAKO,2025,CONTAINS_NOT_APPROVED_SUBSTANCE_IN_EU,1,Spirotetramat,Spirotetramat,Spirotetramat:EU_NOT_APPROVED,
INECTICIDE,Spirotetramat,22.4%,SC,MAXIMUS SC,I.26-25,BIOPROTECTION,AAKO,2025,CONTAINS_NOT_APPROVED_SUBSTANCE_IN_EU,1,Spirotetramat,Spirotetramat,Spirotetramat:EU_NOT_APPROVED,
INECTICIDE,Spirotetramat,10%,SC,OPTIMUM PRO SC,I.18-25,SOLAGRI,Sharda Cropchem INDE,2025,CONTAINS_NOT_APPROVED_SUBSTANCE_IN_EU,1,Spirotetramat,Spirotetramat,Spirotetramat:EU_NOT_APPROVED,
INECTICIDE,Spirotetramat +buprofezin,11% + 22%,SC,ULTOR 33 SC,I.16-25,PROMOCHIMIE,Shaanxi hengtian biological agriculture/chine,2025,ALL_SUBSTANCES_APPROVED_IN_EU,1,Spirotetramat +buprofezin,Buprofezin,Spirotetramat +buprofezin:EU_APPROVED,
FONGICIDE,Adepidyn+ Difenoconazole,75 g/l+125 g/l,SC,Miravis duo Sc,F.11-21,BIOPROTECTION,SYNGENTA,2025,ALL_SUBSTANCES_APPROVED_IN_EU,1,Adepidyn+ Difenoconazole,Difenoconazole,Adepidyn+ Difenoconazole:EU_APPROVED,
FONGICIDE,Ametoctradin+ Dimethomorph,300 g/L + 225,SC,Orvego,F.002-14/24,AGRIPROTEC,BASF,2025,ALL_SUBSTANCES_APPROVED_IN_EU,1,Ametoctradin+ Dimethomorph,Ametoctradin,Ametoctradin+ Dimethomorph:EU_APPROVED,
FONGICIDE,Ametoctradine,200 g/l,SC,SNOOKER SC,F.003-19,STIMA,BASF,2025,ALL_SUBSTANCES_APPROVED_IN_EU,1,Ametoctradine,Ametoctradin,Ametoctradine:EU_APPROVED,
FONGICIDE,Amisulbrom,200g/l,SC,LEIMAY 20 SC,F.014-17,EL MOUSSEM AGRICOLE,NISSAN CHEMICAL EUROPE SAS/ARYSTA LIFESCIENCES/UPL,2025,ALL_SUBSTANCES_APPROVED_IN_EU,1,Amisulbrom,Amisulbrom,Amisulbrom:EU_APPROVED,
FONGICIDE,Aureobasidiumpullulans DSM 14940 et aureobasidiumpullulans DSM 14941,500g/kg(2.5*109 CFU/g)500g/kg( 2.5*109 CFU/g) ou 50%+50%,WG,BOTECTOR WG,F.22-21,STIMA,BIOFERM/SAN AGROW/autriche,2025,NOT_FOUND_OR_NEEDS_MANUAL_REVIEW,0,Aureobasidiumpullulans DSM 14940 | aureobasidiumpullulans DSM 14941,,Aureobasidiumpullulans DSM 14940:NOT_IN_EU_LIST | aureobasidiumpullulans DSM 14941:NOT_IN_EU_LIST,
FONGICIDE,Azoxystrobin + Flutriafol,25%+12.5%,SC,CURAX EXTRA SC,F.009-20,SHARDA CROPCHEM LIMITED TUNISIE,SHARDA CROPCHEM LIMITED INDE,2025,ALL_SUBSTANCES_APPROVED_IN_EU,1,Azoxystrobin + Flutriafol,Azoxystrobin,Azoxystrobin + Flutriafol:EU_APPROVED,
FONGICIDE,Azoxystrobin + Flutriafol,25%+12.5%,SC,CURATEX EXTRA SC,F.63-21,AGRIMED DISTRIBUTION,SHARDA CROPCHEM LIMITED INDE,2025,ALL_SUBSTANCES_APPROVED_IN_EU,1,Azoxystrobin + Flutriafol,Azoxystrobin,Azoxystrobin + Flutriafol:EU_APPROVED,
FONGICIDE,Azoxystrobine,25%,SC,SORBISTAR,F.040-22,SOCOOPEC,ZHEJIANG E-TONG CHEMICAL,2025,ALL_SUBSTANCES_APPROVED_IN_EU,1,Azoxystrobine,Azoxystrobin,Azoxystrobine:EU_APPROVED,
FONGICIDE,Azoxystrobine,25%,EC,ASTRO EC,F.26-23,TASMID,ZHEJIANG E-TONG CHEMICAL,2025,ALL_SUBSTANCES_APPROVED_IN_EU,1,Azoxystrobine,Azoxystrobin,Azoxystrobine:EU_APPROVED,
FONGICIDE,Azoxystrobine,200 g/L +125 g/L,SC,Ortiva TOP,F.004-18,SOLAGRI,SYNGENTA,2025,ALL_SUBSTANCES_APPROVED_IN_EU,1,Azoxystrobine,Azoxystrobin,Azoxystrobine:EU_APPROVED,
FONGICIDE,Azoxystrobine +flutriafol,125 g/l+125 g/l,SC,Impact max SC,F.037-22,AGRIPROTEC,Cheminova/FMC,2025,ALL_SUBSTANCES_APPROVED_IN_EU,1,Azoxystrobine +flutriafol,Azoxystrobin,Azoxystrobine +flutriafol:EU_APPROVED,
FONGICIDE,Azoxystrobine +flutriafol,296 g/l+218 g/l,SC,NANOK,F.16-23,AGRIPROTEC,FMC,2025,ALL_SUBSTANCES_APPROVED_IN_EU,1,Azoxystrobine +flutriafol,Azoxystrobin,Azoxystrobine +flutriafol:EU_APPROVED,
FONGICIDE,Azoxystrobine,322 g/l + 124 g/l,SE,UNIFORM 446,F.132-11/21,BIOPROTECTION,SYNGENTA,2025,ALL_SUBSTANCES_APPROVED_IN_EU,1,Azoxystrobine,Azoxystrobin,Azoxystrobine:EU_APPROVED,
FONGICIDE,+Mefenoxam(metalaxyl-M),322 g/l + 124 g/l,SE,,,,,2025,CONTAINS_NOT_APPROVED_SUBSTANCE_IN_EU,1,+Mefenoxam(metalaxyl-M),FEN 560 (Fenugreek seed powder),+Mefenoxam(metalaxyl-M):EU_NOT_APPROVED,
FONGICIDE,Bacillus amyloliquefaciens,1.0 x109 cfu/g de bacillus subtilis QST 713,SC,SERENADE PRIME,F.13-21,EL MOUSSEM,Bayer AG,2025,ALL_SUBSTANCES_APPROVED_IN_EU,1,Bacillus amyloliquefaciens,Bacillus amyloliquefaciens AH2,Bacillus amyloliquefaciens:EU_APPROVED,
FONGICIDE,QST713SCmin,1.0 x109 cfu/g de bacillus subtilis QST 713,SC,,,,,2025,NOT_FOUND_OR_NEEDS_MANUAL_REVIEW,0,QST713SCmin,,QST713SCmin:NOT_IN_EU_LIST,
FONGICIDE,Cuivre +Metalaxyl,40% + 8%,WP,Mevaxil Cuivre,F.043-22,NEGANOR,IQV DEL VALLES,2025,ALL_SUBSTANCES_APPROVED_IN_EU,1,Cuivre +Metalaxyl,Metalaxyl,Cuivre +Metalaxyl:EU_APPROVED,
FONGICIDE,Cuivre +Metalaxyl,40% + 8%,WP,WP,,,,2025,ALL_SUBSTANCES_APPROVED_IN_EU,1,Cuivre +Metalaxyl,Metalaxyl,Cuivre +Metalaxyl:EU_APPROVED,
FONGICIDE,Cuivre Métal,35%,WG,AIRONE,F.004-17,AGRIMATCO,ISAGRO/distribute par,2025,NOT_FOUND_OR_NEEDS_MANUAL_REVIEW,0,Cuivre Métal,,Cuivre Métal:NOT_IN_EU_LIST,
FONGICIDE,Cuivre Métal,20%,WP,Comac,F.214-11/21,AGRIPROTEC,NUFARM,2025,NOT_FOUND_OR_NEEDS_MANUAL_REVIEW,0,Cuivre Métal,,Cuivre Métal:NOT_IN_EU_LIST,
FONGICIDE,Cuivre Métal,50%,WP,OSSICLOR 50 PB MANICA,F.015-17,ATLAS AGRICOLE,MANICA Spa,2025,NOT_FOUND_OR_NEEDS_MANUAL_REVIEW,0,Cuivre Métal,,Cuivre Métal:NOT_IN_EU_LIST,
FONGICIDE,Cuivre Métal,20%,WP,Super Bordeaux,F.003-13/23,BIOPROTECTION,NUFARM,2025,NOT_FOUND_OR_NEEDS_MANUAL_REVIEW,0,Cuivre Métal,,Cuivre Métal:NOT_IN_EU_LIST,
FONGICIDE,Cuivre Métal,75%,WG,COBRE NORDOX,F.047-17,COTUGRAIN,NORDOX INDUSTRIER A(fabricant)/S;COMMerci alquimecamasso(four),2025,NOT_FOUND_OR_NEEDS_MANUAL_REVIEW,0,Cuivre Métal,,Cuivre Métal:NOT_IN_EU_LIST,
FONGICIDE,Cuivre Métal,20%,WP,POLTIGLIA 20,F.035-17,ATLAS AGRICOLE,MANICA S.P.A,2025,NOT_FOUND_OR_NEEDS_MANUAL_REVIEW,0,Cuivre Métal,,Cuivre Métal:NOT_IN_EU_LIST,
FONGICIDE,Cuivre Métal,20%,WP,PB,,,,2025,NOT_FOUND_OR_NEEDS_MANUAL_REVIEW,0,Cuivre Métal,,Cuivre Métal:NOT_IN_EU_LIST,
FONGICIDE,Cuivre Métal,20%,WG,Cuperval WG,F.005-13/23,SANABEL AGRO,I.Q.V. DELVALLES,2025,NOT_FOUND_OR_NEEDS_MANUAL_REVIEW,0,Cuivre Métal,,Cuivre Métal:NOT_IN_EU_LIST,
FONGICIDE,Cuivre Métal,20%,WG,Bouillie Bordelaise,F.203-11/21,SEPCM,Cerexagri/UPL Ltd,2025,NOT_FOUND_OR_NEEDS_MANUAL_REVIEW,0,Cuivre Métal,,Cuivre Métal:NOT_IN_EU_LIST,
FONGICIDE,Cuivre Métal,20%,WG,Bordo valles WG,F.154-11/21,SOCOOPEC,I.Q.V. DELVALLES,2025,NOT_FOUND_OR_NEEDS_MANUAL_REVIEW,0,Cuivre Métal,,Cuivre Métal:NOT_IN_EU_LIST,
FONGICIDE,Cuivre Métal,3 5 %,W G,K ocide 2000,F.019-11/21,AGRIPROTEC,MITSUI & Co Ltd/kocide LLC/cosacoLLC(japon),2025,NOT_FOUND_OR_NEEDS_MANUAL_REVIEW,0,Cuivre Métal,,Cuivre Métal:NOT_IN_EU_LIST,
FONGICIDE,Dithianon +Pyrachlostrobin,70%,WDG,MACCANI,F.014-16,COTUGRAIN,BASF,2025,ALL_SUBSTANCES_APPROVED_IN_EU,1,Dithianon +Pyrachlostrobin,Dithianon,Dithianon +Pyrachlostrobin:EU_APPROVED,
FONGICIDE,Dodine,400 g/L,SC,Syllit 400 SC,F.172-11/21,PROTAGRI,ARYSTA Life Science Benelux / Belgique/UPL,2025,ALL_SUBSTANCES_APPROVED_IN_EU,1,Dodine,Dodine,Dodine:EU_APPROVED,
FONGICIDE,Dodine,400 g/L,SC,Efluzin 400 SC,F.010-15/25,SEPCM,ARYSTA Life Science Benelux / Belgique/ARYSTA,2025,ALL_SUBSTANCES_APPROVED_IN_EU,1,Dodine,Dodine,Dodine:EU_APPROVED,
FONGICIDE,Eugenol +géraniol +thymol,3.3%(33g/l)+ 6.6%(6.6 g/l) +6.6%(66 g/l),CS,ARAW CS,F.09-25,PROMOCHIMIE,SIPCAM,2025,ALL_SUBSTANCES_APPROVED_IN_EU,1,Eugenol +géraniol +thymol,Eugenol,Eugenol +géraniol +thymol:EU_APPROVED,
FONGICIDE,EXTRAIT de SWINGLEA GLUTINOSA,820g/l(82%),SL,PERIMETER SL,F.22-23,AGRIPROTEC,GOWAN CROP PROTECTION LIMITED,2025,NOT_FOUND_OR_NEEDS_MANUAL_REVIEW,0,EXTRAIT de SWINGLEA GLUTINOSA,,EXTRAIT de SWINGLEA GLUTINOSA:NOT_IN_EU_LIST,
FONGICIDE,Fludioxinil,230 g/l,SC,SCHOLAR 230 SC,F.052-22,BIOPROTECTION,SYNGENTA,2025,NOT_FOUND_OR_NEEDS_MANUAL_REVIEW,0,Fludioxinil,,Fludioxinil:NOT_IN_EU_LIST,
FONGICIDE,Fludioxonil,1 0 0 g / L,F S,Maxim 100 FS,F.042-11/21,BIOPROTECTION,SYNGENTA,2025,ALL_SUBSTANCES_APPROVED_IN_EU,1,Fludioxonil,Fludioxonil,Fludioxonil:EU_APPROVED,
FONGICIDE,Fludioxonil +Cyprodinil,"25% +37,5%",WG,"switch 62,5 WG",F.043-11/21,BIOPROTECTION,SYNGENTA,2025,ALL_SUBSTANCES_APPROVED_IN_EU,1,Fludioxonil +Cyprodinil,Fludioxonil,Fludioxonil +Cyprodinil:EU_APPROVED,
FONGICIDE,Fludioxonil +Cyprodinil,"25% +37,5%",WG,Chorus Double,F.044-11/21,BIOPROTECTION,SYNGENTA,2025,ALL_SUBSTANCES_APPROVED_IN_EU,1,Fludioxonil +Cyprodinil,Fludioxonil,Fludioxonil +Cyprodinil:EU_APPROVED,
FONGICIDE,Fluopicolide + PropamocarbHydrochloride,62.5 g/l+ 625 g/l,SC,PICOCARB SC,F.11-23,UNIAGRO,SHANDONG WEIFANG RAINBOW CHEMICAL CO.LTD,2025,ALL_SUBSTANCES_APPROVED_IN_EU,1,Fluopicolide + PropamocarbHydrochloride,Propamocarb,Fluopicolide + PropamocarbHydrochloride:EU_APPROVED,
FONGICIDE,Fluopicolide + PropamocarbHydrochloride,62.5 g/l+ 625 g/l,SC,ULTIMA SC,F.10-24,NEGANOR FFT,SHANDONG WEIFANG RAINBOW CHEMICAL CO.LTD,2025,ALL_SUBSTANCES_APPROVED_IN_EU,1,Fluopicolide + PropamocarbHydrochloride,Propamocarb,Fluopicolide + PropamocarbHydrochloride:EU_APPROVED,
FONGICIDE,Fluopyram + Tebuconazole,200 g/L + 200 g/l,SC,Luna Experience 400 SC,F.023-13/23,SEPCM,BAYER CROPSCIENCE,2025,ALL_SUBSTANCES_APPROVED_IN_EU,1,Fluopyram + Tebuconazole,Tebuconazole,Fluopyram + Tebuconazole:EU_APPROVED,
FONGICIDE,Fluopyram + Tebuconazole,200 g/L + 200 g/l,SC,Moon Experience SC,F.04-24,ATLAS AGRICOLE,BAYER CROPSCIENCE,2025,ALL_SUBSTANCES_APPROVED_IN_EU,1,Fluopyram + Tebuconazole,Tebuconazole,Fluopyram + Tebuconazole:EU_APPROVED,
FONGICIDE,Fluopyram + Trifloxystrobine,250 g/L + 250 g/L,SC,Luna sensation,F.019-13/23,ATLAS AGRICOLE,BAYER CROPSCIENCE,2025,ALL_SUBSTANCES_APPROVED_IN_EU,1,Fluopyram + Trifloxystrobine,Trifloxystrobin,Fluopyram + Trifloxystrobine:EU_APPROVED,
FONGICIDE,Fluoxastrobine,480g/l,SC,EVITO 480 SC,F010-17,EL MOUSSEM AGRICOLE,ARYSTA LIFESCIENCE/UPL,2025,ALL_SUBSTANCES_APPROVED_IN_EU,1,Fluoxastrobine,Fluoxastrobin,Fluoxastrobine:EU_APPROVED,
FONGICIDE,Fluoxastrobine + Tebuconazole,200 g/l + 277 g/l de,SC,Evito T,F.033-16,EL MOUSSEM AGRICOLE,ARYSTA LIFESCIENCE/UPL,2025,ALL_SUBSTANCES_APPROVED_IN_EU,1,Fluoxastrobine + Tebuconazole,Tebuconazole,Fluoxastrobine + Tebuconazole:EU_APPROVED,
FONGICIDE,Fluoxastrobine + Propamocarbhydrochloride,75 g/l+400 g/l,SC,EVITO P,F.044-22,EL MOUSSEM,ARYSTA LIFESCIENCE/ UPL,2025,ALL_SUBSTANCES_APPROVED_IN_EU,1,Fluoxastrobine + Propamocarbhydrochloride,Propamocarb,Fluoxastrobine + Propamocarbhydrochloride:EU_APPROVED,
FONGICIDE,Hydroxyde de cuivre,77% soit 50% sous forme de cuivre métal,WP,Patrol 50 WP,F.028-15/25,AMINCO,SPEISS URANIA/COSACO GmbH,2025,NOT_FOUND_OR_NEEDS_MANUAL_REVIEW,0,Hydroxyde de cuivre,,Hydroxyde de cuivre:NOT_IN_EU_LIST,
FONGICIDE,Hydroxyde de cuivre,250 g/kg,WG,BLUE SHIELD 25 WG,F.016-22,SOLAGRI,Albaugh.LLC,2025,NOT_FOUND_OR_NEEDS_MANUAL_REVIEW,0,Hydroxyde de cuivre,,Hydroxyde de cuivre:NOT_IN_EU_LIST,
FONGICIDE,Hydroxyde de cuivre,40% Cu,WG,Hidrocure WG,F.049-22,FERTITECH,ALINTRA,2025,NOT_FOUND_OR_NEEDS_MANUAL_REVIEW,0,Hydroxyde de cuivre,,Hydroxyde de cuivre:NOT_IN_EU_LIST,
FONGICIDE,Hydroxyde de Cuivre (400 g/l de cuivre métal),645 g/l,SC,Heliocuivre,F.211-11/21,BIOPROTECTION,Action Pin/AAKO,2025,NOT_FOUND_OR_NEEDS_MANUAL_REVIEW,0,Hydroxyde de Cuivre (400 g | l de cuivre métal),,Hydroxyde de Cuivre (400 g:NOT_IN_EU_LIST | l de cuivre métal):NOT_IN_EU_LIST,
FONGICIDE,Hydroxyde de cuivre +Métalaxyl,"237,7 g/l+45 g/l",SC,CYCLO-R- LIQUIDE,21-16.F,EL KHADRA,INDUSTRIAS AFRAZA/ALBAUGH EUROPE SARL,2025,ALL_SUBSTANCES_APPROVED_IN_EU,1,Hydroxyde de cuivre +Métalaxyl,Metalaxyl,Hydroxyde de cuivre +Métalaxyl:EU_APPROVED,
FONGICIDE,Hymexazole,300 g/L,SL,Tachigaren,F.056-11/21,AGRIPROTEC,"Mitsui Chemicals Agro,Inc/summit agro",2025,ALL_SUBSTANCES_APPROVED_IN_EU,1,Hymexazole,Hymexazol,Hymexazole:EU_APPROVED,
FONGICIDE,Iprovalicarbe +Oxychlorure de cuivre,"8,4 % +40,6%",WG,Positron 49,F.058-11/21,ATLAS AGRICOLE,BAYER CROPSCIENCE,2025,ALL_SUBSTANCES_APPROVED_IN_EU,1,Iprovalicarbe +Oxychlorure de cuivre,Iprovalicarb,Iprovalicarbe +Oxychlorure de cuivre:EU_APPROVED,
FONGICIDE,Isofetamid,400 g/l,SC,Kenja SC,F.20-21,Agriprotec,ISK Biosciences Europe N.V(fabricant)/upl(fourniss eur),2025,ALL_SUBSTANCES_APPROVED_IN_EU,1,Isofetamid,Isofetamid,Isofetamid:EU_APPROVED,
FONGICIDE,Kreoxim-methyl,500 g/kg,WG,SUGOBY WG,F.02-23,RAYEN PHYTAGRI,"LAINCO ,S,A/ESPAGNE",2025,NOT_FOUND_OR_NEEDS_MANUAL_REVIEW,0,Kreoxim-methyl,,Kreoxim-methyl:NOT_IN_EU_LIST,
FONGICIDE,Krésoxim-méthyl,50%,WG,QUIMERA WG,F.001-22,EL KHADRA,INDUSTRIAS AFRAZA/ALBAUGH EUROPE SARL,2025,ALL_SUBSTANCES_APPROVED_IN_EU,1,Krésoxim-méthyl,Kresoxim-methyl,Krésoxim-méthyl:EU_APPROVED,
FONGICIDE,Krésoxim-méthyl,50%,WG,ALLIAGE DF,F.60-21,AGRIMATCO,BASF,2025,ALL_SUBSTANCES_APPROVED_IN_EU,1,Krésoxim-méthyl,Kresoxim-methyl,Krésoxim-méthyl:EU_APPROVED,
FONGICIDE,Krésoxim-méthyl,350g/l,SC,Kresoxystar 350SC,F.030-22,Ets Mezghani,ANHUI HUAXING,2025,ALL_SUBSTANCES_APPROVED_IN_EU,1,Krésoxim-méthyl,Kresoxim-methyl,Krésoxim-méthyl:EU_APPROVED,
FONGICIDE,Krésoxim-méthyl,50%,WG,Stroby DF,F.059-11/21,STIMA,BASF,2025,ALL_SUBSTANCES_APPROVED_IN_EU,1,Krésoxim-méthyl,Kresoxim-methyl,Krésoxim-méthyl:EU_APPROVED,
FONGICIDE,Krésoxim-méthyl,50%,WG,ARIANE WG,F.06-25,FERTITECH,HANGZHOU TOPAGRO BIOSCIENCE/Chine,2025,ALL_SUBSTANCES_APPROVED_IN_EU,1,Krésoxim-méthyl,Kresoxim-methyl,Krésoxim-méthyl:EU_APPROVED,
FONGICIDE,Krésoxim-methyl + difenoconazole,250 g/kg +125g/kg,WG,DECIBEL MAX WG,F.01-23,AGROSYSTEMES,ASCENZA GRO S.APORTUGAL,2025,ALL_SUBSTANCES_APPROVED_IN_EU,1,Krésoxim-methyl + difenoconazole,Difenoconazole,Krésoxim-methyl + difenoconazole:EU_APPROVED,
FONGICIDE,Myclobutanil,125 g/l,EC,MYCLO EC,F.41-21,NEGANOR,indofil industries limited,2025,CONTAINS_NOT_APPROVED_SUBSTANCE_IN_EU,1,Myclobutanil,Myclobutanil,Myclobutanil:EU_NOT_APPROVED,
FONGICIDE,Myclobutanil,125 g/l,EC,FLUANCE 125 EC,F.25-23,EL MOUSSEM AGRICOLE,Indofil Industries Limited/ARISTEAS Agro,2025,CONTAINS_NOT_APPROVED_SUBSTANCE_IN_EU,1,Myclobutanil,Myclobutanil,Myclobutanil:EU_NOT_APPROVED,
FONGICIDE,Oxathiapiprolin +famoxadone,30 g/l+300 g/l,SE,Zorvecencantia SE,F.048-22,EL BARAKA,CORTEVA,2025,CONTAINS_NOT_APPROVED_SUBSTANCE_IN_EU,1,Oxathiapiprolin +famoxadone,Famoxadone,Oxathiapiprolin +famoxadone:EU_NOT_APPROVED,
FONGICIDE,Oxathiapiprolin +zoxamide,40 g/l+300 g/l,SE,ZorvecVinabel SE,F.020-22,ATLAS AGRICOLE,CORTEVA,2025,ALL_SUBSTANCES_APPROVED_IN_EU,1,Oxathiapiprolin +zoxamide,Zoxamide,Oxathiapiprolin +zoxamide:EU_APPROVED,
FONGICIDE,Oxychlorure de cuivre,678.6 g/l (équivalent à 380 g/l cuivre métal),SC,Valtonexflow SC,F.018-22,NEGANOR,IQV,2025,NOT_FOUND_OR_NEEDS_MANUAL_REVIEW,0,Oxychlorure de cuivre,,Oxychlorure de cuivre:NOT_IN_EU_LIST,
FONGICIDE,Oxychlorure de Cuivre,85 % (50 % de cuivre metal),WP,Agrocuivre,F.168-11/21,AGROSYSTEMES,SPEISS URANIA/COSACO GmbH,2025,NOT_FOUND_OR_NEEDS_MANUAL_REVIEW,0,Oxychlorure de Cuivre,,Oxychlorure de Cuivre:NOT_IN_EU_LIST,
FONGICIDE,Propamocarb Hydrochloride,722 g/l,SL,RIVAL 607 SL,F.17-23,AGRIPROTEC,AGRIA,2025,ALL_SUBSTANCES_APPROVED_IN_EU,1,Propamocarb Hydrochloride,Propamocarb,Propamocarb Hydrochloride:EU_APPROVED,
FONGICIDE,Propamocarb Hydrochloride,722 g/l,SL,PROPAMINE 722 SL,F.21-25,SSCC,AGRIA,2025,ALL_SUBSTANCES_APPROVED_IN_EU,1,Propamocarb Hydrochloride,Propamocarb,Propamocarb Hydrochloride:EU_APPROVED,
FONGICIDE,Propamocarbe,722 g/L,SL,PROMORE 722 SL,F.021-18,Ets MEZGHANI,ASTRACHEM,2025,ALL_SUBSTANCES_APPROVED_IN_EU,1,Propamocarbe,Propamocarb,Propamocarbe:EU_APPROVED,
FONGICIDE,Propamocarbe,722 g/L,SL,Promess,F.012-15/25,JADWA AGROTEC,ARYSTA Life Science Benelux / Belgique/arystalifescience/ UPL,2025,ALL_SUBSTANCES_APPROVED_IN_EU,1,Propamocarbe,Propamocarb,Propamocarbe:EU_APPROVED,
FONGICIDE,Propamocarbe,722 g/L,SL,PROPLANT,F.199-11/21,PROTAGRI,ARYSTA Life Science Benelux / Belgique,2025,ALL_SUBSTANCES_APPROVED_IN_EU,1,Propamocarbe,Propamocarb,Propamocarbe:EU_APPROVED,
FONGICIDE,Propamocarbe + Fluopicolide,"625 g/l + 62,5 g/l",SC,Volare,F.091-11/21,EL MOUSSEM AGRICOLE,BAYER AG,2025,ALL_SUBSTANCES_APPROVED_IN_EU,1,Propamocarbe + Fluopicolide,Propamocarb,Propamocarbe + Fluopicolide:EU_APPROVED,
FONGICIDE,Propamocarbe +Fosethyl-Al,530 g/L +310 g/L,SL,Filex Energy,F.089-11/21,ATLAS AGRICOLE,BAYER CROPSCIENCE,2025,ALL_SUBSTANCES_APPROVED_IN_EU,1,Propamocarbe +Fosethyl-Al,Propamocarb,Propamocarbe +Fosethyl-Al:EU_APPROVED,
FONGICIDE,Propamocarbe +Fosethyl-Al,530 g/L +310 g/L,SL,Previcur Energy,F.023-14/24,EL MOUSSEM AGRICOLE,BAYER CROPSCIENCE,2025,ALL_SUBSTANCES_APPROVED_IN_EU,1,Propamocarbe +Fosethyl-Al,Propamocarb,Propamocarbe +Fosethyl-Al:EU_APPROVED,
FONGICIDE,Proquinazid,200 g/l,EC,Talendo,F.101-11/21,SEPCM,DU PONT/Corteva,2025,ALL_SUBSTANCES_APPROVED_IN_EU,1,Proquinazid,Proquinazid,Proquinazid:EU_APPROVED,
FONGICIDE,Proquinazid,200 g/l,EC,ASSOCIATE EC,F.27-23,ATLAS AGRICOLE,DU PONT/Corteva,2025,ALL_SUBSTANCES_APPROVED_IN_EU,1,Proquinazid,Proquinazid,Proquinazid:EU_APPROVED,
FONGICIDE,Pyraclostrobin + Boscalid,"6,7%+26,7%",WDG,ORACLE 33 WG WDG,F.076-22,SLDA,SHARDA CROPCHEM LIMITED INDE,2025,ALL_SUBSTANCES_APPROVED_IN_EU,1,Pyraclostrobin + Boscalid,Boscalid (formerly nicobifen),Pyraclostrobin + Boscalid:EU_APPROVED,
FONGICIDE,Pyraclostrobin +Boscalid,10%+20%,SC,FOXTON 30 SC,F.24-23,AGRIMATCO,"LoatingYoloo Bio- Technology Co ,Ltd/chine",2025,ALL_SUBSTANCES_APPROVED_IN_EU,1,Pyraclostrobin +Boscalid,Boscalid (formerly nicobifen),Pyraclostrobin +Boscalid:EU_APPROVED,
FONGICIDE,Pyraclostrobin +Boscalid,13% + 25%,WG,BELAGIO WG,F.39-25,SEPCM,AAKO,2025,ALL_SUBSTANCES_APPROVED_IN_EU,1,Pyraclostrobin +Boscalid,Boscalid (formerly nicobifen),Pyraclostrobin +Boscalid:EU_APPROVED,
FONGICIDE,Pyraclostrobin +boscalid,"12,8%+25,2%",SC,Crystal SC,F.027-22,FERTITECH,HANGZHOU TOPAGRO BIOSCIENCE,2025,ALL_SUBSTANCES_APPROVED_IN_EU,1,Pyraclostrobin +boscalid,Boscalid (formerly nicobifen),Pyraclostrobin +boscalid:EU_APPROVED,
FONGICIDE,Pyraclostrobin +Fenpropimorph,100g/l+375 g/l,EC,COMET PLUS EC,F.38-21,Agriprotec,BASF,2025,ALL_SUBSTANCES_APPROVED_IN_EU,1,Pyraclostrobin +Fenpropimorph,Pyraclostrobin,Pyraclostrobin +Fenpropimorph:EU_APPROVED,
FONGICIDE,Pyraclostrobin +fluxapyroxad,333 g/l+167 g/l,SC,ORKESTRA SC,F.033-22,BIOPROTECTION,BASF,2025,ALL_SUBSTANCES_APPROVED_IN_EU,1,Pyraclostrobin +fluxapyroxad,Pyraclostrobin,Pyraclostrobin +fluxapyroxad:EU_APPROVED,
FONGICIDE,Pyraclostrobine Metconazole,130 g/l +80 g/l,EC,OPTIMO DUO EC,013-18F.,AGRIPROTEC,BASF,2025,ALL_SUBSTANCES_APPROVED_IN_EU,1,Pyraclostrobine Metconazole,Pyraclostrobin,Pyraclostrobine Metconazole:EU_APPROVED,
FONGICIDE,Pyraclostrobine + Dimethomorphe,40 g/l + 72 g/l,EC,Cabrio Duo,F.001-14/24,AGRIPROTEC,BASF,2025,ALL_SUBSTANCES_APPROVED_IN_EU,1,Pyraclostrobine + Dimethomorphe,Pyraclostrobin,Pyraclostrobine + Dimethomorphe:EU_APPROVED,
FONGICIDE,Pyraclostrobine +Tebuconazole,115 g/l+230 g/l,SC,PILARTEP SC,F.04-23,RAYEN PHYTAGRI,PILARQUIIM (jiangsu) CO.LTD CHINE,2025,ALL_SUBSTANCES_APPROVED_IN_EU,1,Pyraclostrobine +Tebuconazole,Pyraclostrobin,Pyraclostrobine +Tebuconazole:EU_APPROVED,
FONGICIDE,Pyrimethanil,400 g/l,SC,LAITANE SC,F.23-23,RAYEN PHYTAGRI,"LAINCO ,S,A/ESPAGNE",2025,ALL_SUBSTANCES_APPROVED_IN_EU,1,Pyrimethanil,Pyrimethanil,Pyrimethanil:EU_APPROVED,
FONGICIDE,Pyrimethanil,600 g/l,SC,ETHPYRI SC,F.18-23,UNIAGRO,SHANDONG WEIFANG RAINBOW CHEMICAL CO.LTD,2025,ALL_SUBSTANCES_APPROVED_IN_EU,1,Pyrimethanil,Pyrimethanil,Pyrimethanil:EU_APPROVED,
FONGICIDE,Pyrimethanil,600 g/l,SC,PYROS SC,F.07-24,COTUGRAIN Impex,SHANDONG WEIFANG RAINBOW CHEMICAL CO.LTD,2025,ALL_SUBSTANCES_APPROVED_IN_EU,1,Pyrimethanil,Pyrimethanil,Pyrimethanil:EU_APPROVED,
FONGICIDE,Pyrimethanil,400 g/l,SC,PRETIL SC,F.21-23,EL KHADRA,INDUSTRIAS AFRASA S.A / ALBAUGH EUROPE SARL,2025,ALL_SUBSTANCES_APPROVED_IN_EU,1,Pyrimethanil,Pyrimethanil,Pyrimethanil:EU_APPROVED,
FONGICIDE,Pyriméthanil,3 0 0 g / L,S C,Scala 300 SC,F.102-11/21,ATLAS AGRICOLE,BAYER CROPSCIENCE,2025,ALL_SUBSTANCES_APPROVED_IN_EU,1,Pyriméthanil,Pyrimethanil,Pyriméthanil:EU_APPROVED,
FONGICIDE,Pyriméthanil,3 0 0 g / L,S C,Mythos300 SC,F.103-11/21,EL MOUSSEM AGRICOLE,BAYER CROPSCIENCE,2025,ALL_SUBSTANCES_APPROVED_IN_EU,1,Pyriméthanil,Pyrimethanil,Pyriméthanil:EU_APPROVED,
FONGICIDE,Reynoutriasachalinensis(Extrai t de la plante Renouée de Sakhaline),20%,SC,REYSANA SC,F.016-14/24,BIOPROTECTION,Syngenta/ Marrone Bio,2025,NOT_FOUND_OR_NEEDS_MANUAL_REVIEW,0,Reynoutriasachalinensis(Extrai t de la plante Renouée de Sakhaline),,Reynoutriasachalinensis(Extrai t de la plante Renouée de Sakhaline):NOT_IN_EU_LIST,
FONGICIDE,Sedaxane+Fludioxonil,25 g/l+25 g/l,FS,VIBRANCE DUO FS,F.002-20,BIOPROTECTION,SYNGENTA AGRO AG,2025,ALL_SUBSTANCES_APPROVED_IN_EU,1,Sedaxane+Fludioxonil,Fludioxonil,Sedaxane+Fludioxonil:EU_APPROVED,
FONGICIDE,Soufre,80%,WG,Sulpex,F.028-13/23,AGRIMATCO,AgrostullnGmbH/frarimpe x(D),2025,NOT_FOUND_OR_NEEDS_MANUAL_REVIEW,0,Soufre,,Soufre:NOT_IN_EU_LIST,
FONGICIDE,Soufre,80%,WG,C O S A M I L - D F,F . 2 6 - 2 1,S O C O O P E C,S u l p h u r M i l l s L i m i t e d,2025,NOT_FOUND_OR_NEEDS_MANUAL_REVIEW,0,Soufre,,Soufre:NOT_IN_EU_LIST,
FONGICIDE,Soufre,80%,WG,COSAVET-DF,F.010-19,AGRIPROTEC,Sulphur Mills Limited,2025,NOT_FOUND_OR_NEEDS_MANUAL_REVIEW,0,Soufre,,Soufre:NOT_IN_EU_LIST,
FONGICIDE,Soufre,80%,WG,Agrosoufre,F.163-11/21,AGROSYSTEMES,AgrostullnGmbH,2025,NOT_FOUND_OR_NEEDS_MANUAL_REVIEW,0,Soufre,,Soufre:NOT_IN_EU_LIST,
FONGICIDE,Soufre,98%,DP,Cabridust,F.107-11/21,AGROSYSTEMES,The national company for agrochemicals(AGROCHE M),2025,NOT_FOUND_OR_NEEDS_MANUAL_REVIEW,0,Soufre,,Soufre:NOT_IN_EU_LIST,
FONGICIDE,Soufre,80%,WG,Soufrustulln,F.031-15/25,AMINCO,AgrostullnGmbH,2025,NOT_FOUND_OR_NEEDS_MANUAL_REVIEW,0,Soufre,,Soufre:NOT_IN_EU_LIST,
FONGICIDE,Soufre,80%,WP,TIOSOL 80,F.004-14/24,ATLAS AGRICOLE,SIPCAM,2025,NOT_FOUND_OR_NEEDS_MANUAL_REVIEW,0,Soufre,,Soufre:NOT_IN_EU_LIST,
FONGICIDE,Soufre,80%,WP,Mistral,11-212F.,BIOPROTECTION,ESSECO sarl/AAKO,2025,NOT_FOUND_OR_NEEDS_MANUAL_REVIEW,0,Soufre,,Soufre:NOT_IN_EU_LIST,
FONGICIDE,Soufre,80%,WG,THIOMAX JET,F.005-20,COTUGRAIN,SYNGENTA,2025,NOT_FOUND_OR_NEEDS_MANUAL_REVIEW,0,Soufre,,Soufre:NOT_IN_EU_LIST,
FONGICIDE,Soufre,98%,DP,AzufreMicronizad o,F.025-13/23,EL KHADRA,AFEPASA S.A,2025,NOT_FOUND_OR_NEEDS_MANUAL_REVIEW,0,Soufre,,Soufre:NOT_IN_EU_LIST,
FONGICIDE,Soufre,80%,WG,Azumo,F.026-13/23,EL KHADRA,AFEPASA S.A,2025,NOT_FOUND_OR_NEEDS_MANUAL_REVIEW,0,Soufre,,Soufre:NOT_IN_EU_LIST,
FONGICIDE,Soufre,80%,WP,KEY Azufre,F.012-16,Ets MEZGHANI,INDUSTRIAL QUIMICA,2025,NOT_FOUND_OR_NEEDS_MANUAL_REVIEW,0,Soufre,,Soufre:NOT_IN_EU_LIST,
FONGICIDE,Soufre,Sulfate de cuivre tribasique +,190 g/l +35 g/l,SC,Moltovin,F.037-17,BIOPROTECTION,2025,NOT_FOUND_OR_NEEDS_MANUAL_REVIEW,0,Soufre,,Soufre:NOT_IN_EU_LIST,
FONGICIDE,Soufre,Sulfate de cuivre tribasique +,266.6 g/l +40,SC,Amaline Flow,F.027-17,EL MOUSSEM,2025,NOT_FOUND_OR_NEEDS_MANUAL_REVIEW,0,Soufre,,Soufre:NOT_IN_EU_LIST,
FONGICIDE,Soufre,Sulfate de cuivre tribasique +,266.6 g/l +40,SC,ventaro,F.75-21,STEC,2025,NOT_FOUND_OR_NEEDS_MANUAL_REVIEW,0,Soufre,,Soufre:NOT_IN_EU_LIST,
FONGICIDE,Sulfate tetracuivrique tricalcique,Sulfate tetracuivrique,20% CU,WG,Bordocure WG,F.024-22,FERTITECH,2025,NOT_FOUND_OR_NEEDS_MANUAL_REVIEW,0,Sulfate tetracuivrique tricalcique,,Sulfate tetracuivrique tricalcique:NOT_IN_EU_LIST,
FONGICIDE,sulfatetetracuivrique tricalcique)+ cymoxanil,Sulfate tetracuivrique,88.24%p/p(25.5 % cu métal min +3.1%p/p,WP,CUPERTINE SUPER WP,F.10-23,FERTITECH,2025,ALL_SUBSTANCES_APPROVED_IN_EU,1,sulfatetetracuivrique tricalcique)+ cymoxanil,Cymoxanil,sulfatetetracuivrique tricalcique)+ cymoxanil:EU_APPROVED,
FONGICIDE,Sulphate de cuivre tribasique,Sulfate tetracuivrique,360g/l,SC,CU MAX,F.013-17,RAYEN PHYTAGRI,2025,NOT_FOUND_OR_NEEDS_MANUAL_REVIEW,0,Sulphate de cuivre tribasique,,Sulphate de cuivre tribasique:NOT_IN_EU_LIST,
FONGICIDE,Tebuconazole,Sulfate tetracuivrique,250 g/L,EC,SONG EC,F.032-17,ATLAS AGRICOLE,2025,ALL_SUBSTANCES_APPROVED_IN_EU,1,Tebuconazole,Tebuconazole,Tebuconazole:EU_APPROVED,
FONGICIDE,Tebuconazole,Sulfate tetracuivrique,250 g/L,SC,KEYZOL SC,F.014-20,EL KHADRA,2025,ALL_SUBSTANCES_APPROVED_IN_EU,1,Tebuconazole,Tebuconazole,Tebuconazole:EU_APPROVED,
FONGICIDE,Tebuconazole,Sulfate tetracuivrique,60 g/L,FS,Mycoseeds FS 60,F.009-14/24,EL KHADRA,2025,ALL_SUBSTANCES_APPROVED_IN_EU,1,Tebuconazole,Tebuconazole,Tebuconazole:EU_APPROVED,
FONGICIDE,Tébuconazole +Trifloxystrobine,200 g/L+ 100 g/L,SC,Nativo 300 SC,F.115-11/21,STEC,BAYER CROPSCIENCE,2025,ALL_SUBSTANCES_APPROVED_IN_EU,1,Tébuconazole +Trifloxystrobine,Trifloxystrobin,Tébuconazole +Trifloxystrobine:EU_APPROVED,
FONGICIDE,Tébuconazole +Trifloxystrobine,200 g/L+ 100 g/L,SC,GREEN STAR,F.18-25,AGRIPROTEC,BAYER CROPSCIENCE,2025,ALL_SUBSTANCES_APPROVED_IN_EU,1,Tébuconazole +Trifloxystrobine,Trifloxystrobin,Tébuconazole +Trifloxystrobine:EU_APPROVED,
FONGICIDE,Tebuconazole+Prochloraz,200 g/l + 300 g/l,EC,Mystic Pro,F.128-11/21,AGRIPROTEC,NUFARM SAS,2025,ALL_SUBSTANCES_APPROVED_IN_EU,1,Tebuconazole+Prochloraz,Tebuconazole,Tebuconazole+Prochloraz:EU_APPROVED,
FONGICIDE,Tebuconazole+Prochloraz,200 g/l + 300 g/l,EC,Winner,F.206-11/21,BIOPROTECTION,NUFARM SAS,2025,ALL_SUBSTANCES_APPROVED_IN_EU,1,Tebuconazole+Prochloraz,Tebuconazole,Tebuconazole+Prochloraz:EU_APPROVED,
FONGICIDE,Thiabendazole,50 % SC,SC,BENAZOLE,F.059-22,EXCEL AGRI,SHARDA CROPCHEM LIMITED INDE,2025,ALL_SUBSTANCES_APPROVED_IN_EU,1,Thiabendazole,Thiabendazole,Thiabendazole:EU_APPROVED,
FONGICIDE,Thiabendazole,50 % SC,SC,TENAZOLE,F.31-21,SHARDA CROPCHEM LIMITED Tunisie,SHARDA CROPCHEM LIMITED INDE,2025,ALL_SUBSTANCES_APPROVED_IN_EU,1,Thiabendazole,Thiabendazole,Thiabendazole:EU_APPROVED,
FONGICIDE,Trichoderma Asperellum ICC012: +Trichoderma Gamsii ICC080:,999 g/kg conidies (5 x109 CFU/g)+ 999 g/ conidies (5 x109 CFU/g),WP,REMEDIER WP,F.007-19,STIMA,ISAGRO SPA/GOWAN,2025,NOT_FOUND_OR_NEEDS_MANUAL_REVIEW,0,Trichoderma Asperellum ICC012: +Trichoderma Gamsii ICC080:,,Trichoderma Asperellum ICC012: +Trichoderma Gamsii ICC080::NOT_IN_EU_LIST,
FONGICIDE,Trichoderma Asperellum ICC012: +Trichoderma Gamsii ICC080:,999 g/kg conidies (5 x109 CFU/g)+ 999 g/ conidies (5 x109 CFU/g),WP,BLINDAR,F.17-25,AGRIPROTEC,ISAGRO SPA/GOWAN,2025,NOT_FOUND_OR_NEEDS_MANUAL_REVIEW,0,Trichoderma Asperellum ICC012: +Trichoderma Gamsii ICC080:,,Trichoderma Asperellum ICC012: +Trichoderma Gamsii ICC080::NOT_IN_EU_LIST,
FONGICIDE,Trichoderma asperellum strain Kd (DSM32800) :,2x109 spores per gram (3.50 W/W %),WP,T-protec,F.05-24,ALOHA,Plant Health Products (phy)/Sud d'afrique/Andermatt PHP(Pty) Ltd/ANDERMATT BIOCONTROL GROUP AG,2025,NOT_FOUND_OR_NEEDS_MANUAL_REVIEW,0,Trichoderma asperellum strain Kd (DSM32800) :,,Trichoderma asperellum strain Kd (DSM32800) ::NOT_IN_EU_LIST,
FONGICIDE,Trichodermaasperellumstrain),T34 /120g/kg (12.0%w/w),WP,T34 BIOCONTROL,F.19-21,STIMA,"BiocontrolTechnologies,S. L/",2025,NOT_FOUND_OR_NEEDS_MANUAL_REVIEW,0,Trichodermaasperellumstrain),,Trichodermaasperellumstrain):NOT_IN_EU_LIST,
FONGICIDE,Trichodermaatroviride 77B,2x109cfu/g,WP,T-77 WP,F.29-21,Aloha agriculture,Plant Health Products (phy)/Sud d'afriquePlant Health Products (phy),2025,NOT_FOUND_OR_NEEDS_MANUAL_REVIEW,0,Trichodermaatroviride 77B,,Trichodermaatroviride 77B:NOT_IN_EU_LIST,
FONGICIDE,Trifloxystrobin,50%,WG,Zato 50 WG,F.123-11/21,ATLAS AGRICOLE,BAYER CROPSCIENCE,2025,ALL_SUBSTANCES_APPROVED_IN_EU,1,Trifloxystrobin,Trifloxystrobin,Trifloxystrobin:EU_APPROVED,
FONGICIDE,Trifloxystrobin,50%,WG,Flint,F.124-11/21,PROMOCHIMIE,BAYER CROPSCIENCE,2025,ALL_SUBSTANCES_APPROVED_IN_EU,1,Trifloxystrobin,Trifloxystrobin,Trifloxystrobin:EU_APPROVED,
FONGICIDE,Trifloxystrobine,50%,WG,CIVIC WG,F.01-25,PROTAGRI,NANJING AGROCHEMICAL,2025,ALL_SUBSTANCES_APPROVED_IN_EU,1,Trifloxystrobine,Trifloxystrobin,Trifloxystrobine:EU_APPROVED,
FONGICIDE,Zirame,76%,WG,Thionicautodispers,F.136-11/21,AGROSYSTEMES,TAMINCO/EASTMAN,2025,ALL_SUBSTANCES_APPROVED_IN_EU,1,Zirame,Ziram,Zirame:EU_APPROVED,
FONGICIDE,Zirame,76%,WG,ible,,,,2025,ALL_SUBSTANCES_APPROVED_IN_EU,1,Zirame,Ziram,Zirame:EU_APPROVED,
HERBICIDE,"2,4- D + MCPA",345 g/l +345 g/l,SL,Weedone Plus,H.001-13/23,BIOPROTECTION,NUFARM,2025,ALL_SUBSTANCES_APPROVED_IN_EU,1,4- D + MCPA,MCPA,4- D + MCPA:EU_APPROVED,
HERBICIDE,"2,4- D + MCPA",345 g/l +345 g/l,SL,DAMEX FORTE,H.21-21,SOCOOPEC,NUFARM,2025,ALL_SUBSTANCES_APPROVED_IN_EU,1,4- D + MCPA,MCPA,4- D + MCPA:EU_APPROVED,
HERBICIDE,"2,4- D + MCPA",345 g/l +345 g/l,SL,SUPER,,,,2025,ALL_SUBSTANCES_APPROVED_IN_EU,1,4- D + MCPA,MCPA,4- D + MCPA:EU_APPROVED,
HERBICIDE,"2,4 –D EHE","904,5 g/L",EC,certrol DS EC,H.18-21,agriprotec,A H MARKS / NUFARM,2025,NOT_FOUND_OR_NEEDS_MANUAL_REVIEW,0,4 –D EHE,,4 –D EHE:NOT_IN_EU_LIST,
HERBICIDE,"2,4 D Diméthyle",500 g/l,SL,HERBOXONE SL,H.20-25,ATLAS INDUSTRIE,NUFARM,2025,NOT_FOUND_OR_NEEDS_MANUAL_REVIEW,0,4 D Diméthyle,,4 D Diméthyle:NOT_IN_EU_LIST,
HERBICIDE,Ammonium,500 g/l,SL,,,,,2025,CONTAINS_NOT_APPROVED_SUBSTANCE_IN_EU,1,Ammonium,Lauryldimethylbenzylammonium chloride,Ammonium:EU_NOT_APPROVED,
HERBICIDE,"2,4 D –Ester butylglycol",600 g/L,EC,Weedone,H.060-11/21,BIOPROTECTION,NUFARM,2025,NOT_FOUND_OR_NEEDS_MANUAL_REVIEW,0,4 D –Ester butylglycol,,4 D –Ester butylglycol:NOT_IN_EU_LIST,
HERBICIDE,"2,4 D –Ester butylglycol",600 g/L,EC,Desormone lourd,H.078-11/21,SEPCM,NUFARM,2025,NOT_FOUND_OR_NEEDS_MANUAL_REVIEW,0,4 D –Ester butylglycol,,4 D –Ester butylglycol:NOT_IN_EU_LIST,
HERBICIDE,"2,4-D 2-Ethylhexyl Ester +",452.42 g/l + 6.25,SE,TEAMSPRAY PLUS SE,H.19-25,UNIAGRO,SHANDONG,2025,ALL_SUBSTANCES_APPROVED_IN_EU,1,4-D 2-Ethylhexyl Ester +,"2,4-D",4-D 2-Ethylhexyl Ester +:EU_APPROVED,
HERBICIDE,Florasulam,g/l,SE,,,,WEIFANG,2025,ALL_SUBSTANCES_APPROVED_IN_EU,1,Florasulam,Florasulam,Florasulam:EU_APPROVED,
HERBICIDE,"2,4-D Acide +Florasulam","300 g/L +6,25 g/L",SE,Nikos 306 SE,H.011-13/23,ATLAS AGRICOLE,DOW AGROSCIENCES/ corteva,2025,ALL_SUBSTANCES_APPROVED_IN_EU,1,4-D Acide +Florasulam,"2,4-D",4-D Acide +Florasulam:EU_APPROVED,
HERBICIDE,"2,4-D Sel d’amine",720 g/L,SL,Dicopur 720 SL,H.008-13/23,AGRIPROTEC,NUFARM,2025,ALL_SUBSTANCES_APPROVED_IN_EU,1,4-D Sel d’amine,"2,4-D",4-D Sel d’amine:EU_APPROVED,
HERBICIDE,"2,4-D Sel d’amine",720 g/L,SL,Sanaphen D 720 SL,H.013-13/23,ATLAS AGRICOLE,DOW AGROSCIENCES,2025,ALL_SUBSTANCES_APPROVED_IN_EU,1,4-D Sel d’amine,"2,4-D",4-D Sel d’amine:EU_APPROVED,
HERBICIDE,"2,4-D Sel d’amine",720g/l,SL,Topol,H.009-15/25,EL KHADRA,SHARDA CROPCHEM LIMITED INDE,2025,ALL_SUBSTANCES_APPROVED_IN_EU,1,4-D Sel d’amine,"2,4-D",4-D Sel d’amine:EU_APPROVED,
HERBICIDE,"2,4-D Sel d’amine",720g/l,SL,SHARMINA 720 SL,H.005-17,AGRINOVA,SHARDA CROPCHEM LIMITED INDE,2025,ALL_SUBSTANCES_APPROVED_IN_EU,1,4-D Sel d’amine,"2,4-D",4-D Sel d’amine:EU_APPROVED,
HERBICIDE,"2,4-D Sel d’amine",720g/l,SL,Stopweeds,H.011-15/25,SANABEL AGRO,SHARDA CROPCHEM LIMITED INDE,2025,ALL_SUBSTANCES_APPROVED_IN_EU,1,4-D Sel d’amine,"2,4-D",4-D Sel d’amine:EU_APPROVED,
HERBICIDE,"2,4-D Sel de Dimethylamine",860g/l,SL,Amanora,H.014-17,AGRIMATCO,UPL,2025,ALL_SUBSTANCES_APPROVED_IN_EU,1,4-D Sel de Dimethylamine,"2,4-D",4-D Sel de Dimethylamine:EU_APPROVED,
HERBICIDE,"2,4-D Sel de Dimethylamine",860g/l,SL,DIAMEX SL,H.037-22,COTUGRAIN,UPL,2025,ALL_SUBSTANCES_APPROVED_IN_EU,1,4-D Sel de Dimethylamine,"2,4-D",4-D Sel de Dimethylamine:EU_APPROVED,
HERBICIDE,"2,4-D Sel de Dimethylamine",720g/l,SL,BLITZ 720 SL,H.022-22,EL KHADRA,"JIANGSU FENGSHAN GROUP CO,LTD (FAB)/NANJING FENGSHAN CHEMICAL(FR)",2025,ALL_SUBSTANCES_APPROVED_IN_EU,1,4-D Sel de Dimethylamine,"2,4-D",4-D Sel de Dimethylamine:EU_APPROVED,
HERBICIDE,"2,4-D Sel de Dimethylamine",720g/l,SL,BOZAR,H.012-17,AGRIPLUS,"JIANGSU FENGSHAN GROUP CO,LTD",2025,ALL_SUBSTANCES_APPROVED_IN_EU,1,4-D Sel de Dimethylamine,"2,4-D",4-D Sel de Dimethylamine:EU_APPROVED,
HERBICIDE,"2,4-DB",400 g/L,SC,BUTTRESS SC,H.21-25,AGRIPROTEC,NUFARM,2025,ALL_SUBSTANCES_APPROVED_IN_EU,1,4-DB,"2,4-DB",4-DB:EU_APPROVED,
HERBICIDE,2.4 D-ethylhexyl ester (2- EHE),600 g/l,EC,DESORMONE PRO EC,H.07-25,SEPCM,NUFARM,2025,NOT_FOUND_OR_NEEDS_MANUAL_REVIEW,0,2.4 D-ethylhexyl ester (2- EHE),,2.4 D-ethylhexyl ester (2- EHE):NOT_IN_EU_LIST,
HERBICIDE,2.4-D +Glyphosate,160 g/l+240 g/l,SL,KYLEO,H.011-22,EL MOUSSEM,NUFARM,2025,ALL_SUBSTANCES_APPROVED_IN_EU,1,2.4-D +Glyphosate,"2,4-D",2.4-D +Glyphosate:EU_APPROVED,
HERBICIDE,2.4-D +Glyphosate,160 g/l+240 g/l,SL,NUFOSATESL,H.040-22,SANABEL AGRO,NUFARM,2025,ALL_SUBSTANCES_APPROVED_IN_EU,1,2.4-D +Glyphosate,"2,4-D",2.4-D +Glyphosate:EU_APPROVED,
HERBICIDE,2.4-D DMA,720 g/L,SL,CLEANSPRAY SL,H.09-25,SOLAGRI,SHANDONG WEIFANG RAINBOW CHEMICAL CO.LTD CHINE,2025,ALL_SUBSTANCES_APPROVED_IN_EU,1,2.4-D DMA,"2,4-D",2.4-D DMA:EU_APPROVED,
HERBICIDE,2.4-D-ethylhexyl + Florasulam,453g/l+6g/l,SE,BOOSTER SE,H.028-22,FERTITECH,TOPAGRO BIOSCIENCE,2025,ALL_SUBSTANCES_APPROVED_IN_EU,1,2.4-D-ethylhexyl + Florasulam,"2,4-D",2.4-D-ethylhexyl + Florasulam:EU_APPROVED,
HERBICIDE,Aclonifen,600 g/l,SC,Challenge 600SC,H.001-14/24,EL MOUSSEM AGRICOLE,Bayer AG,2025,ALL_SUBSTANCES_APPROVED_IN_EU,1,Aclonifen,Aclonifen,Aclonifen:EU_APPROVED,
HERBICIDE,Aclonifen,60%,SC,ACTION 60 SC,H.026-22,SHARDA CROPCHEM LIMITED TUNISIA,SHARDA CROPCHEM LIMITED INDE,2025,ALL_SUBSTANCES_APPROVED_IN_EU,1,Aclonifen,Aclonifen,Aclonifen:EU_APPROVED,
HERBICIDE,Aclonifen,60%,SC,COSTA SC,H.02-23,SANABEL AGRO,SHARDA CROPCHEM LIMITED INDE,2025,ALL_SUBSTANCES_APPROVED_IN_EU,1,Aclonifen,Aclonifen,Aclonifen:EU_APPROVED,
HERBICIDE,Aclonifen +Diflufenican +Flufenacet,450 g/l + 30 g/l + 90 g/l,SC,MATENO STAR 570 SC,H.17-25,PROMOCHIMIE,BAYER CROPSCIENCE,2025,ALL_SUBSTANCES_APPROVED_IN_EU,1,Aclonifen +Diflufenican +Flufenacet,Diflufenican,Aclonifen +Diflufenican +Flufenacet:EU_APPROVED,
HERBICIDE,Aclonifen +Diflufenican +Flufenacet,100 g/l + 25 g/l + 250g/l,OD,Sekator OD,H.002-17,AGRONOMIC Land,BAYER CROPSCIENCES,2025,ALL_SUBSTANCES_APPROVED_IN_EU,1,Aclonifen +Diflufenican +Flufenacet,Diflufenican,Aclonifen +Diflufenican +Flufenacet:EU_APPROVED,
HERBICIDE,Aminopyralydes + Florasulam,350 g/Kg +150 g/Kg,WG,Lancelot NEO 450 WG,H.001-11/21,SEPCM,DOW AGROSCIENCES,2025,ALL_SUBSTANCES_APPROVED_IN_EU,1,Aminopyralydes + Florasulam,Florasulam,Aminopyralydes + Florasulam:EU_APPROVED,
HERBICIDE,Aminopyralydes + Florasulam +2.4 D EHE,10g/l +5g/l +180g/l,SE,Nikos forte,H.010-15/25,ATLAS AGRICOLE,DOW,2025,ALL_SUBSTANCES_APPROVED_IN_EU,1,Aminopyralydes + Florasulam +2.4 D EHE,Florasulam,Aminopyralydes + Florasulam +2.4 D EHE:EU_APPROVED,
HERBICIDE,Arylex active(halauxifen- methyl) + pyroxsulam +cloquintocet acide,66.67% g/kg en équivalent acide+250 g/kg+354 g/kg,WG,TARZEK + UPTAKE SL (Ecosurf EH-9 Surfactant 73 %(p/p)),H.003-20,COTUGRAIN,Dow Agrosciences,2025,ALL_SUBSTANCES_APPROVED_IN_EU,1,Arylex active(halauxifen- methyl) + pyroxsulam +cloquintocet acide,Pyroxsulam,Arylex active(halauxifen- methyl) + pyroxsulam +cloquintocet acide:EU_APPROVED,
HERBICIDE,Arylex TM + Forasulam + Cloquintocet acide +SURFER(Adjuvant),100g/kg+100g/kg+ 70.8 g/kg,WG,CLASSICO WG,H.10-21,SEPCM,Dow Agrosciences/COR TEVA,2025,CONTAINS_NOT_APPROVED_SUBSTANCE_IN_EU,1,Arylex TM + Forasulam + Cloquintocet acide +SURFER(Adjuvant),Asulam,Arylex TM + Forasulam + Cloquintocet acide +SURFER(Adjuvant):EU_NOT_APPROVED,
HERBICIDE,Arylex TM + Forasulam + Cloquintocet acide +SURFER(Adjuvant),100g/kg+100g/kg+ 70.8 g/kg,WG,QUELEX,H.05-25,COTUGRAIN Impex,Dow Agrosciences/COR TEVA,2025,CONTAINS_NOT_APPROVED_SUBSTANCE_IN_EU,1,Arylex TM + Forasulam + Cloquintocet acide +SURFER(Adjuvant),Asulam,Arylex TM + Forasulam + Cloquintocet acide +SURFER(Adjuvant):EU_NOT_APPROVED,
HERBICIDE,Bentazone,480g/l,SL,BENTA SL,H.019-22,EL KHADRA,NANJING,2025,ALL_SUBSTANCES_APPROVED_IN_EU,1,Bentazone,Bentazone,Bentazone:EU_APPROVED,
HERBICIDE,Bentazone,480g/l,SL,BASASTAR SL,H.010-20,AGRIPLUS,NANJING,2025,ALL_SUBSTANCES_APPROVED_IN_EU,1,Bentazone,Bentazone,Bentazone:EU_APPROVED,
HERBICIDE,Bentazone,480g/l,SL,BENTAKEY SL,H.007-20,ETS MEZGHANI,SHANDONG,2025,ALL_SUBSTANCES_APPROVED_IN_EU,1,Bentazone,Bentazone,Bentazone:EU_APPROVED,
HERBICIDE,Bentazone,4 8 0 g / L,S L,S h a r b e n t a,H.004-13/23,SANABEL AGRO,SHARDA,2025,ALL_SUBSTANCES_APPROVED_IN_EU,1,Bentazone,Bentazone,Bentazone:EU_APPROVED,
HERBICIDE,Bentazone,4 8 0 g / L,S L,T R O Y 4 8 0 S L,H.007-18,AGRIPROTEC,UPL LIMITED,2025,ALL_SUBSTANCES_APPROVED_IN_EU,1,Bentazone,Bentazone,Bentazone:EU_APPROVED,
HERBICIDE,Bentazone,4 8 0 g / L,S L,B a s a g r a n,H.003-11/21,STIMA,BASF,2025,ALL_SUBSTANCES_APPROVED_IN_EU,1,Bentazone,Bentazone,Bentazone:EU_APPROVED,
HERBICIDE,Bentazone,480 g/l,SL,BENTAPROTEKT SL,H.007-22,LIEN AGRICOLE,ANHUI,2025,ALL_SUBSTANCES_APPROVED_IN_EU,1,Bentazone,Bentazone,Bentazone:EU_APPROVED,
HERBICIDE,Bentazone,4 8 0 g / L,S L,f i g h t e r,H.16-21,cotugrain,BASF,2025,ALL_SUBSTANCES_APPROVED_IN_EU,1,Bentazone,Bentazone,Bentazone:EU_APPROVED,
HERBICIDE,Bentazone,48%,EC,RAINZONE EC,H.08-25,NEGANOR FFT,SHANDONG WEIFANG RAINBOW CHEMICAL CO.LTD CHINE,2025,ALL_SUBSTANCES_APPROVED_IN_EU,1,Bentazone,Bentazone,Bentazone:EU_APPROVED,
HERBICIDE,Bentazone,480 g/l,SL,BENHUR SL,H.27-25,PROTAGRI,NANJING AGROCHEMICA L,2025,ALL_SUBSTANCES_APPROVED_IN_EU,1,Bentazone,Bentazone,Bentazone:EU_APPROVED,
HERBICIDE,Bentazone +Imazamox,480 g/l+22.4 g/l,SL,CORUM SL,H.05-21,AGRIPROTEC,BASF,2025,ALL_SUBSTANCES_APPROVED_IN_EU,1,Bentazone +Imazamox,Bentazone,Bentazone +Imazamox:EU_APPROVED,
HERBICIDE,Carfentrazone-ethyl,400 g/kg,WG,AFFINITY WG,H.13-25,SSCC,FMC,2025,ALL_SUBSTANCES_APPROVED_IN_EU,1,Carfentrazone-ethyl,Carfentrazone-ethyl,Carfentrazone-ethyl:EU_APPROVED,
HERBICIDE,Chlorotoluron,250g/l+300g/l+ 40g/l,SC,UMBRA 590 SC,H.030-22,BIOPROTECTION,SYNGENTA,2025,ALL_SUBSTANCES_APPROVED_IN_EU,1,Chlorotoluron,Chlorotoluron,Chlorotoluron:EU_APPROVED,
HERBICIDE,+pendimeyhalin+,250g/l+300g/l+ 40g/l,SC,,,,,2025,NOT_FOUND_OR_NEEDS_MANUAL_REVIEW,0,+pendimeyhalin+,,+pendimeyhalin+:NOT_IN_EU_LIST,
HERBICIDE,diflufenican,250g/l+300g/l+ 40g/l,SC,,,,,2025,ALL_SUBSTANCES_APPROVED_IN_EU,1,diflufenican,Diflufenican,diflufenican:EU_APPROVED,
HERBICIDE,Chlorotoluron,600 g/L + 40 g/L,SC,CARMINA MAX SC,H.22-25,AGRIPROTEC,NUFARM,2025,ALL_SUBSTANCES_APPROVED_IN_EU,1,Chlorotoluron,Chlorotoluron,Chlorotoluron:EU_APPROVED,
HERBICIDE,+ Diflufenican,600 g/L + 40 g/L,SC,,,,,2025,ALL_SUBSTANCES_APPROVED_IN_EU,1,+ Diflufenican,Diflufenican,+ Diflufenican:EU_APPROVED,
HERBICIDE,Chlortoluron,500 g/L,SC,DESPERADO,H.08-21,AGRIPROTEC,Nufarm,2025,NOT_FOUND_OR_NEEDS_MANUAL_REVIEW,0,Chlortoluron,,Chlortoluron:NOT_IN_EU_LIST,
HERBICIDE,Chlortoluron,5 0 0 g / L,SC,Tolurex 50,H.006-11/21,SEPCM,AAKO,2025,NOT_FOUND_OR_NEEDS_MANUAL_REVIEW,0,Chlortoluron,,Chlortoluron:NOT_IN_EU_LIST,
HERBICIDE,Chlortoluron,5 0 0 g / L,SC,RAYGARD,H.03-25,BIOPROTECTION,AAKO,2025,NOT_FOUND_OR_NEEDS_MANUAL_REVIEW,0,Chlortoluron,,Chlortoluron:NOT_IN_EU_LIST,
HERBICIDE,Chlortoluron + Isoxabene,500 g/L + 18.7 g/L,SC,FLEXIDOR,H.015-18,ATLAS AGRICOLE,Dow,2025,ALL_SUBSTANCES_APPROVED_IN_EU,1,Chlortoluron + Isoxabene,Isoxaben,Chlortoluron + Isoxabene:EU_APPROVED,
HERBICIDE,Chlortoluron + Isoxabene,500 g/L + 18.7 g/L,SC,Aubaine,H.014-13/23,SEPCM,Dow Agrosciences,2025,ALL_SUBSTANCES_APPROVED_IN_EU,1,Chlortoluron + Isoxabene,Isoxaben,Chlortoluron + Isoxabene:EU_APPROVED,
HERBICIDE,Clethodim,240 g/l,SC,ICASSO 240 SC,H.013-20,SANABEL AGRO,RotamAgrochemic al/rival,2025,ALL_SUBSTANCES_APPROVED_IN_EU,1,Clethodim,Clethodim,Clethodim:EU_APPROVED,
HERBICIDE,Clethodim,240 g/l,EC,CLETOPROTEKT,H.031-22,LIEN AGRICOLE,Zhejiang,2025,ALL_SUBSTANCES_APPROVED_IN_EU,1,Clethodim,Clethodim,Clethodim:EU_APPROVED,
HERBICIDE,Clethodim,240 g/l,EC,CLODIM FORTE 240 EC,H.004-22,SOLAGRI,SYNGENTA,2025,ALL_SUBSTANCES_APPROVED_IN_EU,1,Clethodim,Clethodim,Clethodim:EU_APPROVED,
HERBICIDE,Clethodim,12%,EC,,H.032-22,FERTITECH,TOPAGRO BIOSCIENCE,2025,ALL_SUBSTANCES_APPROVED_IN_EU,1,Clethodim,Clethodim,Clethodim:EU_APPROVED,
HERBICIDE,Cléthodim,240 g/l,EC,CLETHODIM EC Sous reserve de changement de nom,H.06-25,TASMID,PSYCHE M CHEMICALS LIMITED,2025,ALL_SUBSTANCES_APPROVED_IN_EU,1,Cléthodim,Clethodim,Cléthodim:EU_APPROVED,
HERBICIDE,Cléthodime,1 2 0 g / L,EC,Select Super,H.004-11/21,BIOPRO TECTION,U P L / A R Y S T A LIFESCIENCE,2025,ALL_SUBSTANCES_APPROVED_IN_EU,1,Cléthodime,Clethodim,Cléthodime:EU_APPROVED,
HERBICIDE,Cléthodime,1 2 0 g / L,EC,Akodim 120 EC,H.005-11/21,SEPCM,AAKO,2025,ALL_SUBSTANCES_APPROVED_IN_EU,1,Cléthodime,Clethodim,Cléthodime:EU_APPROVED,
HERBICIDE,Cléthodime,1 2 0 g / L,EC,SKIPPER 120 EC,H.04-25,ATLAS AGRICOLE,AAKO,2025,ALL_SUBSTANCES_APPROVED_IN_EU,1,Cléthodime,Clethodim,Cléthodime:EU_APPROVED,
HERBICIDE,Clodinafop -propargyl + cloquintocet mexyl,24% +6%,EC,CLOWIT EC,H.26-25,UNIAGRO,SHANDONG WEIFANG RAINBOW CHEMICAL CO.LTD CHINE,2025,ALL_SUBSTANCES_APPROVED_IN_EU,1,Clodinafop -propargyl + cloquintocet mexyl,Clodinafop,Clodinafop -propargyl + cloquintocet mexyl:EU_APPROVED,
HERBICIDE,Clodinafop-propagyl +Cloquintocet-mexyl,100g/l +25 g/l,EC,BUGUIS EC,H.008-18,AGRIPROTEC,PROPLAN/QUME,2025,ALL_SUBSTANCES_APPROVED_IN_EU,1,Clodinafop-propagyl +Cloquintocet-mexyl,Clodinafop,Clodinafop-propagyl +Cloquintocet-mexyl:EU_APPROVED,
HERBICIDE,Clodinafop-propargil,80 g/L,EC,,H . 0 0 7 - 1 1 / 2 1,B I O P R O T E C T I O N,S Y N G E N T A,2025,ALL_SUBSTANCES_APPROVED_IN_EU,1,Clodinafop-propargil,Clodinafop,Clodinafop-propargil:EU_APPROVED,
HERBICIDE,Clodinafop-propargil,80 g/L,EC,TOPIK 80,,,,2025,ALL_SUBSTANCES_APPROVED_IN_EU,1,Clodinafop-propargil,Clodinafop,Clodinafop-propargil:EU_APPROVED,
HERBICIDE,Clodinafop-propargil,100 g/L +25 g/L,EC,TOPIK,H.008-11/21,BIOPROTECTION,SYNGENTA,2025,ALL_SUBSTANCES_APPROVED_IN_EU,1,Clodinafop-propargil,Clodinafop,Clodinafop-propargil:EU_APPROVED,
HERBICIDE,Clodinafop-propargil,100 g/L +25 g/L,EC,100,,,,2025,ALL_SUBSTANCES_APPROVED_IN_EU,1,Clodinafop-propargil,Clodinafop,Clodinafop-propargil:EU_APPROVED,
HERBICIDE,Clodinafop-propargyl + Cloquintocet-mexyl,95 g/l+25 g/l,EC,CICLOPE EC,H.002-20,EL KHADRA,INDUSTRIAS AFRAZA/ALBAU GH EUROPE SARL,2025,ALL_SUBSTANCES_APPROVED_IN_EU,1,Clodinafop-propargyl + Cloquintocet-mexyl,Clodinafop,Clodinafop-propargyl + Cloquintocet-mexyl:EU_APPROVED,
HERBICIDE,Clopyralid,100 g/L,EC,VERSATILL,H.014-20,ATLAS AGRICOLE,DOW AGROSCIENCE/c orteva,2025,ALL_SUBSTANCES_APPROVED_IN_EU,1,Clopyralid,Clopyralid,Clopyralid:EU_APPROVED,
HERBICIDE,Clopyralid,100g/l,SL,GLOPYR 100 SL,H.004-18,AGROSYSTEMES,Globachem,2025,ALL_SUBSTANCES_APPROVED_IN_EU,1,Clopyralid,Clopyralid,Clopyralid:EU_APPROVED,
HERBICIDE,Clopyralid,300g/l,SL,clopryd 30 SL,H.005-20,SLDA,SHARDA CROPCHEM LIMITED INDE,2025,ALL_SUBSTANCES_APPROVED_IN_EU,1,Clopyralid,Clopyralid,Clopyralid:EU_APPROVED,
HERBICIDE,Clopyralid,300g/l,SL,PRYSTAR SL,H.01-24,SANABEL AGRO,SHARDA CROPCHEM LIMITED INDE,2025,ALL_SUBSTANCES_APPROVED_IN_EU,1,Clopyralid,Clopyralid,Clopyralid:EU_APPROVED,
HERBICIDE,Cycloxidime,100 g/L,EC,Focus Ultra,H.009-11/21,STIMA,BASF,2025,NOT_FOUND_OR_NEEDS_MANUAL_REVIEW,0,Cycloxidime,,Cycloxidime:NOT_IN_EU_LIST,
HERBICIDE,Cycloxidime,100 g/L,EC,stratos ultra EC,H.17-21,agriprotec,BASF,2025,NOT_FOUND_OR_NEEDS_MANUAL_REVIEW,0,Cycloxidime,,Cycloxidime:NOT_IN_EU_LIST,
HERBICIDE,"Dicamba +2,4 – D",120 g/L +344 g/L,SL,Dialen Super,H.011-11/21,BIOPROTECTION,SYNGENTA,2025,CONTAINS_NOT_APPROVED_SUBSTANCE_IN_EU,2,Dicamba +2 | 4 – D,Dicamba | Dimoxystrobin,Dicamba +2:EU_APPROVED | 4 – D:EU_NOT_APPROVED,
HERBICIDE,Dicamba +Prosulfuron,500 g/kg+50 g/kg,WG,CASPER 55 WG,H.004-20,SOLAGRI,Syngenta,2025,ALL_SUBSTANCES_APPROVED_IN_EU,1,Dicamba +Prosulfuron,Prosulfuron,Dicamba +Prosulfuron:EU_APPROVED,
HERBICIDE,Dicamba-Sel Dimethylamine (DMA),480g/l,WG,procamba,H.13-21,SSCC,ghardachemical,2025,ALL_SUBSTANCES_APPROVED_IN_EU,1,Dicamba-Sel Dimethylamine (DMA),Dicamba,Dicamba-Sel Dimethylamine (DMA):EU_APPROVED,
HERBICIDE,Diflufenican,50%,WG,OSSETIA WG,H.008-20,El MOUSSEM,RotamAgrochemic al/ALBAUGH,2025,ALL_SUBSTANCES_APPROVED_IN_EU,1,Diflufenican,Diflufenican,Diflufenican:EU_APPROVED,
HERBICIDE,Diflufenican,500 g/l,SC,Diflanil,H.010-14/24,AGROSYSTEMES,GLOBACHEM,2025,ALL_SUBSTANCES_APPROVED_IN_EU,1,Diflufenican,Diflufenican,Diflufenican:EU_APPROVED,
HERBICIDE,Diflufenican + Flufenacet + Flurtamone,60 g/l + 240 g/l + 120 g/l,SC,Vigon 420 SC,H.012-16,PROMOCHIMIE,BAYER CROPSCIENCE,2025,ALL_SUBSTANCES_APPROVED_IN_EU,1,Diflufenican + Flufenacet + Flurtamone,Diflufenican,Diflufenican + Flufenacet + Flurtamone:EU_APPROVED,
HERBICIDE,Diflufenican + Flufenacet + Flurtamone,60 % +6%,WG,Alliance,H.002-13/23,BIOPROTECTION,NUFARM S.A,2025,ALL_SUBSTANCES_APPROVED_IN_EU,1,Diflufenican + Flufenacet + Flurtamone,Diflufenican,Diflufenican + Flufenacet + Flurtamone:EU_APPROVED,
HERBICIDE,Diflufenican + Flufenacet + Flurtamone,60 % +6%,WG,polymer WG,H.19-21,AGRIPROTEC,NUFARM S.A,2025,ALL_SUBSTANCES_APPROVED_IN_EU,1,Diflufenican + Flufenacet + Flurtamone,Diflufenican,Diflufenican + Flufenacet + Flurtamone:EU_APPROVED,
HERBICIDE,Diflufenican +flufenacet,200 g/l+400 g/l,SC,SC,H.009-22,BIOPROTECTION,UPL,2025,ALL_SUBSTANCES_APPROVED_IN_EU,1,Diflufenican +flufenacet,Diflufenican,Diflufenican +flufenacet:EU_APPROVED,
HERBICIDE,Diflufenican+flufenacet,200 g/l + 400g/l,SC,FLOUKAN SC,H.008-22,SANABEL AGRO,SHARDA CROPCHEM LIMITED INDE,2025,ALL_SUBSTANCES_APPROVED_IN_EU,1,Diflufenican+flufenacet,Diflufenican,Diflufenican+flufenacet:EU_APPROVED,
HERBICIDE,Dimethenamid- P+Metazachlor +Quinmerac,100g/l+300g/l+100 g/l,SE,BUTISAN AVANT SE,H.012-20,COTUGRAIN,BASF,2025,ALL_SUBSTANCES_APPROVED_IN_EU,1,Dimethenamid- P+Metazachlor +Quinmerac,Metazachlor,Dimethenamid- P+Metazachlor +Quinmerac:EU_APPROVED,
HERBICIDE,EthametSulfuron Methyl,750 g/kg,WG,MUSTER 75 WG,H.023-22,SSCC,FMC,2025,NOT_FOUND_OR_NEEDS_MANUAL_REVIEW,0,EthametSulfuron Methyl,,EthametSulfuron Methyl:NOT_IN_EU_LIST,
HERBICIDE,Fénoxaprop-p-Ethyl,69g/l,EW,Foxtrot,H.027-15/25,AGROSYSTEME,FMC,2025,ALL_SUBSTANCES_APPROVED_IN_EU,1,Fénoxaprop-p-Ethyl,Fenoxaprop-P-ethyl,Fénoxaprop-p-Ethyl:EU_APPROVED,
HERBICIDE,Fénoxaprop-p-Ethyl,64 g/L +8 g/L + 24 g/L,EC,Puma Evolution,H.015-11/21,JADWA AGROTEC,BAYER CROPSCIENCE,2025,ALL_SUBSTANCES_APPROVED_IN_EU,1,Fénoxaprop-p-Ethyl,Fenoxaprop-P-ethyl,Fénoxaprop-p-Ethyl:EU_APPROVED,
HERBICIDE,Fénoxaprop-p-Ethyl,64 g/L +8 g/L + 24 g/L,EC,HUSSAR EVOLUTION,H.02-25,AGRIPROTEC,BAYER CROPSCIENCE,2025,ALL_SUBSTANCES_APPROVED_IN_EU,1,Fénoxaprop-p-Ethyl,Fenoxaprop-P-ethyl,Fénoxaprop-p-Ethyl:EU_APPROVED,
HERBICIDE,Florasulam +Iodosulfuron- méthyl-sodium +Diflufénican,20g/kg + 50 g/kg + 400 g/kg,WG,JOYSTICK WG,H.11-25,AGROSYSTEMES,ASCENZA AGRO,2025,ALL_SUBSTANCES_APPROVED_IN_EU,1,Florasulam +Iodosulfuron- méthyl-sodium +Diflufénican,Diflufenican,Florasulam +Iodosulfuron- méthyl-sodium +Diflufénican:EU_APPROVED,
HERBICIDE,Florasulam +tribenuron-methyl,200 g/kg+600 g/kg,WG,GRANSTAR MAX WG,H.12-21,AGRIPROTEC,chenminova/FMC,2025,ALL_SUBSTANCES_APPROVED_IN_EU,1,Florasulam +tribenuron-methyl,Tribenuron (aka metometuron),Florasulam +tribenuron-methyl:EU_APPROVED,
HERBICIDE,Florasulame,250g/kg,SG,Clyde SG,H.12-25,AGRIPROTEC,ALBAUGH EUROPE SARL,2025,ALL_SUBSTANCES_APPROVED_IN_EU,1,Florasulame,Florasulam,Florasulame:EU_APPROVED,
HERBICIDE,Florosulame + Flumetsulam,75 g/L + 100 g/L,EC,Derby,H.085-11/21,promochimie,,2025,CONTAINS_NOT_APPROVED_SUBSTANCE_IN_EU,1,Florosulame + Flumetsulam,Flumetsulam,Florosulame + Flumetsulam:EU_NOT_APPROVED,
HERBICIDE,Fluazifop-P-Butyl,1 2 5 g / l,EC,Benfuron,H.013-16,AGRIMED DISTRIBUTION,,2025,ALL_SUBSTANCES_APPROVED_IN_EU,1,Fluazifop-P-Butyl,Fluazifop-P,Fluazifop-P-Butyl:EU_APPROVED,
HERBICIDE,Fluazifop-P-Butyl,1 5 0 g / l,EC,Fouir,H.013-17,EL KHADRA,SHARDA CROPCHEM LIMITED INDE,2025,ALL_SUBSTANCES_APPROVED_IN_EU,1,Fluazifop-P-Butyl,Fluazifop-P,Fluazifop-P-Butyl:EU_APPROVED,
HERBICIDE,Fluazifop-P-Butyl,1 2 5 g / L,EC,Trivko,H.001-18,SOLAGRI,SYNGENTA,2025,ALL_SUBSTANCES_APPROVED_IN_EU,1,Fluazifop-P-Butyl,Fluazifop-P,Fluazifop-P-Butyl:EU_APPROVED,
HERBICIDE,Flucarbazone-sodium,7 0 %,W G,E v e r e s t 7 0 WG,H.017-11/21,AGRIPROTEC,ARYSTA LIFESCIENCE,2025,CONTAINS_NOT_APPROVED_SUBSTANCE_IN_EU,1,Flucarbazone-sodium,Flucarbazone-sodium,Flucarbazone-sodium:EU_NOT_APPROVED,
HERBICIDE,Flumetsulam,800 g/kg,WG,BROADSTRIKE WG,H.009-20,PROMOCHIMIE,DOW AGROSCIENCE,2025,CONTAINS_NOT_APPROVED_SUBSTANCE_IN_EU,1,Flumetsulam,Flumetsulam,Flumetsulam:EU_NOT_APPROVED,
HERBICIDE,Fluroxypyr,20%,EC,keynyl herbicide EC,H.11-21,etsmezghani,industrialquimicak,2025,ALL_SUBSTANCES_APPROVED_IN_EU,1,Fluroxypyr,Fluroxypyr,Fluroxypyr:EU_APPROVED,
HERBICIDE,Fluroxypyr (ester1-,200 g/l,EC,Flurostar 200,H.011-14/24,AGROSYSTEMES,GLOBACHEM,2025,ALL_SUBSTANCES_APPROVED_IN_EU,1,Fluroxypyr (ester1-,Fluroxypyr,Fluroxypyr (ester1-:EU_APPROVED,
HERBICIDE,methylheptyl),200 g/l,EC,,,,,2025,NOT_FOUND_OR_NEEDS_MANUAL_REVIEW,0,methylheptyl),,methylheptyl):NOT_IN_EU_LIST,
HERBICIDE,Fluroxypyr +Clopyralid,150 g/l+60 g/l,EC,VEGA EC,H.006-20,AGRIMED DISTRIBUTION,SHARDA CROPCHEM LIMITED INDE,2025,ALL_SUBSTANCES_APPROVED_IN_EU,1,Fluroxypyr +Clopyralid,Fluroxypyr,Fluroxypyr +Clopyralid:EU_APPROVED,
HERBICIDE,Fluroxypyr +Clopyralid,5 0 g / l + 2 8 g / l,M E,K I N V A R A M E,H . 0 0 5 - 2 2,A G R I P R O T E C,B R A C L A Y,2025,ALL_SUBSTANCES_APPROVED_IN_EU,1,Fluroxypyr +Clopyralid,Fluroxypyr,Fluroxypyr +Clopyralid:EU_APPROVED,
HERBICIDE,Fluroxypyr-l-methylheptyl ester +florasulam,144 g/l +2.5 g/l,SE,FLUROSTAR XL SE,H.14-2 5,SSCC,GLOBACHEM,2025,ALL_SUBSTANCES_APPROVED_IN_EU,1,Fluroxypyr-l-methylheptyl ester +florasulam,Fluroxypyr,Fluroxypyr-l-methylheptyl ester +florasulam:EU_APPROVED,
HERBICIDE,Glyphosate,360 g/l,SL,GLYFOSTAR,H.002-19,SLDA,SHARDA,2025,ALL_SUBSTANCES_APPROVED_IN_EU,1,Glyphosate,Glyphosate,Glyphosate:EU_APPROVED,
HERBICIDE,Glyphosate,360 g/l,SL,GALLUP SUPER SL,H.033-22,MULTAGRI,Braclay chemicals,2025,ALL_SUBSTANCES_APPROVED_IN_EU,1,Glyphosate,Glyphosate,Glyphosate:EU_APPROVED,
HERBICIDE,Glyphosate,360g/l,SL,Round Up Pro,H.004-15/25,ATLAS AGRICOLE,MONSANTO/BA YER,2025,ALL_SUBSTANCES_APPROVED_IN_EU,1,Glyphosate,Glyphosate,Glyphosate:EU_APPROVED,
HERBICIDE,Glyphosate,360 g/l,SL,DRAGON,H.003-19,FERTITECH,SHARDA CROPCHEM LIMITED INDE,2025,ALL_SUBSTANCES_APPROVED_IN_EU,1,Glyphosate,Glyphosate,Glyphosate:EU_APPROVED,
HERBICIDE,Glyphosate,360 g/l,SL,SATELITE360 SL,H.001-19,EL KHADRA,INDUSTRIAS AFRAZA/ALBAU GH EUROPE SARL,2025,ALL_SUBSTANCES_APPROVED_IN_EU,1,Glyphosate,Glyphosate,Glyphosate:EU_APPROVED,
HERBICIDE,Glyphosate,360 g/l,SL,VERDIS 36 SL,H.009-17,EXCEL AGRI,,2025,ALL_SUBSTANCES_APPROVED_IN_EU,1,Glyphosate,Glyphosate,Glyphosate:EU_APPROVED,
HERBICIDE,Glyphosate,360 g/l,SL,NOV-UP,H.003-17,AGRINOVA,SHARDA CROPCHEM LIMITED INDE,2025,ALL_SUBSTANCES_APPROVED_IN_EU,1,Glyphosate,Glyphosate,Glyphosate:EU_APPROVED,
HERBICIDE,Glyphosate,360 g/l,SL,GLYPHO-CAP,H.010-17,NEGANOR FFT,,2025,ALL_SUBSTANCES_APPROVED_IN_EU,1,Glyphosate,Glyphosate,Glyphosate:EU_APPROVED,
HERBICIDE,Glyphosate,450 g/l,SL,GLYFAST 450 SL,H.034-22,MULTAGRI,Braclay chemicals,2025,ALL_SUBSTANCES_APPROVED_IN_EU,1,Glyphosate,Glyphosate,Glyphosate:EU_APPROVED,
HERBICIDE,Glyphosate,490g/L,SL,GALLUP HI-AKTIV SL,H.001-20,RAYEN PHYTAGRI,Barclay chemicals(R&D) Ltd.,2025,ALL_SUBSTANCES_APPROVED_IN_EU,1,Glyphosate,Glyphosate,Glyphosate:EU_APPROVED,
HERBICIDE,Glyphosate,480 g/l,SC,Round up innov,H.003-15/25,ATLAS AGRICOLE,MONSANTO,2025,ALL_SUBSTANCES_APPROVED_IN_EU,1,Glyphosate,Glyphosate,Glyphosate:EU_APPROVED,
HERBICIDE,Glyphosate,70%,SG,Kalach Extra,H.007-16,BIOPROTECTION,ARYSTA LIFESCIENCE,2025,ALL_SUBSTANCES_APPROVED_IN_EU,1,Glyphosate,Glyphosate,Glyphosate:EU_APPROVED,
HERBICIDE,Glyphosate,480 g/l,SL,Herbolex Max,H.008-15/25,SEPCM,,2025,ALL_SUBSTANCES_APPROVED_IN_EU,1,Glyphosate,Glyphosate,Glyphosate:EU_APPROVED,
HERBICIDE,Glyphosate,360 g/l,SL,Kalach 360,H.022-11/21,BIOPROTECTION,UPL/ARYSTA LIFESCIENCE,2025,ALL_SUBSTANCES_APPROVED_IN_EU,1,Glyphosate,Glyphosate,Glyphosate:EU_APPROVED,
HERBICIDE,Glyphosate,4 5 0 g / L,S L,R o u n d u p P l u s,H.029-11/21,ATLAS AGRICOLE,MONSANTO/BA YER,2025,ALL_SUBSTANCES_APPROVED_IN_EU,1,Glyphosate,Glyphosate,Glyphosate:EU_APPROVED,
HERBICIDE,Glyphosate,3 6 0 g / l,S L,G l y c e l,H . 0 1 9 - 1 1 / 2 1,A G R I M A T C O,e x c e l c r o p,2025,ALL_SUBSTANCES_APPROVED_IN_EU,1,Glyphosate,Glyphosate,Glyphosate:EU_APPROVED,
HERBICIDE,Glyphosate,3 6 0 g / l,S L,C i b l e,H . 0 1 8 - 1 1 / 2 1,A G R I P R O T E C,N U F A R M,2025,ALL_SUBSTANCES_APPROVED_IN_EU,1,Glyphosate,Glyphosate,Glyphosate:EU_APPROVED,
HERBICIDE,Glyphosate,3 6 0 g / l,S L,A g r i a t e c h,H . 0 2 0 - 1 1 / 2 1,A G R O S Y S T E M E S,A G R I A S A,2025,ALL_SUBSTANCES_APPROVED_IN_EU,1,Glyphosate,Glyphosate,Glyphosate:EU_APPROVED,
HERBICIDE,Glyphosate,3 6 0 g / l,S L,M a y n o z a t e,H . 0 2 5 - 1 5 / 2 5,A M I N C O,A G R I A S A,2025,ALL_SUBSTANCES_APPROVED_IN_EU,1,Glyphosate,Glyphosate,Glyphosate:EU_APPROVED,
HERBICIDE,Glyphosate,3 6 0 g / l,S L,G l y w e e d,H . 0 8 6 - 1 1 / 2 1,A T L A S INDUSTRIE,C O R O M A N DEL Ltd.,2025,ALL_SUBSTANCES_APPROVED_IN_EU,1,Glyphosate,Glyphosate,Glyphosate:EU_APPROVED,
HERBICIDE,Glyphosate,3 6 0 g / l,S L,K l e e n U p,H . 0 9 7 - 1 1 / 2 1,B I O P R O T E C T I O N,N U F A R M,2025,ALL_SUBSTANCES_APPROVED_IN_EU,1,Glyphosate,Glyphosate,Glyphosate:EU_APPROVED,
HERBICIDE,Glyphosate,3 6 0 g / l,S L,B l a n c a,H . 0 0 6 - 1 3 / 2 3,C O T U G R A I N IMPEX,S H A R D A CROPCHEM LIMITED INDE,2025,ALL_SUBSTANCES_APPROVED_IN_EU,1,Glyphosate,Glyphosate,Glyphosate:EU_APPROVED,
HERBICIDE,Glyphosate,3 6 0 g / l,S L,G L I S O 3 6 0,H . 0 0 5 - 1 6,E L K H A D R A,S I P C A M I N GARA,2025,ALL_SUBSTANCES_APPROVED_IN_EU,1,Glyphosate,Glyphosate,Glyphosate:EU_APPROVED,
HERBICIDE,Glyphosate,3 6 0 g / l,S L,W e e d K i l l e r,H . 0 0 6 - 1 6,E L K H A D R A,S H A R D A CROPCHEM LIMITED INDE,2025,ALL_SUBSTANCES_APPROVED_IN_EU,1,Glyphosate,Glyphosate,Glyphosate:EU_APPROVED,
HERBICIDE,Glyphosate,3 6 0 g / l,S L,F o r t i n,H . 0 2 4 - 1 1 / 2 1,E T S M E Z G H A N I,I N D U S T R L Q UIM ICAKEY,2025,ALL_SUBSTANCES_APPROVED_IN_EU,1,Glyphosate,Glyphosate,Glyphosate:EU_APPROVED,
HERBICIDE,Glyphosate,3 6 0 g / l,S L,B u g g y,H . 0 7 9 - 1 1 / 2 1,P R O M O C H I M I E,S I P C A M I N GARA,2025,ALL_SUBSTANCES_APPROVED_IN_EU,1,Glyphosate,Glyphosate,Glyphosate:EU_APPROVED,
HERBICIDE,Glyphosate,3 6 0 g / l,S L,G l y p h o m a x,H . 0 1 3 - 1 4 / 2 4,L I E N A G R I C O L E,S H A R D A CROPCHEM LIMITED INDE,2025,ALL_SUBSTANCES_APPROVED_IN_EU,1,Glyphosate,Glyphosate,Glyphosate:EU_APPROVED,
HERBICIDE,Glyphosate,3 6 0 g / l,S L,D i s s,H . 0 9 3 - 1 1 / 2 1,P R O T A G R I,U N I T E D PHOSPHORUS,2025,ALL_SUBSTANCES_APPROVED_IN_EU,1,Glyphosate,Glyphosate,Glyphosate:EU_APPROVED,
HERBICIDE,Glyphosate,3 6 0 g / l,S L,G l y s t e r,H . 0 2 5 - 1 1 / 2 1,S A N A B E L A G R O,S I N O N CORPORATION,2025,ALL_SUBSTANCES_APPROVED_IN_EU,1,Glyphosate,Glyphosate,Glyphosate:EU_APPROVED,
HERBICIDE,Glyphosate,3 6 0 g / l,S L,N a s a 3 6 S L,H . 0 0 1 - 1 5 / 2 5,S O C O O P E C,Z E N I T H,2025,ALL_SUBSTANCES_APPROVED_IN_EU,1,Glyphosate,Glyphosate,Glyphosate:EU_APPROVED,
HERBICIDE,Glyphosate,3 6 0 g / l,S L,G l y p h o t e c,H . 0 2 8 - 1 1 / 2 1,S T E C,A A K O B V,2025,ALL_SUBSTANCES_APPROVED_IN_EU,1,Glyphosate,Glyphosate,Glyphosate:EU_APPROVED,
HERBICIDE,Glyphosate + Oxyfluorfène,200 gL + 30 g/L,SC,Dipiril Plus,H.016-13/23,EL KHADRA,INDUSTRIAS,2025,ALL_SUBSTANCES_APPROVED_IN_EU,1,Glyphosate + Oxyfluorfène,Glyphosate,Glyphosate + Oxyfluorfène:EU_APPROVED,
HERBICIDE,Glyphosate + Oxyfluorfène,360 g/L +30 g/L,SC,Brout,H.030-11/21,SEPCM,AAKO,2025,ALL_SUBSTANCES_APPROVED_IN_EU,1,Glyphosate + Oxyfluorfène,Glyphosate,Glyphosate + Oxyfluorfène:EU_APPROVED,
HERBICIDE,Halauxifen-methyl +aminopyralid +cloquintocet –mexyl,33.7 g/l +27.2g/l+32.3 g/l,EC,TREZAK EC,H.14-21,AGRIPROTC,Dow agroscience,2025,ALL_SUBSTANCES_APPROVED_IN_EU,1,Halauxifen-methyl +aminopyralid +cloquintocet –mexyl,Aminopyralid,Halauxifen-methyl +aminopyralid +cloquintocet –mexyl:EU_APPROVED,
HERBICIDE,Imazamox + Metazachlor,25 g/l +375 g/l,SC,Nopasaran,H.011-16,COTUGRAIN,BASF,2025,ALL_SUBSTANCES_APPROVED_IN_EU,1,Imazamox + Metazachlor,Imazamox,Imazamox + Metazachlor:EU_APPROVED,
HERBICIDE,Indaziflam,500 g/l,SC,Alion 500 SC,H.013-22,BIOPROTECTION,BAYER,2025,CONTAINS_NOT_APPROVED_SUBSTANCE_IN_EU,1,Indaziflam,Indaziflam,Indaziflam:EU_NOT_APPROVED,
HERBICIDE,Iodosulfuron +Mesosulfuron +Mefenpyr,6 g/Kg +30 g/Kg +90 g/Kg,WG,Atlantis,H.033-11/21,ATLAS AGRICOLE,BAYER CROPSCIENCE,2025,ALL_SUBSTANCES_APPROVED_IN_EU,1,Iodosulfuron +Mesosulfuron +Mefenpyr,Iodosulfuron,Iodosulfuron +Mesosulfuron +Mefenpyr:EU_APPROVED,
HERBICIDE,Lenacil,80 % (800 g/kg),WG,VENZAR,H.003-22,SEPCM,FMC,2025,ALL_SUBSTANCES_APPROVED_IN_EU,1,Lenacil,Lenacil,Lenacil:EU_APPROVED,
HERBICIDE,Mesosulfuron-,30 g/Kg+30 g/Kg +90 g/Kg,WG,Amilcar,H.036-11/21,STEC,BAYER CROPSCIENCE,2025,ALL_SUBSTANCES_APPROVED_IN_EU,1,Mesosulfuron-,Mesosulfuron,Mesosulfuron-:EU_APPROVED,
HERBICIDE,Méthyl(Mesomax),30 g/Kg+30 g/Kg +90 g/Kg,WG,,,,,2025,CONTAINS_NOT_APPROVED_SUBSTANCE_IN_EU,1,Méthyl(Mesomax),Azinphos-methyl,Méthyl(Mesomax):EU_NOT_APPROVED,
HERBICIDE,+Iodosulfuron,30 g/Kg+30 g/Kg +90 g/Kg,WG,,,,,2025,ALL_SUBSTANCES_APPROVED_IN_EU,1,+Iodosulfuron,Iodosulfuron,+Iodosulfuron:EU_APPROVED,
HERBICIDE,+Méfenpyrdiéthyl,30 g/Kg+30 g/Kg +90 g/Kg,WG,,,,,2025,CONTAINS_NOT_APPROVED_SUBSTANCE_IN_EU,1,+Méfenpyrdiéthyl,FEN 560 (Fenugreek seed powder),+Méfenpyrdiéthyl:EU_NOT_APPROVED,
HERBICIDE,Mesosulfuron-,"7,5 g/L + 7,5 g/L+ 22,5 g/L",OD,Amilcar OD,H.037-11/21,STEC,BAYER CROPSCIENCE,2025,ALL_SUBSTANCES_APPROVED_IN_EU,1,Mesosulfuron-,Mesosulfuron,Mesosulfuron-:EU_APPROVED,
HERBICIDE,Méthyl+Iodosulfuron –,"7,5 g/L + 7,5 g/L+ 22,5 g/L",OD,,,,,2025,ALL_SUBSTANCES_APPROVED_IN_EU,1,Méthyl+Iodosulfuron –,Iodosulfuron,Méthyl+Iodosulfuron –:EU_APPROVED,
HERBICIDE,Méthyl Sodium +,"7,5 g/L + 7,5 g/L+ 22,5 g/L",OD,,,,,2025,NOT_FOUND_OR_NEEDS_MANUAL_REVIEW,0,Méthyl Sodium +,,Méthyl Sodium +:NOT_IN_EU_LIST,
HERBICIDE,Méfenpyrdiéthyl,"7,5 g/L + 7,5 g/L+ 22,5 g/L",OD,,,,,2025,CONTAINS_NOT_APPROVED_SUBSTANCE_IN_EU,1,Méfenpyrdiéthyl,FEN 560 (Fenugreek seed powder),Méfenpyrdiéthyl:EU_NOT_APPROVED,
HERBICIDE,(SAFENER),"7,5 g/L + 7,5 g/L+ 22,5 g/L",OD,,,,,2025,NOT_FOUND_OR_NEEDS_MANUAL_REVIEW,0,(SAFENER),,(SAFENER):NOT_IN_EU_LIST,
HERBICIDE,Mesosulfuron-,"7,5 g/L + 7,5 g/L+ 22,5 g/L",OD,COSSACK OD,H.01-25,AGRIPROTEC,BAYER CROPSCIENCE,2025,ALL_SUBSTANCES_APPROVED_IN_EU,1,Mesosulfuron-,Mesosulfuron,Mesosulfuron-:EU_APPROVED,
HERBICIDE,Mésosulfuron-,10 g/l +2 g/l +30 g/l,OD,Atlantis OD,H.012-15/25,ATLAS AGRICOLE,BAYER CROPSCIENCE,2025,ALL_SUBSTANCES_APPROVED_IN_EU,1,Mésosulfuron-,Mesosulfuron,Mésosulfuron-:EU_APPROVED,
HERBICIDE,Méthyl+Iodosulfuron-,10 g/l +2 g/l +30 g/l,OD,,,,,2025,ALL_SUBSTANCES_APPROVED_IN_EU,1,Méthyl+Iodosulfuron-,Iodosulfuron,Méthyl+Iodosulfuron-:EU_APPROVED,
HERBICIDE,Methyl +Méfenpyrdiéthyl,10 g/l +2 g/l +30 g/l,OD,,,,,2025,CONTAINS_NOT_APPROVED_SUBSTANCE_IN_EU,1,Methyl +Méfenpyrdiéthyl,FEN 560 (Fenugreek seed powder),Methyl +Méfenpyrdiéthyl:EU_NOT_APPROVED,
HERBICIDE,Mesosulfuron-méthyle,"45 g/kg +67,5g/kg +90g/kg",WG,OLYMPUS FLEX WG,H.009-18,ATLAS AGRICOLE,BAYER AG,2025,ALL_SUBSTANCES_APPROVED_IN_EU,1,Mesosulfuron-méthyle,Mesosulfuron,Mesosulfuron-méthyle:EU_APPROVED,
HERBICIDE,+Propoxcarbasone-sodium,"45 g/kg +67,5g/kg +90g/kg",WG,,,,,2025,NOT_FOUND_OR_NEEDS_MANUAL_REVIEW,0,+Propoxcarbasone-sodium,,+Propoxcarbasone-sodium:NOT_IN_EU_LIST,
HERBICIDE,+Méfenpyr-diéthyle,"45 g/kg +67,5g/kg +90g/kg",WG,,,,,2025,ALL_SUBSTANCES_APPROVED_IN_EU,1,+Méfenpyr-diéthyle,"2,4-D",+Méfenpyr-diéthyle:EU_APPROVED,
HERBICIDE,(phytoprotecteur),"45 g/kg +67,5g/kg +90g/kg",WG,,,,,2025,NOT_FOUND_OR_NEEDS_MANUAL_REVIEW,0,(phytoprotecteur),,(phytoprotecteur):NOT_IN_EU_LIST,
HERBICIDE,Mesosullfuron-methyl +,28.8 g/L + 120 g/L + 90 g/l,OD,AVOXA MAXX OD,H.23-25,BIOPROTECTION,SYNGENTA,2025,NOT_FOUND_OR_NEEDS_MANUAL_REVIEW,0,Mesosullfuron-methyl +,,Mesosullfuron-methyl +:NOT_IN_EU_LIST,
HERBICIDE,Pinoxaden +mefenpyr-,28.8 g/L + 120 g/L + 90 g/l,OD,,,,,2025,ALL_SUBSTANCES_APPROVED_IN_EU,1,Pinoxaden +mefenpyr-,Pinoxaden,Pinoxaden +mefenpyr-:EU_APPROVED,
HERBICIDE,diethyl (phytoprotecteur),28.8 g/L + 120 g/L + 90 g/l,OD,,,,,2025,NOT_FOUND_OR_NEEDS_MANUAL_REVIEW,0,diethyl (phytoprotecteur),,diethyl (phytoprotecteur):NOT_IN_EU_LIST,
HERBICIDE,Metazachlor,500 g/l,SC,RAPSAN 500 SC,H.002-18,AGROSYSTEMES,Globachem,2025,ALL_SUBSTANCES_APPROVED_IN_EU,1,Metazachlor,Metazachlor,Metazachlor:EU_APPROVED,
HERBICIDE,Metazachlor +Quinmerac,400 g/l +100g/l,SC,RAPSAN TDI SC,H.003-18,AGROSYSTEMES,Globachem,2025,ALL_SUBSTANCES_APPROVED_IN_EU,1,Metazachlor +Quinmerac,Metazachlor,Metazachlor +Quinmerac:EU_APPROVED,
HERBICIDE,Metrib,75%,WG,Maestro 75 WG,H.042-11/21,BIOPROTECTION,AAKO,2025,CONTAINS_NOT_APPROVED_SUBSTANCE_IN_EU,1,Metrib,Metribuzin,Metrib:EU_NOT_APPROVED,
HERBICIDE,uzine,75%,WG,,,,,2025,NOT_FOUND_OR_NEEDS_MANUAL_REVIEW,0,uzine,,uzine:NOT_IN_EU_LIST,
HERBICIDE,Metribuzine,600 g/L,SC,Sencor 600SC,H.089-11/21,PROMOCHIMIE,,2025,CONTAINS_NOT_APPROVED_SUBSTANCE_IN_EU,1,Metribuzine,Metribuzin,Metribuzine:EU_NOT_APPROVED,
HERBICIDE,Metribuzine,70%(g/kg),WG,MAYA,H.017-22,SLDA,UPL,2025,CONTAINS_NOT_APPROVED_SUBSTANCE_IN_EU,1,Metribuzine,Metribuzin,Metribuzine:EU_NOT_APPROVED,
HERBICIDE,Metribuzine,70%(g/kg),WG,DANCOR 70,H.004-16,PROTAGRI,UPL,2025,CONTAINS_NOT_APPROVED_SUBSTANCE_IN_EU,1,Metribuzine,Metribuzin,Metribuzine:EU_NOT_APPROVED,
HERBICIDE,Metribuzine,700 g/kg,WDG,MATRIX WDG,H.001-17,STIMA,,2025,CONTAINS_NOT_APPROVED_SUBSTANCE_IN_EU,1,Metribuzine,Metribuzin,Metribuzine:EU_NOT_APPROVED,
HERBICIDE,Metribuzine,700 g/kg,WDG,GRAZY 70% WDG,H.20-21,AGRIMED DISTRIBUTION,,2025,CONTAINS_NOT_APPROVED_SUBSTANCE_IN_EU,1,Metribuzine,Metribuzin,Metribuzine:EU_NOT_APPROVED,
HERBICIDE,Metribuzine,48%,SC,TUBERON,H.01-21,AGRIMATCO,UPL,2025,CONTAINS_NOT_APPROVED_SUBSTANCE_IN_EU,1,Metribuzine,Metribuzin,Metribuzine:EU_NOT_APPROVED,
HERBICIDE,Metribuzine,480 g/l,SC,buzzin,H.03-21,Delta agricole plus,,2025,CONTAINS_NOT_APPROVED_SUBSTANCE_IN_EU,1,Metribuzine,Metribuzin,Metribuzine:EU_NOT_APPROVED,
HERBICIDE,Metribuzine,480 g/l,SC,Mitraze,H.015-22,AGRIMED DISTRIBUTION,SHARDA CROPCHEM LIMITED INDE,2025,CONTAINS_NOT_APPROVED_SUBSTANCE_IN_EU,1,Metribuzine,Metribuzin,Metribuzine:EU_NOT_APPROVED,
HERBICIDE,Metribuzine,700 g/kg,WP,NOVAMET WP,H.037-22,AGRINOVA,AGROW ALLIED,2025,CONTAINS_NOT_APPROVED_SUBSTANCE_IN_EU,1,Metribuzine,Metribuzin,Metribuzine:EU_NOT_APPROVED,
HERBICIDE,Metribuzine,700 g/kg,WP,POMCORE WP,H.001-22,NEGANOR,AGROW ALLIED,2025,CONTAINS_NOT_APPROVED_SUBSTANCE_IN_EU,1,Metribuzine,Metribuzin,Metribuzine:EU_NOT_APPROVED,
HERBICIDE,Metribuzine+Clomazone,233g/l + 60 g/l,CS,CETUS,H.003-16,AGRIPROTEC,FMC,2025,CONTAINS_NOT_APPROVED_SUBSTANCE_IN_EU,1,Metribuzine+Clomazone,Metribuzin,Metribuzine+Clomazone:EU_NOT_APPROVED,
HERBICIDE,Metrobromuron,500g/l,SC,PROMAN,H.02-21,NEGANOR,BELCHIM CROP PROTECTION/CE RITIS BELCHIM NV,2025,NOT_FOUND_OR_NEEDS_MANUAL_REVIEW,0,Metrobromuron,,Metrobromuron:NOT_IN_EU_LIST,
HERBICIDE,Metsulfuron Méthyl,20%,WG,Isomexx,H.043-11/21,AGRIPROTEC,NUFARM,2025,NOT_FOUND_OR_NEEDS_MANUAL_REVIEW,0,Metsulfuron Méthyl,,Metsulfuron Méthyl:NOT_IN_EU_LIST,
HERBICIDE,Metsulfuron Méthyl,20%,WG,Karal,H.003-13/23,BIOPROTECTION,NUFARM,2025,NOT_FOUND_OR_NEEDS_MANUAL_REVIEW,0,Metsulfuron Méthyl,,Metsulfuron Méthyl:NOT_IN_EU_LIST,
HERBICIDE,Metsulfuron Méthyl,20%,WG,Metsy WG,H.009-16,PROTAGRI,,2025,NOT_FOUND_OR_NEEDS_MANUAL_REVIEW,0,Metsulfuron Méthyl,,Metsulfuron Méthyl:NOT_IN_EU_LIST,
HERBICIDE,Metsulfuron Méthyl,20%,WG,METRON WG,H.038-22,AGRIMATCO,UNITED PHOSPHORUS,2025,NOT_FOUND_OR_NEEDS_MANUAL_REVIEW,0,Metsulfuron Méthyl,,Metsulfuron Méthyl:NOT_IN_EU_LIST,
HERBICIDE,Metsulfuron-methyl + Bensulfuron-methyl,40g/kg+500 g/kg,WG,XANADU,H.029-22,BIOPROTECTION,UPL limited,2025,ALL_SUBSTANCES_APPROVED_IN_EU,1,Metsulfuron-methyl + Bensulfuron-methyl,Bensulfuron,Metsulfuron-methyl + Bensulfuron-methyl:EU_APPROVED,
HERBICIDE,Oxyfluorfene,240 g/L,EC,Goal,H.081-11/21,promochimie,,2025,CONTAINS_NOT_APPROVED_SUBSTANCE_IN_EU,1,Oxyfluorfene,FEN 560 (Fenugreek seed powder),Oxyfluorfene:EU_NOT_APPROVED,
HERBICIDE,Oxyfluorfene,240 g/L,E C,O X I F E N E C,H . 0 4 6 - 1 1 / 2 1,E t s M E Z G H A N I,,2025,CONTAINS_NOT_APPROVED_SUBSTANCE_IN_EU,1,Oxyfluorfene,FEN 560 (Fenugreek seed powder),Oxyfluorfene:EU_NOT_APPROVED,
HERBICIDE,Oxyfluorfene,240 g/L,EC,Clenofen 240,H.005-13/23,SANABEL AGRO,,2025,CONTAINS_NOT_APPROVED_SUBSTANCE_IN_EU,1,Oxyfluorfene,FEN 560 (Fenugreek seed powder),Oxyfluorfene:EU_NOT_APPROVED,
HERBICIDE,Oxyfluorfene,240 g/L,EC,Oxistar 24%,H.087-11/21,SOCOOPEC,,2025,CONTAINS_NOT_APPROVED_SUBSTANCE_IN_EU,1,Oxyfluorfene,FEN 560 (Fenugreek seed powder),Oxyfluorfene:EU_NOT_APPROVED,
HERBICIDE,Oxyfluorfene,240 g/l,EC,FENFEN EC,H.041-22,ATLAS AGRICOLE,LAINCO,2025,CONTAINS_NOT_APPROVED_SUBSTANCE_IN_EU,1,Oxyfluorfene,FEN 560 (Fenugreek seed powder),Oxyfluorfene:EU_NOT_APPROVED,
HERBICIDE,Oxyfluorfene,240 g/l,EC,VERIN EC,H.035-22,NEGANOR,LAINCO,2025,CONTAINS_NOT_APPROVED_SUBSTANCE_IN_EU,1,Oxyfluorfene,FEN 560 (Fenugreek seed powder),Oxyfluorfene:EU_NOT_APPROVED,
HERBICIDE,Pendimethaline,400 g/L,SC,HERBOL,H.008-17,EXCEL AGRI,,2025,ALL_SUBSTANCES_APPROVED_IN_EU,1,Pendimethaline,Pendimethalin,Pendimethaline:EU_APPROVED,
HERBICIDE,Pendimethaline,400 g/L,SC,Penda,16-010H.,DELTA AGRICOLE PLUS,,2025,ALL_SUBSTANCES_APPROVED_IN_EU,1,Pendimethaline,Pendimethalin,Pendimethaline:EU_APPROVED,
HERBICIDE,Pendimethaline,400 g/L,EC,TERAPUR,H.002-16,Ets MEZGHANI,IndustrialQuimica Key,2025,ALL_SUBSTANCES_APPROVED_IN_EU,1,Pendimethaline,Pendimethalin,Pendimethaline:EU_APPROVED,
HERBICIDE,Pendimethaline,455 g/L,EC,Stomp Aqua,H.048-11/21,STIMA,BASF,2025,ALL_SUBSTANCES_APPROVED_IN_EU,1,Pendimethaline,Pendimethalin,Pendimethaline:EU_APPROVED,
HERBICIDE,Pendimethaline,455 g/L,EC,prowl aqua EC,H.15-21,cotugrain,BASF,2025,ALL_SUBSTANCES_APPROVED_IN_EU,1,Pendimethaline,Pendimethalin,Pendimethaline:EU_APPROVED,
HERBICIDE,Pendimethaline +Clomazon,333g/l+30 g/l,CS,STALLION,H.07-21,AGRIPROTEC,FMC,2025,ALL_SUBSTANCES_APPROVED_IN_EU,1,Pendimethaline +Clomazon,Pendimethalin,Pendimethaline +Clomazon:EU_APPROVED,
HERBICIDE,Phenmedipham + Desmedipham +Ethofumesate,75 g/l+15 g/l+115 g/l,SC,BETASANA TRIO,H.016-20,AGRIPROTEC,UPL Limited,2025,CONTAINS_NOT_APPROVED_SUBSTANCE_IN_EU,1,Phenmedipham + Desmedipham +Ethofumesate,Desmedipham,Phenmedipham + Desmedipham +Ethofumesate:EU_NOT_APPROVED,
HERBICIDE,Phenmediphame +,91 g/L +71 g/L + 112 g/L,EC,Betanal Expert 274EC,H.049-11/21,SEPCM,BAYER CROPSCIENCE,2025,ALL_SUBSTANCES_APPROVED_IN_EU,1,Phenmediphame +,Phenmedipham,Phenmediphame +:EU_APPROVED,
HERBICIDE,Desmedipham +,91 g/L +71 g/L + 112 g/L,EC,,,,,2025,CONTAINS_NOT_APPROVED_SUBSTANCE_IN_EU,1,Desmedipham +,Desmedipham,Desmedipham +:EU_NOT_APPROVED,
HERBICIDE,Ethofumesate,91 g/L +71 g/L + 112 g/L,EC,,,,,2025,ALL_SUBSTANCES_APPROVED_IN_EU,1,Ethofumesate,Ethofumesate,Ethofumesate:EU_APPROVED,
HERBICIDE,Pinoxaden +Florasulam,45 g/l + 5 g/l +11.25 g/l,EC,Navigator,H.005-14/24,BIOPROTECTION,SYNGENTA,2025,ALL_SUBSTANCES_APPROVED_IN_EU,1,Pinoxaden +Florasulam,Florasulam,Pinoxaden +Florasulam:EU_APPROVED,
HERBICIDE,+Safener (cloquintocet-,45 g/l + 5 g/l +11.25 g/l,EC,,,,,2025,CONTAINS_NOT_APPROVED_SUBSTANCE_IN_EU,1,+Safener (cloquintocet-,FEN 560 (Fenugreek seed powder),+Safener (cloquintocet-:EU_NOT_APPROVED,
HERBICIDE,mexyl),45 g/l + 5 g/l +11.25 g/l,EC,,,,,2025,NOT_FOUND_OR_NEEDS_MANUAL_REVIEW,0,mexyl),,mexyl):NOT_IN_EU_LIST,
HERBICIDE,Pinoxaden + Florasulam,3 0 g / L + 1 . 7 5 g / L + 75 g/l + 7.5 g/l,EC,BAGIERA EC,H.25-25,SOLAGRI,SYNGENTA,2025,ALL_SUBSTANCES_APPROVED_IN_EU,1,Pinoxaden + Florasulam,Florasulam,Pinoxaden + Florasulam:EU_APPROVED,
HERBICIDE,+ Fluroxypyr-meptyl+,3 0 g / L + 1 . 7 5 g / L + 75 g/l + 7.5 g/l,EC,,,,,2025,ALL_SUBSTANCES_APPROVED_IN_EU,1,+ Fluroxypyr-meptyl+,Fluroxypyr,+ Fluroxypyr-meptyl+:EU_APPROVED,
HERBICIDE,Cloquintocet-mexyl,3 0 g / L + 1 . 7 5 g / L + 75 g/l + 7.5 g/l,EC,,,,,2025,NOT_FOUND_OR_NEEDS_MANUAL_REVIEW,0,Cloquintocet-mexyl,,Cloquintocet-mexyl:NOT_IN_EU_LIST,
HERBICIDE,(Safner),3 0 g / L + 1 . 7 5 g / L + 75 g/l + 7.5 g/l,EC,,,,,2025,NOT_FOUND_OR_NEEDS_MANUAL_REVIEW,0,(Safner),,(Safner):NOT_IN_EU_LIST,
HERBICIDE,Pinoxaden +Clodinafop-,25g/l +25g/l +6.25 g/l,EC,Traxos pratic,H.014-15/25,BIOPROTECTION,Syngenta,2025,ALL_SUBSTANCES_APPROVED_IN_EU,1,Pinoxaden +Clodinafop-,Pinoxaden,Pinoxaden +Clodinafop-:EU_APPROVED,
HERBICIDE,propargyl+Cloquintocet-,25g/l +25g/l +6.25 g/l,EC,,,,,2025,NOT_FOUND_OR_NEEDS_MANUAL_REVIEW,0,propargyl+Cloquintocet-,,propargyl+Cloquintocet-:NOT_IN_EU_LIST,
HERBICIDE,mexyl,25g/l +25g/l +6.25 g/l,EC,,,,,2025,NOT_FOUND_OR_NEEDS_MANUAL_REVIEW,0,mexyl,,mexyl:NOT_IN_EU_LIST,
HERBICIDE,Pinoxaden +Clodinafop-,"30g/l +30g/l +7,5 g/l+7,5 g/l",EC,Swipe,H.013-15/25,BIOPROTECTON,Syngenta,2025,ALL_SUBSTANCES_APPROVED_IN_EU,1,Pinoxaden +Clodinafop-,Pinoxaden,Pinoxaden +Clodinafop-:EU_APPROVED,
HERBICIDE,propargyl+Florasulam+clo,"30g/l +30g/l +7,5 g/l+7,5 g/l",EC,,,,,2025,ALL_SUBSTANCES_APPROVED_IN_EU,1,propargyl+Florasulam+clo,Florasulam,propargyl+Florasulam+clo:EU_APPROVED,
HERBICIDE,quintocet-mexyl,"30g/l +30g/l +7,5 g/l+7,5 g/l",EC,,,,,2025,NOT_FOUND_OR_NEEDS_MANUAL_REVIEW,0,quintocet-mexyl,,quintocet-mexyl:NOT_IN_EU_LIST,
HERBICIDE,Pinoxaden +Cloquintocet-,50 g/l +12.5 g/l,EC,Axial pratic,H.015-15/25,BIOPROTECTION,Syngenta,2025,ALL_SUBSTANCES_APPROVED_IN_EU,1,Pinoxaden +Cloquintocet-,Pinoxaden,Pinoxaden +Cloquintocet-:EU_APPROVED,
HERBICIDE,méxyl,50 g/l +12.5 g/l,EC,,,,,2025,NOT_FOUND_OR_NEEDS_MANUAL_REVIEW,0,méxyl,,méxyl:NOT_IN_EU_LIST,
HERBICIDE,Pinoxaden +Florasulam,4.5% + 0.5%,EC,FLOZAME EC,H.16-25,FERTITECH,SHARDA CROPCHEM LIMITED INDE,2025,ALL_SUBSTANCES_APPROVED_IN_EU,1,Pinoxaden +Florasulam,Florasulam,Pinoxaden +Florasulam:EU_APPROVED,
HERBICIDE,prometryn,500 g/l,SC,gesagard 500 FW,H.06-21,bioprotection,syngentacrop protection,2025,CONTAINS_NOT_APPROVED_SUBSTANCE_IN_EU,1,prometryn,Prometryn,prometryn:EU_NOT_APPROVED,
HERBICIDE,Propaquizafop,10%,EC,PRODIGE,H.024-22,FERTITECH,SHARDA CROPCHEM LIMITED INDE,2025,ALL_SUBSTANCES_APPROVED_IN_EU,1,Propaquizafop,Propaquizafop,Propaquizafop:EU_APPROVED,
HERBICIDE,Propaquizafop,10%,EC,KIFEN EC,H.01-23,SANABEL AGRO,SHARDA CROPCHEM LIMITED INDE,2025,ALL_SUBSTANCES_APPROVED_IN_EU,1,Propaquizafop,Propaquizafop,Propaquizafop:EU_APPROVED,
HERBICIDE,Propyzamide,400g/l,SC,PROPYZ,H.013-18,AGRIPROTEC,BARCLAY,2025,ALL_SUBSTANCES_APPROVED_IN_EU,1,Propyzamide,Propyzamide,Propyzamide:EU_APPROVED,
HERBICIDE,Propyzamide,400g/l,SC,PROPER FLO SC,H.005-18,AGROSYSTEMES,Globachem,2025,ALL_SUBSTANCES_APPROVED_IN_EU,1,Propyzamide,Propyzamide,Propyzamide:EU_APPROVED,
HERBICIDE,Propyzamide,400g/l,SC,CADDY SC,H.016-17,RAYEN PHYTAGRI,BARCLAY CHEMICALS Ltd,2025,ALL_SUBSTANCES_APPROVED_IN_EU,1,Propyzamide,Propyzamide,Propyzamide:EU_APPROVED,
HERBICIDE,Prosulfocarb,80%,EC,PROXER,H.09-21,AGRIMED DISTRIBUTION,SHARDA CROPCHEM LIMITED INDE,2025,ALL_SUBSTANCES_APPROVED_IN_EU,1,Prosulfocarb,Prosulfocarb,Prosulfocarb:EU_APPROVED,
HERBICIDE,Prosulfocarb,80%,EC,ROXANE EC,H.036-22,COTUGRAIN,SHARDA CROPCHEM LIMITED INDE,2025,ALL_SUBSTANCES_APPROVED_IN_EU,1,Prosulfocarb,Prosulfocarb,Prosulfocarb:EU_APPROVED,
HERBICIDE,Prosulfocarb,800 g/L,EC,Roxy,H.052-11/21,AGROSYSTEMES,GLOBACHEM,2025,ALL_SUBSTANCES_APPROVED_IN_EU,1,Prosulfocarb,Prosulfocarb,Prosulfocarb:EU_APPROVED,
HERBICIDE,Prosulfocarb,800 g/L,EC,Fidox 800 EC,H.024-15/25,AMINCO,GLOBACHEM,2025,ALL_SUBSTANCES_APPROVED_IN_EU,1,Prosulfocarb,Prosulfocarb,Prosulfocarb:EU_APPROVED,
HERBICIDE,Prosulfocarb,800 g/L,EC,Boxer,H.053-11/21,BIOPROTECTION,SYNGENTA,2025,ALL_SUBSTANCES_APPROVED_IN_EU,1,Prosulfocarb,Prosulfocarb,Prosulfocarb:EU_APPROVED,
HERBICIDE,Pyraflufen-ethyl,"26,5 g/l",EC,VOLCAN EC,H.014-22,ATLAS AGRICOLE,SPICAM INAGRA SA,2025,ALL_SUBSTANCES_APPROVED_IN_EU,1,Pyraflufen-ethyl,Pyraflufen-ethyl,Pyraflufen-ethyl:EU_APPROVED,
HERBICIDE,Pyroxasulfone,85 %,WG,YAMATO 85 WG,H.027-22,AGRIMATCO,Kumaichemicalind ustry,2025,CONTAINS_NOT_APPROVED_SUBSTANCE_IN_EU,1,Pyroxasulfone,Pyroxasulfone,Pyroxasulfone:EU_NOT_APPROVED,
HERBICIDE,Pyroxsulam,"46,6 g/L",OD,PRIORITY,H.016-18,ATLAS AGRICOLE,DOW AGROSCIENCES/ corteva,2025,ALL_SUBSTANCES_APPROVED_IN_EU,1,Pyroxsulam,Pyroxsulam,Pyroxsulam:EU_APPROVED,
HERBICIDE,Pyroxsulam,"46,6 g/L",OD,Pallas 45 OD,H.054-11/21,SEPCM,DOW AGROSCIENCES,2025,ALL_SUBSTANCES_APPROVED_IN_EU,1,Pyroxsulam,Pyroxsulam,Pyroxsulam:EU_APPROVED,
HERBICIDE,Pyroxsulam +Florasulam +Cloquintocetmexyl,"70,8 g/kg + 14,2g/kg +70,8g/hg",WG,Broadway,H.014-18,agriprotec,DOW AGROSCIENCES/ CORTEVA,2025,ALL_SUBSTANCES_APPROVED_IN_EU,1,Pyroxsulam +Florasulam +Cloquintocetmexyl,Florasulam,Pyroxsulam +Florasulam +Cloquintocetmexyl:EU_APPROVED,
HERBICIDE,Simazine,500 g/L,SC,SIMAKEY,H.091-11/21,Ets MEZGHANI,,2025,CONTAINS_NOT_APPROVED_SUBSTANCE_IN_EU,1,Simazine,Simazine,Simazine:EU_NOT_APPROVED,
HERBICIDE,Terbuthylazine,750g/kg,WG,TERBYNE 75 WG,H.017-20,EL KHADRA,SIPCAM INAGRA,2025,ALL_SUBSTANCES_APPROVED_IN_EU,1,Terbuthylazine,Terbuthylazine,Terbuthylazine:EU_APPROVED,
HERBICIDE,Thifensulfuron-methyl +Tribuneron-methyl,40 % + 15 %,WG,Gipsy,H. 003-14/24,EL MOUSSEM,ROTAM AGROCHEMICA L,2025,ALL_SUBSTANCES_APPROVED_IN_EU,1,Thifensulfuron-methyl +Tribuneron-methyl,Thifensulfuron-methyl,Thifensulfuron-methyl +Tribuneron-methyl:EU_APPROVED,
HERBICIDE,Trebuniron-methyl + Florasulame,250g/l+104g/kg,SG,FLAME DUO SG,H.006-22,SOLAGRI,ALBAUGH,2025,ALL_SUBSTANCES_APPROVED_IN_EU,1,Trebuniron-methyl + Florasulame,Florasulam,Trebuniron-methyl + Florasulame:EU_APPROVED,
HERBICIDE,Triallate,450 g/l,CS,AVADEX FACTOR CS,H.025-22,ATLAS AGRICOLE,GOWAN CROP PROTECTION LIMITED,2025,NOT_FOUND_OR_NEEDS_MANUAL_REVIEW,0,Triallate,,Triallate:NOT_IN_EU_LIST,
HERBICIDE,Tribenuron methyl +,56.3 %+ 18.7 %,WG,BOMBA WG,H.011-18,EL KHADRA,JSC(AVGUST),2025,ALL_SUBSTANCES_APPROVED_IN_EU,1,Tribenuron methyl +,Tribenuron (aka metometuron),Tribenuron methyl +:EU_APPROVED,
HERBICIDE,Florasulam,56.3 %+ 18.7 %,WG,,,,,2025,ALL_SUBSTANCES_APPROVED_IN_EU,1,Florasulam,Florasulam,Florasulam:EU_APPROVED,
HERBICIDE,Tribenuron methyl +,56.3 %+ 18.7 %,WG,TRIFLOS,H.15-25,NEGANOR FFT,JSC(AVGUST),2025,ALL_SUBSTANCES_APPROVED_IN_EU,1,Tribenuron methyl +,Tribenuron (aka metometuron),Tribenuron methyl +:EU_APPROVED,
HERBICIDE,Tribenuron-Methyl,75%,WG,TOSCANA,H.010-18,AGRIPROTEC,,2025,ALL_SUBSTANCES_APPROVED_IN_EU,1,Tribenuron-Methyl,Tribenuron (aka metometuron),Tribenuron-Methyl:EU_APPROVED,
HERBICIDE,Tribenuron-Methyl,75%,WG,SKYLLA WDG,H.012-18,AGRONOMIC LAND,ROTAM AGROCHEMICA,2025,ALL_SUBSTANCES_APPROVED_IN_EU,1,Tribenuron-Methyl,Tribenuron (aka metometuron),Tribenuron-Methyl:EU_APPROVED,
HERBICIDE,Tribenuron-Methyl,75%,WG,Volteo 75 WG,16-008H.,EL KHADRA,,2025,ALL_SUBSTANCES_APPROVED_IN_EU,1,Tribenuron-Methyl,Tribenuron (aka metometuron),Tribenuron-Methyl:EU_APPROVED,
HERBICIDE,Tribenuron-Methyl,75%,WG,LUXOR,H.020-18,SANABEL AGRO,SHARDA CROPCHEM LIMITED INDE,2025,ALL_SUBSTANCES_APPROVED_IN_EU,1,Tribenuron-Methyl,Tribenuron (aka metometuron),Tribenuron-Methyl:EU_APPROVED,
HERBICIDE,Tribenuron-Methyl,75%,WG,TRYBERON 75 WG,H.02-24,AGRIMED DISTRIBUTION,SHARDA CROPCHEM LIMITED INDE,2025,ALL_SUBSTANCES_APPROVED_IN_EU,1,Tribenuron-Methyl,Tribenuron (aka metometuron),Tribenuron-Methyl:EU_APPROVED,
HERBICIDE,Tribenuron-Methyl,75%,WG,Granstar,H.057-11/21,SEPCM,DU PONT,2025,ALL_SUBSTANCES_APPROVED_IN_EU,1,Tribenuron-Methyl,Tribenuron (aka metometuron),Tribenuron-Methyl:EU_APPROVED,
HERBICIDE,Tribenuron-Methyl,75%,WG,Corida 75 WG,H.088-11/21,SOCOOPEC,AGRIA,2025,ALL_SUBSTANCES_APPROVED_IN_EU,1,Tribenuron-Methyl,Tribenuron (aka metometuron),Tribenuron-Methyl:EU_APPROVED,
HERBICIDE,Tribenuron-Methyl,75%,WG,TRIBUNEO 75 G,H.015-20,SSCC,AGRIA,2025,ALL_SUBSTANCES_APPROVED_IN_EU,1,Tribenuron-Methyl,Tribenuron (aka metometuron),Tribenuron-Methyl:EU_APPROVED,
HERBICIDE,Tribenuron-methyl,500g/kg,SG,FLAME 50 SG,H.10-25,EL BARAKA AGRICOLE,ALBAUGH EUROPE,2025,ALL_SUBSTANCES_APPROVED_IN_EU,1,Tribenuron-methyl,Tribenuron (aka metometuron),Tribenuron-methyl:EU_APPROVED,
HERBICIDE,Trifluraline,4 8 0 g / L,E C,H e r b a l i n e,H.058-11/21,SEPCM,AAKO,2025,CONTAINS_NOT_APPROVED_SUBSTANCE_IN_EU,1,Trifluraline,Trifluralin,Trifluraline:EU_NOT_APPROVED,
HERBICIDE,Trifluraline,4 8 0 g / L,E C,R A L I N E 4 80 EC,H.021-22,EL KHADRA,,2025,CONTAINS_NOT_APPROVED_SUBSTANCE_IN_EU,1,Trifluraline,Trifluralin,Trifluraline:EU_NOT_APPROVED,
HERBICIDE,Trifluraline,4 8 0 g / L,E C,H E R B A S T AR EC,H.011-20,AGRIPLUS,,2025,CONTAINS_NOT_APPROVED_SUBSTANCE_IN_EU,1,Trifluraline,Trifluralin,Trifluraline:EU_NOT_APPROVED,
HERBICIDE,Trifluraline,4 8 0 g / L,E C,F l u r a l,H.092-11/21,Ets MEZGHANI,,2025,CONTAINS_NOT_APPROVED_SUBSTANCE_IN_EU,1,Trifluraline,Trifluralin,Trifluraline:EU_NOT_APPROVED,
HERBICIDE,Trifluraline,4 8 0 g / L,E C,R i d a l i n e,H.082-11/21,SEPCM,DOW AGROSCIENCES,2025,CONTAINS_NOT_APPROVED_SUBSTANCE_IN_EU,1,Trifluraline,Trifluralin,Trifluraline:EU_NOT_APPROVED,
HERBICIDE,Trifluraline,4 8 0 g / L,E C,T r i f l e x,H.006-17,ATLAS AGRICOLE,AAKO,2025,CONTAINS_NOT_APPROVED_SUBSTANCE_IN_EU,1,Trifluraline,Trifluralin,Trifluraline:EU_NOT_APPROVED,
HERBICIDE,Triflusulfuron methyl,500 g/kg,WG,SAFARI 50 WG,H.002-22,SEPCM,FMC,2025,CONTAINS_NOT_APPROVED_SUBSTANCE_IN_EU,1,Triflusulfuron methyl,Triflusulfuron (formerly Triflusulfuron-methyl),Triflusulfuron methyl:EU_NOT_APPROVED,
HERBICIDE,"(E,Z,Z)-3,8,11Tetradecatrien 1-y acetate (E,Z)-",0.5 mg /unité,PHERODIS Tutaabsoluta,PHERODIS,D.007-16,NUTRIPLANT,KOPPERT,2025,CONTAINS_NOT_APPROVED_SUBSTANCE_IN_EU,2,(E | Z | Z)-3 | 11Tetradecatrien 1-y acetate (E | Z)-,Diflufenican | Mancozeb,(E:EU_APPROVED | Z:EU_NOT_APPROVED | Z)-3:NOT_IN_EU_LIST | 11Tetradecatrien 1-y acetate (E:NOT_IN_EU_LIST | Z)-:NOT_IN_EU_LIST,
HERBICIDE,"3,8Tetradecatrien1- y acetate",0.5 mg /unité,PHERODIS Tutaabsoluta,Tutaabsoluta,,,,2025,NOT_FOUND_OR_NEEDS_MANUAL_REVIEW,0,8Tetradecatrien1- y acetate,,8Tetradecatrien1- y acetate:NOT_IN_EU_LIST,
HERBICIDE,"3,8Tetradecatrien1- y acetate",0.5 mg /unité,Ferrolure +(pheromone),,D.002-22,BIOPROTECTION,Chemitica international,2025,NOT_FOUND_OR_NEEDS_MANUAL_REVIEW,0,8Tetradecatrien1- y acetate,,8Tetradecatrien1- y acetate:NOT_IN_EU_LIST,
HERBICIDE,"Acetate d’ammonium + TrimethylamineHCl +1,4- diaminobutane (Putrescine) +DDVP",75%+8.2%+0,-,MERCERATITE KEY,D.006-16,Ets MEZGHANI,Key,2025,NOT_FOUND_OR_NEEDS_MANUAL_REVIEW,0,Acetate d’ammonium + TrimethylamineHCl +1 | 4- diaminobutane (Putrescine) +DDVP,,Acetate d’ammonium + TrimethylamineHCl +1:NOT_IN_EU_LIST | 4- diaminobutane (Putrescine) +DDVP:NOT_IN_EU_LIST,
HERBICIDE,Acétate d’ammonium min 8.75 g/sachet +Trimethylaminehydrochloride 1.25 g/sachet + diaminubutane 0.04 g/sachet +KILLDISC insecticide à base d'Esfenvalerate 0.04 g/piége,75%+8.2%+0,-,PherosanCeratitis,D.004-17,NUTRIPLANT,SANSAN PRODESING/,2025,CONTAINS_NOT_APPROVED_SUBSTANCE_IN_EU,1,Acétate d’ammonium min 8.75 g | sachet +Trimethylaminehydrochloride 1.25 g | sachet + diaminubutane 0.04 g | sachet +KILLDISC insecticide à base d'Esfenvalerate 0.04 g | piége,Fenvalerate,Acétate d’ammonium min 8.75 g:NOT_IN_EU_LIST | sachet +Trimethylaminehydrochloride 1.25 g:NOT_IN_EU_LIST | sachet + diaminubutane 0.04 g:NOT_IN_EU_LIST | sachet +KILLDISC insecticide à base d'Esfenvalerate 0.04 g:EU_NOT_APPROVED | piége:NOT_IN_EU_LIST,
HERBICIDE,Acide Beta indolbutirique,4 g/l,SL,Exuberone,D.005-11/21,SEPCM,,2025,NOT_FOUND_OR_NEEDS_MANUAL_REVIEW,0,Acide Beta indolbutirique,,Acide Beta indolbutirique:NOT_IN_EU_LIST,
HERBICIDE,Acide chloro 4 phénoxyacétique +Naphoxy 2acétamide,"0,75g/L+2,5 g/L",SL,Procarpil,D.013-11/21,SEPCM,CMPA,2025,NOT_FOUND_OR_NEEDS_MANUAL_REVIEW,0,Acide chloro 4 phénoxyacétique +Naphoxy 2acétamide,,Acide chloro 4 phénoxyacétique +Naphoxy 2acétamide:NOT_IN_EU_LIST,
HERBICIDE,Acide gibberellique,10%,TB,Gibb 3,D.001-11/21,AGROSYSTEMES,GLOBACHEM,2025,NOT_FOUND_OR_NEEDS_MANUAL_REVIEW,0,Acide gibberellique,,Acide gibberellique:NOT_IN_EU_LIST,
HERBICIDE,Acide gibberellique,10%,TB,Aminogibb,D.008-15/25,AMINCO,GLOBACHEM,2025,NOT_FOUND_OR_NEEDS_MANUAL_REVIEW,0,Acide gibberellique,,Acide gibberellique:NOT_IN_EU_LIST,
HERBICIDE,Acide gibberellique,40%,SG,progibb 40 SG,D.004-13/23,BIOPROTECTION,VALENTBioscience / SUMITOMO,2025,NOT_FOUND_OR_NEEDS_MANUAL_REVIEW,0,Acide gibberellique,,Acide gibberellique:NOT_IN_EU_LIST,
HERBICIDE,Acide gibberellique,20%,ST,Fitogib,D.03-21,BIOPROTECTION,NUFARM,2025,NOT_FOUND_OR_NEEDS_MANUAL_REVIEW,0,Acide gibberellique,,Acide gibberellique:NOT_IN_EU_LIST,
HERBICIDE,Acide gibberellique,20%,ST,GIB GRO,D.005-16,BIOPROTECTION,NUFARM,2025,NOT_FOUND_OR_NEEDS_MANUAL_REVIEW,0,Acide gibberellique,,Acide gibberellique:NOT_IN_EU_LIST,
HERBICIDE,Acide gibberellique,9%,ST,Giberkey,D.001-15/25,ETS MEZGHANNI,IndustrialQuimica Key,2025,NOT_FOUND_OR_NEEDS_MANUAL_REVIEW,0,Acide gibberellique,,Acide gibberellique:NOT_IN_EU_LIST,
HERBICIDE,Acide gibberellique,10%,TB,Protagibb,D.029-11/21,PROTAGRI,United Phosphorus,2025,NOT_FOUND_OR_NEEDS_MANUAL_REVIEW,0,Acide gibberellique,,Acide gibberellique:NOT_IN_EU_LIST,
HERBICIDE,Acide gibberellique,40%,SG,Berelex 40 SG,D.003-15/25,SEPCM,CHEMICAL Agro Europe,2025,NOT_FOUND_OR_NEEDS_MANUAL_REVIEW,0,Acide gibberellique,,Acide gibberellique:NOT_IN_EU_LIST,
HERBICIDE,Acide gibberellique,135.6 g/l,SL,X-PAND SL,D.03-25,NUTRIPLANT,STOLLER EUROPE,2025,NOT_FOUND_OR_NEEDS_MANUAL_REVIEW,0,Acide gibberellique,,Acide gibberellique:NOT_IN_EU_LIST,
HERBICIDE,Acide gibbérellique +phenothiol,0.5%+1%,EC,FENGIB MAX EC,D.002-20,promochimie,,2025,NOT_FOUND_OR_NEEDS_MANUAL_REVIEW,0,Acide gibbérellique +phenothiol,,Acide gibbérellique +phenothiol:NOT_IN_EU_LIST,
HERBICIDE,Acide gibbérellique +phenothiol,0.5%+1%,EC,FENGIB EC,D.001-19,INNOVA,,2025,NOT_FOUND_OR_NEEDS_MANUAL_REVIEW,0,Acide gibbérellique +phenothiol,,Acide gibbérellique +phenothiol:NOT_IN_EU_LIST,
HERBICIDE,Alkylphenolexy-Ethylène,200 g/L,SC,Etaldyne 95,D.014-11/21,SEPCM,,2025,ALL_SUBSTANCES_APPROVED_IN_EU,1,Alkylphenolexy-Ethylène,Ethylene,Alkylphenolexy-Ethylène:EU_APPROVED,
HERBICIDE,Alpha naphtylacetic +alpha naphtylacetamide,6.75 g/l + 18 g/l,ST,Tonifruit ST,D.04-25,SANABEL AGRO,,2025,NOT_FOUND_OR_NEEDS_MANUAL_REVIEW,0,Alpha naphtylacetic +alpha naphtylacetamide,,Alpha naphtylacetic +alpha naphtylacetamide:NOT_IN_EU_LIST,
HERBICIDE,Chlormequat-chlorure,750 g/l,SL,Stabilan750,D.034-11/21,AGRIPROTEC,,2025,ALL_SUBSTANCES_APPROVED_IN_EU,1,Chlormequat-chlorure,Chlormequat,Chlormequat-chlorure:EU_APPROVED,
HERBICIDE,Chlormequat-chlorure,750 g/l,SL,Cekwat 750,D.001-13/23,BIOPROTECTION,,2025,ALL_SUBSTANCES_APPROVED_IN_EU,1,Chlormequat-chlorure,Chlormequat,Chlormequat-chlorure:EU_APPROVED,
HERBICIDE,Chlorprophame,1%,PP,NEO STOP,D.028-11/21,PROTAGRI,AGRIPHAR,2025,CONTAINS_NOT_APPROVED_SUBSTANCE_IN_EU,1,Chlorprophame,Chlorpropham,Chlorprophame:EU_NOT_APPROVED,
HERBICIDE,Chlorprophame,500 g/L,HN,Neostop 500 HN,D.016-11/21,PROTAGRI,AGRIPHAR,2025,CONTAINS_NOT_APPROVED_SUBSTANCE_IN_EU,1,Chlorprophame,Chlorpropham,Chlorprophame:EU_NOT_APPROVED,
HERBICIDE,Cyanamide d’hydrogène,520 g/L,SL,Dormex,D.018-11/21,BIOPROTECTION,,2025,CONTAINS_NOT_APPROVED_SUBSTANCE_IN_EU,1,Cyanamide d’hydrogène,Cyanamide (H & Ca cyanamide),Cyanamide d’hydrogène:EU_NOT_APPROVED,
HERBICIDE,"Deltametrine+Acetate d’ammonium+Trimethylamine HCl+1,4diaminobutane (=Putrescine)",10 mg/,-,Magnet Med,D.004-16,NUTRIPLANT,KOPPERT,2025,NOT_FOUND_OR_NEEDS_MANUAL_REVIEW,0,Deltametrine+Acetate d’ammonium+Trimethylamine HCl+1 | 4diaminobutane (=Putrescine),,Deltametrine+Acetate d’ammonium+Trimethylamine HCl+1:NOT_IN_EU_LIST | 4diaminobutane (=Putrescine):NOT_IN_EU_LIST,
HERBICIDE,Dérivvés d'acides gras végétaux +Huile de pin,286 g/l+430,EC,ACTILANDE TM EC,D.02-21,SEPCM,Action PIN,2025,NOT_FOUND_OR_NEEDS_MANUAL_REVIEW,0,Dérivvés d'acides gras végétaux +Huile de pin,,Dérivvés d'acides gras végétaux +Huile de pin:NOT_IN_EU_LIST,
HERBICIDE,Dichloroprop-p,286 g/l+430,EC,clementgros,D.04-21,SANABEL AGRO,NUFARM,2025,NOT_FOUND_OR_NEEDS_MANUAL_REVIEW,0,Dichloroprop-p,,Dichloroprop-p:NOT_IN_EU_LIST,
HERBICIDE,Huile de colza,286 g/l+430,EO,codacide EO,D.01-21,AGRIMATCO,Mirocide Ltd,2025,NOT_FOUND_OR_NEEDS_MANUAL_REVIEW,0,Huile de colza,,Huile de colza:NOT_IN_EU_LIST,
HERBICIDE,Huile non ionique,286 g/l+430,EC,GARAL EC,D.005-20,SOLAGRI,Syngenta,2025,NOT_FOUND_OR_NEEDS_MANUAL_REVIEW,0,Huile non ionique,,Huile non ionique:NOT_IN_EU_LIST,
HERBICIDE,hydrolysat de proteines,286 g/l+430,SL,DACUS TRAP SL,D.05-25,BIOPROTECTION,BIOIBERICA S.A.U/ESPAGNE,2025,NOT_FOUND_OR_NEEDS_MANUAL_REVIEW,0,hydrolysat de proteines,,hydrolysat de proteines:NOT_IN_EU_LIST,
HERBICIDE,Hydrolysat de Protéines,286 g/l+430,SL,CeraBait,D.035-11/21,EL MOUSSEM,EVIE MICHAAILIDES,2025,NOT_FOUND_OR_NEEDS_MANUAL_REVIEW,0,Hydrolysat de Protéines,,Hydrolysat de Protéines:NOT_IN_EU_LIST,
HERBICIDE,Hydrolysat de Protéines+Borax,59 g/L+13/0,SC,Ceratrap (en,D.033-11/21,BIOPROTECTION,BIOEBERICA S.A,2025,NOT_FOUND_OR_NEEDS_MANUAL_REVIEW,0,Hydrolysat de Protéines+Borax,,Hydrolysat de Protéines+Borax:NOT_IN_EU_LIST,
HERBICIDE,Hydrolysat de Protéines+Borax,g/L,SC,bouteilles ou/et en,,,,2025,NOT_FOUND_OR_NEEDS_MANUAL_REVIEW,0,Hydrolysat de Protéines+Borax,,Hydrolysat de Protéines+Borax:NOT_IN_EU_LIST,
HERBICIDE,Hydrolysat de Protéines+Borax,g/L,SC,pièges jaunes),,,,2025,NOT_FOUND_OR_NEEDS_MANUAL_REVIEW,0,Hydrolysat de Protéines+Borax,,Hydrolysat de Protéines+Borax:NOT_IN_EU_LIST,
HERBICIDE,Keromone 42.5 ml acetate d'ethyle,g/L,SC,,D.003-22,BIOPROTECTION,Chemtica international,2025,NOT_FOUND_OR_NEEDS_MANUAL_REVIEW,0,Keromone 42.5 ml acetate d'ethyle,,Keromone 42.5 ml acetate d'ethyle:NOT_IN_EU_LIST,
HERBICIDE,Kinetin,g/L,SL,,D.02-25,NUTRIPLANT,STOLLER EUROPE,2025,NOT_FOUND_OR_NEEDS_MANUAL_REVIEW,0,Kinetin,,Kinetin:NOT_IN_EU_LIST,
HERBICIDE,Metaldehyde,g/L,GR,,D.002-17,EXCEL AGRI,SHARDA,2025,ALL_SUBSTANCES_APPROVED_IN_EU,1,Metaldehyde,Metaldehyde,Metaldehyde:EU_APPROVED,
HERBICIDE,Metaldehyde,g/L,GR,,D.003-16,DELTA AGRICOLE PLUS,SHARDA,2025,ALL_SUBSTANCES_APPROVED_IN_EU,1,Metaldehyde,Metaldehyde,Metaldehyde:EU_APPROVED,
HERBICIDE,Metaldehyde,g/L,GB,,D.001-20,EL KHADRA,SIPCAM INAGRA,2025,ALL_SUBSTANCES_APPROVED_IN_EU,1,Metaldehyde,Metaldehyde,Metaldehyde:EU_APPROVED,
FONGICIDE,Metaldehyde,5%,GB,Metakey,D.006-11/21,ETS.MEZGHANI,INDUS,2025,ALL_SUBSTANCES_APPROVED_IN_EU,1,Metaldehyde,Metaldehyde,Metaldehyde:EU_APPROVED,
FONGICIDE,Metaldehyde,5%,GB,Metapro,D.030-11/21,PROTAGRI,,2025,ALL_SUBSTANCES_APPROVED_IN_EU,1,Metaldehyde,Metaldehyde,Metaldehyde:EU_APPROVED,
FONGICIDE,Metaldehyde,5%,GB,GHLALA,D.003-19,SANABEL AGRO,,2025,ALL_SUBSTANCES_APPROVED_IN_EU,1,Metaldehyde,Metaldehyde,Metaldehyde:EU_APPROVED,
FONGICIDE,Metaldehyde,5%,GB,Antilimace granule,D.025-11/21,SEPCM,,2025,ALL_SUBSTANCES_APPROVED_IN_EU,1,Metaldehyde,Metaldehyde,Metaldehyde:EU_APPROVED,
FONGICIDE,Metaldehyde,5%,GB,Super meta,D.007-11/21,STEC,CEQUISA/PHOSPH,2025,ALL_SUBSTANCES_APPROVED_IN_EU,1,Metaldehyde,Metaldehyde,Metaldehyde:EU_APPROVED,
FONGICIDE,Methaldehyde,5%,GR,LIMASTOP,D.002-19,COTUGRAIN,SHARDA,2025,NOT_FOUND_OR_NEEDS_MANUAL_REVIEW,0,Methaldehyde,,Methaldehyde:NOT_IN_EU_LIST,
FONGICIDE,Methaldehyde,5%,GR,ESCARGOCHE,D.001-16,SOCOOPEC,,2025,NOT_FOUND_OR_NEEDS_MANUAL_REVIEW,0,Methaldehyde,,Methaldehyde:NOT_IN_EU_LIST,
FONGICIDE,"Phéromones appliquée pour la confision sexuelle de la pyrale des dattes(EctomyeloisCeratoniae);(Z,E)- 7,9,11-Dodecatrienyl formate(90.80% pure) :2 %(22.026 g/kg",5%,GR,SPLAT-EC-O;sous réserve de bien préciser la dose par pied (arbre),D.004-20,NUTRIPLANT,,2025,CONTAINS_NOT_APPROVED_SUBSTANCE_IN_EU,4,Phéromones appliquée pour la confision sexuelle de la pyrale des dattes(EctomyeloisCeratoniae) | (Z | E)- 7 | 11-Dodecatrienyl formate(90.%pure) :%(22.026 g | kg,"Mancozeb | (E,Z)-9-dodecen-1-yl acetate; (E,Z)-9-Dodecen-1-ol; (Z)-11-Tetradecen-1-yl acetate | 2,4-D | Quintozene containing > 1 g/kg HCB or > 10 g/kg pentachlorobenzene",Phéromones appliquée pour la confision sexuelle de la pyrale des dattes(EctomyeloisCeratoniae):NOT_IN_EU_LIST | (Z:EU_NOT_APPROVED | E)- 7:EU_NOT_APPROVED | 11-Dodecatrienyl formate(90.%pure) :%(22.026 g:EU_APPROVED | kg:EU_NOT_APPROVED,
FONGICIDE,"Phéromones de la pyrale des dattes(EctomyeloisCeratoniae):(Z,E)-7,9,11- Dodecatrienyl formate(90.80% pure) :1.594 g/kg",5%,GR,ISCA LURE CAROB MOTH,D.003-20,NUTRIPLANT,,2025,CONTAINS_NOT_APPROVED_SUBSTANCE_IN_EU,2,Phéromones de la pyrale des dattes(EctomyeloisCeratoniae):(Z | E)-7 | 11- Dodecatrienyl formate(90.%pure) :1.594 g | kg,"(E,Z)-9-dodecen-1-yl acetate; (E,Z)-9-Dodecen-1-ol; (Z)-11-Tetradecen-1-yl acetate | Quintozene containing > 1 g/kg HCB or > 10 g/kg pentachlorobenzene",Phéromones de la pyrale des dattes(EctomyeloisCeratoniae):(Z:NOT_IN_EU_LIST | E)-7:EU_NOT_APPROVED | 11- Dodecatrienyl formate(90.%pure) :1.594 g:NOT_IN_EU_LIST | kg:EU_NOT_APPROVED,
FONGICIDE,Polyethermodifiedtrisiloxane + polyether,75%+25%,SL,BREAK THRU SL,D.001-22,ATLAS AGRICOLE,,2025,NOT_FOUND_OR_NEEDS_MANUAL_REVIEW,0,Polyethermodifiedtrisiloxane + polyether,,Polyethermodifiedtrisiloxane + polyether:NOT_IN_EU_LIST,
NÉMATICIDE,Polyoxyethylene amine,270 g/l,SL,PHYDEAL SL,D.003-17,FERTIPLANT,SDP/France,2025,ALL_SUBSTANCES_APPROVED_IN_EU,1,Polyoxyethylene amine,Ethylene,Polyoxyethylene amine:EU_APPROVED,
NÉMATICIDE,Proteines hydrolysées,360 g/L,SL,BIOBAIT,D.002-16,BIOPROTECTION,BIOIBIRICA,2025,NOT_FOUND_OR_NEEDS_MANUAL_REVIEW,0,Proteines hydrolysées,,Proteines hydrolysées:NOT_IN_EU_LIST,
NÉMATICIDE,Proteines hydrolysées,360 g/L,SL,FLYRAL,D.01-25,AGRIPROTEC,BIOIBIRICA,2025,NOT_FOUND_OR_NEEDS_MANUAL_REVIEW,0,Proteines hydrolysées,,Proteines hydrolysées:NOT_IN_EU_LIST,
NÉMATICIDE,Sodium lauryl ether sulfate (SLES),276.5 g/l,SL,Biopower SL,D.005-17,ATLAS AGRICOLE,BAYER AG,2025,NOT_FOUND_OR_NEEDS_MANUAL_REVIEW,0,Sodium lauryl ether sulfate (SLES),,Sodium lauryl ether sulfate (SLES):NOT_IN_EU_LIST,
NÉMATICIDE,Sodium lauryl ether sulfate (SLES),20g/l,SC,TERVIGO 020 SC,IN.001-19,BIOPROTECTION,Syngenta Crop Protection AG,2025,NOT_FOUND_OR_NEEDS_MANUAL_REVIEW,0,Sodium lauryl ether sulfate (SLES),,Sodium lauryl ether sulfate (SLES):NOT_IN_EU_LIST,
NÉMATICIDE,Sodium lauryl ether sulfate (SLES),500 g/l,SC,SALIBRO 500 SC,N.03-24,AGRIPROTEC,CORTEVA,2025,NOT_FOUND_OR_NEEDS_MANUAL_REVIEW,0,Sodium lauryl ether sulfate (SLES),,Sodium lauryl ether sulfate (SLES):NOT_IN_EU_LIST,
RATICIDE,Sodium lauryl ether sulfate (SLES),400 g/l,SC,VELUM PRIME 400 SC,IN.002-19,ATLAS AGRICOLE,BAYER AG,2025,NOT_FOUND_OR_NEEDS_MANUAL_REVIEW,0,Sodium lauryl ether sulfate (SLES),,Sodium lauryl ether sulfate (SLES):NOT_IN_EU_LIST,
RATICIDE,Sodium lauryl ether sulfate (SLES),1000 g/l,SC,NEM guard SC,N.001-22,STIMA,Ecospraylimited,2025,NOT_FOUND_OR_NEEDS_MANUAL_REVIEW,0,Sodium lauryl ether sulfate (SLES),,Sodium lauryl ether sulfate (SLES):NOT_IN_EU_LIST,
RATICIDE,Sodium lauryl ether sulfate (SLES),10%,GR,Vydate GR,N.001-16,AGRIMATCO,DUPONT,2025,NOT_FOUND_OR_NEEDS_MANUAL_REVIEW,0,Sodium lauryl ether sulfate (SLES),,Sodium lauryl ether sulfate (SLES):NOT_IN_EU_LIST,
RATICIDE,Sodium lauryl ether sulfate (SLES),10%,SL,OXYTANE,N.01-24,SHARDA,SHARDA CROPCHEM LIMITED INDE,2025,NOT_FOUND_OR_NEEDS_MANUAL_REVIEW,0,Sodium lauryl ether sulfate (SLES),,Sodium lauryl ether sulfate (SLES):NOT_IN_EU_LIST,
RATICIDE,Sodium lauryl ether sulfate (SLES),10%,SL,RIVAGE,N.01-25,FERTITECH,SHARDA CROPCHEM LIMITED INDE,2025,NOT_FOUND_OR_NEEDS_MANUAL_REVIEW,0,Sodium lauryl ether sulfate (SLES),,Sodium lauryl ether sulfate (SLES):NOT_IN_EU_LIST,
RATICIDE,Sodium lauryl ether sulfate (SLES),240 g/l,SL,RETURN 24 SL,N.02-24,Sanabel Agro,ROTAM AGROCHEMICAL(rivale),2025,NOT_FOUND_OR_NEEDS_MANUAL_REVIEW,0,Sodium lauryl ether sulfate (SLES),,Sodium lauryl ether sulfate (SLES):NOT_IN_EU_LIST,
RATICIDE,Brodifacoum,"0,005%",RB,Broditop,R.002-11/21,ETS MEZGHANI,ZAPI SPA,2025,CONTAINS_NOT_APPROVED_SUBSTANCE_IN_EU,1,Brodifacoum,Brodifacoum,Brodifacoum:EU_NOT_APPROVED,
RATICIDE,Brodifacoum,"0,005%",RB,Broditop wax block,R.006-11/21,ETS MEZGHANI,ZAPI SPA,2025,CONTAINS_NOT_APPROVED_SUBSTANCE_IN_EU,1,Brodifacoum,Brodifacoum,Brodifacoum:EU_NOT_APPROVED,
RATICIDE,Brodifacoum,"0,005%",RB,Klerat,R.001-11/21,AGRIPROTEC,SYNGENTA,2025,CONTAINS_NOT_APPROVED_SUBSTANCE_IN_EU,1,Brodifacoum,Brodifacoum,Brodifacoum:EU_NOT_APPROVED,
RATICIDE,Brodifacoum,"0,005%",RB,Raticide detia,R.005-11/21,STIMA,DETIA,2025,CONTAINS_NOT_APPROVED_SUBSTANCE_IN_EU,1,Brodifacoum,Brodifacoum,Brodifacoum:EU_NOT_APPROVED,
RATICIDE,Difenacoum,0.005 %,RB,SOREXA PELLETS,D.001-17,AGRIPROTEC,BASF,2025,CONTAINS_NOT_APPROVED_SUBSTANCE_IN_EU,1,Difenacoum,Difenacoum,Difenacoum:EU_NOT_APPROVED,
